{
"type": "FeatureCollection",
"name": "School2",
"crs": { "type": "name", "properties": { "name": "urn:ogc:def:crs:OGC:1.3:CRS84" } },
"features": [
{"type":"Feature","properties":{"full_id":"n342115702","osm_id":"342115702","osm_type":"node","amenity":"school","check_date":null,"addr:district":null,"entrance":null,"addr:country":null,"brand:wikipedia":null,"brand:wikidata":null,"brand":null,"wheelchair":null,"motor_vehicle":null,"locked":null,"horse":null,"foot":null,"bicycle":null,"access":null,"operator:type":null,"barrier":null,"grades":null,"wikipedia":null,"addr:housenumber":null,"smoking":null,"payment:credit_cards":null,"payment:cash":null,"operator":null,"opening_hours":null,"internet_access:fee":null,"internet_access":null,"healthcare:speciality":null,"description":null,"name:hi":null,"name:en":null,"website":null,"religion":null,"phone":null,"landuse":null,"email":null,"education":null,"addr:street":null,"addr:postcode":null,"wikidata":null,"addr:city":null,"name":"Oak Grove School"},"geometry":{"type":"Point","coordinates":[78.0853374,30.4239911]}},
{"type":"Feature","properties":{"full_id":"n583871504","osm_id":"583871504","osm_type":"node","amenity":"school","check_date":null,"addr:district":null,"entrance":null,"addr:country":null,"brand:wikipedia":null,"brand:wikidata":null,"brand":null,"wheelchair":null,"motor_vehicle":null,"locked":null,"horse":null,"foot":null,"bicycle":null,"access":null,"operator:type":null,"barrier":null,"grades":null,"wikipedia":null,"addr:housenumber":null,"smoking":null,"payment:credit_cards":null,"payment:cash":null,"operator":null,"opening_hours":null,"internet_access:fee":null,"internet_access":null,"healthcare:speciality":null,"description":null,"name:hi":null,"name:en":null,"website":null,"religion":null,"phone":null,"landuse":null,"email":null,"education":null,"addr:street":null,"addr:postcode":null,"wikidata":"Q4925236","addr:city":"Mussoorie","name":"Woodstock School"},"geometry":{"type":"Point","coordinates":[78.1010015,30.4540018]}},
{"type":"Feature","properties":{"full_id":"n1171894758","osm_id":"1171894758","osm_type":"node","amenity":"school","check_date":null,"addr:district":null,"entrance":null,"addr:country":null,"brand:wikipedia":null,"brand:wikidata":null,"brand":null,"wheelchair":null,"motor_vehicle":null,"locked":null,"horse":null,"foot":null,"bicycle":null,"access":null,"operator:type":null,"barrier":null,"grades":null,"wikipedia":null,"addr:housenumber":null,"smoking":null,"payment:credit_cards":null,"payment:cash":null,"operator":null,"opening_hours":null,"internet_access:fee":null,"internet_access":null,"healthcare:speciality":null,"description":null,"name:hi":null,"name:en":null,"website":null,"religion":null,"phone":null,"landuse":null,"email":null,"education":null,"addr:street":null,"addr:postcode":null,"wikidata":null,"addr:city":null,"name":null},"geometry":{"type":"Point","coordinates":[78.1578767,30.3970789]}},
{"type":"Feature","properties":{"full_id":"n1332264553","osm_id":"1332264553","osm_type":"node","amenity":"school","check_date":null,"addr:district":null,"entrance":null,"addr:country":null,"brand:wikipedia":null,"brand:wikidata":null,"brand":null,"wheelchair":null,"motor_vehicle":null,"locked":null,"horse":null,"foot":null,"bicycle":null,"access":null,"operator:type":null,"barrier":null,"grades":null,"wikipedia":null,"addr:housenumber":null,"smoking":null,"payment:credit_cards":null,"payment:cash":null,"operator":null,"opening_hours":null,"internet_access:fee":null,"internet_access":null,"healthcare:speciality":null,"description":null,"name:hi":null,"name:en":null,"website":null,"religion":null,"phone":null,"landuse":null,"email":null,"education":null,"addr:street":null,"addr:postcode":null,"wikidata":null,"addr:city":null,"name":"Longview Public School"},"geometry":{"type":"Point","coordinates":[79.4616393,29.3750372]}},
{"type":"Feature","properties":{"full_id":"n1332264554","osm_id":"1332264554","osm_type":"node","amenity":"school","check_date":null,"addr:district":null,"entrance":null,"addr:country":null,"brand:wikipedia":null,"brand:wikidata":null,"brand":null,"wheelchair":null,"motor_vehicle":null,"locked":null,"horse":null,"foot":null,"bicycle":null,"access":null,"operator:type":null,"barrier":null,"grades":null,"wikipedia":null,"addr:housenumber":null,"smoking":null,"payment:credit_cards":null,"payment:cash":null,"operator":null,"opening_hours":null,"internet_access:fee":null,"internet_access":null,"healthcare:speciality":null,"description":null,"name:hi":null,"name:en":null,"website":null,"religion":null,"phone":null,"landuse":null,"email":null,"education":null,"addr:street":null,"addr:postcode":null,"wikidata":null,"addr:city":null,"name":"Saint Joseph's College"},"geometry":{"type":"Point","coordinates":[79.4599064,29.3745583]}},
{"type":"Feature","properties":{"full_id":"n1332264555","osm_id":"1332264555","osm_type":"node","amenity":"school","check_date":null,"addr:district":null,"entrance":null,"addr:country":null,"brand:wikipedia":null,"brand:wikidata":null,"brand":null,"wheelchair":null,"motor_vehicle":null,"locked":null,"horse":null,"foot":null,"bicycle":null,"access":null,"operator:type":null,"barrier":null,"grades":null,"wikipedia":null,"addr:housenumber":null,"smoking":null,"payment:credit_cards":null,"payment:cash":null,"operator":null,"opening_hours":null,"internet_access:fee":null,"internet_access":null,"healthcare:speciality":null,"description":null,"name:hi":null,"name:en":null,"website":null,"religion":null,"phone":null,"landuse":null,"email":null,"education":null,"addr:street":null,"addr:postcode":"236002","wikidata":null,"addr:city":"nainital","name":"Saint Mary's Convent College"},"geometry":{"type":"Point","coordinates":[79.4614719,29.3763027]}},
{"type":"Feature","properties":{"full_id":"n1446757640","osm_id":"1446757640","osm_type":"node","amenity":"school","check_date":null,"addr:district":null,"entrance":null,"addr:country":null,"brand:wikipedia":null,"brand:wikidata":null,"brand":null,"wheelchair":null,"motor_vehicle":null,"locked":null,"horse":null,"foot":null,"bicycle":null,"access":null,"operator:type":null,"barrier":null,"grades":null,"wikipedia":null,"addr:housenumber":null,"smoking":null,"payment:credit_cards":null,"payment:cash":null,"operator":null,"opening_hours":null,"internet_access:fee":null,"internet_access":null,"healthcare:speciality":null,"description":null,"name:hi":null,"name:en":null,"website":null,"religion":null,"phone":null,"landuse":null,"email":null,"education":null,"addr:street":null,"addr:postcode":null,"wikidata":null,"addr:city":null,"name":"Tibetan Homes School"},"geometry":{"type":"Point","coordinates":[78.0504951,30.469815]}},
{"type":"Feature","properties":{"full_id":"n1697826481","osm_id":"1697826481","osm_type":"node","amenity":"school","check_date":null,"addr:district":null,"entrance":null,"addr:country":null,"brand:wikipedia":null,"brand:wikidata":null,"brand":null,"wheelchair":null,"motor_vehicle":null,"locked":null,"horse":null,"foot":null,"bicycle":null,"access":null,"operator:type":null,"barrier":null,"grades":null,"wikipedia":null,"addr:housenumber":null,"smoking":null,"payment:credit_cards":null,"payment:cash":null,"operator":null,"opening_hours":null,"internet_access:fee":null,"internet_access":null,"healthcare:speciality":null,"description":null,"name:hi":null,"name:en":null,"website":null,"religion":null,"phone":null,"landuse":null,"email":null,"education":null,"addr:street":null,"addr:postcode":null,"wikidata":null,"addr:city":null,"name":"Col. Brown Cambridge Scool"},"geometry":{"type":"Point","coordinates":[78.0580698,30.3219974]}},
{"type":"Feature","properties":{"full_id":"n1710195907","osm_id":"1710195907","osm_type":"node","amenity":"school","check_date":null,"addr:district":null,"entrance":null,"addr:country":null,"brand:wikipedia":null,"brand:wikidata":null,"brand":null,"wheelchair":null,"motor_vehicle":null,"locked":null,"horse":null,"foot":null,"bicycle":null,"access":null,"operator:type":null,"barrier":null,"grades":null,"wikipedia":null,"addr:housenumber":null,"smoking":null,"payment:credit_cards":null,"payment:cash":null,"operator":null,"opening_hours":null,"internet_access:fee":null,"internet_access":null,"healthcare:speciality":null,"description":null,"name:hi":null,"name:en":null,"website":null,"religion":null,"phone":null,"landuse":null,"email":null,"education":null,"addr:street":null,"addr:postcode":null,"wikidata":null,"addr:city":null,"name":"Guru Nanak Inter college"},"geometry":{"type":"Point","coordinates":[78.0372643,30.3311104]}},
{"type":"Feature","properties":{"full_id":"n1805659946","osm_id":"1805659946","osm_type":"node","amenity":"school","check_date":null,"addr:district":null,"entrance":null,"addr:country":null,"brand:wikipedia":null,"brand:wikidata":null,"brand":null,"wheelchair":null,"motor_vehicle":null,"locked":null,"horse":null,"foot":null,"bicycle":null,"access":null,"operator:type":null,"barrier":null,"grades":null,"wikipedia":null,"addr:housenumber":null,"smoking":null,"payment:credit_cards":null,"payment:cash":null,"operator":null,"opening_hours":null,"internet_access:fee":null,"internet_access":null,"healthcare:speciality":null,"description":null,"name:hi":null,"name:en":null,"website":null,"religion":null,"phone":null,"landuse":null,"email":null,"education":null,"addr:street":null,"addr:postcode":null,"wikidata":null,"addr:city":null,"name":"Sherwood College"},"geometry":{"type":"Point","coordinates":[79.4538661,29.3826549]}},
{"type":"Feature","properties":{"full_id":"n1854124474","osm_id":"1854124474","osm_type":"node","amenity":"school","check_date":null,"addr:district":null,"entrance":null,"addr:country":null,"brand:wikipedia":null,"brand:wikidata":null,"brand":null,"wheelchair":null,"motor_vehicle":null,"locked":null,"horse":null,"foot":null,"bicycle":null,"access":null,"operator:type":null,"barrier":null,"grades":null,"wikipedia":null,"addr:housenumber":null,"smoking":null,"payment:credit_cards":null,"payment:cash":null,"operator":null,"opening_hours":null,"internet_access:fee":null,"internet_access":null,"healthcare:speciality":null,"description":null,"name:hi":null,"name:en":null,"website":null,"religion":null,"phone":null,"landuse":null,"email":null,"education":null,"addr:street":null,"addr:postcode":null,"wikidata":null,"addr:city":null,"name":"Convent of Jesus & Mary"},"geometry":{"type":"Point","coordinates":[78.0486828,30.3222578]}},
{"type":"Feature","properties":{"full_id":"n2047659896","osm_id":"2047659896","osm_type":"node","amenity":"school","check_date":null,"addr:district":null,"entrance":null,"addr:country":null,"brand:wikipedia":null,"brand:wikidata":null,"brand":null,"wheelchair":null,"motor_vehicle":null,"locked":null,"horse":null,"foot":null,"bicycle":null,"access":null,"operator:type":null,"barrier":null,"grades":null,"wikipedia":null,"addr:housenumber":null,"smoking":null,"payment:credit_cards":null,"payment:cash":null,"operator":null,"opening_hours":null,"internet_access:fee":null,"internet_access":null,"healthcare:speciality":null,"description":null,"name:hi":null,"name:en":null,"website":null,"religion":null,"phone":null,"landuse":null,"email":null,"education":null,"addr:street":"Bala Hissar","addr:postcode":"248179","wikidata":null,"addr:city":null,"name":"Wynberg-Allen Senior School"},"geometry":{"type":"Point","coordinates":[78.0893993,30.4453065]}},
{"type":"Feature","properties":{"full_id":"n2047660248","osm_id":"2047660248","osm_type":"node","amenity":"school","check_date":null,"addr:district":null,"entrance":null,"addr:country":null,"brand:wikipedia":null,"brand:wikidata":null,"brand":null,"wheelchair":null,"motor_vehicle":null,"locked":null,"horse":null,"foot":null,"bicycle":null,"access":null,"operator:type":null,"barrier":null,"grades":null,"wikipedia":null,"addr:housenumber":null,"smoking":null,"payment:credit_cards":null,"payment:cash":null,"operator":null,"opening_hours":null,"internet_access:fee":null,"internet_access":null,"healthcare:speciality":null,"description":null,"name:hi":null,"name:en":null,"website":null,"religion":null,"phone":null,"landuse":null,"email":null,"education":null,"addr:street":"Major Hart Road","addr:postcode":null,"wikidata":null,"addr:city":null,"name":"Wynberg-Allen Junior School"},"geometry":{"type":"Point","coordinates":[78.0892599,30.4491542]}},
{"type":"Feature","properties":{"full_id":"n3325564176","osm_id":"3325564176","osm_type":"node","amenity":"school","check_date":null,"addr:district":null,"entrance":null,"addr:country":null,"brand:wikipedia":null,"brand:wikidata":null,"brand":null,"wheelchair":null,"motor_vehicle":null,"locked":null,"horse":null,"foot":null,"bicycle":null,"access":null,"operator:type":null,"barrier":null,"grades":null,"wikipedia":null,"addr:housenumber":null,"smoking":null,"payment:credit_cards":null,"payment:cash":null,"operator":null,"opening_hours":null,"internet_access:fee":null,"internet_access":null,"healthcare:speciality":null,"description":null,"name:hi":null,"name:en":null,"website":null,"religion":null,"phone":null,"landuse":null,"email":null,"education":null,"addr:street":null,"addr:postcode":null,"wikidata":null,"addr:city":null,"name":"Nirmal Gyan Daan"},"geometry":{"type":"Point","coordinates":[78.2131537,30.0675212]}},
{"type":"Feature","properties":{"full_id":"n3390678157","osm_id":"3390678157","osm_type":"node","amenity":"school","check_date":null,"addr:district":null,"entrance":null,"addr:country":null,"brand:wikipedia":null,"brand:wikidata":null,"brand":null,"wheelchair":null,"motor_vehicle":null,"locked":null,"horse":null,"foot":null,"bicycle":null,"access":null,"operator:type":null,"barrier":null,"grades":null,"wikipedia":null,"addr:housenumber":null,"smoking":null,"payment:credit_cards":null,"payment:cash":null,"operator":null,"opening_hours":null,"internet_access:fee":null,"internet_access":null,"healthcare:speciality":null,"description":null,"name:hi":null,"name:en":null,"website":null,"religion":null,"phone":null,"landuse":null,"email":null,"education":null,"addr:street":null,"addr:postcode":null,"wikidata":null,"addr:city":null,"name":"Woodstock School"},"geometry":{"type":"Point","coordinates":[78.0614579,30.2887937]}},
{"type":"Feature","properties":{"full_id":"n3402049307","osm_id":"3402049307","osm_type":"node","amenity":"school","check_date":null,"addr:district":null,"entrance":null,"addr:country":null,"brand:wikipedia":null,"brand:wikidata":null,"brand":null,"wheelchair":null,"motor_vehicle":null,"locked":null,"horse":null,"foot":null,"bicycle":null,"access":null,"operator:type":null,"barrier":null,"grades":null,"wikipedia":null,"addr:housenumber":null,"smoking":null,"payment:credit_cards":null,"payment:cash":null,"operator":null,"opening_hours":null,"internet_access:fee":null,"internet_access":null,"healthcare:speciality":null,"description":null,"name:hi":null,"name:en":null,"website":null,"religion":null,"phone":null,"landuse":null,"email":null,"education":null,"addr:street":null,"addr:postcode":null,"wikidata":null,"addr:city":null,"name":null},"geometry":{"type":"Point","coordinates":[78.0246315,30.36386]}},
{"type":"Feature","properties":{"full_id":"n3519959271","osm_id":"3519959271","osm_type":"node","amenity":"school","check_date":null,"addr:district":null,"entrance":null,"addr:country":null,"brand:wikipedia":null,"brand:wikidata":null,"brand":null,"wheelchair":null,"motor_vehicle":null,"locked":null,"horse":null,"foot":null,"bicycle":null,"access":null,"operator:type":null,"barrier":null,"grades":null,"wikipedia":null,"addr:housenumber":null,"smoking":null,"payment:credit_cards":null,"payment:cash":null,"operator":null,"opening_hours":null,"internet_access:fee":null,"internet_access":null,"healthcare:speciality":null,"description":null,"name:hi":null,"name:en":null,"website":null,"religion":null,"phone":null,"landuse":null,"email":null,"education":null,"addr:street":null,"addr:postcode":null,"wikidata":null,"addr:city":null,"name":"Jaswant Modern School"},"geometry":{"type":"Point","coordinates":[78.0564299,30.3389488]}},
{"type":"Feature","properties":{"full_id":"n4176770790","osm_id":"4176770790","osm_type":"node","amenity":"school","check_date":null,"addr:district":null,"entrance":null,"addr:country":null,"brand:wikipedia":null,"brand:wikidata":null,"brand":null,"wheelchair":null,"motor_vehicle":null,"locked":null,"horse":null,"foot":null,"bicycle":null,"access":null,"operator:type":null,"barrier":null,"grades":null,"wikipedia":null,"addr:housenumber":null,"smoking":null,"payment:credit_cards":null,"payment:cash":null,"operator":null,"opening_hours":null,"internet_access:fee":null,"internet_access":null,"healthcare:speciality":null,"description":null,"name:hi":null,"name:en":null,"website":"https://www.guruyogpeeth.com/","religion":"hindu","phone":"+919326924280","landuse":"religious","email":"enquiry@guruyogpeeth.com","education":"yoga","addr:street":"Tapovan, Laxman Jhoola, Rishikesh","addr:postcode":null,"wikidata":null,"addr:city":null,"name":"Guru Yog Peeth"},"geometry":{"type":"Point","coordinates":[78.3236966,30.1306319]}},
{"type":"Feature","properties":{"full_id":"n4176780292","osm_id":"4176780292","osm_type":"node","amenity":"school","check_date":null,"addr:district":null,"entrance":null,"addr:country":null,"brand:wikipedia":null,"brand:wikidata":null,"brand":null,"wheelchair":null,"motor_vehicle":null,"locked":null,"horse":null,"foot":null,"bicycle":null,"access":null,"operator:type":null,"barrier":null,"grades":null,"wikipedia":null,"addr:housenumber":null,"smoking":null,"payment:credit_cards":null,"payment:cash":null,"operator":null,"opening_hours":null,"internet_access:fee":null,"internet_access":null,"healthcare:speciality":null,"description":null,"name:hi":null,"name:en":null,"website":"www.maayaahealing.com ","religion":null,"phone":"+919373052179","landuse":null,"email":"maayaadhami@gmail.com","education":null,"addr:street":"Road toward Laxman Jhula","addr:postcode":null,"wikidata":null,"addr:city":null,"name":"Maayaa International Healing School "},"geometry":{"type":"Point","coordinates":[78.329336,30.1237357]}},
{"type":"Feature","properties":{"full_id":"n4177522403","osm_id":"4177522403","osm_type":"node","amenity":"school","check_date":null,"addr:district":null,"entrance":null,"addr:country":null,"brand:wikipedia":null,"brand:wikidata":null,"brand":null,"wheelchair":null,"motor_vehicle":null,"locked":null,"horse":null,"foot":null,"bicycle":null,"access":null,"operator:type":null,"barrier":null,"grades":null,"wikipedia":null,"addr:housenumber":null,"smoking":null,"payment:credit_cards":null,"payment:cash":null,"operator":null,"opening_hours":null,"internet_access:fee":null,"internet_access":null,"healthcare:speciality":null,"description":null,"name:hi":null,"name:en":null,"website":null,"religion":null,"phone":null,"landuse":null,"email":null,"education":null,"addr:street":"chiliyanaula ","addr:postcode":null,"wikidata":null,"addr:city":null,"name":"Government College "},"geometry":{"type":"Point","coordinates":[79.4158683,29.6585093]}},
{"type":"Feature","properties":{"full_id":"n4194985026","osm_id":"4194985026","osm_type":"node","amenity":"school","check_date":null,"addr:district":null,"entrance":null,"addr:country":null,"brand:wikipedia":null,"brand:wikidata":null,"brand":null,"wheelchair":null,"motor_vehicle":null,"locked":null,"horse":null,"foot":null,"bicycle":null,"access":null,"operator:type":null,"barrier":null,"grades":null,"wikipedia":null,"addr:housenumber":null,"smoking":null,"payment:credit_cards":null,"payment:cash":null,"operator":null,"opening_hours":null,"internet_access:fee":null,"internet_access":null,"healthcare:speciality":null,"description":null,"name:hi":"सरमोली प्राथमिक विध्यालय","name:en":"Sarmoli Primary School","website":null,"religion":null,"phone":null,"landuse":null,"email":null,"education":null,"addr:street":null,"addr:postcode":null,"wikidata":null,"addr:city":null,"name":"Sarmoli Primary School"},"geometry":{"type":"Point","coordinates":[80.2376397,30.0796791]}},
{"type":"Feature","properties":{"full_id":"n4212033321","osm_id":"4212033321","osm_type":"node","amenity":"school","check_date":null,"addr:district":null,"entrance":null,"addr:country":null,"brand:wikipedia":null,"brand:wikidata":null,"brand":null,"wheelchair":null,"motor_vehicle":null,"locked":null,"horse":null,"foot":null,"bicycle":null,"access":null,"operator:type":null,"barrier":null,"grades":null,"wikipedia":null,"addr:housenumber":null,"smoking":null,"payment:credit_cards":null,"payment:cash":null,"operator":null,"opening_hours":null,"internet_access:fee":null,"internet_access":null,"healthcare:speciality":null,"description":null,"name:hi":null,"name:en":null,"website":null,"religion":null,"phone":null,"landuse":null,"email":null,"education":null,"addr:street":null,"addr:postcode":null,"wikidata":null,"addr:city":null,"name":"Mussoorie Public School"},"geometry":{"type":"Point","coordinates":[78.0762316,30.4577842]}},
{"type":"Feature","properties":{"full_id":"n4254488391","osm_id":"4254488391","osm_type":"node","amenity":"school","check_date":null,"addr:district":null,"entrance":null,"addr:country":null,"brand:wikipedia":null,"brand:wikidata":null,"brand":null,"wheelchair":null,"motor_vehicle":null,"locked":null,"horse":null,"foot":null,"bicycle":null,"access":null,"operator:type":null,"barrier":null,"grades":null,"wikipedia":null,"addr:housenumber":null,"smoking":null,"payment:credit_cards":null,"payment:cash":null,"operator":null,"opening_hours":null,"internet_access:fee":null,"internet_access":null,"healthcare:speciality":null,"description":null,"name:hi":"आर्य इंटर कॉलेज","name:en":"Arya Inter College Subhash Nagar","website":null,"religion":null,"phone":null,"landuse":null,"email":null,"education":null,"addr:street":null,"addr:postcode":null,"wikidata":null,"addr:city":null,"name":"Arya Inter College Subhash Nagar"},"geometry":{"type":"Point","coordinates":[77.9940959,30.2737504]}},
{"type":"Feature","properties":{"full_id":"n4254504794","osm_id":"4254504794","osm_type":"node","amenity":"school","check_date":null,"addr:district":null,"entrance":null,"addr:country":null,"brand:wikipedia":null,"brand:wikidata":null,"brand":null,"wheelchair":null,"motor_vehicle":null,"locked":null,"horse":null,"foot":null,"bicycle":null,"access":null,"operator:type":null,"barrier":null,"grades":null,"wikipedia":null,"addr:housenumber":null,"smoking":null,"payment:credit_cards":null,"payment:cash":null,"operator":null,"opening_hours":null,"internet_access:fee":null,"internet_access":null,"healthcare:speciality":null,"description":null,"name:hi":null,"name:en":null,"website":null,"religion":null,"phone":null,"landuse":null,"email":null,"education":null,"addr:street":null,"addr:postcode":null,"wikidata":null,"addr:city":null,"name":"Rajaram Mohan Roy Academy"},"geometry":{"type":"Point","coordinates":[77.9940942,30.28497]}},
{"type":"Feature","properties":{"full_id":"n4498501389","osm_id":"4498501389","osm_type":"node","amenity":"school","check_date":null,"addr:district":null,"entrance":null,"addr:country":null,"brand:wikipedia":null,"brand:wikidata":null,"brand":null,"wheelchair":null,"motor_vehicle":null,"locked":null,"horse":null,"foot":null,"bicycle":null,"access":null,"operator:type":null,"barrier":null,"grades":null,"wikipedia":null,"addr:housenumber":null,"smoking":null,"payment:credit_cards":null,"payment:cash":null,"operator":null,"opening_hours":null,"internet_access:fee":null,"internet_access":null,"healthcare:speciality":null,"description":null,"name:hi":null,"name:en":"World Peace Yoga School","website":"https://worldpeaceyogaschool.com/","religion":null,"phone":null,"landuse":null,"email":null,"education":null,"addr:street":null,"addr:postcode":null,"wikidata":null,"addr:city":null,"name":"World Peace Yoga School"},"geometry":{"type":"Point","coordinates":[78.3277589,30.1230096]}},
{"type":"Feature","properties":{"full_id":"n4712005944","osm_id":"4712005944","osm_type":"node","amenity":"school","check_date":null,"addr:district":null,"entrance":null,"addr:country":null,"brand:wikipedia":null,"brand:wikidata":null,"brand":null,"wheelchair":null,"motor_vehicle":null,"locked":null,"horse":null,"foot":null,"bicycle":null,"access":null,"operator:type":null,"barrier":null,"grades":null,"wikipedia":null,"addr:housenumber":null,"smoking":null,"payment:credit_cards":null,"payment:cash":null,"operator":null,"opening_hours":null,"internet_access:fee":null,"internet_access":null,"healthcare:speciality":null,"description":null,"name:hi":null,"name:en":null,"website":null,"religion":null,"phone":null,"landuse":null,"email":null,"education":null,"addr:street":null,"addr:postcode":null,"wikidata":null,"addr:city":null,"name":"St. Mary's Sec. School"},"geometry":{"type":"Point","coordinates":[77.9976318,30.2727803]}},
{"type":"Feature","properties":{"full_id":"n4712075544","osm_id":"4712075544","osm_type":"node","amenity":"school","check_date":null,"addr:district":null,"entrance":null,"addr:country":null,"brand:wikipedia":null,"brand:wikidata":null,"brand":null,"wheelchair":null,"motor_vehicle":null,"locked":null,"horse":null,"foot":null,"bicycle":null,"access":null,"operator:type":null,"barrier":null,"grades":null,"wikipedia":null,"addr:housenumber":null,"smoking":null,"payment:credit_cards":null,"payment:cash":null,"operator":null,"opening_hours":null,"internet_access:fee":null,"internet_access":null,"healthcare:speciality":null,"description":null,"name:hi":null,"name:en":null,"website":null,"religion":null,"phone":null,"landuse":null,"email":null,"education":null,"addr:street":null,"addr:postcode":null,"wikidata":null,"addr:city":null,"name":"St. Patrick School"},"geometry":{"type":"Point","coordinates":[77.9983831,30.2659709]}},
{"type":"Feature","properties":{"full_id":"n4741389520","osm_id":"4741389520","osm_type":"node","amenity":"school","check_date":null,"addr:district":null,"entrance":null,"addr:country":null,"brand:wikipedia":null,"brand:wikidata":null,"brand":null,"wheelchair":null,"motor_vehicle":null,"locked":null,"horse":null,"foot":null,"bicycle":null,"access":null,"operator:type":null,"barrier":null,"grades":null,"wikipedia":null,"addr:housenumber":null,"smoking":null,"payment:credit_cards":null,"payment:cash":null,"operator":null,"opening_hours":null,"internet_access:fee":null,"internet_access":null,"healthcare:speciality":null,"description":null,"name:hi":null,"name:en":null,"website":null,"religion":null,"phone":null,"landuse":null,"email":null,"education":null,"addr:street":null,"addr:postcode":null,"wikidata":null,"addr:city":null,"name":"CNI boys school"},"geometry":{"type":"Point","coordinates":[78.0393824,30.3222261]}},
{"type":"Feature","properties":{"full_id":"n4852903921","osm_id":"4852903921","osm_type":"node","amenity":"school","check_date":null,"addr:district":null,"entrance":null,"addr:country":null,"brand:wikipedia":null,"brand:wikidata":null,"brand":null,"wheelchair":null,"motor_vehicle":null,"locked":null,"horse":null,"foot":null,"bicycle":null,"access":null,"operator:type":null,"barrier":null,"grades":null,"wikipedia":null,"addr:housenumber":null,"smoking":null,"payment:credit_cards":null,"payment:cash":null,"operator":null,"opening_hours":null,"internet_access:fee":null,"internet_access":null,"healthcare:speciality":null,"description":null,"name:hi":"स्कूल रानीखेत","name:en":"GMSFP SCHOOL","website":null,"religion":null,"phone":null,"landuse":null,"email":null,"education":null,"addr:street":"Ranikhet","addr:postcode":"263645","wikidata":null,"addr:city":null,"name":"GMSFP SCHOOL"},"geometry":{"type":"Point","coordinates":[79.4340514,29.6397894]}},
{"type":"Feature","properties":{"full_id":"n4934164496","osm_id":"4934164496","osm_type":"node","amenity":"school","check_date":null,"addr:district":null,"entrance":null,"addr:country":null,"brand:wikipedia":null,"brand:wikidata":null,"brand":null,"wheelchair":null,"motor_vehicle":null,"locked":null,"horse":null,"foot":null,"bicycle":null,"access":null,"operator:type":null,"barrier":null,"grades":null,"wikipedia":null,"addr:housenumber":null,"smoking":null,"payment:credit_cards":null,"payment:cash":null,"operator":null,"opening_hours":null,"internet_access:fee":null,"internet_access":null,"healthcare:speciality":null,"description":null,"name:hi":null,"name:en":null,"website":null,"religion":null,"phone":null,"landuse":null,"email":null,"education":null,"addr:street":null,"addr:postcode":null,"wikidata":null,"addr:city":null,"name":"K Farms, 242A, Swargashram.;Yog Sansthan"},"geometry":{"type":"Point","coordinates":[78.3172012,30.1197495]}},
{"type":"Feature","properties":{"full_id":"n4984049622","osm_id":"4984049622","osm_type":"node","amenity":"school","check_date":null,"addr:district":null,"entrance":null,"addr:country":null,"brand:wikipedia":null,"brand:wikidata":null,"brand":null,"wheelchair":null,"motor_vehicle":null,"locked":null,"horse":null,"foot":null,"bicycle":null,"access":null,"operator:type":null,"barrier":null,"grades":null,"wikipedia":null,"addr:housenumber":null,"smoking":null,"payment:credit_cards":null,"payment:cash":null,"operator":null,"opening_hours":null,"internet_access:fee":null,"internet_access":null,"healthcare:speciality":null,"description":null,"name:hi":null,"name:en":null,"website":null,"religion":null,"phone":null,"landuse":null,"email":null,"education":null,"addr:street":null,"addr:postcode":null,"wikidata":null,"addr:city":null,"name":null},"geometry":{"type":"Point","coordinates":[78.412895,30.1522106]}},
{"type":"Feature","properties":{"full_id":"n5495632384","osm_id":"5495632384","osm_type":"node","amenity":"school","check_date":null,"addr:district":null,"entrance":null,"addr:country":null,"brand:wikipedia":null,"brand:wikidata":null,"brand":null,"wheelchair":null,"motor_vehicle":null,"locked":null,"horse":null,"foot":null,"bicycle":null,"access":null,"operator:type":null,"barrier":null,"grades":null,"wikipedia":null,"addr:housenumber":null,"smoking":"no","payment:credit_cards":"yes","payment:cash":"yes","operator":"Amrit Raj","opening_hours":"Mo-Su 07:00-21:00","internet_access:fee":"no","internet_access":"yes","healthcare:speciality":"ayurveda;yoga;yoga_teacher_training;panchkarma;meditation;wellness_centre;retreat_centre;naturopathy;biology;anatomy;philosophy;medicine;ayurvedic;ayurvedic_therapy;ayurvedic_medicine;yoga_therapy;ayurvedic_diet","description":"Maa Yoga Ashram offers Yoga teacher training, Yoga therapy, Ayurvedic medicine training, Ayurvedic therapies, Ayurvedic meal plan, wellness retreats, meditaion, and peace.","name:hi":null,"name:en":null,"website":"https://maayogashram.com/","religion":"hindu","phone":"+91 97192 37373","landuse":"religious","email":"maayogaashram@gmail.com","education":"yoga","addr:street":"Kriya Yoga Lane","addr:postcode":null,"wikidata":null,"addr:city":"Rishikesh","name":"Maa Yoga Ashram"},"geometry":{"type":"Point","coordinates":[78.3256171,30.13136]}},
{"type":"Feature","properties":{"full_id":"n5563553476","osm_id":"5563553476","osm_type":"node","amenity":"school","check_date":null,"addr:district":null,"entrance":null,"addr:country":null,"brand:wikipedia":null,"brand:wikidata":null,"brand":null,"wheelchair":null,"motor_vehicle":null,"locked":null,"horse":null,"foot":null,"bicycle":null,"access":null,"operator:type":null,"barrier":null,"grades":null,"wikipedia":null,"addr:housenumber":"Hotel Hariyali View","smoking":null,"payment:credit_cards":null,"payment:cash":null,"operator":null,"opening_hours":"24/7","internet_access:fee":null,"internet_access":null,"healthcare:speciality":null,"description":null,"name:hi":null,"name:en":null,"website":null,"religion":"hindu","phone":null,"landuse":"religious","email":null,"education":"yoga","addr:street":"Hotel Hariyali View Badrinath Road Laxman Jhula Rishikesh, Uttarakhand","addr:postcode":"249192","wikidata":null,"addr:city":"rishikesh","name":"Rishikesh Yog Nirvana"},"geometry":{"type":"Point","coordinates":[78.3219234,30.1331846]}},
{"type":"Feature","properties":{"full_id":"n5871838920","osm_id":"5871838920","osm_type":"node","amenity":"school","check_date":null,"addr:district":null,"entrance":null,"addr:country":null,"brand:wikipedia":null,"brand:wikidata":null,"brand":null,"wheelchair":null,"motor_vehicle":null,"locked":null,"horse":null,"foot":null,"bicycle":null,"access":null,"operator:type":null,"barrier":null,"grades":null,"wikipedia":null,"addr:housenumber":"153","smoking":null,"payment:credit_cards":null,"payment:cash":null,"operator":null,"opening_hours":null,"internet_access:fee":null,"internet_access":null,"healthcare:speciality":null,"description":null,"name:hi":null,"name:en":null,"website":null,"religion":null,"phone":null,"landuse":null,"email":null,"education":null,"addr:street":"Rajpur-Mussoorie Road","addr:postcode":"248001","wikidata":null,"addr:city":"Dehradun","name":"Scholars Home School"},"geometry":{"type":"Point","coordinates":[78.0713821,30.3645565]}},
{"type":"Feature","properties":{"full_id":"n5893335682","osm_id":"5893335682","osm_type":"node","amenity":"school","check_date":null,"addr:district":null,"entrance":null,"addr:country":null,"brand:wikipedia":null,"brand:wikidata":null,"brand":null,"wheelchair":null,"motor_vehicle":null,"locked":null,"horse":null,"foot":null,"bicycle":null,"access":null,"operator:type":null,"barrier":null,"grades":null,"wikipedia":null,"addr:housenumber":null,"smoking":null,"payment:credit_cards":null,"payment:cash":null,"operator":null,"opening_hours":null,"internet_access:fee":null,"internet_access":null,"healthcare:speciality":null,"description":null,"name:hi":null,"name:en":null,"website":null,"religion":null,"phone":null,"landuse":null,"email":null,"education":null,"addr:street":"Sahastradhara Road","addr:postcode":"248001","wikidata":null,"addr:city":"Dehradun","name":"Apollo International School"},"geometry":{"type":"Point","coordinates":[78.068151,30.3393625]}},
{"type":"Feature","properties":{"full_id":"n5893341499","osm_id":"5893341499","osm_type":"node","amenity":"school","check_date":null,"addr:district":null,"entrance":null,"addr:country":null,"brand:wikipedia":null,"brand:wikidata":null,"brand":null,"wheelchair":null,"motor_vehicle":null,"locked":null,"horse":null,"foot":null,"bicycle":null,"access":null,"operator:type":null,"barrier":null,"grades":null,"wikipedia":null,"addr:housenumber":null,"smoking":null,"payment:credit_cards":null,"payment:cash":null,"operator":null,"opening_hours":null,"internet_access:fee":null,"internet_access":null,"healthcare:speciality":null,"description":null,"name:hi":null,"name:en":null,"website":null,"religion":null,"phone":null,"landuse":null,"email":null,"education":null,"addr:street":"Danda Nooriwala, Aman Vihar","addr:postcode":"248001","wikidata":null,"addr:city":"Dehradun","name":"Touchwood School"},"geometry":{"type":"Point","coordinates":[78.0797113,30.3518393]}},
{"type":"Feature","properties":{"full_id":"n5893973685","osm_id":"5893973685","osm_type":"node","amenity":"school","check_date":null,"addr:district":null,"entrance":null,"addr:country":null,"brand:wikipedia":null,"brand:wikidata":null,"brand":null,"wheelchair":null,"motor_vehicle":null,"locked":null,"horse":null,"foot":null,"bicycle":null,"access":null,"operator:type":null,"barrier":null,"grades":null,"wikipedia":null,"addr:housenumber":null,"smoking":null,"payment:credit_cards":null,"payment:cash":null,"operator":null,"opening_hours":null,"internet_access:fee":null,"internet_access":null,"healthcare:speciality":null,"description":null,"name:hi":null,"name:en":null,"website":null,"religion":"hindu","phone":null,"landuse":"religious","email":null,"education":"yoga","addr:street":null,"addr:postcode":null,"wikidata":null,"addr:city":null,"name":"vinyasa yogashala school"},"geometry":{"type":"Point","coordinates":[78.3205003,30.1323386]}},
{"type":"Feature","properties":{"full_id":"n6066288486","osm_id":"6066288486","osm_type":"node","amenity":"school","check_date":null,"addr:district":null,"entrance":null,"addr:country":null,"brand:wikipedia":null,"brand:wikidata":null,"brand":null,"wheelchair":null,"motor_vehicle":null,"locked":null,"horse":null,"foot":null,"bicycle":null,"access":null,"operator:type":null,"barrier":null,"grades":null,"wikipedia":null,"addr:housenumber":null,"smoking":null,"payment:credit_cards":null,"payment:cash":null,"operator":null,"opening_hours":null,"internet_access:fee":null,"internet_access":null,"healthcare:speciality":null,"description":null,"name:hi":null,"name:en":null,"website":null,"religion":null,"phone":null,"landuse":null,"email":null,"education":null,"addr:street":"Lajpat Rai Marg","addr:postcode":null,"wikidata":null,"addr:city":null,"name":"Government Dayanand Inter College"},"geometry":{"type":"Point","coordinates":[77.9906786,30.2719338]}},
{"type":"Feature","properties":{"full_id":"n6152910885","osm_id":"6152910885","osm_type":"node","amenity":"school","check_date":null,"addr:district":null,"entrance":null,"addr:country":null,"brand:wikipedia":null,"brand:wikidata":null,"brand":null,"wheelchair":null,"motor_vehicle":null,"locked":null,"horse":null,"foot":null,"bicycle":null,"access":null,"operator:type":null,"barrier":null,"grades":null,"wikipedia":null,"addr:housenumber":null,"smoking":null,"payment:credit_cards":null,"payment:cash":null,"operator":null,"opening_hours":null,"internet_access:fee":null,"internet_access":null,"healthcare:speciality":null,"description":null,"name:hi":null,"name:en":null,"website":null,"religion":null,"phone":null,"landuse":null,"email":null,"education":null,"addr:street":null,"addr:postcode":null,"wikidata":null,"addr:city":null,"name":null},"geometry":{"type":"Point","coordinates":[78.3238407,30.1236825]}},
{"type":"Feature","properties":{"full_id":"n6189905565","osm_id":"6189905565","osm_type":"node","amenity":"school","check_date":null,"addr:district":null,"entrance":null,"addr:country":null,"brand:wikipedia":null,"brand:wikidata":null,"brand":null,"wheelchair":null,"motor_vehicle":null,"locked":null,"horse":null,"foot":null,"bicycle":null,"access":null,"operator:type":null,"barrier":null,"grades":null,"wikipedia":"en:Jawahar Navodaya Vidyalaya, Chamoli","addr:housenumber":null,"smoking":null,"payment:credit_cards":null,"payment:cash":null,"operator":null,"opening_hours":null,"internet_access:fee":null,"internet_access":null,"healthcare:speciality":null,"description":null,"name:hi":null,"name:en":null,"website":null,"religion":null,"phone":null,"landuse":null,"email":null,"education":null,"addr:street":null,"addr:postcode":null,"wikidata":"Q60474955","addr:city":null,"name":"Jawahar Navodaya Vidyalaya, Chamoli"},"geometry":{"type":"Point","coordinates":[79.4305219,30.4399505]}},
{"type":"Feature","properties":{"full_id":"n6273442085","osm_id":"6273442085","osm_type":"node","amenity":"school","check_date":null,"addr:district":null,"entrance":null,"addr:country":null,"brand:wikipedia":null,"brand:wikidata":null,"brand":null,"wheelchair":null,"motor_vehicle":null,"locked":null,"horse":null,"foot":null,"bicycle":null,"access":null,"operator:type":null,"barrier":null,"grades":null,"wikipedia":null,"addr:housenumber":null,"smoking":null,"payment:credit_cards":null,"payment:cash":null,"operator":null,"opening_hours":null,"internet_access:fee":null,"internet_access":null,"healthcare:speciality":null,"description":null,"name:hi":null,"name:en":null,"website":"https://rishikeshyogkulam.com","religion":"hindu","phone":null,"landuse":"religious","email":null,"education":"yoga","addr:street":null,"addr:postcode":null,"wikidata":null,"addr:city":null,"name":"Yogkulam Yoga School"},"geometry":{"type":"Point","coordinates":[78.3244654,30.1292789]}},
{"type":"Feature","properties":{"full_id":"n6375647986","osm_id":"6375647986","osm_type":"node","amenity":"school","check_date":null,"addr:district":null,"entrance":null,"addr:country":null,"brand:wikipedia":null,"brand:wikidata":null,"brand":null,"wheelchair":null,"motor_vehicle":null,"locked":null,"horse":null,"foot":null,"bicycle":null,"access":null,"operator:type":null,"barrier":null,"grades":null,"wikipedia":null,"addr:housenumber":null,"smoking":null,"payment:credit_cards":null,"payment:cash":null,"operator":null,"opening_hours":null,"internet_access:fee":null,"internet_access":null,"healthcare:speciality":null,"description":null,"name:hi":null,"name:en":null,"website":null,"religion":null,"phone":null,"landuse":null,"email":null,"education":null,"addr:street":null,"addr:postcode":null,"wikidata":null,"addr:city":null,"name":"Ayuskama Ayur Yoga School"},"geometry":{"type":"Point","coordinates":[78.3149063,30.1499063]}},
{"type":"Feature","properties":{"full_id":"n6390039985","osm_id":"6390039985","osm_type":"node","amenity":"school","check_date":null,"addr:district":null,"entrance":null,"addr:country":null,"brand:wikipedia":null,"brand:wikidata":null,"brand":null,"wheelchair":null,"motor_vehicle":null,"locked":null,"horse":null,"foot":null,"bicycle":null,"access":null,"operator:type":null,"barrier":null,"grades":null,"wikipedia":null,"addr:housenumber":null,"smoking":null,"payment:credit_cards":null,"payment:cash":null,"operator":null,"opening_hours":null,"internet_access:fee":null,"internet_access":null,"healthcare:speciality":null,"description":null,"name:hi":null,"name:en":null,"website":null,"religion":"hindu","phone":null,"landuse":"religious","email":null,"education":"yoga","addr:street":null,"addr:postcode":null,"wikidata":null,"addr:city":null,"name":null},"geometry":{"type":"Point","coordinates":[78.3202902,30.1289512]}},
{"type":"Feature","properties":{"full_id":"n6404653673","osm_id":"6404653673","osm_type":"node","amenity":"school","check_date":null,"addr:district":null,"entrance":null,"addr:country":null,"brand:wikipedia":null,"brand:wikidata":null,"brand":null,"wheelchair":null,"motor_vehicle":null,"locked":null,"horse":null,"foot":null,"bicycle":null,"access":null,"operator:type":null,"barrier":null,"grades":null,"wikipedia":null,"addr:housenumber":null,"smoking":null,"payment:credit_cards":null,"payment:cash":null,"operator":null,"opening_hours":null,"internet_access:fee":null,"internet_access":null,"healthcare:speciality":null,"description":null,"name:hi":null,"name:en":null,"website":null,"religion":null,"phone":null,"landuse":null,"email":null,"education":null,"addr:street":null,"addr:postcode":null,"wikidata":null,"addr:city":null,"name":null},"geometry":{"type":"Point","coordinates":[78.3407322,30.1054289]}},
{"type":"Feature","properties":{"full_id":"n6404653674","osm_id":"6404653674","osm_type":"node","amenity":"school","check_date":null,"addr:district":null,"entrance":null,"addr:country":null,"brand:wikipedia":null,"brand:wikidata":null,"brand":null,"wheelchair":null,"motor_vehicle":null,"locked":null,"horse":null,"foot":null,"bicycle":null,"access":null,"operator:type":null,"barrier":null,"grades":null,"wikipedia":null,"addr:housenumber":null,"smoking":null,"payment:credit_cards":null,"payment:cash":null,"operator":null,"opening_hours":null,"internet_access:fee":null,"internet_access":null,"healthcare:speciality":null,"description":null,"name:hi":null,"name:en":null,"website":null,"religion":null,"phone":null,"landuse":null,"email":null,"education":null,"addr:street":null,"addr:postcode":null,"wikidata":null,"addr:city":null,"name":null},"geometry":{"type":"Point","coordinates":[78.3407322,30.1054149]}},
{"type":"Feature","properties":{"full_id":"n6581821448","osm_id":"6581821448","osm_type":"node","amenity":"school","check_date":null,"addr:district":null,"entrance":null,"addr:country":null,"brand:wikipedia":null,"brand:wikidata":null,"brand":null,"wheelchair":null,"motor_vehicle":null,"locked":null,"horse":null,"foot":null,"bicycle":null,"access":null,"operator:type":null,"barrier":null,"grades":null,"wikipedia":null,"addr:housenumber":null,"smoking":null,"payment:credit_cards":null,"payment:cash":null,"operator":null,"opening_hours":null,"internet_access:fee":null,"internet_access":null,"healthcare:speciality":null,"description":null,"name:hi":null,"name:en":null,"website":null,"religion":null,"phone":null,"landuse":null,"email":null,"education":null,"addr:street":null,"addr:postcode":null,"wikidata":null,"addr:city":null,"name":"Doon Girls"},"geometry":{"type":"Point","coordinates":[78.0546571,30.3226624]}},
{"type":"Feature","properties":{"full_id":"n6649636590","osm_id":"6649636590","osm_type":"node","amenity":"school","check_date":null,"addr:district":null,"entrance":null,"addr:country":null,"brand:wikipedia":null,"brand:wikidata":null,"brand":null,"wheelchair":null,"motor_vehicle":null,"locked":null,"horse":null,"foot":null,"bicycle":null,"access":null,"operator:type":null,"barrier":null,"grades":null,"wikipedia":null,"addr:housenumber":null,"smoking":null,"payment:credit_cards":null,"payment:cash":null,"operator":null,"opening_hours":null,"internet_access:fee":null,"internet_access":null,"healthcare:speciality":null,"description":null,"name:hi":null,"name:en":null,"website":null,"religion":null,"phone":null,"landuse":null,"email":null,"education":null,"addr:street":null,"addr:postcode":null,"wikidata":null,"addr:city":null,"name":"Vinyasa Yoga Ashram"},"geometry":{"type":"Point","coordinates":[78.3832739,30.087119]}},
{"type":"Feature","properties":{"full_id":"n6738229796","osm_id":"6738229796","osm_type":"node","amenity":"school","check_date":null,"addr:district":null,"entrance":null,"addr:country":null,"brand:wikipedia":null,"brand:wikidata":null,"brand":null,"wheelchair":null,"motor_vehicle":null,"locked":null,"horse":null,"foot":null,"bicycle":null,"access":null,"operator:type":null,"barrier":null,"grades":null,"wikipedia":null,"addr:housenumber":null,"smoking":null,"payment:credit_cards":null,"payment:cash":null,"operator":null,"opening_hours":null,"internet_access:fee":null,"internet_access":null,"healthcare:speciality":null,"description":null,"name:hi":null,"name:en":null,"website":null,"religion":null,"phone":null,"landuse":null,"email":null,"education":null,"addr:street":null,"addr:postcode":null,"wikidata":null,"addr:city":null,"name":"Summer Valley"},"geometry":{"type":"Point","coordinates":[78.0560347,30.3047642]}},
{"type":"Feature","properties":{"full_id":"n6738243382","osm_id":"6738243382","osm_type":"node","amenity":"school","check_date":null,"addr:district":null,"entrance":null,"addr:country":null,"brand:wikipedia":null,"brand:wikidata":null,"brand":null,"wheelchair":null,"motor_vehicle":null,"locked":null,"horse":null,"foot":null,"bicycle":null,"access":null,"operator:type":null,"barrier":null,"grades":null,"wikipedia":null,"addr:housenumber":null,"smoking":null,"payment:credit_cards":null,"payment:cash":null,"operator":null,"opening_hours":null,"internet_access:fee":null,"internet_access":null,"healthcare:speciality":null,"description":null,"name:hi":null,"name:en":null,"website":null,"religion":null,"phone":null,"landuse":null,"email":null,"education":null,"addr:street":null,"addr:postcode":null,"wikidata":null,"addr:city":null,"name":"Doon International"},"geometry":{"type":"Point","coordinates":[78.053382,30.3132069]}},
{"type":"Feature","properties":{"full_id":"n6743147665","osm_id":"6743147665","osm_type":"node","amenity":"school","check_date":null,"addr:district":null,"entrance":null,"addr:country":null,"brand:wikipedia":null,"brand:wikidata":null,"brand":null,"wheelchair":null,"motor_vehicle":null,"locked":null,"horse":null,"foot":null,"bicycle":null,"access":null,"operator:type":null,"barrier":null,"grades":null,"wikipedia":null,"addr:housenumber":null,"smoking":null,"payment:credit_cards":null,"payment:cash":null,"operator":null,"opening_hours":null,"internet_access:fee":null,"internet_access":null,"healthcare:speciality":null,"description":null,"name:hi":null,"name:en":null,"website":null,"religion":null,"phone":null,"landuse":null,"email":null,"education":null,"addr:street":null,"addr:postcode":null,"wikidata":null,"addr:city":null,"name":"SLV"},"geometry":{"type":"Point","coordinates":[78.0291241,30.3034466]}},
{"type":"Feature","properties":{"full_id":"n7192960185","osm_id":"7192960185","osm_type":"node","amenity":"school","check_date":null,"addr:district":null,"entrance":null,"addr:country":null,"brand:wikipedia":null,"brand:wikidata":null,"brand":null,"wheelchair":null,"motor_vehicle":null,"locked":null,"horse":null,"foot":null,"bicycle":null,"access":null,"operator:type":null,"barrier":null,"grades":null,"wikipedia":null,"addr:housenumber":"101","smoking":null,"payment:credit_cards":null,"payment:cash":null,"operator":null,"opening_hours":null,"internet_access:fee":null,"internet_access":null,"healthcare:speciality":null,"description":null,"name:hi":null,"name:en":null,"website":null,"religion":null,"phone":null,"landuse":null,"email":null,"education":null,"addr:street":"Old Rajpur Road","addr:postcode":null,"wikidata":null,"addr:city":null,"name":"Yog-Ganga school for yoga"},"geometry":{"type":"Point","coordinates":[78.0950801,30.4005008]}},
{"type":"Feature","properties":{"full_id":"n7276414885","osm_id":"7276414885","osm_type":"node","amenity":"school","check_date":null,"addr:district":null,"entrance":null,"addr:country":null,"brand:wikipedia":null,"brand:wikidata":null,"brand":null,"wheelchair":null,"motor_vehicle":null,"locked":null,"horse":null,"foot":null,"bicycle":null,"access":null,"operator:type":null,"barrier":null,"grades":null,"wikipedia":null,"addr:housenumber":null,"smoking":null,"payment:credit_cards":null,"payment:cash":null,"operator":null,"opening_hours":null,"internet_access:fee":null,"internet_access":null,"healthcare:speciality":null,"description":null,"name:hi":null,"name:en":null,"website":null,"religion":"hindu","phone":null,"landuse":"religious","email":null,"education":"yoga","addr:street":null,"addr:postcode":null,"wikidata":null,"addr:city":null,"name":"World peace yoga school"},"geometry":{"type":"Point","coordinates":[78.32708,30.1286033]}},
{"type":"Feature","properties":{"full_id":"n7642965252","osm_id":"7642965252","osm_type":"node","amenity":"school","check_date":null,"addr:district":null,"entrance":null,"addr:country":null,"brand:wikipedia":null,"brand:wikidata":null,"brand":null,"wheelchair":null,"motor_vehicle":null,"locked":null,"horse":null,"foot":null,"bicycle":null,"access":null,"operator:type":null,"barrier":null,"grades":null,"wikipedia":null,"addr:housenumber":null,"smoking":null,"payment:credit_cards":null,"payment:cash":null,"operator":null,"opening_hours":null,"internet_access:fee":null,"internet_access":null,"healthcare:speciality":null,"description":null,"name:hi":null,"name:en":null,"website":"https://www.oxfordschoolofexcellence.com/","religion":null,"phone":null,"landuse":null,"email":null,"education":null,"addr:street":"5, Municipal Rd, Dalanwala, Dehradun, Uttarakhand 248001","addr:postcode":"248001","wikidata":null,"addr:city":"Dehradun","name":"Oxford School of Excellence"},"geometry":{"type":"Point","coordinates":[78.0523205,30.3179525]}},
{"type":"Feature","properties":{"full_id":"n7781694225","osm_id":"7781694225","osm_type":"node","amenity":"school","check_date":null,"addr:district":null,"entrance":null,"addr:country":null,"brand:wikipedia":null,"brand:wikidata":null,"brand":null,"wheelchair":null,"motor_vehicle":null,"locked":null,"horse":null,"foot":null,"bicycle":null,"access":null,"operator:type":null,"barrier":null,"grades":"3-12","wikipedia":null,"addr:housenumber":"2","smoking":null,"payment:credit_cards":null,"payment:cash":null,"operator":null,"opening_hours":null,"internet_access:fee":null,"internet_access":null,"healthcare:speciality":null,"description":null,"name:hi":null,"name:en":null,"website":"https://stthomascollege.in/","religion":null,"phone":null,"landuse":null,"email":null,"education":null,"addr:street":"Cross Road","addr:postcode":"248001","wikidata":null,"addr:city":"Dehradun","name":"St. Thomas' College"},"geometry":{"type":"Point","coordinates":[78.0435483,30.323706]}},
{"type":"Feature","properties":{"full_id":"n8133990993","osm_id":"8133990993","osm_type":"node","amenity":"school","check_date":null,"addr:district":null,"entrance":null,"addr:country":null,"brand:wikipedia":null,"brand:wikidata":null,"brand":null,"wheelchair":null,"motor_vehicle":null,"locked":null,"horse":null,"foot":null,"bicycle":null,"access":null,"operator:type":null,"barrier":null,"grades":null,"wikipedia":null,"addr:housenumber":null,"smoking":null,"payment:credit_cards":null,"payment:cash":null,"operator":null,"opening_hours":null,"internet_access:fee":null,"internet_access":null,"healthcare:speciality":null,"description":null,"name:hi":null,"name:en":null,"website":null,"religion":null,"phone":null,"landuse":null,"email":null,"education":null,"addr:street":null,"addr:postcode":null,"wikidata":null,"addr:city":null,"name":null},"geometry":{"type":"Point","coordinates":[79.1501618,29.1564057]}},
{"type":"Feature","properties":{"full_id":"n8134075646","osm_id":"8134075646","osm_type":"node","amenity":"school","check_date":null,"addr:district":null,"entrance":null,"addr:country":null,"brand:wikipedia":null,"brand:wikidata":null,"brand":null,"wheelchair":null,"motor_vehicle":null,"locked":null,"horse":null,"foot":null,"bicycle":null,"access":null,"operator:type":null,"barrier":null,"grades":null,"wikipedia":null,"addr:housenumber":null,"smoking":null,"payment:credit_cards":null,"payment:cash":null,"operator":null,"opening_hours":null,"internet_access:fee":null,"internet_access":null,"healthcare:speciality":null,"description":null,"name:hi":null,"name:en":null,"website":null,"religion":null,"phone":null,"landuse":null,"email":null,"education":null,"addr:street":null,"addr:postcode":null,"wikidata":null,"addr:city":null,"name":"Saraswati shishu mandir"},"geometry":{"type":"Point","coordinates":[79.1453648,29.1569002]}},
{"type":"Feature","properties":{"full_id":"n8134106388","osm_id":"8134106388","osm_type":"node","amenity":"school","check_date":null,"addr:district":null,"entrance":null,"addr:country":null,"brand:wikipedia":null,"brand:wikidata":null,"brand":null,"wheelchair":null,"motor_vehicle":null,"locked":null,"horse":null,"foot":null,"bicycle":null,"access":null,"operator:type":null,"barrier":null,"grades":null,"wikipedia":null,"addr:housenumber":null,"smoking":null,"payment:credit_cards":null,"payment:cash":null,"operator":null,"opening_hours":null,"internet_access:fee":null,"internet_access":null,"healthcare:speciality":null,"description":null,"name:hi":null,"name:en":null,"website":null,"religion":null,"phone":null,"landuse":null,"email":null,"education":null,"addr:street":null,"addr:postcode":null,"wikidata":null,"addr:city":null,"name":"govt. inter college"},"geometry":{"type":"Point","coordinates":[79.1511876,29.1599864]}},
{"type":"Feature","properties":{"full_id":"n8134113278","osm_id":"8134113278","osm_type":"node","amenity":"school","check_date":null,"addr:district":null,"entrance":null,"addr:country":null,"brand:wikipedia":null,"brand:wikidata":null,"brand":null,"wheelchair":null,"motor_vehicle":null,"locked":null,"horse":null,"foot":null,"bicycle":null,"access":null,"operator:type":null,"barrier":null,"grades":null,"wikipedia":null,"addr:housenumber":null,"smoking":null,"payment:credit_cards":null,"payment:cash":null,"operator":null,"opening_hours":null,"internet_access:fee":null,"internet_access":null,"healthcare:speciality":null,"description":null,"name:hi":null,"name:en":null,"website":null,"religion":null,"phone":null,"landuse":null,"email":null,"education":null,"addr:street":null,"addr:postcode":null,"wikidata":null,"addr:city":null,"name":"bal Niketan jr. High school"},"geometry":{"type":"Point","coordinates":[79.150698,29.1595168]}},
{"type":"Feature","properties":{"full_id":"n8136029470","osm_id":"8136029470","osm_type":"node","amenity":"school","check_date":null,"addr:district":null,"entrance":null,"addr:country":null,"brand:wikipedia":null,"brand:wikidata":null,"brand":null,"wheelchair":null,"motor_vehicle":null,"locked":null,"horse":null,"foot":null,"bicycle":null,"access":null,"operator:type":null,"barrier":null,"grades":null,"wikipedia":null,"addr:housenumber":null,"smoking":null,"payment:credit_cards":null,"payment:cash":null,"operator":null,"opening_hours":null,"internet_access:fee":null,"internet_access":null,"healthcare:speciality":null,"description":null,"name:hi":null,"name:en":null,"website":null,"religion":null,"phone":null,"landuse":null,"email":null,"education":null,"addr:street":null,"addr:postcode":null,"wikidata":null,"addr:city":null,"name":"govt primary scbook"},"geometry":{"type":"Point","coordinates":[79.153697,29.1516602]}},
{"type":"Feature","properties":{"full_id":"n8137045368","osm_id":"8137045368","osm_type":"node","amenity":"school","check_date":null,"addr:district":null,"entrance":null,"addr:country":null,"brand:wikipedia":null,"brand:wikidata":null,"brand":null,"wheelchair":null,"motor_vehicle":null,"locked":null,"horse":null,"foot":null,"bicycle":null,"access":null,"operator:type":null,"barrier":null,"grades":null,"wikipedia":null,"addr:housenumber":null,"smoking":null,"payment:credit_cards":null,"payment:cash":null,"operator":null,"opening_hours":null,"internet_access:fee":null,"internet_access":null,"healthcare:speciality":null,"description":null,"name:hi":null,"name:en":null,"website":null,"religion":null,"phone":null,"landuse":null,"email":null,"education":null,"addr:street":null,"addr:postcode":null,"wikidata":null,"addr:city":null,"name":"Modern public school"},"geometry":{"type":"Point","coordinates":[79.1547855,29.160831]}},
{"type":"Feature","properties":{"full_id":"n8330281453","osm_id":"8330281453","osm_type":"node","amenity":"school","check_date":null,"addr:district":null,"entrance":null,"addr:country":null,"brand:wikipedia":null,"brand:wikidata":null,"brand":null,"wheelchair":null,"motor_vehicle":null,"locked":null,"horse":null,"foot":null,"bicycle":null,"access":null,"operator:type":null,"barrier":null,"grades":null,"wikipedia":null,"addr:housenumber":null,"smoking":null,"payment:credit_cards":null,"payment:cash":null,"operator":null,"opening_hours":null,"internet_access:fee":null,"internet_access":null,"healthcare:speciality":null,"description":null,"name:hi":null,"name:en":null,"website":null,"religion":null,"phone":null,"landuse":null,"email":null,"education":null,"addr:street":"Cantt Road Near Salawala Road Hathibarkala, Salwala","addr:postcode":null,"wikidata":null,"addr:city":"Dehradun","name":"Kendriya Vidyalaya No.1"},"geometry":{"type":"Point","coordinates":[78.0559592,30.3429054]}},
{"type":"Feature","properties":{"full_id":"n8341038519","osm_id":"8341038519","osm_type":"node","amenity":"school","check_date":null,"addr:district":null,"entrance":null,"addr:country":null,"brand:wikipedia":null,"brand:wikidata":null,"brand":null,"wheelchair":null,"motor_vehicle":null,"locked":null,"horse":null,"foot":null,"bicycle":null,"access":null,"operator:type":null,"barrier":null,"grades":null,"wikipedia":null,"addr:housenumber":null,"smoking":null,"payment:credit_cards":null,"payment:cash":null,"operator":null,"opening_hours":null,"internet_access:fee":null,"internet_access":null,"healthcare:speciality":null,"description":null,"name:hi":null,"name:en":null,"website":null,"religion":null,"phone":null,"landuse":null,"email":null,"education":null,"addr:street":"Kaulagarh Rd, ONGC Colony North","addr:postcode":"248195","wikidata":null,"addr:city":"Dehradun","name":"K. V. ONGC School"},"geometry":{"type":"Point","coordinates":[78.0190093,30.3409389]}},
{"type":"Feature","properties":{"full_id":"n8344261787","osm_id":"8344261787","osm_type":"node","amenity":null,"check_date":null,"addr:district":null,"entrance":null,"addr:country":null,"brand:wikipedia":null,"brand:wikidata":null,"brand":null,"wheelchair":null,"motor_vehicle":null,"locked":null,"horse":null,"foot":null,"bicycle":null,"access":null,"operator:type":null,"barrier":"gate","grades":null,"wikipedia":null,"addr:housenumber":null,"smoking":null,"payment:credit_cards":null,"payment:cash":null,"operator":null,"opening_hours":null,"internet_access:fee":null,"internet_access":null,"healthcare:speciality":null,"description":null,"name:hi":null,"name:en":null,"website":null,"religion":null,"phone":null,"landuse":null,"email":null,"education":null,"addr:street":null,"addr:postcode":null,"wikidata":null,"addr:city":null,"name":"Chakrata Gate"},"geometry":{"type":"Point","coordinates":[78.0299102,30.3310349]}},
{"type":"Feature","properties":{"full_id":"n8344261788","osm_id":"8344261788","osm_type":"node","amenity":null,"check_date":null,"addr:district":null,"entrance":null,"addr:country":null,"brand:wikipedia":null,"brand:wikidata":null,"brand":null,"wheelchair":null,"motor_vehicle":null,"locked":null,"horse":null,"foot":null,"bicycle":null,"access":null,"operator:type":null,"barrier":"gate","grades":null,"wikipedia":null,"addr:housenumber":null,"smoking":null,"payment:credit_cards":null,"payment:cash":null,"operator":null,"opening_hours":null,"internet_access:fee":null,"internet_access":null,"healthcare:speciality":null,"description":null,"name:hi":null,"name:en":null,"website":null,"religion":null,"phone":null,"landuse":null,"email":null,"education":null,"addr:street":null,"addr:postcode":null,"wikidata":null,"addr:city":null,"name":null},"geometry":{"type":"Point","coordinates":[78.0327512,30.3373172]}},
{"type":"Feature","properties":{"full_id":"n8344261789","osm_id":"8344261789","osm_type":"node","amenity":null,"check_date":null,"addr:district":null,"entrance":null,"addr:country":null,"brand:wikipedia":null,"brand:wikidata":null,"brand":null,"wheelchair":null,"motor_vehicle":null,"locked":null,"horse":null,"foot":null,"bicycle":null,"access":null,"operator:type":null,"barrier":"gate","grades":null,"wikipedia":null,"addr:housenumber":null,"smoking":null,"payment:credit_cards":null,"payment:cash":null,"operator":null,"opening_hours":null,"internet_access:fee":null,"internet_access":null,"healthcare:speciality":null,"description":null,"name:hi":null,"name:en":null,"website":null,"religion":null,"phone":null,"landuse":null,"email":null,"education":null,"addr:street":null,"addr:postcode":null,"wikidata":null,"addr:city":null,"name":"Main Gate"},"geometry":{"type":"Point","coordinates":[78.033599,30.3350037]}},
{"type":"Feature","properties":{"full_id":"n8581805782","osm_id":"8581805782","osm_type":"node","amenity":"school","check_date":null,"addr:district":null,"entrance":null,"addr:country":null,"brand:wikipedia":null,"brand:wikidata":null,"brand":null,"wheelchair":null,"motor_vehicle":null,"locked":null,"horse":null,"foot":null,"bicycle":null,"access":null,"operator:type":null,"barrier":null,"grades":null,"wikipedia":null,"addr:housenumber":null,"smoking":null,"payment:credit_cards":null,"payment:cash":null,"operator":null,"opening_hours":null,"internet_access:fee":null,"internet_access":null,"healthcare:speciality":null,"description":null,"name:hi":null,"name:en":null,"website":null,"religion":null,"phone":null,"landuse":null,"email":null,"education":null,"addr:street":null,"addr:postcode":null,"wikidata":null,"addr:city":null,"name":"Primary school munshyari"},"geometry":{"type":"Point","coordinates":[80.2401697,30.0672602]}},
{"type":"Feature","properties":{"full_id":"n9171014675","osm_id":"9171014675","osm_type":"node","amenity":null,"check_date":null,"addr:district":null,"entrance":null,"addr:country":null,"brand:wikipedia":null,"brand:wikidata":null,"brand":null,"wheelchair":null,"motor_vehicle":null,"locked":null,"horse":null,"foot":null,"bicycle":null,"access":null,"operator:type":null,"barrier":"gate","grades":null,"wikipedia":null,"addr:housenumber":null,"smoking":null,"payment:credit_cards":null,"payment:cash":null,"operator":null,"opening_hours":null,"internet_access:fee":null,"internet_access":null,"healthcare:speciality":null,"description":null,"name:hi":null,"name:en":null,"website":null,"religion":null,"phone":null,"landuse":null,"email":null,"education":null,"addr:street":null,"addr:postcode":null,"wikidata":null,"addr:city":null,"name":null},"geometry":{"type":"Point","coordinates":[79.5050334,29.2014086]}},
{"type":"Feature","properties":{"full_id":"n9171014676","osm_id":"9171014676","osm_type":"node","amenity":null,"check_date":null,"addr:district":null,"entrance":null,"addr:country":null,"brand:wikipedia":null,"brand:wikidata":null,"brand":null,"wheelchair":null,"motor_vehicle":null,"locked":null,"horse":null,"foot":null,"bicycle":null,"access":null,"operator:type":null,"barrier":"gate","grades":null,"wikipedia":null,"addr:housenumber":null,"smoking":null,"payment:credit_cards":null,"payment:cash":null,"operator":null,"opening_hours":null,"internet_access:fee":null,"internet_access":null,"healthcare:speciality":null,"description":null,"name:hi":null,"name:en":null,"website":null,"religion":null,"phone":null,"landuse":null,"email":null,"education":null,"addr:street":null,"addr:postcode":null,"wikidata":null,"addr:city":null,"name":null},"geometry":{"type":"Point","coordinates":[79.504122,29.201324]}},
{"type":"Feature","properties":{"full_id":"n9175791308","osm_id":"9175791308","osm_type":"node","amenity":"school","check_date":null,"addr:district":null,"entrance":null,"addr:country":null,"brand:wikipedia":null,"brand:wikidata":null,"brand":null,"wheelchair":null,"motor_vehicle":null,"locked":null,"horse":null,"foot":null,"bicycle":null,"access":null,"operator:type":"government","barrier":null,"grades":null,"wikipedia":null,"addr:housenumber":null,"smoking":null,"payment:credit_cards":null,"payment:cash":null,"operator":"Government","opening_hours":null,"internet_access:fee":null,"internet_access":null,"healthcare:speciality":null,"description":null,"name:hi":null,"name:en":null,"website":null,"religion":null,"phone":null,"landuse":null,"email":null,"education":null,"addr:street":null,"addr:postcode":null,"wikidata":null,"addr:city":null,"name":"Primary School"},"geometry":{"type":"Point","coordinates":[78.0925719,30.3540543]}},
{"type":"Feature","properties":{"full_id":"n9232001885","osm_id":"9232001885","osm_type":"node","amenity":null,"check_date":null,"addr:district":null,"entrance":null,"addr:country":null,"brand:wikipedia":null,"brand:wikidata":null,"brand":null,"wheelchair":null,"motor_vehicle":null,"locked":null,"horse":null,"foot":null,"bicycle":null,"access":null,"operator:type":null,"barrier":"gate","grades":null,"wikipedia":null,"addr:housenumber":null,"smoking":null,"payment:credit_cards":null,"payment:cash":null,"operator":null,"opening_hours":null,"internet_access:fee":null,"internet_access":null,"healthcare:speciality":null,"description":null,"name:hi":null,"name:en":null,"website":null,"religion":null,"phone":null,"landuse":null,"email":null,"education":null,"addr:street":null,"addr:postcode":null,"wikidata":null,"addr:city":null,"name":null},"geometry":{"type":"Point","coordinates":[79.541616,29.2572379]}},
{"type":"Feature","properties":{"full_id":"n9232336092","osm_id":"9232336092","osm_type":"node","amenity":null,"check_date":null,"addr:district":null,"entrance":null,"addr:country":null,"brand:wikipedia":null,"brand:wikidata":null,"brand":null,"wheelchair":"yes","motor_vehicle":"yes","locked":"yes","horse":"yes","foot":"yes","bicycle":"yes","access":"private","operator:type":null,"barrier":"gate","grades":null,"wikipedia":null,"addr:housenumber":null,"smoking":null,"payment:credit_cards":null,"payment:cash":null,"operator":null,"opening_hours":null,"internet_access:fee":null,"internet_access":null,"healthcare:speciality":null,"description":null,"name:hi":null,"name:en":null,"website":null,"religion":null,"phone":null,"landuse":null,"email":null,"education":null,"addr:street":null,"addr:postcode":null,"wikidata":null,"addr:city":null,"name":null},"geometry":{"type":"Point","coordinates":[79.5396737,29.2573028]}},
{"type":"Feature","properties":{"full_id":"n9381729638","osm_id":"9381729638","osm_type":"node","amenity":"school","check_date":null,"addr:district":null,"entrance":null,"addr:country":null,"brand:wikipedia":null,"brand:wikidata":null,"brand":null,"wheelchair":null,"motor_vehicle":null,"locked":null,"horse":null,"foot":null,"bicycle":null,"access":null,"operator:type":null,"barrier":null,"grades":null,"wikipedia":null,"addr:housenumber":null,"smoking":null,"payment:credit_cards":null,"payment:cash":null,"operator":null,"opening_hours":null,"internet_access:fee":null,"internet_access":null,"healthcare:speciality":null,"description":null,"name:hi":null,"name:en":null,"website":null,"religion":null,"phone":null,"landuse":null,"email":null,"education":null,"addr:street":null,"addr:postcode":null,"wikidata":null,"addr:city":null,"name":"Le Grand International School"},"geometry":{"type":"Point","coordinates":[78.2048532,30.1851633]}},
{"type":"Feature","properties":{"full_id":"n9427502917","osm_id":"9427502917","osm_type":"node","amenity":"school","check_date":null,"addr:district":null,"entrance":null,"addr:country":null,"brand:wikipedia":null,"brand:wikidata":null,"brand":null,"wheelchair":null,"motor_vehicle":null,"locked":null,"horse":null,"foot":null,"bicycle":null,"access":null,"operator:type":null,"barrier":null,"grades":null,"wikipedia":null,"addr:housenumber":null,"smoking":null,"payment:credit_cards":null,"payment:cash":null,"operator":null,"opening_hours":null,"internet_access:fee":null,"internet_access":null,"healthcare:speciality":null,"description":null,"name:hi":null,"name:en":null,"website":"https://www.shikshankur.edu.in","religion":null,"phone":"+919997756666","landuse":null,"email":null,"education":null,"addr:street":"Near ISBT, Haridwar Bypass Road","addr:postcode":"248001","wikidata":null,"addr:city":"Dehradun","name":"Shikshankur The Global School"},"geometry":{"type":"Point","coordinates":[78.0043207,30.2877751]}},
{"type":"Feature","properties":{"full_id":"n9544097317","osm_id":"9544097317","osm_type":"node","amenity":"school","check_date":null,"addr:district":null,"entrance":null,"addr:country":null,"brand:wikipedia":null,"brand:wikidata":null,"brand":null,"wheelchair":null,"motor_vehicle":null,"locked":null,"horse":null,"foot":null,"bicycle":null,"access":null,"operator:type":null,"barrier":null,"grades":null,"wikipedia":null,"addr:housenumber":null,"smoking":null,"payment:credit_cards":null,"payment:cash":null,"operator":null,"opening_hours":"Sa-Th 08:00-17:00; Fr 08:00-16:30","internet_access:fee":null,"internet_access":null,"healthcare:speciality":null,"description":null,"name:hi":"केन्द्रीय विद्यालय OLF","name:en":"Kendriya Vidyalaya OLF","website":"https://dehradunolf.kvs.ac.in/","religion":null,"phone":"01352788742","landuse":null,"email":null,"education":null,"addr:street":"Garhwali Colony Rd, Dobhal Chowk, Near, Raipur, Dehradun, Uttarakhand 248008, India","addr:postcode":null,"wikidata":null,"addr:city":null,"name":"KV OLF"},"geometry":{"type":"Point","coordinates":[78.0856396,30.3004167]}},
{"type":"Feature","properties":{"full_id":"n9553494328","osm_id":"9553494328","osm_type":"node","amenity":"school","check_date":null,"addr:district":null,"entrance":null,"addr:country":null,"brand:wikipedia":null,"brand:wikidata":null,"brand":null,"wheelchair":null,"motor_vehicle":null,"locked":null,"horse":null,"foot":null,"bicycle":null,"access":null,"operator:type":null,"barrier":null,"grades":null,"wikipedia":null,"addr:housenumber":null,"smoking":null,"payment:credit_cards":null,"payment:cash":null,"operator":null,"opening_hours":null,"internet_access:fee":null,"internet_access":null,"healthcare:speciality":null,"description":null,"name:hi":null,"name:en":null,"website":null,"religion":null,"phone":"09927527412","landuse":null,"email":null,"education":null,"addr:street":null,"addr:postcode":null,"wikidata":null,"addr:city":null,"name":"TENDER AGE SCHOOL"},"geometry":{"type":"Point","coordinates":[79.526388,29.2092389]}},
{"type":"Feature","properties":{"full_id":"n9553494329","osm_id":"9553494329","osm_type":"node","amenity":"school","check_date":null,"addr:district":null,"entrance":null,"addr:country":null,"brand:wikipedia":null,"brand:wikidata":null,"brand":null,"wheelchair":null,"motor_vehicle":null,"locked":null,"horse":null,"foot":null,"bicycle":null,"access":null,"operator:type":null,"barrier":null,"grades":null,"wikipedia":null,"addr:housenumber":null,"smoking":null,"payment:credit_cards":null,"payment:cash":null,"operator":null,"opening_hours":null,"internet_access:fee":null,"internet_access":null,"healthcare:speciality":null,"description":null,"name:hi":null,"name:en":null,"website":null,"religion":null,"phone":null,"landuse":null,"email":null,"education":null,"addr:street":null,"addr:postcode":null,"wikidata":null,"addr:city":null,"name":"Little Angel School"},"geometry":{"type":"Point","coordinates":[79.5275123,29.210511]}},
{"type":"Feature","properties":{"full_id":"n9629376628","osm_id":"9629376628","osm_type":"node","amenity":"school","check_date":null,"addr:district":null,"entrance":null,"addr:country":null,"brand:wikipedia":"en:Kendriya Vidyalaya Sangathan","brand:wikidata":"Q1156653","brand":"Kendriya Vidyalaya","wheelchair":null,"motor_vehicle":null,"locked":null,"horse":null,"foot":null,"bicycle":null,"access":null,"operator:type":"government_non_profit","barrier":null,"grades":null,"wikipedia":null,"addr:housenumber":null,"smoking":null,"payment:credit_cards":null,"payment:cash":null,"operator":null,"opening_hours":null,"internet_access:fee":null,"internet_access":null,"healthcare:speciality":null,"description":null,"name:hi":null,"name:en":null,"website":null,"religion":null,"phone":null,"landuse":null,"email":null,"education":null,"addr:street":null,"addr:postcode":null,"wikidata":null,"addr:city":null,"name":"Kendriya Vidyalaya Haldwani Cantt"},"geometry":{"type":"Point","coordinates":[79.5417714,29.2392113]}},
{"type":"Feature","properties":{"full_id":"n9657803276","osm_id":"9657803276","osm_type":"node","amenity":"school","check_date":null,"addr:district":null,"entrance":null,"addr:country":null,"brand:wikipedia":null,"brand:wikidata":null,"brand":null,"wheelchair":null,"motor_vehicle":null,"locked":null,"horse":null,"foot":null,"bicycle":null,"access":null,"operator:type":null,"barrier":null,"grades":null,"wikipedia":null,"addr:housenumber":null,"smoking":null,"payment:credit_cards":null,"payment:cash":null,"operator":null,"opening_hours":null,"internet_access:fee":null,"internet_access":null,"healthcare:speciality":null,"description":null,"name:hi":null,"name:en":null,"website":null,"religion":null,"phone":null,"landuse":null,"email":null,"education":null,"addr:street":null,"addr:postcode":null,"wikidata":null,"addr:city":"Nainital","name":"Government Girls Inter College, Nainital"},"geometry":{"type":"Point","coordinates":[79.4638133,29.37419]}},
{"type":"Feature","properties":{"full_id":"n9657803277","osm_id":"9657803277","osm_type":"node","amenity":"school","check_date":null,"addr:district":null,"entrance":null,"addr:country":null,"brand:wikipedia":null,"brand:wikidata":null,"brand":null,"wheelchair":null,"motor_vehicle":null,"locked":null,"horse":null,"foot":null,"bicycle":null,"access":null,"operator:type":null,"barrier":null,"grades":null,"wikipedia":null,"addr:housenumber":null,"smoking":null,"payment:credit_cards":null,"payment:cash":null,"operator":null,"opening_hours":null,"internet_access:fee":null,"internet_access":null,"healthcare:speciality":null,"description":null,"name:hi":null,"name:en":null,"website":null,"religion":null,"phone":null,"landuse":null,"email":null,"education":null,"addr:street":null,"addr:postcode":null,"wikidata":null,"addr:city":"Nainital","name":"Shahid Major Rajesh Government Inter Collage, Nainital"},"geometry":{"type":"Point","coordinates":[79.4646173,29.3741883]}},
{"type":"Feature","properties":{"full_id":"n9667649533","osm_id":"9667649533","osm_type":"node","amenity":null,"check_date":null,"addr:district":null,"entrance":null,"addr:country":null,"brand:wikipedia":null,"brand:wikidata":null,"brand":null,"wheelchair":null,"motor_vehicle":null,"locked":null,"horse":null,"foot":null,"bicycle":null,"access":null,"operator:type":null,"barrier":"gate","grades":null,"wikipedia":null,"addr:housenumber":null,"smoking":null,"payment:credit_cards":null,"payment:cash":null,"operator":null,"opening_hours":null,"internet_access:fee":null,"internet_access":null,"healthcare:speciality":null,"description":null,"name:hi":null,"name:en":null,"website":null,"religion":null,"phone":null,"landuse":null,"email":null,"education":null,"addr:street":null,"addr:postcode":null,"wikidata":null,"addr:city":null,"name":null},"geometry":{"type":"Point","coordinates":[79.4545924,29.2138248]}},
{"type":"Feature","properties":{"full_id":"n9740615078","osm_id":"9740615078","osm_type":"node","amenity":null,"check_date":null,"addr:district":null,"entrance":null,"addr:country":null,"brand:wikipedia":null,"brand:wikidata":null,"brand":null,"wheelchair":null,"motor_vehicle":null,"locked":null,"horse":null,"foot":null,"bicycle":null,"access":null,"operator:type":null,"barrier":"gate","grades":null,"wikipedia":null,"addr:housenumber":null,"smoking":null,"payment:credit_cards":null,"payment:cash":null,"operator":null,"opening_hours":null,"internet_access:fee":null,"internet_access":null,"healthcare:speciality":null,"description":null,"name:hi":null,"name:en":null,"website":null,"religion":null,"phone":null,"landuse":null,"email":null,"education":null,"addr:street":null,"addr:postcode":null,"wikidata":null,"addr:city":null,"name":null},"geometry":{"type":"Point","coordinates":[79.4966419,29.1887243]}},
{"type":"Feature","properties":{"full_id":"n9740615079","osm_id":"9740615079","osm_type":"node","amenity":null,"check_date":null,"addr:district":null,"entrance":null,"addr:country":null,"brand:wikipedia":null,"brand:wikidata":null,"brand":null,"wheelchair":null,"motor_vehicle":null,"locked":null,"horse":null,"foot":null,"bicycle":null,"access":null,"operator:type":null,"barrier":"gate","grades":null,"wikipedia":null,"addr:housenumber":null,"smoking":null,"payment:credit_cards":null,"payment:cash":null,"operator":null,"opening_hours":null,"internet_access:fee":null,"internet_access":null,"healthcare:speciality":null,"description":null,"name:hi":null,"name:en":null,"website":null,"religion":null,"phone":null,"landuse":null,"email":null,"education":null,"addr:street":null,"addr:postcode":null,"wikidata":null,"addr:city":null,"name":null},"geometry":{"type":"Point","coordinates":[79.4968014,29.1889088]}},
{"type":"Feature","properties":{"full_id":"n9821475563","osm_id":"9821475563","osm_type":"node","amenity":null,"check_date":null,"addr:district":null,"entrance":null,"addr:country":null,"brand:wikipedia":null,"brand:wikidata":null,"brand":null,"wheelchair":null,"motor_vehicle":null,"locked":null,"horse":null,"foot":null,"bicycle":null,"access":null,"operator:type":null,"barrier":"gate","grades":null,"wikipedia":null,"addr:housenumber":null,"smoking":null,"payment:credit_cards":null,"payment:cash":null,"operator":null,"opening_hours":null,"internet_access:fee":null,"internet_access":null,"healthcare:speciality":null,"description":null,"name:hi":null,"name:en":null,"website":null,"religion":null,"phone":null,"landuse":null,"email":null,"education":null,"addr:street":null,"addr:postcode":null,"wikidata":null,"addr:city":null,"name":null},"geometry":{"type":"Point","coordinates":[79.4957004,29.2265004]}},
{"type":"Feature","properties":{"full_id":"n9849512299","osm_id":"9849512299","osm_type":"node","amenity":"school","check_date":null,"addr:district":null,"entrance":null,"addr:country":"IN","brand:wikipedia":null,"brand:wikidata":null,"brand":null,"wheelchair":null,"motor_vehicle":null,"locked":null,"horse":null,"foot":null,"bicycle":null,"access":null,"operator:type":null,"barrier":null,"grades":null,"wikipedia":null,"addr:housenumber":"43","smoking":null,"payment:credit_cards":null,"payment:cash":null,"operator":null,"opening_hours":null,"internet_access:fee":null,"internet_access":null,"healthcare:speciality":null,"description":"Yoga Teacher Training in Rishikesh, Yoga Teacher Training India","name:hi":null,"name:en":null,"website":null,"religion":"hindu","phone":null,"landuse":"religious","email":null,"education":"yoga","addr:street":"Upper Tapovan, Baba Balaknath","addr:postcode":null,"wikidata":null,"addr:city":"Rishikesh","name":"AYM Yoga School"},"geometry":{"type":"Point","coordinates":[78.3199897,30.1324126]}},
{"type":"Feature","properties":{"full_id":"n9860227117","osm_id":"9860227117","osm_type":"node","amenity":"school","check_date":null,"addr:district":null,"entrance":null,"addr:country":null,"brand:wikipedia":null,"brand:wikidata":null,"brand":null,"wheelchair":null,"motor_vehicle":null,"locked":null,"horse":null,"foot":null,"bicycle":null,"access":null,"operator:type":null,"barrier":null,"grades":null,"wikipedia":null,"addr:housenumber":null,"smoking":null,"payment:credit_cards":null,"payment:cash":null,"operator":null,"opening_hours":null,"internet_access:fee":null,"internet_access":null,"healthcare:speciality":null,"description":null,"name:hi":null,"name:en":null,"website":null,"religion":null,"phone":null,"landuse":null,"email":null,"education":null,"addr:street":null,"addr:postcode":null,"wikidata":null,"addr:city":null,"name":"World Peace Yoga School"},"geometry":{"type":"Point","coordinates":[78.3265017,30.122271]}},
{"type":"Feature","properties":{"full_id":"n9868185417","osm_id":"9868185417","osm_type":"node","amenity":"school","check_date":null,"addr:district":null,"entrance":null,"addr:country":null,"brand:wikipedia":null,"brand:wikidata":null,"brand":null,"wheelchair":null,"motor_vehicle":null,"locked":null,"horse":null,"foot":null,"bicycle":null,"access":null,"operator:type":null,"barrier":null,"grades":null,"wikipedia":null,"addr:housenumber":null,"smoking":null,"payment:credit_cards":null,"payment:cash":null,"operator":null,"opening_hours":null,"internet_access:fee":null,"internet_access":null,"healthcare:speciality":null,"description":null,"name:hi":null,"name:en":null,"website":"https://www.theasianschool.net/","religion":null,"phone":null,"landuse":null,"email":null,"education":null,"addr:street":"Vasant Vihar","addr:postcode":"248006","wikidata":null,"addr:city":"Dehradun","name":"The Asian School"},"geometry":{"type":"Point","coordinates":[78.0061723,30.3223665]}},
{"type":"Feature","properties":{"full_id":"n9961751230","osm_id":"9961751230","osm_type":"node","amenity":null,"check_date":null,"addr:district":null,"entrance":null,"addr:country":null,"brand:wikipedia":null,"brand:wikidata":null,"brand":null,"wheelchair":null,"motor_vehicle":null,"locked":null,"horse":null,"foot":null,"bicycle":null,"access":null,"operator:type":null,"barrier":"gate","grades":null,"wikipedia":null,"addr:housenumber":null,"smoking":null,"payment:credit_cards":null,"payment:cash":null,"operator":null,"opening_hours":null,"internet_access:fee":null,"internet_access":null,"healthcare:speciality":null,"description":null,"name:hi":null,"name:en":null,"website":null,"religion":null,"phone":null,"landuse":null,"email":null,"education":null,"addr:street":null,"addr:postcode":null,"wikidata":null,"addr:city":null,"name":null},"geometry":{"type":"Point","coordinates":[79.4881088,29.1712222]}},
{"type":"Feature","properties":{"full_id":"n9994904247","osm_id":"9994904247","osm_type":"node","amenity":null,"check_date":null,"addr:district":null,"entrance":null,"addr:country":null,"brand:wikipedia":null,"brand:wikidata":null,"brand":null,"wheelchair":null,"motor_vehicle":null,"locked":null,"horse":null,"foot":null,"bicycle":null,"access":null,"operator:type":null,"barrier":"gate","grades":null,"wikipedia":null,"addr:housenumber":null,"smoking":null,"payment:credit_cards":null,"payment:cash":null,"operator":null,"opening_hours":null,"internet_access:fee":null,"internet_access":null,"healthcare:speciality":null,"description":null,"name:hi":null,"name:en":null,"website":null,"religion":null,"phone":null,"landuse":null,"email":null,"education":null,"addr:street":null,"addr:postcode":null,"wikidata":null,"addr:city":null,"name":null},"geometry":{"type":"Point","coordinates":[79.5032771,29.1942548]}},
{"type":"Feature","properties":{"full_id":"n9994904248","osm_id":"9994904248","osm_type":"node","amenity":null,"check_date":null,"addr:district":null,"entrance":null,"addr:country":null,"brand:wikipedia":null,"brand:wikidata":null,"brand":null,"wheelchair":null,"motor_vehicle":null,"locked":null,"horse":null,"foot":null,"bicycle":null,"access":null,"operator:type":null,"barrier":"gate","grades":null,"wikipedia":null,"addr:housenumber":null,"smoking":null,"payment:credit_cards":null,"payment:cash":null,"operator":null,"opening_hours":null,"internet_access:fee":null,"internet_access":null,"healthcare:speciality":null,"description":null,"name:hi":null,"name:en":null,"website":null,"religion":null,"phone":null,"landuse":null,"email":null,"education":null,"addr:street":null,"addr:postcode":null,"wikidata":null,"addr:city":null,"name":null},"geometry":{"type":"Point","coordinates":[79.5030661,29.1942626]}},
{"type":"Feature","properties":{"full_id":"n10206660028","osm_id":"10206660028","osm_type":"node","amenity":"school","check_date":null,"addr:district":null,"entrance":null,"addr:country":null,"brand:wikipedia":null,"brand:wikidata":null,"brand":null,"wheelchair":null,"motor_vehicle":null,"locked":null,"horse":null,"foot":null,"bicycle":null,"access":null,"operator:type":null,"barrier":null,"grades":null,"wikipedia":null,"addr:housenumber":null,"smoking":null,"payment:credit_cards":null,"payment:cash":null,"operator":null,"opening_hours":null,"internet_access:fee":null,"internet_access":null,"healthcare:speciality":null,"description":null,"name:hi":null,"name:en":null,"website":null,"religion":null,"phone":null,"landuse":null,"email":null,"education":null,"addr:street":null,"addr:postcode":null,"wikidata":null,"addr:city":null,"name":"Woodbridge School"},"geometry":{"type":"Point","coordinates":[79.5265682,29.374611]}},
{"type":"Feature","properties":{"full_id":"n10206692195","osm_id":"10206692195","osm_type":"node","amenity":null,"check_date":null,"addr:district":null,"entrance":null,"addr:country":null,"brand:wikipedia":null,"brand:wikidata":null,"brand":null,"wheelchair":null,"motor_vehicle":null,"locked":null,"horse":null,"foot":null,"bicycle":null,"access":null,"operator:type":null,"barrier":"gate","grades":null,"wikipedia":null,"addr:housenumber":null,"smoking":null,"payment:credit_cards":null,"payment:cash":null,"operator":null,"opening_hours":null,"internet_access:fee":null,"internet_access":null,"healthcare:speciality":null,"description":null,"name:hi":null,"name:en":null,"website":null,"religion":null,"phone":null,"landuse":null,"email":null,"education":null,"addr:street":null,"addr:postcode":null,"wikidata":null,"addr:city":null,"name":null},"geometry":{"type":"Point","coordinates":[79.545025,29.3793023]}},
{"type":"Feature","properties":{"full_id":"n10302061252","osm_id":"10302061252","osm_type":"node","amenity":"school","check_date":null,"addr:district":null,"entrance":null,"addr:country":null,"brand:wikipedia":null,"brand:wikidata":null,"brand":null,"wheelchair":null,"motor_vehicle":null,"locked":null,"horse":null,"foot":null,"bicycle":null,"access":null,"operator:type":null,"barrier":null,"grades":null,"wikipedia":null,"addr:housenumber":null,"smoking":null,"payment:credit_cards":null,"payment:cash":null,"operator":null,"opening_hours":null,"internet_access:fee":null,"internet_access":null,"healthcare:speciality":null,"description":null,"name:hi":null,"name:en":null,"website":null,"religion":"hindu","phone":null,"landuse":"religious","email":null,"education":"yoga","addr:street":null,"addr:postcode":null,"wikidata":null,"addr:city":null,"name":"Yoga Essence"},"geometry":{"type":"Point","coordinates":[78.3263598,30.1305083]}},
{"type":"Feature","properties":{"full_id":"n10708656301","osm_id":"10708656301","osm_type":"node","amenity":"school","check_date":null,"addr:district":null,"entrance":null,"addr:country":null,"brand:wikipedia":null,"brand:wikidata":null,"brand":null,"wheelchair":null,"motor_vehicle":null,"locked":null,"horse":null,"foot":null,"bicycle":null,"access":null,"operator:type":"public","barrier":null,"grades":null,"wikipedia":null,"addr:housenumber":null,"smoking":null,"payment:credit_cards":null,"payment:cash":null,"operator":"Indian Army","opening_hours":null,"internet_access:fee":null,"internet_access":null,"healthcare:speciality":null,"description":null,"name:hi":null,"name:en":null,"website":null,"religion":null,"phone":null,"landuse":null,"email":null,"education":null,"addr:street":null,"addr:postcode":null,"wikidata":null,"addr:city":null,"name":"Army Public School"},"geometry":{"type":"Point","coordinates":[78.6797583,29.8437999]}},
{"type":"Feature","properties":{"full_id":"n10709310640","osm_id":"10709310640","osm_type":"node","amenity":"school","check_date":null,"addr:district":null,"entrance":null,"addr:country":null,"brand:wikipedia":null,"brand:wikidata":null,"brand":null,"wheelchair":null,"motor_vehicle":null,"locked":null,"horse":null,"foot":null,"bicycle":null,"access":null,"operator:type":null,"barrier":null,"grades":null,"wikipedia":null,"addr:housenumber":null,"smoking":null,"payment:credit_cards":null,"payment:cash":null,"operator":null,"opening_hours":null,"internet_access:fee":null,"internet_access":null,"healthcare:speciality":null,"description":null,"name:hi":null,"name:en":null,"website":null,"religion":null,"phone":null,"landuse":null,"email":null,"education":null,"addr:street":null,"addr:postcode":null,"wikidata":null,"addr:city":null,"name":"APS Boys Hostel"},"geometry":{"type":"Point","coordinates":[78.6738488,29.8491126]}},
{"type":"Feature","properties":{"full_id":"n10709310643","osm_id":"10709310643","osm_type":"node","amenity":"school","check_date":null,"addr:district":null,"entrance":null,"addr:country":null,"brand:wikipedia":null,"brand:wikidata":null,"brand":"Kendriya Vidyalaya","wheelchair":null,"motor_vehicle":null,"locked":null,"horse":null,"foot":null,"bicycle":null,"access":null,"operator:type":"government_non_profit","barrier":null,"grades":null,"wikipedia":null,"addr:housenumber":null,"smoking":null,"payment:credit_cards":null,"payment:cash":null,"operator":null,"opening_hours":null,"internet_access:fee":null,"internet_access":null,"healthcare:speciality":null,"description":null,"name:hi":null,"name:en":null,"website":null,"religion":null,"phone":null,"landuse":null,"email":null,"education":null,"addr:street":null,"addr:postcode":null,"wikidata":null,"addr:city":null,"name":"Kendriya Vidyalaya"},"geometry":{"type":"Point","coordinates":[78.6721962,29.8466272]}},
{"type":"Feature","properties":{"full_id":"n10958926231","osm_id":"10958926231","osm_type":"node","amenity":"school","check_date":null,"addr:district":null,"entrance":null,"addr:country":null,"brand:wikipedia":null,"brand:wikidata":null,"brand":null,"wheelchair":null,"motor_vehicle":null,"locked":null,"horse":null,"foot":null,"bicycle":null,"access":null,"operator:type":null,"barrier":null,"grades":null,"wikipedia":null,"addr:housenumber":"RQ8G+R3H, Bilonasera","smoking":null,"payment:credit_cards":null,"payment:cash":null,"operator":null,"opening_hours":null,"internet_access:fee":null,"internet_access":null,"healthcare:speciality":null,"description":null,"name:hi":null,"name:en":null,"website":null,"religion":null,"phone":null,"landuse":null,"email":null,"education":null,"addr:street":null,"addr:postcode":"263642","wikidata":null,"addr:city":"bageshwar,uttarakhand","name":"MVM bageshwar"},"geometry":{"type":"Point","coordinates":[79.7754461,29.8173555]}},
{"type":"Feature","properties":{"full_id":"n11033681529","osm_id":"11033681529","osm_type":"node","amenity":null,"check_date":null,"addr:district":null,"entrance":"yes","addr:country":null,"brand:wikipedia":null,"brand:wikidata":null,"brand":null,"wheelchair":null,"motor_vehicle":null,"locked":null,"horse":null,"foot":null,"bicycle":null,"access":null,"operator:type":null,"barrier":null,"grades":null,"wikipedia":null,"addr:housenumber":null,"smoking":null,"payment:credit_cards":null,"payment:cash":null,"operator":null,"opening_hours":null,"internet_access:fee":null,"internet_access":null,"healthcare:speciality":null,"description":null,"name:hi":null,"name:en":null,"website":null,"religion":null,"phone":null,"landuse":null,"email":null,"education":null,"addr:street":null,"addr:postcode":null,"wikidata":null,"addr:city":null,"name":null},"geometry":{"type":"Point","coordinates":[78.0531803,29.9743164]}},
{"type":"Feature","properties":{"full_id":"n11035173215","osm_id":"11035173215","osm_type":"node","amenity":null,"check_date":null,"addr:district":null,"entrance":"main","addr:country":null,"brand:wikipedia":null,"brand:wikidata":null,"brand":null,"wheelchair":null,"motor_vehicle":null,"locked":null,"horse":null,"foot":null,"bicycle":null,"access":null,"operator:type":null,"barrier":null,"grades":null,"wikipedia":null,"addr:housenumber":null,"smoking":null,"payment:credit_cards":null,"payment:cash":null,"operator":null,"opening_hours":null,"internet_access:fee":null,"internet_access":null,"healthcare:speciality":null,"description":null,"name:hi":null,"name:en":null,"website":null,"religion":null,"phone":null,"landuse":null,"email":null,"education":null,"addr:street":null,"addr:postcode":null,"wikidata":null,"addr:city":null,"name":null},"geometry":{"type":"Point","coordinates":[78.0534544,29.97494]}},
{"type":"Feature","properties":{"full_id":"n11056236045","osm_id":"11056236045","osm_type":"node","amenity":"school","check_date":null,"addr:district":null,"entrance":null,"addr:country":null,"brand:wikipedia":null,"brand:wikidata":null,"brand":null,"wheelchair":null,"motor_vehicle":null,"locked":null,"horse":null,"foot":null,"bicycle":null,"access":null,"operator:type":null,"barrier":null,"grades":null,"wikipedia":null,"addr:housenumber":null,"smoking":null,"payment:credit_cards":null,"payment:cash":null,"operator":null,"opening_hours":null,"internet_access:fee":null,"internet_access":null,"healthcare:speciality":null,"description":null,"name:hi":null,"name:en":null,"website":null,"religion":null,"phone":null,"landuse":null,"email":null,"education":null,"addr:street":null,"addr:postcode":null,"wikidata":null,"addr:city":null,"name":"Government Primary School, Bhorsa"},"geometry":{"type":"Point","coordinates":[79.6099668,29.2814783]}},
{"type":"Feature","properties":{"full_id":"n11056318528","osm_id":"11056318528","osm_type":"node","amenity":null,"check_date":null,"addr:district":null,"entrance":null,"addr:country":null,"brand:wikipedia":null,"brand:wikidata":null,"brand":null,"wheelchair":null,"motor_vehicle":null,"locked":null,"horse":null,"foot":null,"bicycle":null,"access":null,"operator:type":null,"barrier":"gate","grades":null,"wikipedia":null,"addr:housenumber":null,"smoking":null,"payment:credit_cards":null,"payment:cash":null,"operator":null,"opening_hours":null,"internet_access:fee":null,"internet_access":null,"healthcare:speciality":null,"description":null,"name:hi":null,"name:en":null,"website":null,"religion":null,"phone":null,"landuse":null,"email":null,"education":null,"addr:street":null,"addr:postcode":null,"wikidata":null,"addr:city":null,"name":null},"geometry":{"type":"Point","coordinates":[79.5369209,29.3821155]}},
{"type":"Feature","properties":{"full_id":"n11064423266","osm_id":"11064423266","osm_type":"node","amenity":null,"check_date":null,"addr:district":null,"entrance":"main","addr:country":null,"brand:wikipedia":null,"brand:wikidata":null,"brand":null,"wheelchair":null,"motor_vehicle":null,"locked":null,"horse":null,"foot":null,"bicycle":null,"access":null,"operator:type":null,"barrier":null,"grades":null,"wikipedia":null,"addr:housenumber":null,"smoking":null,"payment:credit_cards":null,"payment:cash":null,"operator":null,"opening_hours":null,"internet_access:fee":null,"internet_access":null,"healthcare:speciality":null,"description":null,"name:hi":null,"name:en":null,"website":null,"religion":null,"phone":null,"landuse":null,"email":null,"education":null,"addr:street":null,"addr:postcode":null,"wikidata":null,"addr:city":null,"name":null},"geometry":{"type":"Point","coordinates":[79.3928186,28.9806197]}},
{"type":"Feature","properties":{"full_id":"n11064423268","osm_id":"11064423268","osm_type":"node","amenity":null,"check_date":null,"addr:district":null,"entrance":"main","addr:country":null,"brand:wikipedia":null,"brand:wikidata":null,"brand":null,"wheelchair":null,"motor_vehicle":null,"locked":null,"horse":null,"foot":null,"bicycle":null,"access":null,"operator:type":null,"barrier":null,"grades":null,"wikipedia":null,"addr:housenumber":null,"smoking":null,"payment:credit_cards":null,"payment:cash":null,"operator":null,"opening_hours":null,"internet_access:fee":null,"internet_access":null,"healthcare:speciality":null,"description":null,"name:hi":null,"name:en":null,"website":null,"religion":null,"phone":null,"landuse":null,"email":null,"education":null,"addr:street":null,"addr:postcode":null,"wikidata":null,"addr:city":null,"name":null},"geometry":{"type":"Point","coordinates":[79.3968527,28.9797818]}},
{"type":"Feature","properties":{"full_id":"n11226361887","osm_id":"11226361887","osm_type":"node","amenity":"school","check_date":null,"addr:district":null,"entrance":null,"addr:country":null,"brand:wikipedia":null,"brand:wikidata":null,"brand":null,"wheelchair":null,"motor_vehicle":null,"locked":null,"horse":null,"foot":null,"bicycle":null,"access":null,"operator:type":null,"barrier":null,"grades":null,"wikipedia":null,"addr:housenumber":null,"smoking":null,"payment:credit_cards":null,"payment:cash":null,"operator":null,"opening_hours":null,"internet_access:fee":null,"internet_access":null,"healthcare:speciality":null,"description":null,"name:hi":null,"name:en":null,"website":null,"religion":null,"phone":null,"landuse":null,"email":null,"education":null,"addr:street":null,"addr:postcode":null,"wikidata":null,"addr:city":null,"name":"Saraswati Vidya Mandir"},"geometry":{"type":"Point","coordinates":[77.9335153,30.3774885]}},
{"type":"Feature","properties":{"full_id":"n11349070253","osm_id":"11349070253","osm_type":"node","amenity":"school","check_date":null,"addr:district":null,"entrance":null,"addr:country":null,"brand:wikipedia":null,"brand:wikidata":null,"brand":null,"wheelchair":null,"motor_vehicle":null,"locked":null,"horse":null,"foot":null,"bicycle":null,"access":null,"operator:type":null,"barrier":null,"grades":null,"wikipedia":null,"addr:housenumber":null,"smoking":null,"payment:credit_cards":null,"payment:cash":null,"operator":null,"opening_hours":null,"internet_access:fee":null,"internet_access":null,"healthcare:speciality":null,"description":null,"name:hi":null,"name:en":null,"website":null,"religion":null,"phone":null,"landuse":null,"email":null,"education":null,"addr:street":null,"addr:postcode":null,"wikidata":null,"addr:city":null,"name":"Tibetian Children's Village School, Selakui"},"geometry":{"type":"Point","coordinates":[77.8846835,30.3432096]}},
{"type":"Feature","properties":{"full_id":"n11360280841","osm_id":"11360280841","osm_type":"node","amenity":"school","check_date":null,"addr:district":null,"entrance":null,"addr:country":null,"brand:wikipedia":null,"brand:wikidata":null,"brand":null,"wheelchair":null,"motor_vehicle":null,"locked":null,"horse":null,"foot":null,"bicycle":null,"access":null,"operator:type":null,"barrier":null,"grades":null,"wikipedia":null,"addr:housenumber":null,"smoking":null,"payment:credit_cards":null,"payment:cash":null,"operator":null,"opening_hours":null,"internet_access:fee":null,"internet_access":null,"healthcare:speciality":null,"description":null,"name:hi":null,"name:en":null,"website":null,"religion":null,"phone":null,"landuse":null,"email":null,"education":null,"addr:street":null,"addr:postcode":null,"wikidata":null,"addr:city":null,"name":"LSNV Public School"},"geometry":{"type":"Point","coordinates":[79.4890302,29.1699439]}},
{"type":"Feature","properties":{"full_id":"n11360326538","osm_id":"11360326538","osm_type":"node","amenity":"school","check_date":null,"addr:district":null,"entrance":null,"addr:country":null,"brand:wikipedia":null,"brand:wikidata":null,"brand":null,"wheelchair":null,"motor_vehicle":null,"locked":null,"horse":null,"foot":null,"bicycle":null,"access":null,"operator:type":null,"barrier":null,"grades":null,"wikipedia":null,"addr:housenumber":null,"smoking":null,"payment:credit_cards":null,"payment:cash":null,"operator":null,"opening_hours":null,"internet_access:fee":null,"internet_access":null,"healthcare:speciality":null,"description":null,"name:hi":null,"name:en":null,"website":null,"religion":null,"phone":null,"landuse":null,"email":null,"education":null,"addr:street":null,"addr:postcode":null,"wikidata":null,"addr:city":null,"name":"Government Primary School, Samtayog Ashram"},"geometry":{"type":"Point","coordinates":[79.5238405,29.2085035]}},
{"type":"Feature","properties":{"full_id":"n11360326539","osm_id":"11360326539","osm_type":"node","amenity":"school","check_date":null,"addr:district":null,"entrance":null,"addr:country":null,"brand:wikipedia":null,"brand:wikidata":null,"brand":null,"wheelchair":null,"motor_vehicle":null,"locked":null,"horse":null,"foot":null,"bicycle":null,"access":null,"operator:type":null,"barrier":null,"grades":null,"wikipedia":null,"addr:housenumber":null,"smoking":null,"payment:credit_cards":null,"payment:cash":null,"operator":null,"opening_hours":null,"internet_access:fee":null,"internet_access":null,"healthcare:speciality":null,"description":null,"name:hi":null,"name:en":null,"website":null,"religion":null,"phone":null,"landuse":null,"email":null,"education":null,"addr:street":null,"addr:postcode":null,"wikidata":null,"addr:city":null,"name":"Government Primary School, Bareilly Road"},"geometry":{"type":"Point","coordinates":[79.5291472,29.2096482]}},
{"type":"Feature","properties":{"full_id":"n11360326556","osm_id":"11360326556","osm_type":"node","amenity":"school","check_date":null,"addr:district":null,"entrance":null,"addr:country":null,"brand:wikipedia":null,"brand:wikidata":null,"brand":null,"wheelchair":null,"motor_vehicle":null,"locked":null,"horse":null,"foot":null,"bicycle":null,"access":null,"operator:type":null,"barrier":null,"grades":null,"wikipedia":null,"addr:housenumber":null,"smoking":null,"payment:credit_cards":null,"payment:cash":null,"operator":null,"opening_hours":null,"internet_access:fee":null,"internet_access":null,"healthcare:speciality":null,"description":null,"name:hi":null,"name:en":null,"website":null,"religion":null,"phone":null,"landuse":null,"email":null,"education":null,"addr:street":null,"addr:postcode":null,"wikidata":null,"addr:city":null,"name":"SM Public School"},"geometry":{"type":"Point","coordinates":[79.5325565,29.2024828]}},
{"type":"Feature","properties":{"full_id":"n11360326567","osm_id":"11360326567","osm_type":"node","amenity":"school","check_date":null,"addr:district":null,"entrance":null,"addr:country":null,"brand:wikipedia":null,"brand:wikidata":null,"brand":null,"wheelchair":null,"motor_vehicle":null,"locked":null,"horse":null,"foot":null,"bicycle":null,"access":null,"operator:type":null,"barrier":null,"grades":null,"wikipedia":null,"addr:housenumber":null,"smoking":null,"payment:credit_cards":null,"payment:cash":null,"operator":null,"opening_hours":null,"internet_access:fee":null,"internet_access":null,"healthcare:speciality":null,"description":null,"name:hi":null,"name:en":null,"website":null,"religion":null,"phone":null,"landuse":null,"email":null,"education":null,"addr:street":null,"addr:postcode":null,"wikidata":null,"addr:city":null,"name":"New Oxford School"},"geometry":{"type":"Point","coordinates":[79.5280869,29.1957103]}},
{"type":"Feature","properties":{"full_id":"n11360326568","osm_id":"11360326568","osm_type":"node","amenity":"school","check_date":null,"addr:district":null,"entrance":null,"addr:country":null,"brand:wikipedia":null,"brand:wikidata":null,"brand":null,"wheelchair":null,"motor_vehicle":null,"locked":null,"horse":null,"foot":null,"bicycle":null,"access":null,"operator:type":null,"barrier":null,"grades":null,"wikipedia":null,"addr:housenumber":null,"smoking":null,"payment:credit_cards":null,"payment:cash":null,"operator":null,"opening_hours":null,"internet_access:fee":null,"internet_access":null,"healthcare:speciality":null,"description":null,"name:hi":null,"name:en":null,"website":null,"religion":null,"phone":null,"landuse":null,"email":null,"education":null,"addr:street":null,"addr:postcode":null,"wikidata":null,"addr:city":null,"name":"Dream International School"},"geometry":{"type":"Point","coordinates":[79.5288477,29.1942389]}},
{"type":"Feature","properties":{"full_id":"n11360334773","osm_id":"11360334773","osm_type":"node","amenity":"school","check_date":null,"addr:district":null,"entrance":null,"addr:country":null,"brand:wikipedia":null,"brand:wikidata":null,"brand":null,"wheelchair":null,"motor_vehicle":null,"locked":null,"horse":null,"foot":null,"bicycle":null,"access":null,"operator:type":null,"barrier":null,"grades":null,"wikipedia":null,"addr:housenumber":null,"smoking":null,"payment:credit_cards":null,"payment:cash":null,"operator":null,"opening_hours":null,"internet_access:fee":null,"internet_access":null,"healthcare:speciality":null,"description":null,"name:hi":null,"name:en":null,"website":null,"religion":null,"phone":null,"landuse":null,"email":null,"education":null,"addr:street":null,"addr:postcode":null,"wikidata":null,"addr:city":null,"name":"Spring Field Public School"},"geometry":{"type":"Point","coordinates":[79.5337737,29.212729]}},
{"type":"Feature","properties":{"full_id":"n11360364207","osm_id":"11360364207","osm_type":"node","amenity":"school","check_date":null,"addr:district":null,"entrance":null,"addr:country":null,"brand:wikipedia":null,"brand:wikidata":null,"brand":null,"wheelchair":null,"motor_vehicle":null,"locked":null,"horse":null,"foot":null,"bicycle":null,"access":null,"operator:type":null,"barrier":null,"grades":null,"wikipedia":null,"addr:housenumber":null,"smoking":null,"payment:credit_cards":null,"payment:cash":null,"operator":null,"opening_hours":null,"internet_access:fee":null,"internet_access":null,"healthcare:speciality":null,"description":null,"name:hi":null,"name:en":null,"website":null,"religion":null,"phone":null,"landuse":null,"email":null,"education":null,"addr:street":null,"addr:postcode":null,"wikidata":null,"addr:city":null,"name":"Kanya Upper Primary School"},"geometry":{"type":"Point","coordinates":[79.5275221,29.218083]}},
{"type":"Feature","properties":{"full_id":"n11360364218","osm_id":"11360364218","osm_type":"node","amenity":"school","check_date":null,"addr:district":null,"entrance":null,"addr:country":null,"brand:wikipedia":null,"brand:wikidata":null,"brand":null,"wheelchair":null,"motor_vehicle":null,"locked":null,"horse":null,"foot":null,"bicycle":null,"access":null,"operator:type":null,"barrier":null,"grades":null,"wikipedia":null,"addr:housenumber":null,"smoking":null,"payment:credit_cards":null,"payment:cash":null,"operator":null,"opening_hours":null,"internet_access:fee":null,"internet_access":null,"healthcare:speciality":null,"description":null,"name:hi":null,"name:en":null,"website":null,"religion":null,"phone":null,"landuse":null,"email":null,"education":null,"addr:street":null,"addr:postcode":null,"wikidata":null,"addr:city":null,"name":"Government Primary School, Bamori"},"geometry":{"type":"Point","coordinates":[79.5296501,29.2293927]}},
{"type":"Feature","properties":{"full_id":"n11360364220","osm_id":"11360364220","osm_type":"node","amenity":"school","check_date":null,"addr:district":null,"entrance":null,"addr:country":null,"brand:wikipedia":null,"brand:wikidata":null,"brand":null,"wheelchair":null,"motor_vehicle":null,"locked":null,"horse":null,"foot":null,"bicycle":null,"access":null,"operator:type":null,"barrier":null,"grades":null,"wikipedia":null,"addr:housenumber":null,"smoking":null,"payment:credit_cards":null,"payment:cash":null,"operator":null,"opening_hours":null,"internet_access:fee":null,"internet_access":null,"healthcare:speciality":null,"description":null,"name:hi":null,"name:en":null,"website":null,"religion":null,"phone":null,"landuse":null,"email":null,"education":null,"addr:street":null,"addr:postcode":null,"wikidata":null,"addr:city":null,"name":"MB Inter College"},"geometry":{"type":"Point","coordinates":[79.5300944,29.23159]}},
{"type":"Feature","properties":{"full_id":"n11360364232","osm_id":"11360364232","osm_type":"node","amenity":"school","check_date":null,"addr:district":null,"entrance":null,"addr:country":null,"brand:wikipedia":null,"brand:wikidata":null,"brand":null,"wheelchair":null,"motor_vehicle":null,"locked":null,"horse":null,"foot":null,"bicycle":null,"access":null,"operator:type":null,"barrier":null,"grades":null,"wikipedia":null,"addr:housenumber":null,"smoking":null,"payment:credit_cards":null,"payment:cash":null,"operator":null,"opening_hours":null,"internet_access:fee":null,"internet_access":null,"healthcare:speciality":null,"description":null,"name:hi":null,"name:en":null,"website":null,"religion":null,"phone":null,"landuse":null,"email":null,"education":null,"addr:street":null,"addr:postcode":null,"wikidata":null,"addr:city":null,"name":"NEW SUN SHINE PUBLIC SCHOOL"},"geometry":{"type":"Point","coordinates":[79.5308799,29.2345084]}},
{"type":"Feature","properties":{"full_id":"n11360364240","osm_id":"11360364240","osm_type":"node","amenity":"school","check_date":null,"addr:district":null,"entrance":null,"addr:country":null,"brand:wikipedia":null,"brand:wikidata":null,"brand":null,"wheelchair":null,"motor_vehicle":null,"locked":null,"horse":null,"foot":null,"bicycle":null,"access":null,"operator:type":null,"barrier":null,"grades":null,"wikipedia":null,"addr:housenumber":null,"smoking":null,"payment:credit_cards":null,"payment:cash":null,"operator":null,"opening_hours":null,"internet_access:fee":null,"internet_access":null,"healthcare:speciality":null,"description":null,"name:hi":null,"name:en":null,"website":null,"religion":null,"phone":null,"landuse":null,"email":null,"education":null,"addr:street":null,"addr:postcode":null,"wikidata":null,"addr:city":null,"name":"Dolls' Academy"},"geometry":{"type":"Point","coordinates":[79.5356452,29.2385382]}},
{"type":"Feature","properties":{"full_id":"n11360387685","osm_id":"11360387685","osm_type":"node","amenity":"school","check_date":null,"addr:district":null,"entrance":null,"addr:country":null,"brand:wikipedia":null,"brand:wikidata":null,"brand":null,"wheelchair":null,"motor_vehicle":null,"locked":null,"horse":null,"foot":null,"bicycle":null,"access":null,"operator:type":null,"barrier":null,"grades":null,"wikipedia":null,"addr:housenumber":null,"smoking":null,"payment:credit_cards":null,"payment:cash":null,"operator":null,"opening_hours":null,"internet_access:fee":null,"internet_access":null,"healthcare:speciality":null,"description":null,"name:hi":null,"name:en":null,"website":null,"religion":null,"phone":null,"landuse":null,"email":null,"education":null,"addr:street":null,"addr:postcode":null,"wikidata":null,"addr:city":null,"name":"G Kids Public School"},"geometry":{"type":"Point","coordinates":[79.524822,29.2324887]}},
{"type":"Feature","properties":{"full_id":"n11378912329","osm_id":"11378912329","osm_type":"node","amenity":"school","check_date":null,"addr:district":null,"entrance":null,"addr:country":null,"brand:wikipedia":null,"brand:wikidata":null,"brand":null,"wheelchair":null,"motor_vehicle":null,"locked":null,"horse":null,"foot":null,"bicycle":null,"access":null,"operator:type":null,"barrier":null,"grades":null,"wikipedia":null,"addr:housenumber":null,"smoking":null,"payment:credit_cards":null,"payment:cash":null,"operator":null,"opening_hours":null,"internet_access:fee":null,"internet_access":null,"healthcare:speciality":null,"description":null,"name:hi":null,"name:en":null,"website":null,"religion":null,"phone":null,"landuse":null,"email":null,"education":null,"addr:street":null,"addr:postcode":null,"wikidata":null,"addr:city":null,"name":"Government Primary School, Jaipur Padli"},"geometry":{"type":"Point","coordinates":[79.4299685,29.2384812]}},
{"type":"Feature","properties":{"full_id":"n11378968470","osm_id":"11378968470","osm_type":"node","amenity":"school","check_date":null,"addr:district":null,"entrance":null,"addr:country":null,"brand:wikipedia":null,"brand:wikidata":null,"brand":null,"wheelchair":null,"motor_vehicle":null,"locked":null,"horse":null,"foot":null,"bicycle":null,"access":null,"operator:type":null,"barrier":null,"grades":null,"wikipedia":null,"addr:housenumber":null,"smoking":null,"payment:credit_cards":null,"payment:cash":null,"operator":null,"opening_hours":null,"internet_access:fee":null,"internet_access":null,"healthcare:speciality":null,"description":null,"name:hi":null,"name:en":null,"website":null,"religion":null,"phone":null,"landuse":null,"email":null,"education":null,"addr:street":null,"addr:postcode":null,"wikidata":null,"addr:city":null,"name":"Government Primary School, Nawar Sailani"},"geometry":{"type":"Point","coordinates":[79.4516951,29.2541031]}},
{"type":"Feature","properties":{"full_id":"n11378968477","osm_id":"11378968477","osm_type":"node","amenity":"school","check_date":null,"addr:district":null,"entrance":null,"addr:country":null,"brand:wikipedia":null,"brand:wikidata":null,"brand":null,"wheelchair":null,"motor_vehicle":null,"locked":null,"horse":null,"foot":null,"bicycle":null,"access":null,"operator:type":null,"barrier":null,"grades":null,"wikipedia":null,"addr:housenumber":null,"smoking":null,"payment:credit_cards":null,"payment:cash":null,"operator":null,"opening_hours":null,"internet_access:fee":null,"internet_access":null,"healthcare:speciality":null,"description":null,"name:hi":null,"name:en":null,"website":null,"religion":null,"phone":null,"landuse":null,"email":null,"education":null,"addr:street":null,"addr:postcode":null,"wikidata":null,"addr:city":null,"name":"GOvernment Primary School, Chausla"},"geometry":{"type":"Point","coordinates":[79.4256756,29.2679848]}},
{"type":"Feature","properties":{"full_id":"n11378968487","osm_id":"11378968487","osm_type":"node","amenity":"school","check_date":null,"addr:district":null,"entrance":null,"addr:country":null,"brand:wikipedia":null,"brand:wikidata":null,"brand":null,"wheelchair":null,"motor_vehicle":null,"locked":null,"horse":null,"foot":null,"bicycle":null,"access":null,"operator:type":null,"barrier":null,"grades":null,"wikipedia":null,"addr:housenumber":null,"smoking":null,"payment:credit_cards":null,"payment:cash":null,"operator":null,"opening_hours":null,"internet_access:fee":null,"internet_access":null,"healthcare:speciality":null,"description":null,"name:hi":null,"name:en":null,"website":null,"religion":null,"phone":null,"landuse":null,"email":null,"education":null,"addr:street":null,"addr:postcode":null,"wikidata":null,"addr:city":null,"name":"Government Upper Primary School, Chousla"},"geometry":{"type":"Point","coordinates":[79.4197031,29.2724407]}},
{"type":"Feature","properties":{"full_id":"n11378977860","osm_id":"11378977860","osm_type":"node","amenity":"school","check_date":null,"addr:district":null,"entrance":null,"addr:country":null,"brand:wikipedia":null,"brand:wikidata":null,"brand":null,"wheelchair":null,"motor_vehicle":null,"locked":null,"horse":null,"foot":null,"bicycle":null,"access":null,"operator:type":null,"barrier":null,"grades":null,"wikipedia":null,"addr:housenumber":null,"smoking":null,"payment:credit_cards":null,"payment:cash":null,"operator":null,"opening_hours":null,"internet_access:fee":null,"internet_access":null,"healthcare:speciality":null,"description":null,"name:hi":null,"name:en":null,"website":null,"religion":null,"phone":null,"landuse":null,"email":null,"education":null,"addr:street":null,"addr:postcode":null,"wikidata":null,"addr:city":null,"name":"Government Primary School, Panitali"},"geometry":{"type":"Point","coordinates":[79.4888677,29.2444858]}},
{"type":"Feature","properties":{"full_id":"n11379037686","osm_id":"11379037686","osm_type":"node","amenity":"school","check_date":null,"addr:district":null,"entrance":null,"addr:country":null,"brand:wikipedia":null,"brand:wikidata":null,"brand":null,"wheelchair":null,"motor_vehicle":null,"locked":null,"horse":null,"foot":null,"bicycle":null,"access":null,"operator:type":null,"barrier":null,"grades":null,"wikipedia":null,"addr:housenumber":null,"smoking":null,"payment:credit_cards":null,"payment:cash":null,"operator":null,"opening_hours":null,"internet_access:fee":null,"internet_access":null,"healthcare:speciality":null,"description":null,"name:hi":null,"name:en":null,"website":null,"religion":null,"phone":null,"landuse":null,"email":null,"education":null,"addr:street":null,"addr:postcode":null,"wikidata":null,"addr:city":null,"name":"Kathgodam Public School"},"geometry":{"type":"Point","coordinates":[79.5447275,29.2728987]}},
{"type":"Feature","properties":{"full_id":"n11379037769","osm_id":"11379037769","osm_type":"node","amenity":"school","check_date":null,"addr:district":null,"entrance":null,"addr:country":null,"brand:wikipedia":null,"brand:wikidata":null,"brand":null,"wheelchair":null,"motor_vehicle":null,"locked":null,"horse":null,"foot":null,"bicycle":null,"access":null,"operator:type":null,"barrier":null,"grades":null,"wikipedia":null,"addr:housenumber":null,"smoking":null,"payment:credit_cards":null,"payment:cash":null,"operator":null,"opening_hours":null,"internet_access:fee":null,"internet_access":null,"healthcare:speciality":null,"description":null,"name:hi":null,"name:en":null,"website":null,"religion":null,"phone":null,"landuse":null,"email":null,"education":null,"addr:street":null,"addr:postcode":null,"wikidata":null,"addr:city":null,"name":"Government Primary School, Bhaduni"},"geometry":{"type":"Point","coordinates":[79.5017393,29.2737027]}},
{"type":"Feature","properties":{"full_id":"n11379037770","osm_id":"11379037770","osm_type":"node","amenity":"school","check_date":null,"addr:district":null,"entrance":null,"addr:country":null,"brand:wikipedia":null,"brand:wikidata":null,"brand":null,"wheelchair":null,"motor_vehicle":null,"locked":null,"horse":null,"foot":null,"bicycle":null,"access":null,"operator:type":null,"barrier":null,"grades":null,"wikipedia":null,"addr:housenumber":null,"smoking":null,"payment:credit_cards":null,"payment:cash":null,"operator":null,"opening_hours":null,"internet_access:fee":null,"internet_access":null,"healthcare:speciality":null,"description":null,"name:hi":null,"name:en":null,"website":null,"religion":null,"phone":null,"landuse":null,"email":null,"education":null,"addr:street":null,"addr:postcode":null,"wikidata":null,"addr:city":null,"name":"Government Upper Primary School, Bhaduni"},"geometry":{"type":"Point","coordinates":[79.5022898,29.2750567]}},
{"type":"Feature","properties":{"full_id":"n11379037771","osm_id":"11379037771","osm_type":"node","amenity":"school","check_date":null,"addr:district":null,"entrance":null,"addr:country":null,"brand:wikipedia":null,"brand:wikidata":null,"brand":null,"wheelchair":null,"motor_vehicle":null,"locked":null,"horse":null,"foot":null,"bicycle":null,"access":null,"operator:type":null,"barrier":null,"grades":null,"wikipedia":null,"addr:housenumber":null,"smoking":null,"payment:credit_cards":null,"payment:cash":null,"operator":null,"opening_hours":null,"internet_access:fee":null,"internet_access":null,"healthcare:speciality":null,"description":null,"name:hi":null,"name:en":null,"website":null,"religion":null,"phone":null,"landuse":null,"email":null,"education":null,"addr:street":null,"addr:postcode":null,"wikidata":null,"addr:city":null,"name":"Government Primary School, Heri"},"geometry":{"type":"Point","coordinates":[79.4880051,29.2882342]}},
{"type":"Feature","properties":{"full_id":"n11379037783","osm_id":"11379037783","osm_type":"node","amenity":"school","check_date":null,"addr:district":null,"entrance":null,"addr:country":null,"brand:wikipedia":null,"brand:wikidata":null,"brand":null,"wheelchair":null,"motor_vehicle":null,"locked":null,"horse":null,"foot":null,"bicycle":null,"access":null,"operator:type":null,"barrier":null,"grades":null,"wikipedia":null,"addr:housenumber":null,"smoking":null,"payment:credit_cards":null,"payment:cash":null,"operator":null,"opening_hours":null,"internet_access:fee":null,"internet_access":null,"healthcare:speciality":null,"description":null,"name:hi":null,"name:en":null,"website":null,"religion":null,"phone":null,"landuse":null,"email":null,"education":null,"addr:street":null,"addr:postcode":null,"wikidata":null,"addr:city":null,"name":"Government Primary School, Naisela"},"geometry":{"type":"Point","coordinates":[79.4472849,29.3020082]}},
{"type":"Feature","properties":{"full_id":"n11379037784","osm_id":"11379037784","osm_type":"node","amenity":"school","check_date":null,"addr:district":null,"entrance":null,"addr:country":null,"brand:wikipedia":null,"brand:wikidata":null,"brand":null,"wheelchair":null,"motor_vehicle":null,"locked":null,"horse":null,"foot":null,"bicycle":null,"access":null,"operator:type":null,"barrier":null,"grades":null,"wikipedia":null,"addr:housenumber":null,"smoking":null,"payment:credit_cards":null,"payment:cash":null,"operator":null,"opening_hours":null,"internet_access:fee":null,"internet_access":null,"healthcare:speciality":null,"description":null,"name:hi":null,"name:en":null,"website":null,"religion":null,"phone":null,"landuse":null,"email":null,"education":null,"addr:street":null,"addr:postcode":null,"wikidata":null,"addr:city":null,"name":"Government Primary School, Mona"},"geometry":{"type":"Point","coordinates":[79.4350084,29.3082901]}},
{"type":"Feature","properties":{"full_id":"n11379037785","osm_id":"11379037785","osm_type":"node","amenity":"school","check_date":null,"addr:district":null,"entrance":null,"addr:country":null,"brand:wikipedia":null,"brand:wikidata":null,"brand":null,"wheelchair":null,"motor_vehicle":null,"locked":null,"horse":null,"foot":null,"bicycle":null,"access":null,"operator:type":null,"barrier":null,"grades":null,"wikipedia":null,"addr:housenumber":null,"smoking":null,"payment:credit_cards":null,"payment:cash":null,"operator":null,"opening_hours":null,"internet_access:fee":null,"internet_access":null,"healthcare:speciality":null,"description":null,"name:hi":null,"name:en":null,"website":null,"religion":null,"phone":null,"landuse":null,"email":null,"education":null,"addr:street":null,"addr:postcode":null,"wikidata":null,"addr:city":null,"name":"Government Upper Primary School, Bel"},"geometry":{"type":"Point","coordinates":[79.4609304,29.3058281]}},
{"type":"Feature","properties":{"full_id":"n11379037786","osm_id":"11379037786","osm_type":"node","amenity":"school","check_date":null,"addr:district":null,"entrance":null,"addr:country":null,"brand:wikipedia":null,"brand:wikidata":null,"brand":null,"wheelchair":null,"motor_vehicle":null,"locked":null,"horse":null,"foot":null,"bicycle":null,"access":null,"operator:type":null,"barrier":null,"grades":null,"wikipedia":null,"addr:housenumber":null,"smoking":null,"payment:credit_cards":null,"payment:cash":null,"operator":null,"opening_hours":null,"internet_access:fee":null,"internet_access":null,"healthcare:speciality":null,"description":null,"name:hi":null,"name:en":null,"website":null,"religion":null,"phone":null,"landuse":null,"email":null,"education":null,"addr:street":null,"addr:postcode":null,"wikidata":null,"addr:city":null,"name":"Government Primary School, Bel"},"geometry":{"type":"Point","coordinates":[79.4654134,29.3044205]}},
{"type":"Feature","properties":{"full_id":"n11379037864","osm_id":"11379037864","osm_type":"node","amenity":"school","check_date":null,"addr:district":null,"entrance":null,"addr:country":null,"brand:wikipedia":null,"brand:wikidata":null,"brand":null,"wheelchair":null,"motor_vehicle":null,"locked":null,"horse":null,"foot":null,"bicycle":null,"access":null,"operator:type":null,"barrier":null,"grades":null,"wikipedia":null,"addr:housenumber":null,"smoking":null,"payment:credit_cards":null,"payment:cash":null,"operator":null,"opening_hours":null,"internet_access:fee":null,"internet_access":null,"healthcare:speciality":null,"description":null,"name:hi":null,"name:en":null,"website":null,"religion":null,"phone":null,"landuse":null,"email":null,"education":null,"addr:street":null,"addr:postcode":null,"wikidata":null,"addr:city":null,"name":"Government Primary School, Chopra Malla"},"geometry":{"type":"Point","coordinates":[79.4913939,29.3185865]}},
{"type":"Feature","properties":{"full_id":"n11379037865","osm_id":"11379037865","osm_type":"node","amenity":"school","check_date":null,"addr:district":null,"entrance":null,"addr:country":null,"brand:wikipedia":null,"brand:wikidata":null,"brand":null,"wheelchair":null,"motor_vehicle":null,"locked":null,"horse":null,"foot":null,"bicycle":null,"access":null,"operator:type":null,"barrier":null,"grades":null,"wikipedia":null,"addr:housenumber":null,"smoking":null,"payment:credit_cards":null,"payment:cash":null,"operator":null,"opening_hours":null,"internet_access:fee":null,"internet_access":null,"healthcare:speciality":null,"description":null,"name:hi":null,"name:en":null,"website":null,"religion":null,"phone":null,"landuse":null,"email":null,"education":null,"addr:street":null,"addr:postcode":null,"wikidata":null,"addr:city":null,"name":"Government Upper Primary School, Chopra"},"geometry":{"type":"Point","coordinates":[79.4889894,29.3228379]}},
{"type":"Feature","properties":{"full_id":"n11379037898","osm_id":"11379037898","osm_type":"node","amenity":"school","check_date":null,"addr:district":null,"entrance":null,"addr:country":null,"brand:wikipedia":null,"brand:wikidata":null,"brand":null,"wheelchair":null,"motor_vehicle":null,"locked":null,"horse":null,"foot":null,"bicycle":null,"access":null,"operator:type":null,"barrier":null,"grades":null,"wikipedia":null,"addr:housenumber":null,"smoking":null,"payment:credit_cards":null,"payment:cash":null,"operator":null,"opening_hours":null,"internet_access:fee":null,"internet_access":null,"healthcare:speciality":null,"description":null,"name:hi":null,"name:en":null,"website":null,"religion":null,"phone":null,"landuse":null,"email":null,"education":null,"addr:street":null,"addr:postcode":null,"wikidata":null,"addr:city":null,"name":"Government Primary School, Chopra Talla"},"geometry":{"type":"Point","coordinates":[79.4877976,29.3273956]}},
{"type":"Feature","properties":{"full_id":"n11379120180","osm_id":"11379120180","osm_type":"node","amenity":"school","check_date":null,"addr:district":null,"entrance":null,"addr:country":null,"brand:wikipedia":null,"brand:wikidata":null,"brand":null,"wheelchair":null,"motor_vehicle":null,"locked":null,"horse":null,"foot":null,"bicycle":null,"access":null,"operator:type":null,"barrier":null,"grades":null,"wikipedia":null,"addr:housenumber":null,"smoking":null,"payment:credit_cards":null,"payment:cash":null,"operator":null,"opening_hours":null,"internet_access:fee":null,"internet_access":null,"healthcare:speciality":null,"description":null,"name:hi":null,"name:en":null,"website":null,"religion":null,"phone":null,"landuse":null,"email":null,"education":null,"addr:street":null,"addr:postcode":null,"wikidata":null,"addr:city":null,"name":"Naincy Convent"},"geometry":{"type":"Point","coordinates":[79.4834847,29.3396748]}},
{"type":"Feature","properties":{"full_id":"n11379120236","osm_id":"11379120236","osm_type":"node","amenity":"school","check_date":null,"addr:district":null,"entrance":null,"addr:country":null,"brand:wikipedia":null,"brand:wikidata":null,"brand":null,"wheelchair":null,"motor_vehicle":null,"locked":null,"horse":null,"foot":null,"bicycle":null,"access":null,"operator:type":null,"barrier":null,"grades":null,"wikipedia":null,"addr:housenumber":null,"smoking":null,"payment:credit_cards":null,"payment:cash":null,"operator":null,"opening_hours":null,"internet_access:fee":null,"internet_access":null,"healthcare:speciality":null,"description":null,"name:hi":null,"name:en":null,"website":null,"religion":null,"phone":null,"landuse":null,"email":null,"education":null,"addr:street":null,"addr:postcode":null,"wikidata":null,"addr:city":null,"name":"Government Primary School, Jeolikote"},"geometry":{"type":"Point","coordinates":[79.4873299,29.3427043]}},
{"type":"Feature","properties":{"full_id":"n11379120262","osm_id":"11379120262","osm_type":"node","amenity":"school","check_date":null,"addr:district":null,"entrance":null,"addr:country":null,"brand:wikipedia":null,"brand:wikidata":null,"brand":null,"wheelchair":null,"motor_vehicle":null,"locked":null,"horse":null,"foot":null,"bicycle":null,"access":null,"operator:type":null,"barrier":null,"grades":null,"wikipedia":null,"addr:housenumber":null,"smoking":null,"payment:credit_cards":null,"payment:cash":null,"operator":null,"opening_hours":null,"internet_access:fee":null,"internet_access":null,"healthcare:speciality":null,"description":null,"name:hi":null,"name:en":null,"website":null,"religion":null,"phone":null,"landuse":null,"email":null,"education":null,"addr:street":null,"addr:postcode":null,"wikidata":null,"addr:city":null,"name":"Government Primary School, Ganja"},"geometry":{"type":"Point","coordinates":[79.4773265,29.350343]}},
{"type":"Feature","properties":{"full_id":"n11379120263","osm_id":"11379120263","osm_type":"node","amenity":"school","check_date":null,"addr:district":null,"entrance":null,"addr:country":null,"brand:wikipedia":null,"brand:wikidata":null,"brand":null,"wheelchair":null,"motor_vehicle":null,"locked":null,"horse":null,"foot":null,"bicycle":null,"access":null,"operator:type":null,"barrier":null,"grades":null,"wikipedia":null,"addr:housenumber":null,"smoking":null,"payment:credit_cards":null,"payment:cash":null,"operator":null,"opening_hours":null,"internet_access:fee":null,"internet_access":null,"healthcare:speciality":null,"description":null,"name:hi":null,"name:en":null,"website":null,"religion":null,"phone":null,"landuse":null,"email":null,"education":null,"addr:street":null,"addr:postcode":null,"wikidata":null,"addr:city":null,"name":"Government Upper Primary School, Chhira Ganja"},"geometry":{"type":"Point","coordinates":[79.4767961,29.3509759]}},
{"type":"Feature","properties":{"full_id":"n11379120307","osm_id":"11379120307","osm_type":"node","amenity":"school","check_date":null,"addr:district":null,"entrance":null,"addr:country":null,"brand:wikipedia":null,"brand:wikidata":null,"brand":null,"wheelchair":null,"motor_vehicle":null,"locked":null,"horse":null,"foot":null,"bicycle":null,"access":null,"operator:type":null,"barrier":null,"grades":null,"wikipedia":null,"addr:housenumber":null,"smoking":null,"payment:credit_cards":null,"payment:cash":null,"operator":null,"opening_hours":null,"internet_access:fee":null,"internet_access":null,"healthcare:speciality":null,"description":null,"name:hi":null,"name:en":null,"website":null,"religion":null,"phone":null,"landuse":null,"email":null,"education":null,"addr:street":null,"addr:postcode":null,"wikidata":null,"addr:city":null,"name":"Government Primary School, Durgapur"},"geometry":{"type":"Point","coordinates":[79.4672619,29.3674412]}},
{"type":"Feature","properties":{"full_id":"n11379120349","osm_id":"11379120349","osm_type":"node","amenity":"school","check_date":null,"addr:district":null,"entrance":null,"addr:country":null,"brand:wikipedia":null,"brand:wikidata":null,"brand":null,"wheelchair":null,"motor_vehicle":null,"locked":null,"horse":null,"foot":null,"bicycle":null,"access":null,"operator:type":null,"barrier":null,"grades":null,"wikipedia":null,"addr:housenumber":null,"smoking":null,"payment:credit_cards":null,"payment:cash":null,"operator":null,"opening_hours":null,"internet_access:fee":null,"internet_access":null,"healthcare:speciality":null,"description":null,"name:hi":null,"name:en":null,"website":null,"religion":null,"phone":null,"landuse":null,"email":null,"education":null,"addr:street":null,"addr:postcode":null,"wikidata":null,"addr:city":null,"name":"Government Primary School, Tallital"},"geometry":{"type":"Point","coordinates":[79.4650259,29.3758981]}},
{"type":"Feature","properties":{"full_id":"n11379120350","osm_id":"11379120350","osm_type":"node","amenity":"school","check_date":null,"addr:district":null,"entrance":null,"addr:country":null,"brand:wikipedia":null,"brand:wikidata":null,"brand":null,"wheelchair":null,"motor_vehicle":null,"locked":null,"horse":null,"foot":null,"bicycle":null,"access":null,"operator:type":null,"barrier":null,"grades":null,"wikipedia":null,"addr:housenumber":null,"smoking":null,"payment:credit_cards":null,"payment:cash":null,"operator":null,"opening_hours":null,"internet_access:fee":null,"internet_access":null,"healthcare:speciality":null,"description":null,"name:hi":null,"name:en":null,"website":null,"religion":null,"phone":null,"landuse":null,"email":null,"education":null,"addr:street":null,"addr:postcode":null,"wikidata":null,"addr:city":null,"name":"Government Upper Primary School, Tallital"},"geometry":{"type":"Point","coordinates":[79.4650695,29.3757292]}},
{"type":"Feature","properties":{"full_id":"n11379120351","osm_id":"11379120351","osm_type":"node","amenity":"school","check_date":null,"addr:district":null,"entrance":null,"addr:country":null,"brand:wikipedia":null,"brand:wikidata":null,"brand":null,"wheelchair":null,"motor_vehicle":null,"locked":null,"horse":null,"foot":null,"bicycle":null,"access":null,"operator:type":null,"barrier":null,"grades":null,"wikipedia":null,"addr:housenumber":null,"smoking":null,"payment:credit_cards":null,"payment:cash":null,"operator":null,"opening_hours":null,"internet_access:fee":null,"internet_access":null,"healthcare:speciality":null,"description":null,"name:hi":null,"name:en":null,"website":null,"religion":null,"phone":null,"landuse":null,"email":null,"education":null,"addr:street":null,"addr:postcode":null,"wikidata":null,"addr:city":null,"name":"Government Girls Upper Primary School, Tallital"},"geometry":{"type":"Point","coordinates":[79.4636013,29.3752401]}},
{"type":"Feature","properties":{"full_id":"n11379120352","osm_id":"11379120352","osm_type":"node","amenity":"school","check_date":null,"addr:district":null,"entrance":null,"addr:country":null,"brand:wikipedia":null,"brand:wikidata":null,"brand":null,"wheelchair":null,"motor_vehicle":null,"locked":null,"horse":null,"foot":null,"bicycle":null,"access":null,"operator:type":null,"barrier":null,"grades":null,"wikipedia":null,"addr:housenumber":null,"smoking":null,"payment:credit_cards":null,"payment:cash":null,"operator":null,"opening_hours":null,"internet_access:fee":null,"internet_access":null,"healthcare:speciality":null,"description":null,"name:hi":null,"name:en":null,"website":null,"religion":null,"phone":null,"landuse":null,"email":null,"education":null,"addr:street":null,"addr:postcode":null,"wikidata":null,"addr:city":null,"name":"Government Girls Primary School, Tallital"},"geometry":{"type":"Point","coordinates":[79.4635773,29.3751029]}},
{"type":"Feature","properties":{"full_id":"n11379120353","osm_id":"11379120353","osm_type":"node","amenity":"school","check_date":null,"addr:district":null,"entrance":null,"addr:country":null,"brand:wikipedia":null,"brand:wikidata":null,"brand":null,"wheelchair":null,"motor_vehicle":null,"locked":null,"horse":null,"foot":null,"bicycle":null,"access":null,"operator:type":null,"barrier":null,"grades":null,"wikipedia":null,"addr:housenumber":null,"smoking":null,"payment:credit_cards":null,"payment:cash":null,"operator":null,"opening_hours":null,"internet_access:fee":null,"internet_access":null,"healthcare:speciality":null,"description":null,"name:hi":null,"name:en":null,"website":null,"religion":null,"phone":null,"landuse":null,"email":null,"education":null,"addr:street":null,"addr:postcode":null,"wikidata":null,"addr:city":null,"name":"All Saint's College"},"geometry":{"type":"Point","coordinates":[79.4584294,29.3782641]}},
{"type":"Feature","properties":{"full_id":"n11399830631","osm_id":"11399830631","osm_type":"node","amenity":"school","check_date":null,"addr:district":"Haridwar","entrance":null,"addr:country":null,"brand:wikipedia":null,"brand:wikidata":null,"brand":null,"wheelchair":null,"motor_vehicle":null,"locked":null,"horse":null,"foot":null,"bicycle":null,"access":null,"operator:type":null,"barrier":null,"grades":null,"wikipedia":null,"addr:housenumber":"Himalayan Public School","smoking":null,"payment:credit_cards":null,"payment:cash":null,"operator":null,"opening_hours":null,"internet_access:fee":null,"internet_access":null,"healthcare:speciality":null,"description":null,"name:hi":null,"name:en":null,"website":null,"religion":null,"phone":null,"landuse":null,"email":null,"education":null,"addr:street":"Durga Colony - Jalapur Road","addr:postcode":"247667","wikidata":null,"addr:city":"Roorkee","name":"Himalayan Public School"},"geometry":{"type":"Point","coordinates":[77.9180602,29.8475022]}},
{"type":"Feature","properties":{"full_id":"n11411992526","osm_id":"11411992526","osm_type":"node","amenity":"school","check_date":null,"addr:district":null,"entrance":null,"addr:country":null,"brand:wikipedia":null,"brand:wikidata":null,"brand":null,"wheelchair":null,"motor_vehicle":null,"locked":null,"horse":null,"foot":null,"bicycle":null,"access":null,"operator:type":null,"barrier":null,"grades":null,"wikipedia":null,"addr:housenumber":null,"smoking":null,"payment:credit_cards":null,"payment:cash":null,"operator":null,"opening_hours":null,"internet_access:fee":null,"internet_access":null,"healthcare:speciality":null,"description":null,"name:hi":null,"name:en":null,"website":null,"religion":"buddhist","phone":null,"landuse":null,"email":null,"education":null,"addr:street":"ajabpur kalan","addr:postcode":"248121","wikidata":null,"addr:city":"dehradun","name":"madrasa islamia school"},"geometry":{"type":"Point","coordinates":[78.042567,30.2943093]}},
{"type":"Feature","properties":{"full_id":"n11860366714","osm_id":"11860366714","osm_type":"node","amenity":"school","check_date":null,"addr:district":null,"entrance":null,"addr:country":null,"brand:wikipedia":null,"brand:wikidata":null,"brand":null,"wheelchair":null,"motor_vehicle":null,"locked":null,"horse":null,"foot":null,"bicycle":null,"access":null,"operator:type":null,"barrier":null,"grades":null,"wikipedia":null,"addr:housenumber":null,"smoking":null,"payment:credit_cards":null,"payment:cash":null,"operator":null,"opening_hours":null,"internet_access:fee":null,"internet_access":null,"healthcare:speciality":null,"description":null,"name:hi":null,"name:en":null,"website":null,"religion":null,"phone":null,"landuse":null,"email":null,"education":null,"addr:street":null,"addr:postcode":null,"wikidata":null,"addr:city":null,"name":"Foothills academy"},"geometry":{"type":"Point","coordinates":[78.2514773,30.07157]}},
{"type":"Feature","properties":{"full_id":"n12000440483","osm_id":"12000440483","osm_type":"node","amenity":"school","check_date":null,"addr:district":null,"entrance":null,"addr:country":null,"brand:wikipedia":null,"brand:wikidata":null,"brand":null,"wheelchair":null,"motor_vehicle":null,"locked":null,"horse":null,"foot":null,"bicycle":null,"access":null,"operator:type":null,"barrier":null,"grades":null,"wikipedia":null,"addr:housenumber":null,"smoking":null,"payment:credit_cards":null,"payment:cash":null,"operator":null,"opening_hours":null,"internet_access:fee":null,"internet_access":null,"healthcare:speciality":null,"description":null,"name:hi":null,"name:en":null,"website":null,"religion":null,"phone":null,"landuse":null,"email":null,"education":null,"addr:street":null,"addr:postcode":null,"wikidata":null,"addr:city":null,"name":"Government Primary School, Danibangar"},"geometry":{"type":"Point","coordinates":[79.5926979,29.1287044]}},
{"type":"Feature","properties":{"full_id":"n12000478152","osm_id":"12000478152","osm_type":"node","amenity":"school","check_date":null,"addr:district":null,"entrance":null,"addr:country":null,"brand:wikipedia":null,"brand:wikidata":null,"brand":null,"wheelchair":null,"motor_vehicle":null,"locked":null,"horse":null,"foot":null,"bicycle":null,"access":null,"operator:type":null,"barrier":null,"grades":null,"wikipedia":null,"addr:housenumber":null,"smoking":null,"payment:credit_cards":null,"payment:cash":null,"operator":null,"opening_hours":null,"internet_access:fee":null,"internet_access":null,"healthcare:speciality":null,"description":null,"name:hi":null,"name:en":null,"website":null,"religion":null,"phone":null,"landuse":null,"email":null,"education":null,"addr:street":null,"addr:postcode":null,"wikidata":null,"addr:city":null,"name":"Shri Ram The Global School"},"geometry":{"type":"Point","coordinates":[79.5893829,29.1517465]}},
{"type":"Feature","properties":{"full_id":"n12000482628","osm_id":"12000482628","osm_type":"node","amenity":"school","check_date":null,"addr:district":null,"entrance":null,"addr:country":null,"brand:wikipedia":null,"brand:wikidata":null,"brand":null,"wheelchair":null,"motor_vehicle":null,"locked":null,"horse":null,"foot":null,"bicycle":null,"access":null,"operator:type":null,"barrier":null,"grades":null,"wikipedia":null,"addr:housenumber":null,"smoking":null,"payment:credit_cards":null,"payment:cash":null,"operator":null,"opening_hours":null,"internet_access:fee":null,"internet_access":null,"healthcare:speciality":null,"description":null,"name:hi":null,"name:en":null,"website":null,"religion":null,"phone":null,"landuse":null,"email":null,"education":null,"addr:street":null,"addr:postcode":null,"wikidata":null,"addr:city":null,"name":"Government Primary School, Kishanpur"},"geometry":{"type":"Point","coordinates":[79.5786009,29.1568021]}},
{"type":"Feature","properties":{"full_id":"n12000495650","osm_id":"12000495650","osm_type":"node","amenity":"school","check_date":null,"addr:district":null,"entrance":null,"addr:country":null,"brand:wikipedia":null,"brand:wikidata":null,"brand":null,"wheelchair":null,"motor_vehicle":null,"locked":null,"horse":null,"foot":null,"bicycle":null,"access":null,"operator:type":null,"barrier":null,"grades":null,"wikipedia":null,"addr:housenumber":null,"smoking":null,"payment:credit_cards":null,"payment:cash":null,"operator":null,"opening_hours":null,"internet_access:fee":null,"internet_access":null,"healthcare:speciality":null,"description":null,"name:hi":null,"name:en":null,"website":null,"religion":null,"phone":null,"landuse":null,"email":null,"education":null,"addr:street":null,"addr:postcode":null,"wikidata":null,"addr:city":null,"name":"GOvernment Prmary School, Bagjala"},"geometry":{"type":"Point","coordinates":[79.5567758,29.2106638]}},
{"type":"Feature","properties":{"full_id":"n12000522783","osm_id":"12000522783","osm_type":"node","amenity":"school","check_date":null,"addr:district":null,"entrance":null,"addr:country":null,"brand:wikipedia":null,"brand:wikidata":null,"brand":null,"wheelchair":null,"motor_vehicle":null,"locked":null,"horse":null,"foot":null,"bicycle":null,"access":null,"operator:type":null,"barrier":null,"grades":null,"wikipedia":null,"addr:housenumber":null,"smoking":null,"payment:credit_cards":null,"payment:cash":null,"operator":null,"opening_hours":null,"internet_access:fee":null,"internet_access":null,"healthcare:speciality":null,"description":null,"name:hi":null,"name:en":null,"website":null,"religion":null,"phone":null,"landuse":null,"email":null,"education":null,"addr:street":null,"addr:postcode":null,"wikidata":null,"addr:city":null,"name":"Government Primary School, Nayagon Sambhal"},"geometry":{"type":"Point","coordinates":[79.5767389,29.2018521]}},
{"type":"Feature","properties":{"full_id":"n12000522791","osm_id":"12000522791","osm_type":"node","amenity":"school","check_date":null,"addr:district":null,"entrance":null,"addr:country":null,"brand:wikipedia":null,"brand:wikidata":null,"brand":null,"wheelchair":null,"motor_vehicle":null,"locked":null,"horse":null,"foot":null,"bicycle":null,"access":null,"operator:type":null,"barrier":null,"grades":null,"wikipedia":null,"addr:housenumber":null,"smoking":null,"payment:credit_cards":null,"payment:cash":null,"operator":null,"opening_hours":null,"internet_access:fee":null,"internet_access":null,"healthcare:speciality":null,"description":null,"name:hi":null,"name:en":null,"website":null,"religion":null,"phone":null,"landuse":null,"email":null,"education":null,"addr:street":null,"addr:postcode":null,"wikidata":null,"addr:city":null,"name":"Government Primary School, Paniya Mehta"},"geometry":{"type":"Point","coordinates":[79.6033557,29.255214]}},
{"type":"Feature","properties":{"full_id":"n12000522792","osm_id":"12000522792","osm_type":"node","amenity":"school","check_date":null,"addr:district":null,"entrance":null,"addr:country":null,"brand:wikipedia":null,"brand:wikidata":null,"brand":null,"wheelchair":null,"motor_vehicle":null,"locked":null,"horse":null,"foot":null,"bicycle":null,"access":null,"operator:type":null,"barrier":null,"grades":null,"wikipedia":null,"addr:housenumber":null,"smoking":null,"payment:credit_cards":null,"payment:cash":null,"operator":null,"opening_hours":null,"internet_access:fee":null,"internet_access":null,"healthcare:speciality":null,"description":null,"name:hi":null,"name:en":null,"website":null,"religion":null,"phone":null,"landuse":null,"email":null,"education":null,"addr:street":null,"addr:postcode":null,"wikidata":null,"addr:city":null,"name":"Government Girls Upper Primary School, Paniya Mehta"},"geometry":{"type":"Point","coordinates":[79.604868,29.2592995]}},
{"type":"Feature","properties":{"full_id":"n12000522793","osm_id":"12000522793","osm_type":"node","amenity":"school","check_date":null,"addr:district":null,"entrance":null,"addr:country":null,"brand:wikipedia":null,"brand:wikidata":null,"brand":null,"wheelchair":null,"motor_vehicle":null,"locked":null,"horse":null,"foot":null,"bicycle":null,"access":null,"operator:type":null,"barrier":null,"grades":null,"wikipedia":null,"addr:housenumber":null,"smoking":null,"payment:credit_cards":null,"payment:cash":null,"operator":null,"opening_hours":null,"internet_access:fee":null,"internet_access":null,"healthcare:speciality":null,"description":null,"name:hi":null,"name:en":null,"website":null,"religion":null,"phone":null,"landuse":null,"email":null,"education":null,"addr:street":null,"addr:postcode":null,"wikidata":null,"addr:city":null,"name":"Government Primary School, Gumalgaon"},"geometry":{"type":"Point","coordinates":[79.5969617,29.2629523]}},
{"type":"Feature","properties":{"full_id":"n12000522794","osm_id":"12000522794","osm_type":"node","amenity":"school","check_date":null,"addr:district":null,"entrance":null,"addr:country":null,"brand:wikipedia":null,"brand:wikidata":null,"brand":null,"wheelchair":null,"motor_vehicle":null,"locked":null,"horse":null,"foot":null,"bicycle":null,"access":null,"operator:type":null,"barrier":null,"grades":null,"wikipedia":null,"addr:housenumber":null,"smoking":null,"payment:credit_cards":null,"payment:cash":null,"operator":null,"opening_hours":null,"internet_access:fee":null,"internet_access":null,"healthcare:speciality":null,"description":null,"name:hi":null,"name:en":null,"website":null,"religion":null,"phone":null,"landuse":null,"email":null,"education":null,"addr:street":null,"addr:postcode":null,"wikidata":null,"addr:city":null,"name":"Government Primary School, Roshiljala"},"geometry":{"type":"Point","coordinates":[79.5928884,29.281844]}},
{"type":"Feature","properties":{"full_id":"n12000522795","osm_id":"12000522795","osm_type":"node","amenity":"school","check_date":null,"addr:district":null,"entrance":null,"addr:country":null,"brand:wikipedia":null,"brand:wikidata":null,"brand":null,"wheelchair":null,"motor_vehicle":null,"locked":null,"horse":null,"foot":null,"bicycle":null,"access":null,"operator:type":null,"barrier":null,"grades":null,"wikipedia":null,"addr:housenumber":null,"smoking":null,"payment:credit_cards":null,"payment:cash":null,"operator":null,"opening_hours":null,"internet_access:fee":null,"internet_access":null,"healthcare:speciality":null,"description":null,"name:hi":null,"name:en":null,"website":null,"religion":null,"phone":null,"landuse":null,"email":null,"education":null,"addr:street":null,"addr:postcode":null,"wikidata":null,"addr:city":null,"name":"Government Primary School, Pastola Naveen"},"geometry":{"type":"Point","coordinates":[79.633013,29.2625264]}},
{"type":"Feature","properties":{"full_id":"n12000522796","osm_id":"12000522796","osm_type":"node","amenity":"school","check_date":null,"addr:district":null,"entrance":null,"addr:country":null,"brand:wikipedia":null,"brand:wikidata":null,"brand":null,"wheelchair":null,"motor_vehicle":null,"locked":null,"horse":null,"foot":null,"bicycle":null,"access":null,"operator:type":null,"barrier":null,"grades":null,"wikipedia":null,"addr:housenumber":null,"smoking":null,"payment:credit_cards":null,"payment:cash":null,"operator":null,"opening_hours":null,"internet_access:fee":null,"internet_access":null,"healthcare:speciality":null,"description":null,"name:hi":null,"name:en":null,"website":null,"religion":null,"phone":null,"landuse":null,"email":null,"education":null,"addr:street":null,"addr:postcode":null,"wikidata":null,"addr:city":null,"name":"Government Upper Primary School, Udhunwa"},"geometry":{"type":"Point","coordinates":[79.6583141,29.2550874]}},
{"type":"Feature","properties":{"full_id":"n12000522797","osm_id":"12000522797","osm_type":"node","amenity":"school","check_date":null,"addr:district":null,"entrance":null,"addr:country":null,"brand:wikipedia":null,"brand:wikidata":null,"brand":null,"wheelchair":null,"motor_vehicle":null,"locked":null,"horse":null,"foot":null,"bicycle":null,"access":null,"operator:type":null,"barrier":null,"grades":null,"wikipedia":null,"addr:housenumber":null,"smoking":null,"payment:credit_cards":null,"payment:cash":null,"operator":null,"opening_hours":null,"internet_access:fee":null,"internet_access":null,"healthcare:speciality":null,"description":null,"name:hi":null,"name:en":null,"website":null,"religion":null,"phone":null,"landuse":null,"email":null,"education":null,"addr:street":null,"addr:postcode":null,"wikidata":null,"addr:city":null,"name":"Government Primary School, Udhunwa"},"geometry":{"type":"Point","coordinates":[79.6578877,29.2550141]}},
{"type":"Feature","properties":{"full_id":"n12000523716","osm_id":"12000523716","osm_type":"node","amenity":"school","check_date":null,"addr:district":null,"entrance":null,"addr:country":null,"brand:wikipedia":null,"brand:wikidata":null,"brand":null,"wheelchair":null,"motor_vehicle":null,"locked":null,"horse":null,"foot":null,"bicycle":null,"access":null,"operator:type":null,"barrier":null,"grades":null,"wikipedia":null,"addr:housenumber":null,"smoking":null,"payment:credit_cards":null,"payment:cash":null,"operator":null,"opening_hours":null,"internet_access:fee":null,"internet_access":null,"healthcare:speciality":null,"description":null,"name:hi":null,"name:en":null,"website":null,"religion":null,"phone":null,"landuse":null,"email":null,"education":null,"addr:street":null,"addr:postcode":null,"wikidata":null,"addr:city":null,"name":"Government Primary School, Bhorsa Naveen"},"geometry":{"type":"Point","coordinates":[79.6082904,29.2923688]}},
{"type":"Feature","properties":{"full_id":"n12000523717","osm_id":"12000523717","osm_type":"node","amenity":"school","check_date":null,"addr:district":null,"entrance":null,"addr:country":null,"brand:wikipedia":null,"brand:wikidata":null,"brand":null,"wheelchair":null,"motor_vehicle":null,"locked":null,"horse":null,"foot":null,"bicycle":null,"access":null,"operator:type":null,"barrier":null,"grades":null,"wikipedia":null,"addr:housenumber":null,"smoking":null,"payment:credit_cards":null,"payment:cash":null,"operator":null,"opening_hours":null,"internet_access:fee":null,"internet_access":null,"healthcare:speciality":null,"description":null,"name:hi":null,"name:en":null,"website":null,"religion":null,"phone":null,"landuse":null,"email":null,"education":null,"addr:street":null,"addr:postcode":null,"wikidata":null,"addr:city":null,"name":"Government Primary School, Jala"},"geometry":{"type":"Point","coordinates":[79.6159159,29.3008702]}},
{"type":"Feature","properties":{"full_id":"n12000523718","osm_id":"12000523718","osm_type":"node","amenity":"school","check_date":null,"addr:district":null,"entrance":null,"addr:country":null,"brand:wikipedia":null,"brand:wikidata":null,"brand":null,"wheelchair":null,"motor_vehicle":null,"locked":null,"horse":null,"foot":null,"bicycle":null,"access":null,"operator:type":null,"barrier":null,"grades":null,"wikipedia":null,"addr:housenumber":null,"smoking":null,"payment:credit_cards":null,"payment:cash":null,"operator":null,"opening_hours":null,"internet_access:fee":null,"internet_access":null,"healthcare:speciality":null,"description":null,"name:hi":null,"name:en":null,"website":null,"religion":null,"phone":null,"landuse":null,"email":null,"education":null,"addr:street":null,"addr:postcode":null,"wikidata":null,"addr:city":null,"name":"Government Inter College, Banana"},"geometry":{"type":"Point","coordinates":[79.6235863,29.2988492]}},
{"type":"Feature","properties":{"full_id":"n12000523719","osm_id":"12000523719","osm_type":"node","amenity":"school","check_date":null,"addr:district":null,"entrance":null,"addr:country":null,"brand:wikipedia":null,"brand:wikidata":null,"brand":null,"wheelchair":null,"motor_vehicle":null,"locked":null,"horse":null,"foot":null,"bicycle":null,"access":null,"operator:type":null,"barrier":null,"grades":null,"wikipedia":null,"addr:housenumber":null,"smoking":null,"payment:credit_cards":null,"payment:cash":null,"operator":null,"opening_hours":null,"internet_access:fee":null,"internet_access":null,"healthcare:speciality":null,"description":null,"name:hi":null,"name:en":null,"website":null,"religion":null,"phone":null,"landuse":null,"email":null,"education":null,"addr:street":null,"addr:postcode":null,"wikidata":null,"addr:city":null,"name":"Government Primary School, Dhura"},"geometry":{"type":"Point","coordinates":[79.6332508,29.2973716]}},
{"type":"Feature","properties":{"full_id":"n12000523720","osm_id":"12000523720","osm_type":"node","amenity":"school","check_date":null,"addr:district":null,"entrance":null,"addr:country":null,"brand:wikipedia":null,"brand:wikidata":null,"brand":null,"wheelchair":null,"motor_vehicle":null,"locked":null,"horse":null,"foot":null,"bicycle":null,"access":null,"operator:type":null,"barrier":null,"grades":null,"wikipedia":null,"addr:housenumber":null,"smoking":null,"payment:credit_cards":null,"payment:cash":null,"operator":null,"opening_hours":null,"internet_access:fee":null,"internet_access":null,"healthcare:speciality":null,"description":null,"name:hi":null,"name:en":null,"website":null,"religion":null,"phone":null,"landuse":null,"email":null,"education":null,"addr:street":null,"addr:postcode":null,"wikidata":null,"addr:city":null,"name":"Government Primary School, Pinro Naveen"},"geometry":{"type":"Point","coordinates":[79.6521585,29.2817445]}},
{"type":"Feature","properties":{"full_id":"n12000523721","osm_id":"12000523721","osm_type":"node","amenity":"school","check_date":null,"addr:district":null,"entrance":null,"addr:country":null,"brand:wikipedia":null,"brand:wikidata":null,"brand":null,"wheelchair":null,"motor_vehicle":null,"locked":null,"horse":null,"foot":null,"bicycle":null,"access":null,"operator:type":null,"barrier":null,"grades":null,"wikipedia":null,"addr:housenumber":null,"smoking":null,"payment:credit_cards":null,"payment:cash":null,"operator":null,"opening_hours":null,"internet_access:fee":null,"internet_access":null,"healthcare:speciality":null,"description":null,"name:hi":null,"name:en":null,"website":null,"religion":null,"phone":null,"landuse":null,"email":null,"education":null,"addr:street":null,"addr:postcode":null,"wikidata":null,"addr:city":null,"name":"Government Primary School, Pinro"},"geometry":{"type":"Point","coordinates":[79.6434053,29.2848635]}},
{"type":"Feature","properties":{"full_id":"n12000523722","osm_id":"12000523722","osm_type":"node","amenity":"school","check_date":null,"addr:district":null,"entrance":null,"addr:country":null,"brand:wikipedia":null,"brand:wikidata":null,"brand":null,"wheelchair":null,"motor_vehicle":null,"locked":null,"horse":null,"foot":null,"bicycle":null,"access":null,"operator:type":null,"barrier":null,"grades":null,"wikipedia":null,"addr:housenumber":null,"smoking":null,"payment:credit_cards":null,"payment:cash":null,"operator":null,"opening_hours":null,"internet_access:fee":null,"internet_access":null,"healthcare:speciality":null,"description":null,"name:hi":null,"name:en":null,"website":null,"religion":null,"phone":null,"landuse":null,"email":null,"education":null,"addr:street":null,"addr:postcode":null,"wikidata":null,"addr:city":null,"name":"Government Primary School, Tyona"},"geometry":{"type":"Point","coordinates":[79.6505894,29.2966741]}},
{"type":"Feature","properties":{"full_id":"n12000523723","osm_id":"12000523723","osm_type":"node","amenity":"school","check_date":null,"addr:district":null,"entrance":null,"addr:country":null,"brand:wikipedia":null,"brand:wikidata":null,"brand":null,"wheelchair":null,"motor_vehicle":null,"locked":null,"horse":null,"foot":null,"bicycle":null,"access":null,"operator:type":null,"barrier":null,"grades":null,"wikipedia":null,"addr:housenumber":null,"smoking":null,"payment:credit_cards":null,"payment:cash":null,"operator":null,"opening_hours":null,"internet_access:fee":null,"internet_access":null,"healthcare:speciality":null,"description":null,"name:hi":null,"name:en":null,"website":null,"religion":null,"phone":null,"landuse":null,"email":null,"education":null,"addr:street":null,"addr:postcode":null,"wikidata":null,"addr:city":null,"name":"Government Primary School, Pinsela"},"geometry":{"type":"Point","coordinates":[79.6407796,29.3024084]}},
{"type":"Feature","properties":{"full_id":"n12000523724","osm_id":"12000523724","osm_type":"node","amenity":"school","check_date":null,"addr:district":null,"entrance":null,"addr:country":null,"brand:wikipedia":null,"brand:wikidata":null,"brand":null,"wheelchair":null,"motor_vehicle":null,"locked":null,"horse":null,"foot":null,"bicycle":null,"access":null,"operator:type":null,"barrier":null,"grades":null,"wikipedia":null,"addr:housenumber":null,"smoking":null,"payment:credit_cards":null,"payment:cash":null,"operator":null,"opening_hours":null,"internet_access:fee":null,"internet_access":null,"healthcare:speciality":null,"description":null,"name:hi":null,"name:en":null,"website":null,"religion":null,"phone":null,"landuse":null,"email":null,"education":null,"addr:street":null,"addr:postcode":null,"wikidata":null,"addr:city":null,"name":"Government Primary School, Devsthal"},"geometry":{"type":"Point","coordinates":[79.6361826,29.3027424]}},
{"type":"Feature","properties":{"full_id":"n12000523725","osm_id":"12000523725","osm_type":"node","amenity":"school","check_date":null,"addr:district":null,"entrance":null,"addr:country":null,"brand:wikipedia":null,"brand:wikidata":null,"brand":null,"wheelchair":null,"motor_vehicle":null,"locked":null,"horse":null,"foot":null,"bicycle":null,"access":null,"operator:type":null,"barrier":null,"grades":null,"wikipedia":null,"addr:housenumber":null,"smoking":null,"payment:credit_cards":null,"payment:cash":null,"operator":null,"opening_hours":null,"internet_access:fee":null,"internet_access":null,"healthcare:speciality":null,"description":null,"name:hi":null,"name:en":null,"website":null,"religion":null,"phone":null,"landuse":null,"email":null,"education":null,"addr:street":null,"addr:postcode":null,"wikidata":null,"addr:city":null,"name":"Government Inter College, Jangliyagaon"},"geometry":{"type":"Point","coordinates":[79.6164873,29.3174469]}},
{"type":"Feature","properties":{"full_id":"n12049303606","osm_id":"12049303606","osm_type":"node","amenity":"school","check_date":null,"addr:district":null,"entrance":null,"addr:country":null,"brand:wikipedia":null,"brand:wikidata":null,"brand":null,"wheelchair":null,"motor_vehicle":null,"locked":null,"horse":null,"foot":null,"bicycle":null,"access":null,"operator:type":null,"barrier":null,"grades":null,"wikipedia":null,"addr:housenumber":null,"smoking":null,"payment:credit_cards":null,"payment:cash":null,"operator":null,"opening_hours":null,"internet_access:fee":null,"internet_access":null,"healthcare:speciality":null,"description":null,"name:hi":null,"name:en":null,"website":null,"religion":null,"phone":null,"landuse":null,"email":null,"education":null,"addr:street":null,"addr:postcode":null,"wikidata":null,"addr:city":null,"name":"Sacred Heart convent school"},"geometry":{"type":"Point","coordinates":[79.1020139,30.3016883]}},
{"type":"Feature","properties":{"full_id":"n12254150355","osm_id":"12254150355","osm_type":"node","amenity":"school","check_date":null,"addr:district":null,"entrance":null,"addr:country":null,"brand:wikipedia":null,"brand:wikidata":null,"brand":null,"wheelchair":null,"motor_vehicle":null,"locked":null,"horse":null,"foot":null,"bicycle":null,"access":null,"operator:type":null,"barrier":null,"grades":null,"wikipedia":null,"addr:housenumber":null,"smoking":null,"payment:credit_cards":null,"payment:cash":null,"operator":null,"opening_hours":null,"internet_access:fee":null,"internet_access":null,"healthcare:speciality":null,"description":null,"name:hi":"सरस्वती शिशु मंदिर बनबसा","name:en":"Saraswati Shishu mandir Banbasa","website":null,"religion":null,"phone":null,"landuse":null,"email":null,"education":null,"addr:street":null,"addr:postcode":null,"wikidata":null,"addr:city":null,"name":"Saraswati Shishu mandir Banbasa"},"geometry":{"type":"Point","coordinates":[80.0715909,28.9945294]}},
{"type":"Feature","properties":{"full_id":"n12539452427","osm_id":"12539452427","osm_type":"node","amenity":"school","check_date":null,"addr:district":null,"entrance":null,"addr:country":null,"brand:wikipedia":null,"brand:wikidata":null,"brand":null,"wheelchair":null,"motor_vehicle":null,"locked":null,"horse":null,"foot":null,"bicycle":null,"access":null,"operator:type":null,"barrier":null,"grades":null,"wikipedia":null,"addr:housenumber":null,"smoking":null,"payment:credit_cards":null,"payment:cash":null,"operator":"sanjeev semwal","opening_hours":null,"internet_access:fee":null,"internet_access":null,"healthcare:speciality":null,"description":null,"name:hi":null,"name:en":null,"website":"https://rishikeshyttc.com/","religion":"hindu","phone":null,"landuse":"religious","email":null,"education":"yoga","addr:street":null,"addr:postcode":null,"wikidata":null,"addr:city":null,"name":"rishikesh yoga teacher training center"},"geometry":{"type":"Point","coordinates":[78.3205058,30.1329051]}},
{"type":"Feature","properties":{"full_id":"n12593314468","osm_id":"12593314468","osm_type":"node","amenity":"school","check_date":null,"addr:district":null,"entrance":null,"addr:country":null,"brand:wikipedia":null,"brand:wikidata":null,"brand":null,"wheelchair":null,"motor_vehicle":null,"locked":null,"horse":null,"foot":null,"bicycle":null,"access":null,"operator:type":null,"barrier":null,"grades":null,"wikipedia":null,"addr:housenumber":null,"smoking":null,"payment:credit_cards":null,"payment:cash":null,"operator":null,"opening_hours":null,"internet_access:fee":null,"internet_access":null,"healthcare:speciality":null,"description":null,"name:hi":null,"name:en":null,"website":null,"religion":null,"phone":null,"landuse":null,"email":null,"education":null,"addr:street":null,"addr:postcode":null,"wikidata":null,"addr:city":null,"name":"Mahendra ground"},"geometry":{"type":"Point","coordinates":[78.0617651,30.374954]}},
{"type":"Feature","properties":{"full_id":"n12593415461","osm_id":"12593415461","osm_type":"node","amenity":"school","check_date":null,"addr:district":null,"entrance":null,"addr:country":null,"brand:wikipedia":null,"brand:wikidata":null,"brand":null,"wheelchair":null,"motor_vehicle":null,"locked":null,"horse":null,"foot":null,"bicycle":null,"access":null,"operator:type":null,"barrier":null,"grades":null,"wikipedia":null,"addr:housenumber":null,"smoking":null,"payment:credit_cards":null,"payment:cash":null,"operator":null,"opening_hours":null,"internet_access:fee":null,"internet_access":null,"healthcare:speciality":null,"description":null,"name:hi":null,"name:en":null,"website":null,"religion":null,"phone":null,"landuse":null,"email":null,"education":null,"addr:street":null,"addr:postcode":null,"wikidata":null,"addr:city":null,"name":"badminton"},"geometry":{"type":"Point","coordinates":[78.0645236,30.3731913]}},
{"type":"Feature","properties":{"full_id":"n12593415462","osm_id":"12593415462","osm_type":"node","amenity":"school","check_date":null,"addr:district":null,"entrance":null,"addr:country":null,"brand:wikipedia":null,"brand:wikidata":null,"brand":null,"wheelchair":null,"motor_vehicle":null,"locked":null,"horse":null,"foot":null,"bicycle":null,"access":null,"operator:type":null,"barrier":null,"grades":null,"wikipedia":null,"addr:housenumber":null,"smoking":null,"payment:credit_cards":null,"payment:cash":null,"operator":null,"opening_hours":null,"internet_access:fee":null,"internet_access":null,"healthcare:speciality":null,"description":null,"name:hi":null,"name:en":null,"website":null,"religion":null,"phone":null,"landuse":null,"email":null,"education":null,"addr:street":null,"addr:postcode":null,"wikidata":null,"addr:city":null,"name":"sarkari school"},"geometry":{"type":"Point","coordinates":[78.0631684,30.3731722]}},
{"type":"Feature","properties":{"full_id":"n12593415463","osm_id":"12593415463","osm_type":"node","amenity":"school","check_date":null,"addr:district":null,"entrance":null,"addr:country":null,"brand:wikipedia":null,"brand:wikidata":null,"brand":null,"wheelchair":null,"motor_vehicle":null,"locked":null,"horse":null,"foot":null,"bicycle":null,"access":null,"operator:type":null,"barrier":null,"grades":null,"wikipedia":null,"addr:housenumber":null,"smoking":null,"payment:credit_cards":null,"payment:cash":null,"operator":null,"opening_hours":null,"internet_access:fee":null,"internet_access":null,"healthcare:speciality":null,"description":null,"name:hi":null,"name:en":null,"website":null,"religion":null,"phone":null,"landuse":null,"email":null,"education":null,"addr:street":null,"addr:postcode":null,"wikidata":null,"addr:city":null,"name":"Haath bazar"},"geometry":{"type":"Point","coordinates":[78.0652196,30.3721409]}},
{"type":"Feature","properties":{"full_id":"n12593415465","osm_id":"12593415465","osm_type":"node","amenity":"school","check_date":null,"addr:district":null,"entrance":null,"addr:country":null,"brand:wikipedia":null,"brand:wikidata":null,"brand":null,"wheelchair":null,"motor_vehicle":null,"locked":null,"horse":null,"foot":null,"bicycle":null,"access":null,"operator:type":null,"barrier":null,"grades":null,"wikipedia":null,"addr:housenumber":null,"smoking":null,"payment:credit_cards":null,"payment:cash":null,"operator":null,"opening_hours":null,"internet_access:fee":null,"internet_access":null,"healthcare:speciality":null,"description":null,"name:hi":null,"name:en":null,"website":null,"religion":null,"phone":null,"landuse":null,"email":null,"education":null,"addr:street":"Johri Gaon Road","addr:postcode":null,"wikidata":null,"addr:city":null,"name":"Tulas apartment"},"geometry":{"type":"Point","coordinates":[78.0669653,30.3755561]}},
{"type":"Feature","properties":{"full_id":"n12866264640","osm_id":"12866264640","osm_type":"node","amenity":"school","check_date":"2025-05-27","addr:district":null,"entrance":null,"addr:country":null,"brand:wikipedia":null,"brand:wikidata":null,"brand":null,"wheelchair":null,"motor_vehicle":null,"locked":null,"horse":null,"foot":null,"bicycle":null,"access":null,"operator:type":null,"barrier":null,"grades":null,"wikipedia":null,"addr:housenumber":null,"smoking":null,"payment:credit_cards":null,"payment:cash":null,"operator":null,"opening_hours":null,"internet_access:fee":null,"internet_access":null,"healthcare:speciality":null,"description":null,"name:hi":null,"name:en":null,"website":null,"religion":null,"phone":null,"landuse":null,"email":null,"education":null,"addr:street":null,"addr:postcode":null,"wikidata":null,"addr:city":null,"name":"GGIC SRINAGAR GROUND"},"geometry":{"type":"Point","coordinates":[78.7916601,30.2238627]}},
{"type":"Feature","properties":{"full_id":"n12866264641","osm_id":"12866264641","osm_type":"node","amenity":"school","check_date":"2025-05-27","addr:district":null,"entrance":null,"addr:country":null,"brand:wikipedia":null,"brand:wikidata":null,"brand":null,"wheelchair":null,"motor_vehicle":null,"locked":null,"horse":null,"foot":null,"bicycle":null,"access":null,"operator:type":null,"barrier":null,"grades":null,"wikipedia":null,"addr:housenumber":null,"smoking":null,"payment:credit_cards":null,"payment:cash":null,"operator":null,"opening_hours":null,"internet_access:fee":null,"internet_access":null,"healthcare:speciality":null,"description":null,"name:hi":null,"name:en":null,"website":null,"religion":null,"phone":null,"landuse":null,"email":null,"education":null,"addr:street":null,"addr:postcode":null,"wikidata":null,"addr:city":null,"name":"GIC SRINAGAR GROUND"},"geometry":{"type":"Point","coordinates":[78.7955612,30.2188431]}},
{"type":"Feature","properties":{"full_id":"n13153090354","osm_id":"13153090354","osm_type":"node","amenity":"school","check_date":null,"addr:district":null,"entrance":null,"addr:country":null,"brand:wikipedia":null,"brand:wikidata":null,"brand":null,"wheelchair":null,"motor_vehicle":null,"locked":null,"horse":null,"foot":null,"bicycle":null,"access":null,"operator:type":null,"barrier":null,"grades":null,"wikipedia":null,"addr:housenumber":null,"smoking":null,"payment:credit_cards":null,"payment:cash":null,"operator":null,"opening_hours":null,"internet_access:fee":null,"internet_access":null,"healthcare:speciality":null,"description":null,"name:hi":null,"name:en":null,"website":null,"religion":"hindu","phone":null,"landuse":"religious","email":null,"education":"yoga","addr:street":null,"addr:postcode":null,"wikidata":null,"addr:city":null,"name":"Yoga essence ashram"},"geometry":{"type":"Point","coordinates":[78.325285,30.1296358]}},
{"type":"Feature","properties":{"full_id":"n13206120474","osm_id":"13206120474","osm_type":"node","amenity":"school","check_date":null,"addr:district":null,"entrance":null,"addr:country":null,"brand:wikipedia":null,"brand:wikidata":null,"brand":null,"wheelchair":null,"motor_vehicle":null,"locked":null,"horse":null,"foot":null,"bicycle":null,"access":null,"operator:type":null,"barrier":null,"grades":null,"wikipedia":null,"addr:housenumber":null,"smoking":null,"payment:credit_cards":null,"payment:cash":null,"operator":null,"opening_hours":null,"internet_access:fee":null,"internet_access":null,"healthcare:speciality":null,"description":null,"name:hi":null,"name:en":null,"website":null,"religion":null,"phone":null,"landuse":null,"email":null,"education":null,"addr:street":null,"addr:postcode":null,"wikidata":null,"addr:city":null,"name":"Garhwal Rifle War Memorial School"},"geometry":{"type":"Point","coordinates":[78.0868578,30.3456427]}},
{"type":"Feature","properties":{"full_id":"n13270675066","osm_id":"13270675066","osm_type":"node","amenity":"school","check_date":null,"addr:district":null,"entrance":null,"addr:country":null,"brand:wikipedia":null,"brand:wikidata":null,"brand":null,"wheelchair":null,"motor_vehicle":null,"locked":null,"horse":null,"foot":null,"bicycle":null,"access":null,"operator:type":null,"barrier":null,"grades":null,"wikipedia":null,"addr:housenumber":null,"smoking":null,"payment:credit_cards":null,"payment:cash":null,"operator":null,"opening_hours":null,"internet_access:fee":null,"internet_access":null,"healthcare:speciality":null,"description":null,"name:hi":null,"name:en":null,"website":null,"religion":null,"phone":null,"landuse":null,"email":null,"education":null,"addr:street":null,"addr:postcode":null,"wikidata":null,"addr:city":null,"name":"Pop corn kids school"},"geometry":{"type":"Point","coordinates":[78.0341801,30.3155918]}},
{"type":"Feature","properties":{"full_id":"n13283367125","osm_id":"13283367125","osm_type":"node","amenity":"school","check_date":null,"addr:district":null,"entrance":null,"addr:country":null,"brand:wikipedia":null,"brand:wikidata":null,"brand":null,"wheelchair":null,"motor_vehicle":null,"locked":null,"horse":null,"foot":null,"bicycle":null,"access":null,"operator:type":null,"barrier":null,"grades":null,"wikipedia":null,"addr:housenumber":null,"smoking":null,"payment:credit_cards":null,"payment:cash":null,"operator":null,"opening_hours":null,"internet_access:fee":null,"internet_access":null,"healthcare:speciality":null,"description":null,"name:hi":null,"name:en":null,"website":null,"religion":null,"phone":null,"landuse":null,"email":null,"education":null,"addr:street":null,"addr:postcode":null,"wikidata":null,"addr:city":null,"name":null},"geometry":{"type":"Point","coordinates":[78.3473563,31.1189739]}},
{"type":"Feature","properties":{"full_id":"n13284991473","osm_id":"13284991473","osm_type":"node","amenity":"school","check_date":null,"addr:district":null,"entrance":null,"addr:country":null,"brand:wikipedia":null,"brand:wikidata":null,"brand":null,"wheelchair":null,"motor_vehicle":null,"locked":null,"horse":null,"foot":null,"bicycle":null,"access":null,"operator:type":null,"barrier":null,"grades":null,"wikipedia":null,"addr:housenumber":null,"smoking":null,"payment:credit_cards":null,"payment:cash":null,"operator":null,"opening_hours":null,"internet_access:fee":null,"internet_access":null,"healthcare:speciality":null,"description":null,"name:hi":null,"name:en":null,"website":null,"religion":null,"phone":null,"landuse":null,"email":null,"education":null,"addr:street":null,"addr:postcode":null,"wikidata":null,"addr:city":null,"name":"Delhi Public School"},"geometry":{"type":"Point","coordinates":[77.781367,30.4153115]}},
{"type":"Feature","properties":{"full_id":"n13359139501","osm_id":"13359139501","osm_type":"node","amenity":"school","check_date":null,"addr:district":null,"entrance":null,"addr:country":null,"brand:wikipedia":null,"brand:wikidata":null,"brand":null,"wheelchair":null,"motor_vehicle":null,"locked":null,"horse":null,"foot":null,"bicycle":null,"access":null,"operator:type":null,"barrier":null,"grades":null,"wikipedia":null,"addr:housenumber":null,"smoking":null,"payment:credit_cards":null,"payment:cash":null,"operator":null,"opening_hours":null,"internet_access:fee":null,"internet_access":null,"healthcare:speciality":null,"description":null,"name:hi":null,"name:en":null,"website":null,"religion":null,"phone":null,"landuse":null,"email":null,"education":null,"addr:street":null,"addr:postcode":null,"wikidata":null,"addr:city":null,"name":"Vinyasa Yogashala"},"geometry":{"type":"Point","coordinates":[78.3218005,30.1310763]}},
{"type":"Feature","properties":{"full_id":"n13913814976","osm_id":"13913814976","osm_type":"node","amenity":null,"check_date":null,"addr:district":null,"entrance":null,"addr:country":null,"brand:wikipedia":null,"brand:wikidata":null,"brand":null,"wheelchair":null,"motor_vehicle":null,"locked":null,"horse":null,"foot":null,"bicycle":null,"access":null,"operator:type":null,"barrier":"gate","grades":null,"wikipedia":null,"addr:housenumber":null,"smoking":null,"payment:credit_cards":null,"payment:cash":null,"operator":null,"opening_hours":null,"internet_access:fee":null,"internet_access":null,"healthcare:speciality":null,"description":null,"name:hi":null,"name:en":null,"website":null,"religion":null,"phone":null,"landuse":null,"email":null,"education":null,"addr:street":null,"addr:postcode":null,"wikidata":null,"addr:city":null,"name":null},"geometry":{"type":"Point","coordinates":[79.5398855,29.257787]}},
{"type":"Feature","properties":{"full_id":"n14125265280","osm_id":"14125265280","osm_type":"node","amenity":"school","check_date":null,"addr:district":null,"entrance":null,"addr:country":null,"brand:wikipedia":null,"brand:wikidata":null,"brand":null,"wheelchair":null,"motor_vehicle":null,"locked":null,"horse":null,"foot":null,"bicycle":null,"access":null,"operator:type":null,"barrier":null,"grades":null,"wikipedia":null,"addr:housenumber":null,"smoking":null,"payment:credit_cards":null,"payment:cash":null,"operator":null,"opening_hours":null,"internet_access:fee":null,"internet_access":null,"healthcare:speciality":null,"description":null,"name:hi":null,"name:en":null,"website":null,"religion":null,"phone":null,"landuse":null,"email":null,"education":null,"addr:street":null,"addr:postcode":null,"wikidata":null,"addr:city":null,"name":"PM SHRI KV OFD"},"geometry":{"type":"Point","coordinates":[78.0917568,30.3132188]}}
]
}
