{"type": "FeatureCollection", "name": "uttarakhand_state_boundary", "crs": {"type": "name", "properties": {"name": "urn:ogc:def:crs:OGC:1.3:CRS84"}}, "features": [{"type": "Feature", "properties": {"id": 34, "objectid": 34, "state": "UK", "stcode": "05", "shape_length": 1664543.9401817052, "shape_area": 51967487293.03218, "ds_name": " Administrative Boundary", "src_agency": "Survey of India (SOI)", "state_name": "Uttarakhand"}, "geometry": {"type": "MultiPolygon", "coordinates": [[[[79.25028460812814, 31.25536448306284], [79.25115436876042, 31.24990948238359], [79.25084310824099, 31.24617322705306], [79.25186584779024, 31.243017480627344], [79.25371286633215, 31.241732978035763], [79.2570663446179, 31.24016796860233], [79.26627585790867, 31.237910717918165], [79.2702911152576, 31.23749773025443], [79.27304328708011, 31.236789594840115], [79.28017061116668, 31.234955473109498], [79.28218595315407, 31.233721961242544], [79.28436535457375, 31.232387974411388], [79.28655735707241, 31.229236992289714], [79.29262284955325, 31.22121823851475], [79.29388182200864, 31.21886908204866], [79.29515784509708, 31.216487995699143], [79.29990060451993, 31.205733498356796], [79.30014005724729, 31.20444933290551], [79.30145311102183, 31.197406975905913], [79.3031648670655, 31.190374236832763], [79.30221887257218, 31.183242621544544], [79.30076236212638, 31.172260475604446], [79.30095334072902, 31.167848149658035], [79.30095422111638, 31.16782781349242], [79.30258470531994, 31.165039316616053], [79.30314884821418, 31.164080985071216], [79.30571447731661, 31.16008325319586], [79.30719512029565, 31.157775977996934], [79.30822134645726, 31.153613237476378], [79.30941682618123, 31.14748725613505], [79.30942146379839, 31.147463489714582], [79.31269761467834, 31.142047729259133], [79.31748135791852, 31.136720736252034], [79.31798334317092, 31.136364434002534], [79.32408959480247, 31.132029997295025], [79.32459009386105, 31.13175214484019], [79.33252536012941, 31.127346495936695], [79.33826890934147, 31.12590788920827], [79.34241109495333, 31.124870232214732], [79.34304558695604, 31.12465144972211], [79.3451855559455, 31.12391352820658], [79.35257179623817, 31.121366248985403], [79.35413310800878, 31.12082774313153], [79.3646869090881, 31.117372747461456], [79.37502795363652, 31.113986519257317], [79.37976910258229, 31.112433717800183], [79.39294135277633, 31.11028124419314], [79.3988030971657, 31.107786476098298], [79.40212135519221, 31.10213648444456], [79.40402309358282, 31.087044480564913], [79.40624710067023, 31.08076097321805], [79.4077273431506, 31.076991474832443], [79.41046265944198, 31.075351410685272], [79.41046419201139, 31.075350492499005], [79.41102584266689, 31.07511573065116], [79.4142972706065, 31.074478420413993], [79.41578160166334, 31.074189231712175], [79.42163685437919, 31.0726369870486], [79.42456785422489, 31.071074486374414], [79.42568661170826, 31.066359476024008], [79.42391160932696, 31.0553427415968], [79.42248286765313, 31.04841648898413], [79.42288861866179, 31.039923729039394], [79.42364335916425, 31.03489272565223], [79.42476036837262, 31.030491988333118], [79.43061461260656, 31.0286247261948], [79.43609759001092, 31.028014488308983], [79.44559636372912, 31.028046980437164], [79.44749918819069, 31.028585544167118], [79.45909685291969, 31.03186748033749], [79.46858885015865, 31.03347147898127], [79.4768378029822, 31.033498103400397], [79.47853439057958, 31.033503529355148], [79.48606381925508, 31.033527391145704], [79.49160610617332, 31.033544734094676], [79.49708885852259, 31.03293249368071], [79.50293461932316, 31.03295022301529], [79.50512900791185, 31.032282886334507], [79.50555365894729, 31.032361933473958], [79.50693155115482, 31.032078685509195], [79.50709067678406, 31.031748347438743], [79.5071081883225, 31.031711994119274], [79.51244634881635, 31.029832724930714], [79.51903486896677, 31.026705988276564], [79.52419760399918, 31.01445098123284], [79.53118060466058, 31.003459237087316], [79.53812397500916, 30.99019011701634], [79.5471443280596, 30.989610459680993], [79.54789803238985, 30.989562003999207], [79.54844255434702, 30.989526992818586], [79.54701884921367, 30.985529497746608], [79.5465342968234, 30.98513145075697], [79.54399121343425, 30.983042310355394], [79.54162090987943, 30.980791000967365], [79.54064664130233, 30.979865605289376], [79.540343650492, 30.975457965698403], [79.5419481364881, 30.973809905474706], [79.54595350138796, 30.97120450245264], [79.55061018448988, 30.965295605147503], [79.55205864755449, 30.962545242882225], [79.55254720125875, 30.960067667353282], [79.555593576957, 30.957321603238505], [79.56454297231696, 30.95720794501111], [79.56710961097839, 30.954460373993708], [79.56888302331924, 30.950058006594126], [79.57099030173751, 30.948955695969616], [79.57176462136758, 30.948550640183015], [79.57521435317729, 30.949268064520727], [79.57847103990731, 30.949945267437812], [79.58294616552848, 30.94968129322792], [79.5861462244416, 30.948449926873952], [79.59014190882853, 30.948184539551324], [79.59670471947376, 30.944757795165312], [79.60022996324597, 30.941736540025296], [79.60167386263446, 30.939949648640464], [79.60136649938964, 30.936230333991478], [79.60185484321423, 30.93347700694131], [79.60214859641725, 30.933326044909723], [79.60345524382011, 30.932654535305396], [79.60472578712896, 30.93499895397336], [79.60550900874621, 30.9398212183031], [79.60745809927322, 30.941640629500935], [79.60751900606193, 30.94169748165677], [79.61399950816134, 30.94420148178043], [79.6140615058094, 30.94422543542666], [79.61699183269114, 30.946596931801096], [79.61881576296379, 30.949585854004855], [79.61985337110087, 30.951286126107362], [79.62240836594329, 30.951842921913393], [79.6280003417397, 30.952131169097434], [79.63326984436405, 30.953382543850363], [79.63917497120013, 30.955874618694654], [79.64380271894966, 30.958088250665984], [79.6503447437866, 30.961545300783094], [79.65849106534259, 30.9629396696873], [79.66359506324861, 30.9665308559677], [79.66466223930234, 30.969078607772456], [79.66486522249035, 30.969563190464772], [79.66325177901486, 30.975068423740296], [79.663352621773, 30.977977438852882], [79.6633997812188, 30.979337799807883], [79.66498822193294, 30.98292153638575], [79.66898149355349, 30.983893629079244], [79.674896572128, 30.98349235201004], [79.68385817178812, 30.979378584694086], [79.69218090472125, 30.974849948695233], [79.69796444979227, 30.97250256482502], [79.69904566198831, 30.972545056769015], [79.70161499358477, 30.973077144952143], [79.70432360988593, 30.976524876626467], [79.70799534274609, 30.978321719827967], [79.71183224018368, 30.977915382609247], [79.71711109651466, 30.975996620400625], [79.72126122635626, 30.978344839445867], [79.7266911110463, 30.980281950733], [79.7354792045189, 30.9815357765862], [79.7380318034765, 30.983743241089567], [79.74344127083235, 30.9955946782533], [79.7471024123116, 31.003036424696166], [79.75189126193827, 31.00648632123988], [79.75300753230859, 31.007865029014027], [79.75621236828184, 31.004151861192298], [79.76165395562523, 31.000992685724423], [79.76598130583196, 30.99521531184012], [79.77462507174374, 30.98889291160021], [79.78086146814002, 30.987524290228592], [79.78741499841063, 30.98753292579389], [79.79188916581552, 30.98836491793817], [79.79541707081628, 30.98162160944315], [79.79861695094529, 30.979697625842928], [79.8027732506094, 30.979289548647596], [79.80724460074408, 30.981773662747706], [79.81092529277507, 30.97888602608234], [79.81636702593755, 30.97393458324331], [79.82276080199738, 30.973390771289587], [79.83554408767067, 30.97533207716418], [79.8385826124193, 30.973957971506717], [79.84545331290089, 30.975341720044877], [79.85344329790658, 30.976450754673543], [79.85615922964091, 30.977417143274252], [79.86271454828382, 30.975357082845974], [79.87071068706632, 30.970819053211383], [79.87582830730186, 30.96751786651039], [79.87871089293796, 30.961598246905663], [79.88111231656914, 30.957193046916224], [79.88239246398403, 30.95540363220735], [79.88223705825988, 30.950858780277095], [79.88432013499941, 30.944800532243303], [79.88496175100744, 30.94218425447994], [79.88863939448353, 30.939294602489756], [79.88845334613343, 30.938590437378437], [79.8876671506825, 30.935614707495752], [79.88736561890855, 30.93447336903229], [79.88704862699183, 30.931718635451503], [79.88961166640473, 30.92428309494259], [79.89025578809566, 30.918636614421917], [79.89888294856081, 30.91795350817733], [79.90191854686614, 30.91754215892857], [79.90751147479067, 30.91534170819975], [79.91038712958452, 30.91506783984677], [79.91166783013024, 30.9119821517465], [79.91208114010767, 30.910986295142457], [79.91349661586939, 30.90757560370722], [79.91886306068935, 30.901023396935035], [79.92107131697253, 30.89698279807083], [79.9214217323955, 30.896341587876897], [79.92296898165071, 30.89500876524322], [79.92509728968481, 30.893175329664828], [79.9276556368649, 30.888355599095835], [79.92790819154426, 30.887317587493648], [79.92909648308519, 30.88243336009435], [79.93064608605714, 30.881462363171565], [79.93074997032336, 30.881397266981246], [79.93564434974637, 30.88243605716329], [79.94139231178023, 30.885330781291415], [79.9449055139901, 30.886158440017347], [79.94937793578465, 30.884782467742554], [79.95368992567262, 30.885059219538007], [79.96215289744971, 30.89002003461621], [79.96454976098974, 30.886026099592556], [79.96966132772711, 30.88244583973736], [79.98962466207382, 30.878591489426842], [79.99249934241394, 30.8769387166972], [79.99729040030502, 30.869087390516473], [79.99872757933284, 30.869225152050053], [79.99923987626048, 30.868229815648338], [79.9998673177768, 30.867010737553784], [80.00374564113592, 30.865080535022457], [80.01030884071089, 30.863664790078616], [80.01224796947928, 30.86353597113746], [80.01433594687931, 30.86083356277884], [80.01746755793253, 30.855557411544023], [80.02507288953741, 30.848092910030143], [80.0420339218304, 30.835816164999127], [80.04460635240379, 30.835622447572234], [80.04751526835956, 30.83784144403626], [80.05064823643396, 30.840639386590407], [80.05322143557967, 30.841989743259635], [80.05486539750446, 30.84170547642131], [80.056017551292, 30.841506237373967], [80.05825373013344, 30.839671700187395], [80.05872797895702, 30.837367265827908], [80.05782559659387, 30.83581155427598], [80.05730073273592, 30.83490666527779], [80.05688004541413, 30.832228526879682], [80.05746588589307, 30.829405247432224], [80.06149057891854, 30.826218742872207], [80.06694137020538, 30.823755411761056], [80.07674981711362, 30.815498797362007], [80.07755221531703, 30.814574344499203], [80.08052116360753, 30.811153605531572], [80.0849891677315, 30.804020877025046], [80.08852899330418, 30.7952607988569], [80.08900733371874, 30.79407692048788], [80.09247188159993, 30.792047987662137], [80.09571338803876, 30.790887824573968], [80.10007189890919, 30.78741526032108], [80.10008488387108, 30.78740491498138], [80.10494423931095, 30.783633827503724], [80.10655115855592, 30.782386871320245], [80.11014732475041, 30.77983521758026], [80.11090848474306, 30.779295111961687], [80.11582649055684, 30.77822989010492], [80.11884533236531, 30.778613819873613], [80.12242151527526, 30.777356315865692], [80.1263356162849, 30.778608175415222], [80.13002848119764, 30.78198369582326], [80.13405503701993, 30.78362137006311], [80.13774497969577, 30.78410091823121], [80.14132585113742, 30.786897086322195], [80.14353733998367, 30.78975469614602], [80.14823272974154, 30.789388522525964], [80.15376460746339, 30.787428766016756], [80.15737195628454, 30.78872840429187], [80.15483655163203, 30.797525104662775], [80.15419950849878, 30.7997351178284], [80.15465358577202, 30.801794571780604], [80.154789952957, 30.802413043380245], [80.15596719576229, 30.804873214948266], [80.15814899459939, 30.80588458304113], [80.1664507604453, 30.805224792633645], [80.17777080706107, 30.80405457721841], [80.17835387741322, 30.803679334252372], [80.18103837025065, 30.801951634683665], [80.18446958218864, 30.797242320097713], [80.187560967191, 30.789854728585482], [80.19266837272124, 30.784998385874047], [80.19774788170871, 30.779500749435297], [80.19836017586496, 30.778838004852105], [80.19945544721108, 30.778314501695792], [80.2032193995891, 30.77651536248852], [80.20027849701083, 30.772682022530027], [80.19934957610062, 30.768628954869957], [80.20009769141245, 30.764718589508792], [80.20344400948035, 30.760442968088213], [80.20829954565922, 30.756454909557597], [80.21254348567739, 30.751294344687352], [80.21306776079513, 30.750656791943264], [80.2149091396004, 30.74906157238443], [80.21683688034788, 30.74891421772068], [80.21977340659743, 30.75035828135702], [80.22472856929387, 30.755419483411767], [80.2301846792604, 30.759176598657177], [80.2328542347169, 30.76017343554658], [80.23849025579368, 30.762277775848762], [80.23966351873368, 30.76205886030432], [80.23990544532784, 30.757207811499477], [80.24106630255538, 30.750762558719682], [80.24290225147982, 30.746633019466817], [80.24608346936483, 30.744601025203806], [80.24718384973845, 30.744032156926462], [80.24881411494454, 30.743189326883464], [80.25043763666892, 30.74234995580646], [80.25051071155916, 30.737136922183325], [80.25024986587198, 30.73257596828827], [80.24936371020635, 30.72993978814758], [80.2489849335688, 30.72881294213737], [80.24896058270087, 30.728482825598167], [80.24849097179808, 30.722116086328416], [80.24838152780289, 30.720632198577285], [80.24787094244301, 30.718735925219942], [80.24762151742068, 30.717809559381294], [80.2405711925435, 30.712389700006415], [80.23737941020573, 30.708629249844922], [80.2368743636437, 30.707471476755074], [80.23727752097875, 30.69936123662706], [80.23701668710744, 30.694510237793715], [80.23642214107306, 30.690383766504354], [80.23457480566053, 30.688286553472388], [80.22979719158627, 30.687279625805974], [80.22493681123733, 30.686779543547143], [80.21571680873468, 30.68461971042024], [80.2125324732126, 30.68426184664037], [80.2076741397924, 30.68484740425123], [80.20407151932812, 30.68485196299941], [80.19971188899892, 30.68304710213799], [80.19761242937467, 30.68000839813931], [80.19735498037495, 30.676243302233505], [80.19793563548443, 30.672694395938574], [80.19700180427749, 30.665092145360823], [80.19715834013796, 30.662092240204164], [80.19801697025729, 30.661291507146853], [80.19901298803126, 30.660362630561316], [80.20544428767012, 30.654364330097195], [80.2170711476258, 30.6454420274258], [80.22116854424235, 30.641815643294592], [80.22233313319634, 30.637468980777612], [80.22182310918085, 30.63334181455056], [80.21871602814004, 30.62863876490018], [80.21510994858616, 30.625746774591946], [80.21317972461897, 30.625178544124722], [80.21192614268871, 30.624809492738233], [80.21167076246175, 30.622419947762925], [80.21214018794245, 30.619869313743393], [80.21241733092228, 30.6183633942532], [80.21366431843154, 30.616669662685158], [80.21433866721995, 30.61575369586292], [80.21668044565398, 30.609927940960997], [80.21668798127757, 30.609899058197172], [80.21708871855036, 30.60836296531703], [80.2227792563715, 30.606689535505403], [80.2270458755459, 30.60480062485283], [80.2288016855714, 30.60349453942531], [80.22963402522807, 30.60088610243617], [80.22735953520966, 30.593429544377127], [80.22675744310298, 30.58481168014955], [80.2268280855129, 30.579117229412525], [80.22682915352172, 30.579031099956932], [80.23318725066675, 30.576400999778933], [80.24096528803923, 30.57298552120198], [80.24890851682149, 30.568700241949106], [80.25140977476187, 30.56682044981416], [80.25325423933072, 30.565434194716527], [80.25369941380279, 30.56478233128626], [80.25685139504331, 30.56016666561791], [80.25776006959138, 30.558835945805765], [80.25908012985212, 30.56064790136736], [80.26170713278667, 30.565058660796858], [80.26623038774582, 30.566644774183594], [80.26991256909852, 30.566348983153848], [80.27359245293118, 30.565039096401076], [80.2770259434296, 30.565830010332867], [80.27987706852294, 30.568142879423466], [80.28116606255828, 30.569779581350588], [80.28306715713993, 30.572193390022427], [80.28749955371357, 30.570519749286152], [80.29014123144071, 30.5694010813024], [80.29385452780733, 30.567828503808283], [80.3043085036926, 30.564332642955815], [80.31242153709002, 30.562071918124857], [80.31831653523236, 30.559606468586466], [80.31885921497097, 30.559379488636022], [80.3243692278362, 30.554153532401145], [80.33697965009085, 30.544349489341954], [80.3528479374764, 30.533305822656345], [80.36061236817847, 30.527349064477907], [80.36242517063454, 30.526544506170247], [80.37389844149322, 30.521451689162426], [80.37833426748278, 30.52187604980971], [80.37910196679437, 30.52142436503799], [80.38142437711548, 30.520057901211675], [80.38173842824449, 30.519185993328325], [80.38283445180501, 30.51614295537763], [80.38559198253414, 30.515049870265578], [80.39111480155789, 30.51532643114929], [80.39831473807543, 30.51675770937735], [80.40686125669022, 30.520503299898174], [80.41021800052866, 30.523464784432115], [80.41229569592316, 30.524895153553032], [80.41273400930866, 30.525196897191826], [80.41557934744046, 30.525334524720655], [80.41615968596551, 30.524556568782025], [80.4166621303721, 30.5238830190434], [80.41704757136351, 30.522206589952052], [80.41822851177048, 30.51706989421423], [80.41842612056129, 30.516771298646194], [80.41947702454604, 30.51518328944074], [80.42916737034295, 30.510956568549283], [80.43108237586182, 30.508343697420674], [80.43132925532213, 30.50718401338502], [80.43633845292507, 30.504273063430457], [80.4430184161928, 30.500777870069967], [80.44434206179133, 30.49989200068976], [80.44769166055421, 30.497650116675914], [80.44956408150223, 30.496873996325892], [80.45596056705877, 30.49422239623051], [80.4586587908422, 30.493783512290857], [80.46457132925788, 30.49282162696327], [80.46902579921017, 30.49161817487758], [80.46975358876834, 30.491620697029646], [80.47110411975635, 30.491056629487154], [80.47459884481488, 30.49011231060691], [80.47560389111769, 30.489792471500746], [80.48562649195668, 30.486602500894328], [80.48675342212492, 30.486459633767332], [80.49288458897351, 30.485682202555417], [80.49323440148694, 30.48563783807061], [80.49833080174284, 30.484173434302864], [80.50325351557684, 30.4811880899796], [80.5045198282023, 30.48003924660263], [80.50950302170921, 30.475517981997488], [80.51317728424712, 30.47412997366062], [80.51710421485093, 30.473175745727694], [80.51891963341086, 30.471014803455002], [80.52076563879461, 30.46881733849247], [80.52458627236663, 30.462647131900024], [80.52595531558359, 30.46158316847547], [80.53067068528703, 30.45791832679148], [80.53491811339828, 30.453919777751885], [80.5360852822465, 30.452083215412816], [80.53699433084395, 30.450652758973344], [80.53907844183588, 30.449196885151114], [80.54071362869956, 30.449028537639585], [80.546350095911, 30.44844811210365], [80.54760503098797, 30.448588787670573], [80.54931297173619, 30.45647988236896], [80.55142356195589, 30.460892020507217], [80.55553945782292, 30.464862570030206], [80.56006247599792, 30.466368419746594], [80.56416141204454, 30.466571582699835], [80.56884308011091, 30.466193036672752], [80.56984868438758, 30.466624189765884], [80.57094267509173, 30.468069270029428], [80.57659399114644, 30.478191632485846], [80.58020357835755, 30.480931664629875], [80.58556252652976, 30.4821439944707], [80.59174746487116, 30.481179833001722], [80.59800884166806, 30.478766267940735], [80.60401367466801, 30.475266731542522], [80.6115116045756, 30.469370632988507], [80.61609020722291, 30.465151471523292], [80.62251329200917, 30.461277920247074], [80.62334382682164, 30.46077701138786], [80.62512959383255, 30.45990559036671], [80.63785822182389, 30.45369327461379], [80.64594388998057, 30.448807281243948], [80.6511117825946, 30.444968793022152], [80.65202407153272, 30.44429113727859], [80.65586066698623, 30.44246445153614], [80.65878003950714, 30.44172894467775], [80.66462836262174, 30.440255325702665], [80.67398662354228, 30.43905757684151], [80.67807476662259, 30.437446653766717], [80.68706845984185, 30.43096069923494], [80.70372130381922, 30.41630962466933], [80.70373679691599, 30.41629283009631], [80.70719503585967, 30.412543632696295], [80.71352276482718, 30.40816865121214], [80.72369465910161, 30.403703846680937], [80.7279886000465, 30.40258175972217], [80.7377991115609, 30.400017573077847], [80.74572378205798, 30.397372932738257], [80.7519688900799, 30.39350388792277], [80.7580338494132, 30.38760656504066], [80.76384342447288, 30.38105800003385], [80.76782299691926, 30.375967010997194], [80.77960186137189, 30.362143143430302], [80.78358527702547, 30.357848638231975], [80.78563433507163, 30.35407634977795], [80.78561825708849, 30.354009700341596], [80.78462030053146, 30.349872574570554], [80.78537267625225, 30.34598516044842], [80.78539778681463, 30.345941916041884], [80.78733076937897, 30.342612911950972], [80.7925673609879, 30.33845685217834], [80.79359983523736, 30.337338286990544], [80.80069710473263, 30.32964841317498], [80.80189343531165, 30.328818591925092], [80.8103952835254, 30.32292077292416], [80.81100854592198, 30.32249530297828], [80.82157082350824, 30.315557565699027], [80.83489507574285, 30.309619448529098], [80.84589003481317, 30.30521422523289], [80.8627211891179, 30.299472784548204], [80.87064386404693, 30.29783606958334], [80.88658050349487, 30.29572054395893], [80.89625584524507, 30.294000505725734], [80.90683232865268, 30.28995567449339], [80.9198178092844, 30.28430202258129], [80.92830422257725, 30.281606991780798], [80.93306365875941, 30.28009528503256], [80.94757457484948, 30.277619479498163], [80.95749187896746, 30.275097056132008], [80.97133592424724, 30.270865852973525], [80.97998259904917, 30.26822237414047], [80.98839326192127, 30.26541718129188], [80.99547831509864, 30.26392429504345], [80.9998998003144, 30.2634622335399], [81.00276786959074, 30.263454151852347], [81.00554528671597, 30.263092169319417], [81.00836784005698, 30.260468543623237], [81.00909285190097, 30.259794601298136], [81.01229027545409, 30.25514797835274], [81.01235953846158, 30.25504731826043], [81.01677596003113, 30.252333472536233], [81.02147672492781, 30.250472184559495], [81.02187218682184, 30.250380923058145], [81.02608475576825, 30.24940869485923], [81.02980352029527, 30.248867927030492], [81.0320253801686, 30.247431489130502], [81.03320801881331, 30.24638954706054], [81.03199919107223, 30.244328405342976], [81.03108714475476, 30.242136053884003], [81.03038380575835, 30.237593158882504], [81.02982722043802, 30.233997886160527], [81.02801643610809, 30.23116464617302], [81.02729674872313, 30.229036246263053], [81.02710021739537, 30.228455013035948], [81.02768712360276, 30.227416838022894], [81.03139867049613, 30.226100205230306], [81.03002266785838, 30.221841782436254], [81.03046062683123, 30.22080452913503], [81.03105073761435, 30.220154235002912], [81.03359605806695, 30.219000111534108], [81.03553186277792, 30.21812231623555], [81.03683549347271, 30.2175311612995], [81.03801451041168, 30.216101208987148], [81.0401395680526, 30.215470850697763], [81.04068782487107, 30.215308214438593], [81.04139668608416, 30.214787422839326], [81.04246340468133, 30.214003701582094], [81.04318658485992, 30.212290319565387], [81.04333904713897, 30.211929091249903], [81.0444326595771, 30.211575709429965], [81.04660553730716, 30.210873549593465], [81.04538136383484, 30.20700207799825], [81.04327618827436, 30.204558685052923], [81.03939347920502, 30.203161170526123], [81.03625409828652, 30.20162949395379], [81.03535630757796, 30.20032580611374], [81.0347468383639, 30.19944077361663], [81.03503362757863, 30.198145793247537], [81.03333256023882, 30.19739044941617], [81.03105618681074, 30.19637960030722], [81.02922987399059, 30.195815813195438], [81.02913172307147, 30.19578551281569], [81.02592850379077, 30.19589481188306], [81.02485067452342, 30.195931575052132], [81.0247926460436, 30.195922502509955], [81.01315610834743, 30.19410279459448], [81.00745217641679, 30.19182833508451], [81.0070728848264, 30.191821789164067], [81.00405897756238, 30.191769728942965], [80.9996109682397, 30.19252345630845], [80.99469787252272, 30.191364894112542], [80.98692290314989, 30.18883671232125], [80.98376529083977, 30.18769095517978], [80.9807470233617, 30.186595678960835], [80.96907694789418, 30.18171253822635], [80.96004733504789, 30.17899238422536], [80.95582856174576, 30.179017315069384], [80.95000734033512, 30.17825899325011], [80.9444234053118, 30.1786878925757], [80.94087926826181, 30.180162170244493], [80.92703226411919, 30.18592107373281], [80.91828113841198, 30.18983442846897], [80.91944080575729, 30.19240354065355], [80.92131010089628, 30.198336758277254], [80.92170371394913, 30.20516983543824], [80.92158515877252, 30.20570893388054], [80.91971866803435, 30.2141956483089], [80.90786514318981, 30.215352099784116], [80.9027326667086, 30.215380753081444], [80.89974756020223, 30.21272272457941], [80.89560975159652, 30.20838696639462], [80.89272022248034, 30.203152637175144], [80.89096050597944, 30.1964260463269], [80.8877250464968, 30.190599012882156], [80.88197345360733, 30.183695828370254], [80.8764682860089, 30.179267694342386], [80.87203332334862, 30.177258300325214], [80.87203326421236, 30.17725827412002], [80.87063415303112, 30.176624321156797], [80.8698220046763, 30.17584378332504], [80.86776400339095, 30.17386581154407], [80.86716864684232, 30.170302535643934], [80.86921768410284, 30.163247361494044], [80.87039611268008, 30.15918940298776], [80.87023772921232, 30.15294873517159], [80.87050956155772, 30.151039707044596], [80.87145360658026, 30.14759226322484], [80.87335754104893, 30.14282646308743], [80.8749328319968, 30.139944795764663], [80.8768308342602, 30.134386301361026], [80.87633448892642, 30.128741611009744], [80.8750599512758, 30.126901801675263], [80.8747716632981, 30.12648564508987], [80.87434864672089, 30.126460568416743], [80.87228381183108, 30.126338148866306], [80.8709576617438, 30.126549318882116], [80.87016323556469, 30.12634050769439], [80.86844640303471, 30.12619231733225], [80.86638098664135, 30.124189405321257], [80.86596137064488, 30.12353846185121], [80.86589544852869, 30.123497512948628], [80.86501319915064, 30.122949482369293], [80.8643239631902, 30.122504256052387], [80.8642350301259, 30.122431929775452], [80.86253844627612, 30.121052107528858], [80.86155812736531, 30.120929204756713], [80.85994140176608, 30.12141438463852], [80.85936848166727, 30.121442723996797], [80.85722505350854, 30.1207577577187], [80.85641367420928, 30.12034357762786], [80.85496019610495, 30.120469026284752], [80.85457683249398, 30.119395166666184], [80.8542499090587, 30.119078577303238], [80.85307299688691, 30.11891807779161], [80.85301679660219, 30.11891041296302], [80.85157639584699, 30.11803051073246], [80.84928983183914, 30.11780359184158], [80.84839416003182, 30.117513598729794], [80.84797591606349, 30.117378181531613], [80.84703604400457, 30.117282133386578], [80.8470150449885, 30.117279987478245], [80.84700498455098, 30.117273027026144], [80.84608539064232, 30.116636771161247], [80.84472344809285, 30.116226592795798], [80.84323806095666, 30.11432189707958], [80.84188691656685, 30.11117057827214], [80.84202969844979, 30.110371942870664], [80.84274141402281, 30.1093908330761], [80.84294866701626, 30.109105125850206], [80.84539336816313, 30.107311697857213], [80.84586213536996, 30.10696780036578], [80.84602998283916, 30.106204731621016], [80.84601459467024, 30.104384817259444], [80.84550657012721, 30.103332477435174], [80.84543722020103, 30.102666800344647], [80.84506786369924, 30.1022213913712], [80.84420697891697, 30.101691989798613], [80.84236272816638, 30.101117423491573], [80.84172233723235, 30.100319625051277], [80.84033737548557, 30.0995298782058], [80.83976575272683, 30.098711942646062], [80.83838646462391, 30.098545066245396], [80.83649135476682, 30.09735449843954], [80.83586728520984, 30.097394208002793], [80.83493465402712, 30.097732966113224], [80.83486794436931, 30.097757196446874], [80.83338160131977, 30.09804490276455], [80.83284014149453, 30.098031282722285], [80.83212209910658, 30.097688528885975], [80.83146140811489, 30.09737314551292], [80.82919139377658, 30.097292808287047], [80.82811723143777, 30.09757248316887], [80.8275493470733, 30.098024143791875], [80.82698929349013, 30.098705785670404], [80.82583706707211, 30.100108128957796], [80.82540174365974, 30.100096106452536], [80.82494581068613, 30.09981368218921], [80.82456545086401, 30.09957806864993], [80.82242644793499, 30.10002118855819], [80.82071343279887, 30.099692694368287], [80.82032895768187, 30.099328718557192], [80.81968369549861, 30.097348636971187], [80.81918892211476, 30.096827137423862], [80.81850832512163, 30.096804955944805], [80.81712504900912, 30.097240734219675], [80.816768051957, 30.097228615474616], [80.81593290961307, 30.096708365760115], [80.81449964832589, 30.095815496513996], [80.81414522589013, 30.09528797628042], [80.81442158665799, 30.09401600409013], [80.81373000445106, 30.093093336046547], [80.81130738311383, 30.092619143577004], [80.81080216662947, 30.09229638057224], [80.80993793506632, 30.09122693190581], [80.80934689308404, 30.090928090643338], [80.80591315204957, 30.090163277571047], [80.80561403388674, 30.089989310021082], [80.80493478000196, 30.088984660799028], [80.80272481633894, 30.086923158219218], [80.80253007515003, 30.086699260546713], [80.8013876597311, 30.08536674241671], [80.80138299920138, 30.08534234956225], [80.80109997939714, 30.083860886983754], [80.80069479252847, 30.083420688970328], [80.80011602469683, 30.081798320417974], [80.79962292930303, 30.080932041621683], [80.79912249986806, 30.08053392376143], [80.79725715302445, 30.079902987507676], [80.79592628135184, 30.078495391087667], [80.79470040415187, 30.07760543633505], [80.79443064262306, 30.076779461779687], [80.79297052145414, 30.074852679553647], [80.79138682070689, 30.0733176826167], [80.79101991770916, 30.073236583315925], [80.79027817833561, 30.0734352611348], [80.7902394177595, 30.07342147873067], [80.78988251789434, 30.073294572411026], [80.78897397245811, 30.071966067363054], [80.78931263175821, 30.070886870182083], [80.78941991696814, 30.070544983874356], [80.789320646887, 30.06958034675419], [80.78789739844764, 30.067804855451737], [80.78683983375244, 30.067106206904867], [80.78619310610298, 30.066022735434032], [80.78547972538506, 30.06530793437466], [80.78523143038393, 30.064067869061308], [80.78485189251936, 30.06359573980297], [80.78459196144966, 30.06327239522224], [80.78402113305859, 30.06200305055606], [80.78385557271771, 30.061634889852527], [80.78253864592466, 30.06085414827426], [80.7818112739693, 30.060422915982848], [80.78127199322347, 30.05922352784037], [80.78063564325268, 30.058335291322177], [80.77953996491617, 30.05680587353056], [80.77863318200544, 30.056212272019504], [80.77788809898814, 30.05543688896261], [80.77650891117017, 30.054404172507653], [80.7752457412273, 30.05420401530952], [80.77431920096117, 30.054222472752237], [80.77289119667181, 30.054250911695796], [80.7721323158964, 30.054097720386473], [80.77176436462328, 30.053824569965318], [80.77109234833569, 30.053325684567703], [80.76971054784218, 30.053164422609385], [80.767662292605, 30.052307741111377], [80.76606970718663, 30.052044523741014], [80.76524140976443, 30.051453501510558], [80.76426123423892, 30.05111360796755], [80.76284293508202, 30.049965266974294], [80.76160182500587, 30.049658087327234], [80.76103175371125, 30.049516990139384], [80.76105259742934, 30.04849972379542], [80.7610544625617, 30.048408722438204], [80.76071525805499, 30.04748348135203], [80.7599443235813, 30.04645757247399], [80.75849213025622, 30.04511804257129], [80.75855784759625, 30.044650384398384], [80.75935329896839, 30.04367014539311], [80.75912627173174, 30.042694167931746], [80.75853242171266, 30.041779994576878], [80.7580228237141, 30.041354941793703], [80.75614672715685, 30.040356037436474], [80.75609089787379, 30.040326312260085], [80.75588988551651, 30.039835383421565], [80.755890966375, 30.03981968420501], [80.7562515559929, 30.034584470058093], [80.75577671531713, 30.03312416640367], [80.75562453432963, 30.031582368169424], [80.75589830113658, 30.030915844431046], [80.75709314966245, 30.029197843416757], [80.75806825890905, 30.02830196833715], [80.75814278613628, 30.02765447601406], [80.75763813094353, 30.025364265031886], [80.75772213547282, 30.02419909173759], [80.75757294252466, 30.023839776577226], [80.75627945846718, 30.022469470777455], [80.75505526614675, 30.021670270782163], [80.75391033293144, 30.019838988572346], [80.75387835488563, 30.018730808314544], [80.75356079149692, 30.018117254311807], [80.7532680122861, 30.0167558717393], [80.75223717355885, 30.01529946543272], [80.75179012223226, 30.01414973249646], [80.751453454016, 30.012628479556593], [80.75035568728464, 30.0113300500204], [80.75007434835246, 30.0103619295501], [80.74982104489138, 30.00949026851012], [80.74953636380869, 30.009014457244174], [80.74905491807891, 30.00846104133448], [80.7474841862794, 30.007244685521773], [80.74677142922019, 30.005780351840855], [80.74598099923608, 30.00538437879467], [80.74554926701038, 30.004775096558387], [80.74455545493325, 30.003852906104527], [80.74403584031178, 30.00359495977276], [80.74248027520336, 30.003485823184032], [80.74210226796252, 30.003325004953393], [80.74081770405253, 30.00219824121251], [80.7401911919378, 30.001118655843698], [80.73972271675004, 30.000683838442043], [80.73739582780296, 29.999427184951383], [80.73527192351702, 29.99954286085833], [80.73308208285646, 29.999662099357955], [80.73131423004808, 29.99975833806842], [80.72878639469964, 30.00051490297698], [80.728053991048, 30.00053871761912], [80.72739527533304, 30.000326581877996], [80.72635093985481, 30.00039409877045], [80.72508110172043, 30.000041883254475], [80.7236748222617, 29.999898772055612], [80.72201335281218, 30.000373147207434], [80.7211426321602, 30.000621743348578], [80.71969343938338, 30.000766563197622], [80.71934487198023, 30.00079293608443], [80.71930065080173, 30.00079628173519], [80.7192511457356, 30.000800027797403], [80.71903494487479, 30.000627152294125], [80.71901393799553, 30.000610355324145], [80.71858646754218, 30.000126559586032], [80.71853929995862, 30.000024551596617], [80.71821085809503, 29.999314247342447], [80.71662215286891, 29.997310818103735], [80.71520847990675, 29.995927040017325], [80.71504012133875, 29.994560618915454], [80.71499145691348, 29.9941656479756], [80.71300300865072, 29.99222174369091], [80.71283556170367, 29.99137415716743], [80.71227360385345, 29.99061265898993], [80.71107721649368, 29.989792205365774], [80.70898616878394, 29.989060316794305], [80.70795001806859, 29.987660560561398], [80.70712681254159, 29.98691847029691], [80.70571169104764, 29.98658945594162], [80.70531907419951, 29.98626665917731], [80.7012878431494, 29.981584466311908], [80.70072166044491, 29.98041674285958], [80.70000111519991, 29.979664981631398], [80.69926944356048, 29.979416629905018], [80.69792596979451, 29.979843911469946], [80.6971863140433, 29.979784909151558], [80.69573399328512, 29.97777653653405], [80.6941547333155, 29.977318415694302], [80.69337810917371, 29.976333990749833], [80.69209934695911, 29.975489824785853], [80.69112385527222, 29.97521196469116], [80.69041250629371, 29.974624388484273], [80.68930222678792, 29.972890033598993], [80.68807590672384, 29.972030683728896], [80.68726027556646, 29.96978022722454], [80.68589231615073, 29.968757262182258], [80.68397989357685, 29.96699677189388], [80.6834302540777, 29.966052639326605], [80.68328979319548, 29.96564588343244], [80.6831146842776, 29.964020675385072], [80.6831130997173, 29.96400597280271], [80.68243445551992, 29.962394954168484], [80.680951312337, 29.961627541746388], [80.68057287489844, 29.961431725290915], [80.67803835299908, 29.958991624121204], [80.67592057269493, 29.958022787999887], [80.6751385698778, 29.957438606197783], [80.67454792639154, 29.957214676930818], [80.67382913878654, 29.957024363552318], [80.67258546426324, 29.95697295111531], [80.67112620382103, 29.957365643680703], [80.6700904313334, 29.9574727353549], [80.66634113982403, 29.957089958534162], [80.66264754175968, 29.956712781090882], [80.6620429541713, 29.9562955572046], [80.66121091268231, 29.956030533273275], [80.65865736333396, 29.956152132521616], [80.65706163907839, 29.95551711943289], [80.65616381786599, 29.955398744306006], [80.6542539888698, 29.95538882791296], [80.65279044802487, 29.955760280067576], [80.64878620514676, 29.955734018807767], [80.6465914110826, 29.956574512831967], [80.64557541986615, 29.95716620721126], [80.64472101971778, 29.95797075890348], [80.64373096639417, 29.95831969435358], [80.64317115037616, 29.958737081836905], [80.64197182063748, 29.959306908551714], [80.64056250532172, 29.95967123422935], [80.63994198623017, 29.9601004151042], [80.63929140274757, 29.96154678643673], [80.63848772771262, 29.962676831072326], [80.63774970542576, 29.962937484351848], [80.63702430384048, 29.963479686052512], [80.63608383592246, 29.963805672828922], [80.63561059075424, 29.96387105327113], [80.63447718334515, 29.964027630879542], [80.6332411965219, 29.96475107673903], [80.63062566299368, 29.965403866852707], [80.62956690061885, 29.965426056776934], [80.62694340061877, 29.96487204157158], [80.6253265633722, 29.96413138451375], [80.6243654595932, 29.964055659908237], [80.6223398717984, 29.964433256349142], [80.6191789393745, 29.963590698409853], [80.61775774305907, 29.962940193026366], [80.61611157334147, 29.961688054664627], [80.61581154514217, 29.961553964646104], [80.61498864153576, 29.96118618093733], [80.61290759976282, 29.960645082134402], [80.60868324910099, 29.958799770572636], [80.60726555947457, 29.958830500382966], [80.60603776916112, 29.959164290687884], [80.60454955008589, 29.959325760307916], [80.60325351808456, 29.958896131857806], [80.60184825204946, 29.958126875409846], [80.60154779033594, 29.957872597435088], [80.60002347034185, 29.95658256181348], [80.59745499598252, 29.954934359959733], [80.59570692339355, 29.953419649174474], [80.59526979469551, 29.953268934258762], [80.59395014080204, 29.95177737912863], [80.59182211871752, 29.95028065635501], [80.59112175030131, 29.949603258964697], [80.59050515995139, 29.948616940527963], [80.58972424239475, 29.947858464326174], [80.58796084519034, 29.944560307496737], [80.58449660701788, 29.939670468902314], [80.58311662367326, 29.938489161436927], [80.58247400051016, 29.938109841403175], [80.58204050667946, 29.937853961233387], [80.58133174474372, 29.936998607683336], [80.58067551605504, 29.935649938403994], [80.5805393707092, 29.93483564674304], [80.5802223616408, 29.934238018500317], [80.57904489747926, 29.932790680745388], [80.57860159419457, 29.93196213411681], [80.57818227819794, 29.928809093816714], [80.57788226970278, 29.927726038756866], [80.5767267351667, 29.92636619132578], [80.57444460445014, 29.924631394730003], [80.57410987464192, 29.92403769350279], [80.57389793868606, 29.92343651573176], [80.57376313163209, 29.92169491456653], [80.57326767106862, 29.920584331406115], [80.57306129589598, 29.92007001191155], [80.57273801116554, 29.918483406074607], [80.57115324267743, 29.916128553279997], [80.57054354110514, 29.9143620982759], [80.57038112528585, 29.913024144529373], [80.57054192867194, 29.91129605182917], [80.5697064974236, 29.90874507728603], [80.56982767940808, 29.908033766153135], [80.57065830574666, 29.906419189267645], [80.57093896615696, 29.90587833261916], [80.57115972987427, 29.904969905288468], [80.57125296108005, 29.903425049186186], [80.57092113995806, 29.902280430499175], [80.57091858454712, 29.902271617107747], [80.57092280792982, 29.902255835141368], [80.57133945820753, 29.900698977257463], [80.57140675388794, 29.89925636757119], [80.57213092791243, 29.897467425905464], [80.5723854765049, 29.894888745744936], [80.5718880457776, 29.893820074199652], [80.57186286860092, 29.893789628814012], [80.5702111534685, 29.891792240301392], [80.56979161866361, 29.89011877462604], [80.5681318803844, 29.886710000940774], [80.56637991007078, 29.880979346086622], [80.56554612869367, 29.879267272902624], [80.56470548660533, 29.8782386638538], [80.56334821220923, 29.877034367432284], [80.5626848138364, 29.876130209885797], [80.5600172704353, 29.874906632864114], [80.55940161067265, 29.87405051081387], [80.55919297162265, 29.873361632558645], [80.5577555875648, 29.871745418102414], [80.5575315866684, 29.871493542056424], [80.556776691557, 29.870358331591277], [80.55692954894975, 29.869228893848508], [80.55770115281548, 29.868473122727508], [80.55876796343634, 29.86789685478549], [80.5609928529375, 29.86724558297934], [80.56130244762801, 29.866718086143376], [80.56126600271182, 29.866445499321742], [80.56088258081773, 29.865816384682656], [80.55809545240538, 29.863812936125164], [80.55571576337184, 29.862594524981233], [80.55426660346613, 29.8616407262069], [80.55435642518005, 29.860114726134366], [80.5542333201047, 29.85946339995135], [80.55373766308988, 29.858852918810857], [80.55183922269237, 29.85717568953416], [80.55138264231151, 29.856361724886337], [80.55123030678725, 29.856062505921166], [80.55139558401362, 29.855583830828948], [80.552373109185, 29.854419640451713], [80.55334563983972, 29.853261367847754], [80.55335780348945, 29.85222599563273], [80.55328721879242, 29.85195992884666], [80.55312165832734, 29.851335844478527], [80.55230798475336, 29.850377058397875], [80.55162165824937, 29.8500183874331], [80.55083211099755, 29.850013594871758], [80.54882856434799, 29.850492054138677], [80.5482337907807, 29.850364398969845], [80.54598284033969, 29.84795687239925], [80.5438890675225, 29.84667904869167], [80.54248733832276, 29.846667714572416], [80.54035235932463, 29.847395183641403], [80.53885497688982, 29.847528229243604], [80.53878891296041, 29.847494463844928], [80.53840408739273, 29.847297782002915], [80.53808215833952, 29.846730391369043], [80.53759802425935, 29.844563110940456], [80.53678304587069, 29.84353334748102], [80.53617807724537, 29.84237526474293], [80.53589688094401, 29.841141116676628], [80.53600245840796, 29.839783398535527], [80.53566260216117, 29.8388995061201], [80.53522085782441, 29.838530471740356], [80.53450239155792, 29.838382059936766], [80.53397154003031, 29.838374229839275], [80.53228187567319, 29.838807959087706], [80.53137662971761, 29.838686330814692], [80.5305972201845, 29.837407769844784], [80.52910299414141, 29.836026043733046], [80.52829070852319, 29.834256253282103], [80.5277900884946, 29.83361959368372], [80.5270746887261, 29.833168848655887], [80.52511879497429, 29.83307720742358], [80.5235984775294, 29.83245319913545], [80.52331555136354, 29.832216461671962], [80.52320655875126, 29.831752608922844], [80.52365947891116, 29.83032415383282], [80.52368282644935, 29.82984927064633], [80.52370553527408, 29.82938735963764], [80.52365326024982, 29.82929770711932], [80.52328632108593, 29.828668402021727], [80.52194997642817, 29.827431730069627], [80.51830878205052, 29.825952478729953], [80.51678300295852, 29.825572608263926], [80.51394682321349, 29.82532848466383], [80.5113692362689, 29.824727412938486], [80.50784079126282, 29.823757047856947], [80.50667699523325, 29.823020303229068], [80.50580998599283, 29.821999882747882], [80.50560646355684, 29.821583820413657], [80.50508237202042, 29.820002062022308], [80.50507726321814, 29.819986641545256], [80.50464004255026, 29.81947992993897], [80.50369731926325, 29.818869570630902], [80.50358607896746, 29.818820432039793], [80.50241335954573, 29.81830239704198], [80.50108734846887, 29.81738795915826], [80.50045936245758, 29.816511393010302], [80.49944305454045, 29.814451655487435], [80.49887283479555, 29.81288363682566], [80.49754460975406, 29.81111300332463], [80.4977059998245, 29.810418141052992], [80.49779977576307, 29.81035617109742], [80.49974471404128, 29.809070842516483], [80.49989028696969, 29.80821119655598], [80.4989480450266, 29.80712156587657], [80.49862180832172, 29.806908241214707], [80.49574300676778, 29.80502573831126], [80.49540833086381, 29.80443808488892], [80.49520283071017, 29.803099154024544], [80.4944915947111, 29.801895435604767], [80.4926087504011, 29.801730738512525], [80.49255528066068, 29.801399087503974], [80.49280282193065, 29.80100921388989], [80.49400158068357, 29.799457119239268], [80.49431159375504, 29.798749516049927], [80.49432378466135, 29.798042506211367], [80.49434806553614, 29.796634278554432], [80.4938565052573, 29.795804936742083], [80.49293205347371, 29.79547586099308], [80.4918032379291, 29.7953848086021], [80.49015419835688, 29.795955804801192], [80.48628481118735, 29.79598653996856], [80.48308851163779, 29.796439742210463], [80.48238238071558, 29.796324018009773], [80.48080705643804, 29.7954835969099], [80.4799881505752, 29.795392865502517], [80.47887146810484, 29.79586245544231], [80.47788723473694, 29.797042034961795], [80.47712056616638, 29.797649745560598], [80.47450005625674, 29.798628588059692], [80.4710380155651, 29.799521602964017], [80.46571624248469, 29.801911567268366], [80.46429451073894, 29.8024861795339], [80.46321824865863, 29.802323529097958], [80.46053186767134, 29.801867720594146], [80.45956305401074, 29.801959742350657], [80.45850569761949, 29.802476759575647], [80.4579253476239, 29.802562786328917], [80.45320617012982, 29.8021694815358], [80.45198627834458, 29.801425951185394], [80.45111526249565, 29.80045438281533], [80.45033031656183, 29.799839779136388], [80.44830878183208, 29.79904503857288], [80.44585854291464, 29.798920525160334], [80.44347329835203, 29.79925811346818], [80.44237026233105, 29.79974149383263], [80.43947229776974, 29.801838949383043], [80.43842764339148, 29.80418861413231], [80.43708157834529, 29.805891795956477], [80.43656802878401, 29.80613163190426], [80.43502786178199, 29.805973527617365], [80.434527417375, 29.805766854963057], [80.43392156102777, 29.80518705026046], [80.43317740250022, 29.802982930325317], [80.43309240711355, 29.802731177122077], [80.43277648941509, 29.802461919268787], [80.43267234379799, 29.80237315705423], [80.43090096012136, 29.801372547348045], [80.43063383169378, 29.800831431848025], [80.43043828036456, 29.799605658252506], [80.43038113260232, 29.799247437913706], [80.43020081470321, 29.799010101034067], [80.4298067533425, 29.798584412147054], [80.42867198865831, 29.797847187139208], [80.42813202590825, 29.79771800882458], [80.42519563538207, 29.797015480149863], [80.42271800249911, 29.79621568070791], [80.42073194058217, 29.796075734057407], [80.41828792628812, 29.796153531625514], [80.41588433342861, 29.795635284745224], [80.41481040766851, 29.79475698717123], [80.4144210180406, 29.794218647967913], [80.41421341515085, 29.793493844124786], [80.41420905203151, 29.792385838876744], [80.41404964038507, 29.792132776758493], [80.41269822002405, 29.791649939362625], [80.41166762404323, 29.791707436181504], [80.4105921020639, 29.792124188990492], [80.409947610397, 29.792700644185945], [80.40968814135327, 29.793519065440872], [80.40908148531564, 29.79439703979734], [80.40817564258118, 29.794947342880338], [80.4070288406838, 29.79481841836509], [80.4069833253422, 29.794257374154427], [80.40719071160069, 29.793945608870466], [80.40766013116382, 29.793239913798736], [80.40756359048835, 29.791661598785705], [80.40739322797725, 29.791426953816078], [80.40653513405583, 29.790245058948063], [80.40614226492582, 29.788647728277525], [80.40633580475985, 29.787394762623148], [80.40661737210849, 29.786870632992656], [80.40721639515488, 29.78575554655987], [80.40722648580964, 29.784069078294735], [80.40720829714861, 29.784050928844803], [80.40688875472453, 29.78373207638475], [80.40621657371962, 29.783420547701706], [80.40458424544477, 29.78291108480885], [80.40368084137995, 29.781924321620227], [80.40357706124641, 29.78106981013626], [80.40464345236002, 29.779370085440952], [80.40484941561631, 29.778722908805786], [80.40474912845339, 29.778000696239282], [80.40439738436561, 29.77736460373953], [80.4038492646777, 29.776856509840897], [80.40181445307249, 29.77579286686557], [80.40067119029554, 29.774581906779503], [80.3999057821454, 29.77321197757829], [80.39913125327325, 29.770431192298773], [80.39865514416346, 29.769591103262716], [80.39802178235706, 29.767373241492106], [80.39773346241707, 29.76679658080587], [80.3962690735379, 29.765283739073702], [80.39622775630707, 29.764036966083317], [80.39650744630124, 29.76263185737424], [80.39776291852907, 29.760773859957247], [80.39801989433334, 29.759985088163067], [80.3978355853443, 29.759449187926506], [80.39662790081879, 29.758440438881735], [80.39650936345068, 29.758413426981665], [80.39536661695062, 29.75815301038469], [80.3937554023216, 29.75838185032257], [80.39266561550838, 29.75891259851551], [80.39173504218454, 29.759871121360423], [80.39127275680072, 29.760152628979487], [80.39124905884675, 29.760167059150618], [80.39056072520071, 29.760477377940887], [80.38676053265434, 29.75956418487799], [80.38576809902715, 29.75905726358272], [80.38508170852805, 29.75828028140904], [80.38483929629355, 29.756756387133468], [80.38520070704841, 29.75478985244979], [80.38598771670148, 29.752508263277583], [80.38631932069433, 29.75154689454827], [80.3860078404915, 29.750840878164322], [80.38461347460819, 29.750295310473906], [80.38373931291265, 29.75037793773138], [80.38193090956689, 29.750548856236552], [80.38117779921872, 29.750504671903794], [80.3797673835737, 29.750138643845695], [80.37879832189614, 29.749887146761903], [80.37825226368945, 29.749952286314038], [80.37645673296542, 29.74984930274911], [80.37576283727225, 29.74982638919204], [80.3756250198786, 29.749812465896984], [80.37429933337677, 29.749678534730858], [80.3735887881576, 29.74941975016769], [80.37178853961731, 29.74940183242522], [80.37043453069654, 29.74990850252966], [80.3704262788721, 29.749918107144033], [80.36982534631174, 29.750617561177656], [80.36926823203936, 29.750969413328114], [80.36866730424904, 29.750973312921097], [80.36700217250852, 29.749877531118045], [80.36653316694064, 29.749351045879372], [80.36586612748465, 29.74841529922181], [80.36514683905091, 29.74693304064682], [80.36505773987396, 29.74527408396068], [80.3648705474952, 29.74471662918319], [80.36513756364691, 29.742369050470757], [80.3650250765617, 29.74206489813007], [80.36431508177428, 29.740145117343832], [80.36517312583018, 29.73871762473276], [80.36697488201068, 29.73698449600133], [80.36720845098077, 29.73679669152993], [80.36882934562843, 29.735493354007637], [80.36940499095465, 29.73480608168142], [80.3696049125588, 29.73400086478718], [80.36898904137723, 29.733028046377196], [80.36664096683724, 29.73123629344648], [80.36577185023975, 29.729275638961195], [80.36554557590662, 29.727045354231112], [80.36588701560801, 29.725490801472212], [80.36630375332929, 29.72450049970047], [80.3667057663677, 29.723545167757212], [80.36737032291678, 29.722671880909736], [80.36825123680205, 29.72195314626914], [80.36860850032355, 29.721827033697142], [80.37018393641677, 29.721758265626494], [80.37286637258384, 29.721641138039885], [80.37421492965106, 29.721395630429974], [80.37477805434247, 29.72120179957064], [80.37547929524848, 29.72046007532198], [80.37587165691298, 29.720045053643773], [80.3758072221883, 29.719363409462126], [80.37496147944364, 29.718107350522327], [80.37253699278581, 29.7166169185952], [80.37208503106095, 29.716128512074185], [80.37207469887771, 29.71548780250036], [80.37254635387009, 29.714570586471933], [80.37366272796608, 29.713960461162483], [80.37449781892929, 29.713078718179595], [80.37456360192657, 29.712545779452235], [80.37445204851807, 29.712269020111002], [80.37426638440499, 29.71180839241699], [80.37461146906607, 29.70952498675074], [80.37526530435721, 29.707514957863246], [80.37597125802932, 29.706033384875816], [80.37619647488454, 29.70484074488556], [80.37669718526077, 29.703496840809393], [80.37699166013844, 29.703184825663655], [80.37788933319302, 29.702233670562073], [80.379186810585, 29.70144201877556], [80.37942700226644, 29.70089012195537], [80.37931553397706, 29.69975426245787], [80.37966351965746, 29.698744550857324], [80.37970468219281, 29.697847872325138], [80.37982355455019, 29.69729782923219], [80.38014723929894, 29.695800058313466], [80.38019419600616, 29.694752853660898], [80.37991897700455, 29.694246236440037], [80.38010731081212, 29.692670946252047], [80.38000008926232, 29.69066619098954], [80.38022935302911, 29.68958846696354], [80.38039228340736, 29.689305909383112], [80.38083675738024, 29.688535082423915], [80.38138528874357, 29.688015097633837], [80.38228663493706, 29.687246205321223], [80.38425862886692, 29.68632288332664], [80.38478741234609, 29.685554443803152], [80.38481378564974, 29.68551611853703], [80.38481575763608, 29.685490599481184], [80.38492352605265, 29.68409619307269], [80.38459505869207, 29.68291013597331], [80.38378869744932, 29.68133425719612], [80.3835104093464, 29.67938176996559], [80.3834675453199, 29.6773509491697], [80.38401770292742, 29.675418651003174], [80.38435659398107, 29.67484290459516], [80.38551275329887, 29.673673907243177], [80.38694300074691, 29.672860552533926], [80.38813508950709, 29.672412124406755], [80.38986783251758, 29.671207757099147], [80.3897769403576, 29.670481242061463], [80.38977693281639, 29.670481177994493], [80.38944676131713, 29.667720959637872], [80.38979963260009, 29.665378668664847], [80.39039850439865, 29.664505758776638], [80.3918923586824, 29.663919776890243], [80.39719267194164, 29.662860229666823], [80.39879737312967, 29.662106264652245], [80.39898945106614, 29.661877169082832], [80.39884894130785, 29.66153826260472], [80.39830888279215, 29.661260009077846], [80.39806862935069, 29.660912589899226], [80.39799724387832, 29.659791340739638], [80.39842174395162, 29.659100342595945], [80.39942876974213, 29.65854939547039], [80.40058353762524, 29.658623603666218], [80.40212392467667, 29.65904248894501], [80.40515065265134, 29.660112140341933], [80.40601502471723, 29.659859821676793], [80.40664730435573, 29.659327009544917], [80.40684198893351, 29.65882041784769], [80.40900704052628, 29.656744237369445], [80.40913085032156, 29.656094264158824], [80.40900627187636, 29.655157458018536], [80.4094290272695, 29.65463993973837], [80.4101178116673, 29.65379675047621], [80.41076465685364, 29.653657655545285], [80.41246007207765, 29.654099500727387], [80.41335911770568, 29.65433379318505], [80.41394482700147, 29.654306873283783], [80.41459124640197, 29.65371952922622], [80.41584797492935, 29.652577628261344], [80.41620936242086, 29.65208387867387], [80.41623288973706, 29.652007105153626], [80.41634868779188, 29.651629237015047], [80.41637853147773, 29.650747396081282], [80.41578288858639, 29.64987246540914], [80.41574547921786, 29.64981751496564], [80.41477258292792, 29.64788986176618], [80.41439395043635, 29.6459819262663], [80.41398103275547, 29.64483298486278], [80.41432097492171, 29.643513027368385], [80.41500516432907, 29.642402235877462], [80.41584532385704, 29.64145626637605], [80.41773889376418, 29.640365003522135], [80.41964293228381, 29.639500166955557], [80.41990912219654, 29.639218406731114], [80.41995455697915, 29.639103110171888], [80.42025791227405, 29.63833330364743], [80.41957047931757, 29.636015232579638], [80.41943183916804, 29.635147285598617], [80.41942759642319, 29.635120726901444], [80.41933185308149, 29.63371312610995], [80.41964822865398, 29.63302382163516], [80.42055800479102, 29.631796766613558], [80.42062361148062, 29.631708278510793], [80.42087475992453, 29.629851236003038], [80.42036417636795, 29.629271568851582], [80.4201400310299, 29.62901709344444], [80.41926404186752, 29.627639510109642], [80.41909655931515, 29.627376122137036], [80.4184012134253, 29.626825808141966], [80.4183231158098, 29.626764000297896], [80.4176799501445, 29.626485310098925], [80.41674536282451, 29.626423765515906], [80.4166316797173, 29.626434247851673], [80.41496152604523, 29.626588246163248], [80.41330125648625, 29.626488123502487], [80.41136337720565, 29.625960288718364], [80.40950966522577, 29.623373972846494], [80.40879870160403, 29.62208326276984], [80.40817987130231, 29.62066298966039], [80.40806085553784, 29.619653205121477], [80.40809034601727, 29.615527261093412], [80.40809264021806, 29.61520622930144], [80.40748714535009, 29.614593184350536], [80.40690362158104, 29.61430899745368], [80.40648005544787, 29.61410271113855], [80.40597943153008, 29.613296409392497], [80.4058477997826, 29.612404150661188], [80.40636245714661, 29.61128891748713], [80.40785068173953, 29.610184620514875], [80.40803673088745, 29.60981595381762], [80.40813390491581, 29.6090996701029], [80.40785281848018, 29.608404240727072], [80.40831451641799, 29.60660177268033], [80.40875095236872, 29.605713743068804], [80.40893491624348, 29.60422888870221], [80.4087879553008, 29.602482512342178], [80.40873186803253, 29.601816001978595], [80.40836688818517, 29.600450701536964], [80.4084864818581, 29.598239164607254], [80.4079390334654, 29.595971862548886], [80.40764442567105, 29.595366710376048], [80.40595260193894, 29.593445021802932], [80.40440624362557, 29.591075872355198], [80.40277316541963, 29.589289756902144], [80.40021856064524, 29.588018865707873], [80.39854836116514, 29.58673888504743], [80.39644107870336, 29.584507776750034], [80.39488754918153, 29.583668316236018], [80.39298853104823, 29.58264212726485], [80.39100701792066, 29.581158350565843], [80.39052176422786, 29.579436526028555], [80.39049142837266, 29.57835053493481], [80.39044664885297, 29.576747465808342], [80.38982314603624, 29.573853558409088], [80.38854413158717, 29.57212797610774], [80.38805274793852, 29.57146500949123], [80.3874039253601, 29.571173634483433], [80.38600161250129, 29.571257552017897], [80.38404218777531, 29.5711124867394], [80.38075328572334, 29.57142143480694], [80.37910625979733, 29.57157612543435], [80.37872503836749, 29.570986443459873], [80.37850781250066, 29.569442615049468], [80.37844887230675, 29.569023721911776], [80.37848601450119, 29.568242280594088], [80.37858097426604, 29.56624435637467], [80.37889857160727, 29.56496978177621], [80.37901479835261, 29.56327251682616], [80.37903026292491, 29.562195084845644], [80.37866280372495, 29.5611871546409], [80.37773784761924, 29.560849669703483], [80.37677197648854, 29.56093337897062], [80.3747987304323, 29.561592578285936], [80.3740008845464, 29.561964686614026], [80.37155206766235, 29.563106752134324], [80.37047236172964, 29.56281575072298], [80.36920172091286, 29.562764009061713], [80.36790098256165, 29.56271103221883], [80.36662064731718, 29.563009847082416], [80.3650717188272, 29.563785762094938], [80.3649884142528, 29.56382749100597], [80.36404548255786, 29.563899663854325], [80.36316733319232, 29.563966872344793], [80.36310184478049, 29.56393307807483], [80.36276508391174, 29.5637592951804], [80.36213129020886, 29.562781209957144], [80.36219361769142, 29.56032225174727], [80.36229890964775, 29.560032362395262], [80.36285980253113, 29.559543280009642], [80.36333978348874, 29.55912474530872], [80.36399646882623, 29.558046323944808], [80.36378162119291, 29.55657254844487], [80.36358395068669, 29.556361990361033], [80.36111313035168, 29.555887692527058], [80.36058921322689, 29.5557871155816], [80.3590388108403, 29.555649284395166], [80.35711036074508, 29.555077288957857], [80.35623894837612, 29.555063362277178], [80.35458108701705, 29.55530470785323], [80.35313086840466, 29.555254371273048], [80.35229890756266, 29.55522548686974], [80.34988813726059, 29.55542836721073], [80.34867233691007, 29.55534973923263], [80.34740108106661, 29.55491622623297], [80.34540175481692, 29.553792817871642], [80.34460983158327, 29.553958331256382], [80.34365004503522, 29.55378411305062], [80.34315219274347, 29.553505245382112], [80.34247042184552, 29.552773493804928], [80.34219971742982, 29.552391304837695], [80.34261205466093, 29.551706367666903], [80.3430953580271, 29.55114718124411], [80.34373854278576, 29.55063313151809], [80.34438981264208, 29.550221025057805], [80.34448839046662, 29.550149596675617], [80.34467192926179, 29.5500166054091], [80.34530524370666, 29.549452955164305], [80.34562707209957, 29.548605322211078], [80.34527871774227, 29.54780386293191], [80.3452270346049, 29.547739128143707], [80.34461935486333, 29.546977994812952], [80.34447981590732, 29.5463037532488], [80.34403213138869, 29.5458189500318], [80.34368855395977, 29.545422152762388], [80.34346412271218, 29.545222006135386], [80.34278477885294, 29.544415172214794], [80.34133789576549, 29.542423038658892], [80.34135136063387, 29.54095146317818], [80.34152261830795, 29.5405439849172], [80.34206381848229, 29.54010813394183], [80.3431969468004, 29.539949771951054], [80.34487919493999, 29.54017075616931], [80.34651679242705, 29.540919511859695], [80.34856609797778, 29.540439193925046], [80.34940458862442, 29.539806978708313], [80.3494507209236, 29.539772196304906], [80.35057332534255, 29.538536003248968], [80.35131333389958, 29.53716373460438], [80.35165875299643, 29.536801498408845], [80.35195110315844, 29.53649491377965], [80.35284514222971, 29.53582771258347], [80.35374330424578, 29.535414904033424], [80.35417491864865, 29.535263422274763], [80.35523716582082, 29.53523492928708], [80.35616676812238, 29.534652225573392], [80.35713278280019, 29.533896113929174], [80.35738404574354, 29.533699443645887], [80.35774727145821, 29.53324456097336], [80.3578816096991, 29.532767410261958], [80.35791139024099, 29.532111588999335], [80.35776775877592, 29.531503367883854], [80.35774226489488, 29.531395411527296], [80.35766917906925, 29.53118074284412], [80.35756018607474, 29.530860606764122], [80.35747963825465, 29.530755744007102], [80.35724805353455, 29.53045425296294], [80.3565830719689, 29.530030076211947], [80.35639056032966, 29.529173025493947], [80.35561369055449, 29.52794932399114], [80.35398058661556, 29.52694680761379], [80.3498894258448, 29.52550125683818], [80.3493939379152, 29.525231774324826], [80.34928582144913, 29.525118697826226], [80.34897296754974, 29.524791490534508], [80.34862723135775, 29.524358230266195], [80.3487048301466, 29.522916720247242], [80.34872435104849, 29.522869181240136], [80.34976160439852, 29.52034306742123], [80.34974510896056, 29.519325467642894], [80.34889854236597, 29.51852324372805], [80.34820122685242, 29.517455444025252], [80.34577800723541, 29.514598985948997], [80.34471644950766, 29.51300545928783], [80.34170801384766, 29.51028427029019], [80.34103723680558, 29.51003154355243], [80.3402733024087, 29.510071768498534], [80.3392402034837, 29.510395381041462], [80.33839479746767, 29.510660192368082], [80.33609565896315, 29.51258621850976], [80.33543913315059, 29.512868075503125], [80.33418664661536, 29.513227921971936], [80.33373371250947, 29.513244311976504], [80.33309690046222, 29.513179728161255], [80.33212614561273, 29.512937418411543], [80.3312718914927, 29.511320619436027], [80.33115811863792, 29.510224026280493], [80.33110020492157, 29.50966581211822], [80.33079656187458, 29.508626025075895], [80.33057440962236, 29.507865279032565], [80.32973816011288, 29.506324245123178], [80.32920199428304, 29.505750677018828], [80.32778645451816, 29.5050655211104], [80.32583530644001, 29.50441441302673], [80.32301720142927, 29.50347394001611], [80.31983987496805, 29.502084470629118], [80.31614119707166, 29.500708724584626], [80.31519387079061, 29.500203884692656], [80.31422247904607, 29.499431480322826], [80.31326441345519, 29.498134762124398], [80.31309025460013, 29.497339101836612], [80.31310271276183, 29.49697220079898], [80.31313184699397, 29.49611412524121], [80.31331590367307, 29.495564496091998], [80.31453114020927, 29.49193540897159], [80.31462360267308, 29.49038634573566], [80.31402588307954, 29.48658943298903], [80.31360225927095, 29.485518376766272], [80.31333509449463, 29.485170666335215], [80.31306170453827, 29.484814850399452], [80.31225426631222, 29.484776037601918], [80.3104497500377, 29.485279462361586], [80.3093908075269, 29.48508106065188], [80.30890260642106, 29.485322154034936], [80.30470172863865, 29.48622903999439], [80.30368537915417, 29.486722241602624], [80.30285338833892, 29.48807368318001], [80.30210273013498, 29.48929297807364], [80.30116056408852, 29.49028888706718], [80.30073183150907, 29.490497644804528], [80.30020907038441, 29.490752182286297], [80.29864370131287, 29.490536902079647], [80.29863161005358, 29.490535239404835], [80.29735341721168, 29.489495587425782], [80.29623711729951, 29.487692466608994], [80.29625878394484, 29.48763442889767], [80.29654856196588, 29.486858221613954], [80.29666080408363, 29.48526268863228], [80.29610279719519, 29.48384861717342], [80.29557238592162, 29.48316610477094], [80.29528768742681, 29.48279976176177], [80.29441807938204, 29.480833387689817], [80.2940118566253, 29.480351735556372], [80.2938614284878, 29.480058971735335], [80.29386001306955, 29.48005621766658], [80.29385399867589, 29.480047842376415], [80.29351895290921, 29.47958124838998], [80.29305542641049, 29.479073628002308], [80.29242615318309, 29.478773476670995], [80.29104664865014, 29.47840401108056], [80.28947063925688, 29.478328665376374], [80.28720013057445, 29.47743732855013], [80.28681738874221, 29.476381280257286], [80.28671402775774, 29.476096087528497], [80.28688460856479, 29.473999599139084], [80.28789948742326, 29.472848937719853], [80.29055960926102, 29.469832771989584], [80.29138743942012, 29.468072360475336], [80.2919770904983, 29.46746278647367], [80.29318105451475, 29.465494949374627], [80.2954564497973, 29.462628870077943], [80.29610485064195, 29.461678078813616], [80.29677770513767, 29.460992911926777], [80.29866288629482, 29.458884814882023], [80.30072034776028, 29.45726802045426], [80.30153608455161, 29.456249610674053], [80.30236416780971, 29.455085622850515], [80.30264684851636, 29.45412035536055], [80.30262032607169, 29.453802452629002], [80.30223286821791, 29.453244434640904], [80.30082272166719, 29.452083477121253], [80.3007555852292, 29.45202820472421], [80.29782985761108, 29.45168151247624], [80.29750457127751, 29.451730604265304], [80.29709945593858, 29.45248296634122], [80.29583475466605, 29.453431146432425], [80.29443933681942, 29.453949234712955], [80.29193208738296, 29.453065793063875], [80.29152744986435, 29.452792222061166], [80.29096416009764, 29.45241138428177], [80.29033706520207, 29.45231198696488], [80.28911095352228, 29.451547064573866], [80.28813379415931, 29.45123748978936], [80.28686951442462, 29.451629383939256], [80.28515317073554, 29.451751745801673], [80.28395370895397, 29.451538901817845], [80.28285340690417, 29.45165454619123], [80.28208540700031, 29.451481524101148], [80.2813215103462, 29.45149612828219], [80.28032828388562, 29.451847089273407], [80.27978865936173, 29.45229202940941], [80.27938556264633, 29.452704883594315], [80.27918130002689, 29.453150842312308], [80.2790157816337, 29.453512207071185], [80.27897241950508, 29.454493049830813], [80.27929339159826, 29.454730621478024], [80.27990526972945, 29.456095962137617], [80.27995071892673, 29.456197377242116], [80.2798472173636, 29.457026828661515], [80.27928299011853, 29.457839036955704], [80.27832124465996, 29.458683870621275], [80.27567268398738, 29.45851698458022], [80.2727494130561, 29.45780515864384], [80.27050437904074, 29.456913120968473], [80.26940459143982, 29.45615234798696], [80.2690688222574, 29.455539055563786], [80.26909906771283, 29.455235929013803], [80.26920638805765, 29.45416035162144], [80.27013523603117, 29.454016048348524], [80.27082713747357, 29.453668907546348], [80.27239070867238, 29.453612858417188], [80.27451530521847, 29.452311103123662], [80.2748906072869, 29.451832039922124], [80.27498536600757, 29.45111217643657], [80.27486735147096, 29.450612636103624], [80.27436714663473, 29.450123294220024], [80.27318813669488, 29.449772570349555], [80.27287954485213, 29.449680771899956], [80.2711651352481, 29.45033006896103], [80.26981648651983, 29.450376714089835], [80.26884227361819, 29.450190157885668], [80.26867762503318, 29.449845661920698], [80.2678371619361, 29.449345792703777], [80.2671019671139, 29.449180684407164], [80.2660977889989, 29.449267353306276], [80.26288367008927, 29.44992986861113], [80.25945449949646, 29.45154438383142], [80.25731054493805, 29.45173802552988], [80.2567506420269, 29.45108662482131], [80.25646216001934, 29.45010201020718], [80.25620144989561, 29.44921216771718], [80.25545838050466, 29.448355562224194], [80.25481378361188, 29.44799138034751], [80.25409375852705, 29.447930009334804], [80.25333936466969, 29.447865705234147], [80.25213912482843, 29.44750616294555], [80.250677333281, 29.44731102124324], [80.24910093729098, 29.447207906070776], [80.24867488163503, 29.447180034951867], [80.247577712289, 29.44723036793007], [80.24678092941951, 29.447266914383984], [80.2455929017841, 29.447077922880535], [80.24498179311308, 29.446792005696125], [80.24416918731991, 29.446124010530898], [80.24300006560784, 29.444788015510778], [80.24276887164208, 29.44452381763325], [80.24244519670641, 29.44382914123347], [80.24243860174523, 29.44381498506671], [80.24224724114777, 29.442858110345824], [80.24225427466901, 29.44284040744555], [80.24259563596428, 29.441981226899127], [80.2430503846502, 29.44138786492251], [80.2433842382591, 29.441308669430377], [80.24438017068644, 29.44057389626933], [80.24539261277202, 29.439555991003242], [80.24649546139797, 29.438447164071697], [80.24739576349106, 29.437141922910094], [80.24763400200463, 29.435591256274947], [80.24727277184132, 29.431602912664903], [80.24619124907245, 29.4287181269105], [80.2451651702323, 29.426566758284046], [80.2444127855217, 29.424989183221225], [80.24416025374235, 29.42400425345848], [80.2441544918255, 29.420130270923416], [80.24466546510972, 29.41910268947569], [80.24524165572181, 29.41824890635847], [80.24526815458071, 29.41820964014085], [80.24567344135484, 29.417661330050187], [80.24593436935398, 29.416971053576987], [80.24598379855632, 29.415829041355014], [80.24572251389309, 29.41517194518902], [80.244705551567, 29.414128543505317], [80.24437528788218, 29.413909626874975], [80.24267568409522, 29.412783016818437], [80.24225450945924, 29.41230912437169], [80.24199110874724, 29.411677144616068], [80.24219296201355, 29.411336157466692], [80.24241821328788, 29.410955645371637], [80.2452498493423, 29.408092643733703], [80.24597295401473, 29.407508407062796], [80.24708316593774, 29.407008451261287], [80.24820140538527, 29.406189014570405], [80.24889521101717, 29.406035736739895], [80.24940705972311, 29.40592265444337], [80.25130600653925, 29.40513692536185], [80.25355422421447, 29.40420663493649], [80.25634109638503, 29.402426814549464], [80.25656637101183, 29.40192786526827], [80.25696192311472, 29.401574788049867], [80.25954112033665, 29.40031185249836], [80.26289204098443, 29.39800458027759], [80.26393657115838, 29.39748336795766], [80.26733631004046, 29.39618129122743], [80.27173995761977, 29.39517206645923], [80.27325883570323, 29.39438703264764], [80.27473884896935, 29.39338049688797], [80.2757124241409, 29.392222999047757], [80.2758917407094, 29.391358915438015], [80.27579278651115, 29.390939827860716], [80.2752793990509, 29.390327393265586], [80.273910708161, 29.388694608992832], [80.27344651796227, 29.38779975796848], [80.2734359855948, 29.387779453795908], [80.2731557662272, 29.387239245679723], [80.27313859784854, 29.386970961928988], [80.27308974421453, 29.38620756121046], [80.27364194922849, 29.384803606177375], [80.27479880777435, 29.383186490787125], [80.27601348109106, 29.38201945883459], [80.27823508950252, 29.380657080541294], [80.27867373619289, 29.380247809653916], [80.27893914246238, 29.379953548384233], [80.27915891066893, 29.378839456212194], [80.27891506836666, 29.37858262287179], [80.27840886505331, 29.378049446608355], [80.27547547150004, 29.37670427137761], [80.27330634566547, 29.3754173610881], [80.27158048397288, 29.373780410173545], [80.27139635107686, 29.373119947747306], [80.27135818609288, 29.37237040146236], [80.27131719080552, 29.371565266982604], [80.27169479596277, 29.37058842679674], [80.27226654391761, 29.369109312890735], [80.2723466777753, 29.368280840245816], [80.27209923224613, 29.36754487549027], [80.271426093939, 29.36554273811532], [80.27145507676738, 29.364374819385645], [80.27150895897898, 29.364269612678026], [80.27208145649554, 29.363151782631792], [80.27301702462087, 29.362438122845703], [80.2743055960853, 29.361755934387258], [80.27821323154491, 29.36026119591468], [80.27885658545028, 29.36001508884071], [80.27995614242641, 29.35906787413836], [80.28004786859162, 29.353919984818496], [80.27959499226556, 29.35178507409103], [80.27959643462148, 29.349750936238106], [80.27962107067096, 29.349342828766677], [80.2796294990184, 29.348553496768684], [80.27994276482666, 29.34724335422587], [80.2808286573863, 29.345642148870652], [80.28314531614127, 29.342247895840767], [80.2841549894831, 29.34105149952539], [80.2847485228121, 29.34034818689194], [80.28697379599781, 29.339044861024256], [80.28839228140977, 29.33841313461406], [80.29050042099284, 29.336790522081987], [80.29106448902932, 29.336129992448413], [80.29110263348478, 29.336085324400557], [80.2913217992655, 29.33481449626717], [80.29093897056809, 29.333707456010377], [80.29071995229191, 29.333074101742877], [80.29092462344049, 29.331116802067857], [80.29150666332721, 29.33003468799646], [80.29368343373372, 29.327460350213148], [80.2939341617121, 29.327133513967198], [80.29399400074034, 29.32705551238087], [80.29532629242753, 29.32500337112355], [80.29576079389608, 29.324526397234273], [80.2965729992211, 29.324015087471977], [80.29843434995972, 29.32391675524336], [80.29939669284543, 29.323865907458075], [80.29952280396802, 29.323859243426227], [80.3002866010335, 29.323818882897672], [80.30132347476334, 29.32375196264778], [80.30237632128548, 29.323348935794606], [80.30809861972519, 29.32293192880931], [80.30919364511065, 29.322526542386647], [80.31149976217732, 29.320666682161534], [80.31222729878009, 29.31935552059331], [80.31342562772532, 29.31805115362561], [80.3167594686509, 29.315400075254246], [80.31694787110895, 29.31488799091393], [80.31693797670246, 29.31444096872646], [80.3169196967018, 29.313615036757565], [80.31616022108864, 29.309348194422302], [80.31615417409961, 29.309314222029254], [80.31614388100627, 29.30924501769762], [80.31601640534602, 29.308387990675506], [80.31603444784605, 29.308337167408762], [80.31626024974163, 29.307701113264333], [80.31814947775251, 29.30455083501476], [80.31851021108882, 29.3035017765554], [80.31851562668201, 29.303009561772537], [80.3182952263251, 29.302321018581438], [80.3181572260493, 29.30188989295895], [80.31742383738207, 29.301238394073582], [80.31674949788453, 29.30031773062709], [80.3149095664467, 29.296789261560328], [80.31464288683445, 29.296272430429827], [80.31422420389714, 29.295461003942865], [80.31153052086206, 29.29184561543748], [80.31101261605947, 29.29089825355712], [80.30921016294582, 29.28992286623822], [80.30796964209806, 29.290016873021884], [80.30706405342923, 29.28968777415807], [80.3067924819231, 29.28940486812128], [80.3056566927283, 29.288221657498955], [80.3048486027688, 29.286635669293254], [80.30480839928522, 29.28593390300476], [80.30416214298052, 29.28468418513692], [80.30460849155403, 29.278349417717642], [80.30461548698723, 29.2750582021687], [80.30401649935554, 29.27293212980758], [80.30305960298801, 29.270430667957346], [80.30291189016022, 29.268941366120917], [80.30281532074957, 29.267967688273675], [80.30269121063343, 29.26755781005703], [80.30226313946503, 29.26614407375439], [80.30165933506372, 29.26514336878627], [80.30129195041701, 29.264881069444197], [80.30013161681049, 29.263391211579712], [80.29930703282135, 29.260966532102245], [80.29928857782579, 29.26086560986886], [80.29915235553611, 29.260120679134893], [80.29921532799355, 29.2585962008804], [80.29995875505045, 29.25688085692018], [80.30011152934414, 29.256040688519484], [80.30008459521045, 29.254648533224763], [80.29982818499742, 29.253932644063024], [80.29904366028019, 29.252713551001186], [80.29850874846107, 29.25111913617663], [80.29854691969749, 29.249519286304746], [80.30002474131781, 29.245766547529225], [80.3002920916572, 29.2445127127452], [80.30039601748952, 29.243191720533122], [80.3001894566206, 29.241638603009143], [80.29917050977603, 29.240211339372184], [80.29889382375882, 29.23982377119153], [80.29759222698866, 29.23912443131903], [80.29710753025496, 29.238945979706916], [80.29598361893015, 29.23853217919052], [80.29555514165472, 29.237901293812417], [80.29331351717262, 29.234600619239828], [80.29144234467425, 29.232890237072127], [80.29096707334035, 29.232455792796284], [80.29062397904715, 29.23181436922201], [80.29054769123111, 29.230945243113606], [80.29091570829125, 29.229549655097497], [80.2935599200073, 29.225814625029454], [80.29451541939768, 29.22395120021656], [80.2945489443493, 29.223885818798188], [80.29475176350344, 29.22365820950509], [80.2953270033705, 29.223106723913773], [80.29557092045877, 29.222505203212894], [80.29599706718867, 29.221454270976274], [80.29603870072287, 29.22135159685325], [80.29589081005071, 29.21873632138261], [80.2949679138245, 29.217086963565947], [80.2948564234019, 29.21621802344677], [80.29416794085894, 29.21427318357496], [80.29404576345685, 29.21182145436264], [80.2943813705411, 29.210357205280737], [80.2944211221445, 29.210293286104026], [80.29456533540537, 29.210061389982652], [80.29743840815613, 29.206653853269202], [80.29737552586381, 29.204926397371576], [80.29680981152661, 29.203907738686922], [80.29604475681353, 29.203151519421837], [80.29597859200975, 29.202412655429903], [80.29576484354683, 29.201989566602254], [80.2956293830867, 29.2017214403751], [80.29534171448206, 29.201135620861837], [80.29533212334796, 29.20110022558256], [80.29514283261985, 29.200401670131637], [80.29373270626398, 29.19775989228432], [80.29298431950474, 29.19699767580668], [80.29127393092259, 29.19590424889389], [80.29064324457518, 29.195606638652514], [80.29056772776447, 29.19557100286978], [80.28948005508005, 29.195320947472986], [80.28849541687742, 29.195256638522157], [80.28595003603235, 29.19584611693269], [80.28509773917567, 29.196214213626522], [80.28403346660659, 29.1971829426154], [80.28219431649562, 29.20026231287532], [80.2814634707906, 29.20204387218345], [80.279289778124, 29.20375229870702], [80.27808017549789, 29.2049439241825], [80.27802608334859, 29.204997211063787], [80.27559795009242, 29.206684531963845], [80.27477298004638, 29.206981410606854], [80.27215946429143, 29.206852843199876], [80.27017269466968, 29.207115269879015], [80.26752517731951, 29.20636290539164], [80.26560881047855, 29.206143573908783], [80.26558609197117, 29.206142996655036], [80.2631832592109, 29.20608200528934], [80.26207590222762, 29.20621232616452], [80.26039049447293, 29.20691327747551], [80.2592008404545, 29.208098145234526], [80.25804430209907, 29.210646109407282], [80.25735776072887, 29.214768980034876], [80.25754949491682, 29.21680984248047], [80.25739787853273, 29.21797763216152], [80.25631868865462, 29.218914537671008], [80.25589729888596, 29.219513318269854], [80.25561443234584, 29.21991525685193], [80.25525468399626, 29.220131646386925], [80.25364864385146, 29.22109766455194], [80.25339756372523, 29.2212486840468], [80.25262791719373, 29.22144033201206], [80.24961028486781, 29.22149115899418], [80.24870442769459, 29.22114266362472], [80.24861156173674, 29.221056843814537], [80.24775324943843, 29.220263649555275], [80.24740054202466, 29.21950117089373], [80.24727901169264, 29.218564106945333], [80.24779061314558, 29.216674033086605], [80.24768519015461, 29.216237805534576], [80.247636059532, 29.21619129911363], [80.24705105638743, 29.21563755302749], [80.2463999605766, 29.214613407020593], [80.24618007638355, 29.214384327264508], [80.24453676899843, 29.21267225008177], [80.24430480608353, 29.209706144274946], [80.24386252147555, 29.209094885533375], [80.2430771742912, 29.208009480488492], [80.24078009613245, 29.20346181752147], [80.24053776238564, 29.20254297050044], [80.24074289271789, 29.201888752775513], [80.24113691979706, 29.201313639925655], [80.24135905659098, 29.200999378735453], [80.2414206044918, 29.200912306158695], [80.24188937814134, 29.20053463291842], [80.24470960534903, 29.199093714491493], [80.24764136763201, 29.19706792794265], [80.24844000173384, 29.196659529070264], [80.2493878281877, 29.19617482846796], [80.25001625391681, 29.19545049976079], [80.2508452068484, 29.194836580621672], [80.25086346584173, 29.194810727003997], [80.25168907146684, 29.193641668444428], [80.25215750544227, 29.192978353719752], [80.25358268227343, 29.190960206150027], [80.25456031250067, 29.190332029544464], [80.25584656121171, 29.18950553042735], [80.25873451958562, 29.187025185406164], [80.2589262938403, 29.186402464609902], [80.25902678245956, 29.185877222401295], [80.25894987583985, 29.185485895334928], [80.25890331792355, 29.18544744747079], [80.25797232151253, 29.184678605677686], [80.25830109611397, 29.18355825991219], [80.25853937494341, 29.182746276040064], [80.25993789818378, 29.179278429187878], [80.26005219309192, 29.178692236141035], [80.26020242979796, 29.17792169359376], [80.26018175878758, 29.177200589048322], [80.26043243247597, 29.176444916652184], [80.2601064460817, 29.175631832424337], [80.25998817911875, 29.17465568995895], [80.26009548799044, 29.17267435131388], [80.26010062886508, 29.172579429485793], [80.25852596946997, 29.17081061314421], [80.2582149179243, 29.170698623593175], [80.25793561575983, 29.169929692769614], [80.25773772103253, 29.169384874843217], [80.25785084043297, 29.169050463801767], [80.25798673481586, 29.168648719468163], [80.25788256326554, 29.168289997237135], [80.25773880059177, 29.167794932725457], [80.25771472689775, 29.166851124985172], [80.25824939189684, 29.164772687359406], [80.25871537646303, 29.16389489326438], [80.25975870342313, 29.16166420679336], [80.2599982341564, 29.161478239299893], [80.2636213030866, 29.156304291306], [80.26490369439277, 29.153989670185748], [80.26517104619775, 29.153507107435885], [80.26842516247004, 29.14977457564884], [80.26940867030851, 29.149041094782742], [80.27140944354981, 29.1475489113848], [80.27171222304561, 29.147143413219464], [80.272649804969, 29.145143622290846], [80.27283182615356, 29.144141312735908], [80.27287489732674, 29.143195340547454], [80.27245694500604, 29.14188547884218], [80.27178338099802, 29.141128158493796], [80.27141108726924, 29.1410457425277], [80.26939112134254, 29.14059856410326], [80.26780692020603, 29.140383585498814], [80.26628158474156, 29.140440728590313], [80.26413518037324, 29.14017579955505], [80.26280665183006, 29.140285059999417], [80.26012726187771, 29.13980193343662], [80.25534225711056, 29.137348521555612], [80.25347336083898, 29.13610047262826], [80.25139601051518, 29.13353655916251], [80.25014673130352, 29.131791128490786], [80.2501002666568, 29.131675429681408], [80.24911090390685, 29.12921183822703], [80.24834703006968, 29.128029668025366], [80.24730058754845, 29.12736552158512], [80.24625533501217, 29.12695010115706], [80.24419913065223, 29.1268543717727], [80.24341923782906, 29.12656105288188], [80.24306596808162, 29.126233297147543], [80.24196192592953, 29.125208976838017], [80.24088514393407, 29.12446426258115], [80.23915028250616, 29.12193402720799], [80.23867788998403, 29.121245036021673], [80.23475126280258, 29.118900613252414], [80.23366296667534, 29.11856092230105], [80.23279062480624, 29.11848395688522], [80.23096584667056, 29.118919923802682], [80.22878291533853, 29.119188426694663], [80.22612460742143, 29.119092061908358], [80.22497680742381, 29.119886433379076], [80.22382434036106, 29.120386168618666], [80.22072043449195, 29.12028394429925], [80.2206150221998, 29.12030710247239], [80.21315137824624, 29.121946530907003], [80.21122483091132, 29.121741131859476], [80.2096928746298, 29.121973758287197], [80.20834069147165, 29.12263027282648], [80.20589013294742, 29.125217198430995], [80.205483179311, 29.12564677972464], [80.2053598164874, 29.125947896142005], [80.20430645602643, 29.128518971823624], [80.20308911196524, 29.129687944381516], [80.20215571684575, 29.1301496385787], [80.200398799649, 29.130485073289748], [80.1972022519296, 29.1305816288427], [80.19604972763263, 29.131166180070633], [80.19463257758784, 29.131622072530995], [80.19381598413746, 29.132111045927264], [80.19183149942492, 29.132928441537885], [80.18828433109138, 29.135290844627736], [80.18689224283825, 29.13667053077899], [80.18584131525047, 29.137111283952972], [80.18482971850138, 29.13726684740761], [80.18388390783906, 29.13726323831723], [80.1829035231805, 29.137054581121678], [80.18139255597062, 29.13556162198337], [80.17987828782708, 29.13289112521506], [80.17919737514515, 29.13040649834335], [80.17800951737861, 29.128882516421136], [80.17714678809311, 29.128171424971182], [80.17635120381188, 29.127719852263407], [80.17406672944003, 29.126823167778994], [80.17246106083287, 29.12669735164799], [80.17019733160515, 29.126861557470544], [80.16862034124598, 29.1264777052586], [80.16852060590487, 29.126413971834566], [80.16749838727254, 29.125760749906124], [80.16632629101262, 29.12466283834685], [80.16604073454252, 29.124258039967245], [80.16600491462393, 29.123912177624405], [80.16617963114656, 29.12095747028272], [80.16572243125917, 29.119592136021264], [80.16509235460437, 29.118481979664796], [80.16359954299695, 29.117045167850247], [80.16352108167277, 29.11698618684255], [80.16285374608952, 29.11648452569922], [80.16190730876843, 29.11602754970917], [80.15959410807146, 29.113844080449287], [80.15565333450003, 29.11096321107512], [80.15394727724312, 29.109987154747866], [80.15036827304307, 29.10657530937522], [80.14984970658485, 29.106227328619184], [80.14824468904202, 29.105150268194222], [80.1479362129415, 29.104991879448125], [80.14688904318788, 29.1044541982423], [80.1454105640588, 29.103010251163496], [80.14382078808505, 29.100829960437345], [80.14286790401255, 29.099523083432786], [80.14294260412325, 29.09853651275936], [80.1294154315358, 29.062721424346623], [80.1298831808727, 29.062585848572052], [80.13713992363768, 29.060351480949052], [80.1370952393925, 29.06023364498971], [80.12703240747477, 29.033690273663517], [80.12636867381134, 29.031939033668095], [80.13124250714446, 29.030499393886338], [80.13098401869689, 29.02983083047699], [80.12450460496153, 29.01306949390981], [80.12529559517195, 29.012834989134134], [80.13624842903764, 29.009587265433556], [80.13582334940631, 29.00846490162917], [80.13541855288742, 29.007396072526937], [80.12668715960397, 29.006106378308118], [80.12542589829263, 29.002572252518615], [80.12474683815154, 29.000669392804955], [80.11792428246207, 28.98154750176688], [80.10904223135455, 28.984285591359857], [80.10146850710677, 28.986619867775065], [80.10054704891189, 28.986903835435626], [80.09631948692909, 28.975737122104267], [80.07713508184894, 28.945991711092514], [80.0765581751835, 28.944937621810556], [80.07653102311839, 28.944894877305604], [80.07494930476355, 28.942404821392696], [80.07290761936021, 28.93942956352844], [80.05846925085423, 28.916626100365793], [80.06185950430738, 28.87419089789656], [80.06204153187026, 28.87164524900202], [80.0621012392204, 28.870959063744827], [80.06230016333959, 28.86867288557864], [80.06477571276113, 28.83766353141242], [80.06502552405239, 28.837337500822557], [80.06509518679039, 28.83670602278118], [80.06473518402866, 28.83644156062912], [80.06423759270892, 28.836104261351192], [80.0633302196444, 28.835474367644995], [80.0629338395874, 28.834714803933394], [80.0623070677621, 28.833195696021576], [80.06211479350414, 28.831837600305402], [80.06197331095456, 28.83001535762349], [80.06198567733823, 28.829137896644106], [80.06150009659424, 28.828800673678465], [80.06120543443285, 28.828546789676555], [80.06088666904868, 28.8282721433259], [80.06080990844032, 28.82801351849822], [80.06082223667742, 28.827046109172556], [80.06040652862599, 28.826384412689517], [80.05979941949714, 28.825433785020092], [80.0591062876605, 28.824677968285137], [80.05885534570743, 28.824432215897943], [80.05876746250173, 28.82436426794369], [80.05841943020457, 28.824095180922576], [80.05687344660038, 28.822841068732817], [80.055608582172, 28.821772419891367], [80.0544334165245, 28.821255240805122], [80.0534754081482, 28.820895502097684], [80.0525812406979, 28.820569386194194], [80.05180209177823, 28.82041211932149], [80.05219791589015, 28.820130685292146], [80.05254251667112, 28.81960729857564], [80.05316813531957, 28.81913443067186], [80.05399803803002, 28.81870651037954], [80.05494305041638, 28.81843615836502], [80.0557476486276, 28.81848089744842], [80.05656494792659, 28.81852562799198], [80.0568586895185, 28.81839046423944], [80.05706279578686, 28.818041511389936], [80.05715191741962, 28.81737195977708], [80.05739451577873, 28.817191791856118], [80.05799472634648, 28.81721413000613], [80.05870617753332, 28.817099860591114], [80.05870653043884, 28.817099803614365], [80.05875008461686, 28.81709280824898], [80.0592333648324, 28.81684223705115], [80.05961617579419, 28.81618944364214], [80.0597309063821, 28.815761758270686], [80.05971771610132, 28.814968458299706], [80.05981961286544, 28.814484568369043], [80.06008759362999, 28.814068100152326], [80.06055108276395, 28.813633199218188], [80.0616193502717, 28.812630812345745], [80.06260270148309, 28.811310356303366], [80.06352544693277, 28.810135293896643], [80.06371642375635, 28.80989209495873], [80.06438694734277, 28.808865157397115], [80.06464156887256, 28.80843593810894], [80.0653377721026, 28.807964085656078], [80.06561498847282, 28.80722277225093], [80.06577845794413, 28.80604397428524], [80.06593979172784, 28.80580440778345], [80.06676330608477, 28.80516781399796], [80.06706048181105, 28.80491691127805], [80.06729794201233, 28.80435547460612], [80.06761178103037, 28.803554411228543], [80.06786639107835, 28.80314260440369], [80.0681125466196, 28.802884294456394], [80.0680953886948, 28.802539996349914], [80.06801006860105, 28.801858851916617], [80.0680083860041, 28.801077410113017], [80.06744889242835, 28.80074759495987], [80.06653145143777, 28.800493443272632], [80.06617878168201, 28.80022410597523], [80.06622515298402, 28.799636518933628], [80.0664795038673, 28.798753136893385], [80.06662346100391, 28.797967177946862], [80.06648742497008, 28.797611649164438], [80.06617310266562, 28.79749954749834], [80.06571436780966, 28.797320109978177], [80.06543389840805, 28.79705074179928], [80.06523816535498, 28.796392098592683], [80.0650338352172, 28.795415374356697], [80.06479125586597, 28.794440496733873], [80.06447089942185, 28.79437611314417], [80.06390498756856, 28.79426237832301], [80.06377891772838, 28.794213056779963], [80.06341949882815, 28.79407244149525], [80.06253571010889, 28.79315209796291], [80.06215308142116, 28.792343875207365], [80.06161734517708, 28.790918153378765], [80.06127740966245, 28.790536561044647], [80.0602494324608, 28.78990444843833], [80.05938288378825, 28.789223671264804], [80.05894099691892, 28.788714840316064], [80.05866055710827, 28.78832570208649], [80.05869431176158, 28.787842918900147], [80.05933932565424, 28.78695938552163], [80.06001826455318, 28.786079594982258], [80.0607991908268, 28.785188573979962], [80.06173686352889, 28.783691154686537], [80.06174933228696, 28.78323455503104], [80.06068759280897, 28.782823251537074], [80.0595128851004, 28.78242116323629], [80.05939988831429, 28.782385452705658], [80.05863216561424, 28.78214282022931], [80.05610124521931, 28.78152616706427], [80.05546416222212, 28.78128688236477], [80.05521271726343, 28.78107502849088], [80.05458060089404, 28.780542437636203], [80.0535952079507, 28.779674415864896], [80.05228687410857, 28.778323714422484], [80.05188077990634, 28.77784562800665], [80.0514542538375, 28.777343483220783], [80.0509169692505, 28.77667892042553], [80.05007786369252, 28.77564103447531], [80.04854849619474, 28.77360924042104], [80.04724008644948, 28.7717494777779], [80.04644129381334, 28.770278802799936], [80.0459230675701, 28.769582788511983], [80.04501034078444, 28.76807179661358], [80.04500817277167, 28.768068207306765], [80.04500600475902, 28.76806461799995], [80.04447863265317, 28.76719155040496], [80.04300904594601, 28.76532434923766], [80.04143745072565, 28.763262481355337], [80.03978950149396, 28.761125784989826], [80.0392980398478, 28.760496215751566], [80.03813318462346, 28.759004012065134], [80.03641739259729, 28.756852334652397], [80.03466772056304, 28.75464075866244], [80.03299449270882, 28.752444088587893], [80.031295876661, 28.750226762192955], [80.03014493926807, 28.74867343034653], [80.02888847261627, 28.748067359615828], [80.02519611592353, 28.74651267244981], [80.0234659731513, 28.745959361056936], [80.02104281809956, 28.745184126975996], [80.0210090521392, 28.74517304306774], [80.01288905168228, 28.74250723274343], [80.00495825531824, 28.739946857499675], [79.9984323109967, 28.737863801666812], [79.99839784259412, 28.737852441409945], [79.99321703737952, 28.73614472304603], [79.97083520569804, 28.728553771400325], [79.95673857974802, 28.723700375960902], [79.95501291112433, 28.72310344056509], [79.95430326549308, 28.722893506777698], [79.95349015129896, 28.723930695710052], [79.9530672997821, 28.724442312392707], [79.95302674091553, 28.724491385398863], [79.95240194580441, 28.725051570415438], [79.95152807895107, 28.725591145811897], [79.95071876114163, 28.726003205832328], [79.95019750928421, 28.72626859787612], [79.94811390232037, 28.72776451191685], [79.94689932112338, 28.728773941572797], [79.94639804091763, 28.729232442469428], [79.94597326892445, 28.729793128136592], [79.94550233674805, 28.730617578331916], [79.94491234382082, 28.73190547664534], [79.94476900406151, 28.732218371589983], [79.94426015989457, 28.73332909897121], [79.94423364436982, 28.733386979131595], [79.94399496014137, 28.733803412607912], [79.94378701365935, 28.7343035311298], [79.94367969769802, 28.734843316900147], [79.94370097418027, 28.73515287711859], [79.94381645946517, 28.735496441072858], [79.94429146832495, 28.736402604679267], [79.94471505032064, 28.737395573984102], [79.94486540104913, 28.737727888023723], [79.94515149893272, 28.738360231418454], [79.94599022777588, 28.740115877771583], [79.94640720693145, 28.741584480047287], [79.94651184036843, 28.742301755895582], [79.9456564816393, 28.74426444606403], [79.94494900236676, 28.745936505640334], [79.94429291972943, 28.747574598058524], [79.9439285069414, 28.748291707273193], [79.94359851539367, 28.74866153589507], [79.94308003896245, 28.749057718859483], [79.94248981396632, 28.74941701833319], [79.94243786847402, 28.749448640465914], [79.94161689783142, 28.749781979400783], [79.94072796076973, 28.750024542355078], [79.94025403098728, 28.750104185483032], [79.93870689879779, 28.75041061586059], [79.93884407319992, 28.7507759553458], [79.93875510451268, 28.751839595462613], [79.93878367689419, 28.752565867647164], [79.93873031117029, 28.75317042343282], [79.940133866246, 28.75441265511558], [79.9407561805193, 28.754976285989923], [79.94125030781571, 28.75551602163619], [79.9416066355614, 28.755905234557197], [79.94218304881873, 28.75674632503162], [79.94284771694576, 28.75760992545652], [79.94316178297986, 28.7580179880832], [79.9431620226486, 28.758405964930557], [79.94320059806644, 28.75870592612196], [79.9432874463063, 28.759077155329646], [79.9431899277183, 28.759974803178245], [79.94289942790017, 28.76010468390379], [79.9426991100145, 28.760166563180526], [79.94261277918999, 28.760193230907664], [79.9422391109655, 28.76029783982544], [79.94119233667398, 28.760633353941916], [79.94072917880271, 28.760791454773376], [79.93993310003974, 28.760990329354772], [79.93920616736942, 28.7610854209629], [79.93837180032762, 28.761259516626488], [79.9373941017835, 28.761501313505867], [79.93593003221339, 28.7618855033086], [79.93487812192548, 28.762134042247144], [79.934074426257, 28.7623351765641], [79.933567566713, 28.76245270981672], [79.93258991793145, 28.762759948736164], [79.93301272525379, 28.763555974790002], [79.93324095144672, 28.76431606311508], [79.9328698161197, 28.764379362998582], [79.93242957356154, 28.76445400600737], [79.93244527850388, 28.765241238392672], [79.93193080623905, 28.765363253087706], [79.93158015204502, 28.765455904339554], [79.93131658721705, 28.76557555019892], [79.93093035568793, 28.766205072221126], [79.93061328473797, 28.766908990519273], [79.9305059600825, 28.767337629291646], [79.93052923062316, 28.767784206223823], [79.93058319445058, 28.76805941361813], [79.93006101115436, 28.768176927103667], [79.929513288229, 28.768364301212923], [79.92930190646591, 28.768117450896913], [79.92882449784916, 28.76809614892032], [79.9284993369792, 28.76817752385507], [79.92785502531103, 28.768534905590723], [79.9277352893717, 28.768585337733604], [79.92735278034914, 28.768746449199885], [79.92744540944656, 28.769811098164926], [79.92733054398825, 28.77047428993205], [79.92700573584858, 28.771009013508774], [79.92674735035925, 28.7713203904069], [79.92630639169458, 28.771642035170174], [79.92605122071734, 28.77182816282373], [79.92548305393294, 28.772229900286195], [79.92508890932311, 28.77243530097514], [79.92440066318362, 28.772988334593016], [79.92415732454255, 28.773166510725623], [79.9242163503114, 28.773475557804755], [79.92438300677752, 28.773935587544525], [79.92445246418117, 28.774729618554492], [79.92461139016437, 28.775070163400894], [79.92549258431531, 28.77596754693855], [79.92598565071421, 28.77651580640274], [79.92651467385811, 28.777104041123106], [79.926878430766, 28.777449074083375], [79.9276212503403, 28.778136763463298], [79.92853317411459, 28.779063481999057], [79.92955007771533, 28.779895427879698], [79.93016954498056, 28.780333267518074], [79.93124050701553, 28.78109021746967], [79.9321958185026, 28.78174844711056], [79.93281833904896, 28.782309883206644], [79.93345613004178, 28.782742674725306], [79.93412980845741, 28.783222792396735], [79.93557446651863, 28.784247382541306], [79.93653469519693, 28.78433381951191], [79.93726228193087, 28.785075550651648], [79.93814358054934, 28.785880420621826], [79.93890966597013, 28.786687626577493], [79.93953222625787, 28.78728277617595], [79.93969077524558, 28.78776979951576], [79.93920741128719, 28.787846850894127], [79.93856223267017, 28.787948661991987], [79.93790933692523, 28.788082101729835], [79.93700039520527, 28.78819526555744], [79.93607488749059, 28.78833900009655], [79.9351033258682, 28.788568349474254], [79.9347396982548, 28.788667783308608], [79.9338769822004, 28.788943339852015], [79.93340590894798, 28.78909012976142], [79.9324048842375, 28.789311705783298], [79.93099410861511, 28.78944984169867], [79.92972185082326, 28.789534352492705], [79.92972180918649, 28.789534356142152], [79.92958639600823, 28.78954619195167], [79.92923505859589, 28.7895768990091], [79.92889453602868, 28.789665050427512], [79.9272046389022, 28.78989572944289], [79.92653640952022, 28.790044887507282], [79.92630072989783, 28.78973146058632], [79.9255421660002, 28.78846178730709], [79.92494271447626, 28.78779433979731], [79.92458903360455, 28.78747065103205], [79.92450840322047, 28.787396858336674], [79.92378997202475, 28.786748114251232], [79.92341096290815, 28.786635516721457], [79.92201554676119, 28.78671040076259], [79.9204459150123, 28.786747043315195], [79.9193039146637, 28.78670796350072], [79.91879171794974, 28.786428800367464], [79.9190500652983, 28.785881299379117], [79.91921630607952, 28.78537376070601], [79.919405432687, 28.784559422099683], [79.91937181195046, 28.784213287626653], [79.91936933884169, 28.784187825685553], [79.9191621761225, 28.78358444712769], [79.91865451815688, 28.782885884124997], [79.91843618026174, 28.782718813213737], [79.91842753547365, 28.78271219856261], [79.91781968222358, 28.782401216913538], [79.91723332834475, 28.782335995850612], [79.91569710939189, 28.782449264874984], [79.9149161964155, 28.782582546242566], [79.91399970930982, 28.78279937611888], [79.91342368966649, 28.783140172574285], [79.9126711863546, 28.783715610320968], [79.91173932843783, 28.784162480793558], [79.91027502173577, 28.784828294463942], [79.91008560531391, 28.785094469197976], [79.90981142220419, 28.785417147111122], [79.90940206867002, 28.78530749007061], [79.9093777191796, 28.78510256051325], [79.90934641191667, 28.784839081250052], [79.90889996741588, 28.78461776891831], [79.90880510213351, 28.784323372397786], [79.90897680323441, 28.7838116850903], [79.90864310740311, 28.783645786983634], [79.90854755989352, 28.78359828614508], [79.90837209274983, 28.78336257565907], [79.90807623932832, 28.783075078350667], [79.90752188097647, 28.78288683227829], [79.90719027600582, 28.782743731884484], [79.90688681149122, 28.782415609821804], [79.90668059505715, 28.78217763352116], [79.90634043836222, 28.781971363430035], [79.9059111736231, 28.782106761411665], [79.9055168975746, 28.782267042732837], [79.90522250787555, 28.782256967381436], [79.90480768102516, 28.782131878185886], [79.90428794412104, 28.782206391518073], [79.90390387402903, 28.782353059250273], [79.90365301876936, 28.782511082904836], [79.90330741264329, 28.78258102232089], [79.9028880730639, 28.782559171472567], [79.90279907800213, 28.78255072370887], [79.9024317174823, 28.782515849640685], [79.90193749022, 28.782310607733724], [79.90166097988362, 28.782134751515073], [79.90137162259788, 28.78201527799339], [79.90094657967707, 28.782114598173894], [79.90072905348593, 28.7826311655888], [79.90064981329061, 28.78293572942056], [79.9005962679343, 28.783842554596205], [79.90013540847399, 28.7841426674966], [79.89869405396406, 28.784792523709367], [79.8980079693567, 28.78525734923217], [79.89757792652998, 28.785724352903625], [79.89729639250814, 28.786210430198096], [79.89627548826422, 28.78658858302076], [79.89566542434515, 28.78678026894816], [79.89429828478326, 28.78724289189481], [79.89308969367207, 28.787543124189728], [79.89209115474767, 28.787710166641894], [79.89133069407944, 28.7878365602138], [79.89048573989922, 28.78805091717345], [79.88945392639975, 28.788407450651626], [79.88902235113405, 28.788086171391083], [79.88824082554821, 28.788404260219203], [79.88812359907952, 28.788464088932752], [79.88769492222563, 28.78868287345908], [79.88729801085562, 28.78882728737949], [79.88683197091747, 28.788987424477373], [79.88631480051592, 28.78917246534836], [79.88548387443862, 28.78951157981638], [79.8854130009821, 28.789540612334527], [79.88482464015793, 28.789781628204544], [79.88433818548499, 28.790010579029158], [79.88433812925409, 28.790010604662577], [79.88396012753759, 28.79031539597175], [79.88393911075961, 28.79083908424942], [79.88385550400876, 28.791298739576686], [79.88365670025844, 28.791556761345866], [79.88354704170648, 28.791699082575395], [79.88321166745197, 28.791917850328844], [79.8829504362139, 28.79210288090803], [79.88276866758254, 28.79235325551383], [79.88272134628137, 28.792698357284483], [79.8828624342297, 28.792941074331132], [79.88302355253022, 28.793218248353476], [79.88319386817442, 28.793693120071506], [79.88328735752114, 28.79395474252695], [79.88332965311699, 28.794473529737207], [79.88295708265437, 28.794726193232858], [79.8822183643386, 28.79497208188799], [79.88135284707074, 28.795343214751984], [79.88127086327036, 28.794699237097422], [79.88073054940341, 28.794994731391046], [79.87965762491265, 28.79536473750724], [79.8789869347536, 28.795569100748242], [79.87897331427662, 28.79557343116057], [79.87833128800094, 28.79577755011353], [79.87766958415311, 28.7959425455104], [79.87763921196284, 28.795950118988646], [79.87701117724154, 28.79588588912376], [79.87675395898647, 28.795505787615845], [79.87646390645783, 28.79558183359291], [79.87622417007465, 28.795633323331952], [79.87556824570278, 28.795774194872404], [79.87538643287908, 28.796152058651995], [79.87485892710912, 28.796215192327562], [79.87453752190785, 28.796181382077332], [79.87408816123835, 28.796273914185438], [79.87377777959937, 28.796556250455634], [79.87349764902362, 28.796803910839802], [79.87346924353864, 28.79682902212328], [79.87345855743283, 28.796842223765694], [79.87306957771648, 28.797322724540322], [79.87311335103763, 28.79767907755019], [79.87350426764411, 28.798654107141562], [79.87238647963024, 28.79933045183927], [79.87233041768097, 28.799364373424066], [79.87285629395102, 28.800374733849317], [79.8735458590353, 28.80132520733426], [79.87364157773894, 28.801384773356958], [79.8738910876289, 28.801540044450913], [79.87433155091438, 28.80172166517199], [79.87472015323851, 28.80212087178965], [79.87472723854093, 28.802209126649856], [79.87474216578015, 28.802395102223848], [79.87445549412541, 28.802594170482926], [79.87418359615656, 28.80278298035802], [79.8734570814726, 28.803099298783913], [79.87308079316105, 28.803374627299785], [79.87327052736322, 28.803702577442415], [79.87328331725493, 28.803724684230986], [79.87303253221326, 28.803899544882483], [79.87248208580424, 28.804218545143595], [79.87144859894624, 28.804897198117235], [79.87139046538223, 28.804932492765708], [79.87069256733119, 28.80535620163436], [79.87008592070671, 28.80580307823229], [79.86994280781866, 28.806475336169587], [79.86970139142485, 28.807684866081424], [79.86968974976021, 28.8077799782331], [79.8696161171868, 28.808381522665933], [79.87026638826849, 28.808531453633215], [79.87055355423138, 28.808597663962114], [79.87154739504366, 28.80883631097082], [79.87312514382475, 28.809194244758785], [79.87349137433014, 28.80943180279818], [79.87383705795828, 28.80976283202139], [79.8741853592027, 28.81020716579815], [79.8750331126659, 28.811220005809147], [79.87530286292949, 28.81142957856917], [79.87536391980424, 28.811477014299157], [79.87611649299673, 28.81200269447181], [79.87672344368596, 28.812205707276636], [79.87730542957497, 28.81253831868039], [79.87762496779584, 28.813094421872936], [79.87808345554781, 28.813735046718314], [79.87823718094275, 28.81420416084297], [79.87850096217164, 28.814874068250816], [79.87900298218987, 28.814761300220944], [79.87932311838446, 28.814653072413726], [79.88007864515951, 28.814427436945937], [79.88131057177203, 28.814091299257946], [79.88169472282895, 28.813989714805828], [79.88235804959578, 28.81349571337045], [79.88238108600318, 28.81313254454981], [79.88305734231602, 28.812959338647623], [79.88307570487532, 28.81295463554739], [79.88350283015458, 28.812834275144816], [79.88384344090062, 28.81273768830227], [79.88447599850802, 28.812509834088193], [79.8853544509012, 28.81217368364417], [79.88628916823734, 28.811783382187787], [79.88629396307851, 28.81178138858874], [79.88629876000006, 28.811779396824825], [79.88713691079789, 28.811431425381873], [79.8879487232658, 28.81109301251709], [79.88836616100915, 28.811007204643143], [79.88870078412084, 28.810868933519266], [79.8891523455357, 28.81068233769079], [79.89069661785707, 28.81012270579857], [79.89159806023888, 28.80976847158673], [79.89272099578173, 28.80933415175991], [79.89385422301372, 28.80890881439966], [79.89503984719104, 28.808434909003168], [79.89611793334423, 28.808073796600844], [79.89594027092056, 28.80730078650588], [79.89591505478292, 28.80719107326184], [79.89623549253584, 28.806666222097707], [79.89651969699925, 28.80640902662999], [79.89712145192905, 28.80584954524782], [79.89771035165872, 28.805472791942567], [79.89829672051226, 28.805258330347915], [79.89897792136425, 28.805046219638584], [79.89956695867612, 28.805001017392527], [79.9002661046596, 28.80499631738142], [79.90080643444149, 28.804937604369403], [79.90172319766025, 28.804871963842988], [79.90223278813407, 28.804716216199356], [79.902975374237, 28.804535666591267], [79.90321860533976, 28.804199485624114], [79.90363597168164, 28.80389266224026], [79.90445533074633, 28.803499975624316], [79.90555632888469, 28.803032811663783], [79.9063873514958, 28.802971725808113], [79.90740013760264, 28.802885710152562], [79.90814027049784, 28.802899063537854], [79.90907244641988, 28.8029439738029], [79.90961544232157, 28.803065679858484], [79.910518182844, 28.803149991368052], [79.91167960096712, 28.803394443811744], [79.91286031159673, 28.803669247091747], [79.91318087876988, 28.8037560713777], [79.91403329649857, 28.803986950654895], [79.91500137322917, 28.80421678559031], [79.91553409265148, 28.80431361847287], [79.91538568985241, 28.804554965316544], [79.91512456402154, 28.804769386695483], [79.91430738441963, 28.805427090292977], [79.91425054457487, 28.805493599914282], [79.91406729642422, 28.805708025208208], [79.91362687283548, 28.806116459513273], [79.91331462211636, 28.806637650659937], [79.9131611610599, 28.807106844914387], [79.91281810651462, 28.80730764692923], [79.91234182328226, 28.807474725662935], [79.91205504856637, 28.807580839478515], [79.91177593404072, 28.80782339344013], [79.91155586172819, 28.808187746282123], [79.91132304088988, 28.808837434837518], [79.91116187148232, 28.809444295125523], [79.91097634102213, 28.80966250745534], [79.91095279372446, 28.8096902022292], [79.91078809509156, 28.809938350785945], [79.91078313736075, 28.81031959950857], [79.9108523975171, 28.8107142752081], [79.91078337495271, 28.811151878941462], [79.9107066853943, 28.81153767046443], [79.91065048143003, 28.811955018150073], [79.91071213442999, 28.812505379796225], [79.91095053812998, 28.812945168949003], [79.91154815927466, 28.81362371741799], [79.91160007328251, 28.813682136840814], [79.9119932788046, 28.814124608453124], [79.91240847964114, 28.81484176414986], [79.91282620604126, 28.81552737723596], [79.91343622535649, 28.816668515836316], [79.9136720648913, 28.8172278600773], [79.91400264185245, 28.817796239935195], [79.91453821332207, 28.818524635560557], [79.91273762480536, 28.81856733958793], [79.91260181063906, 28.818577928872468], [79.91226382750564, 28.818604279566873], [79.91162359189185, 28.81867434884423], [79.91118303496562, 28.818755708908288], [79.9103199780265, 28.818852880692962], [79.90976162751768, 28.81899065292034], [79.90890879721395, 28.819051787273242], [79.90805589085913, 28.819214417486858], [79.90738994755239, 28.819266480302407], [79.90688956873603, 28.819302885564284], [79.90633220820591, 28.819343436917325], [79.90562798178964, 28.819370561789857], [79.90444708578218, 28.819416047242505], [79.9033149620492, 28.819416286700104], [79.90186101904618, 28.81948654917193], [79.90180036785132, 28.81948888852875], [79.90086384935667, 28.819525002965403], [79.9000391900296, 28.819631219234196], [79.89923495260349, 28.819714796976193], [79.89841020317459, 28.819800648942635], [79.89752397769014, 28.819942939369167], [79.89652005341672, 28.820146120835513], [79.89587463024036, 28.82029735789753], [79.8951831043646, 28.820301951040786], [79.89465543158155, 28.82033140510965], [79.89407917086291, 28.820444262867948], [79.89404081907423, 28.820732967706128], [79.89401021618633, 28.8214593114598], [79.8941017274589, 28.822417366623228], [79.89410707385403, 28.822473340396012], [79.89407200606126, 28.823236750514162], [79.89402685638623, 28.82385257453705], [79.89400460086115, 28.823870601268123], [79.89363412944373, 28.824170680717977], [79.89315238933042, 28.82462929418198], [79.89274549316076, 28.825016653988147], [79.89202672211447, 28.82571227429366], [79.89219497740486, 28.82627315591581], [79.89253582241736, 28.827283608477007], [79.89268455635897, 28.827707676287353], [79.89295301335018, 28.82843633805607], [79.89296777250237, 28.82851090723773], [79.89306639087566, 28.82900917222457], [79.89336626678282, 28.829730957850295], [79.89361996029335, 28.830644430966956], [79.89391733565772, 28.83149705203684], [79.89328977593927, 28.83163251757479], [79.89261349304138, 28.831876137592847], [79.89178103133445, 28.8322304132703], [79.89122684971952, 28.832545770320472], [79.89115302619994, 28.832587778696045], [79.89050033496363, 28.833031354119143], [79.88991638457424, 28.833525428130592], [79.88961418623029, 28.833676595536517], [79.88905831637747, 28.83408495463984], [79.8885871889105, 28.83469720344624], [79.88860272268747, 28.83475003576919], [79.88876131662182, 28.83528943114336], [79.88877929484326, 28.835655331907223], [79.88826696756024, 28.835879370872743], [79.88813641228332, 28.836148932736137], [79.88818510678271, 28.8365763658899], [79.88755237544112, 28.836712950277402], [79.8871527830629, 28.83677382549025], [79.88659948096216, 28.836967904362076], [79.88574383399843, 28.83683150937694], [79.88490611439997, 28.836902609434087], [79.88432981093132, 28.837080894773788], [79.88377396335454, 28.837207204065514], [79.88297980330323, 28.837292996325044], [79.88225608746599, 28.83704491195142], [79.88171166974931, 28.83659377930548], [79.88164247572395, 28.83588328972864], [79.88191657415454, 28.83551559708267], [79.88227255698517, 28.835431000892036], [79.8827874628051, 28.835429865164432], [79.88324216832285, 28.835445600002835], [79.883452272304, 28.83519182491437], [79.88337216413676, 28.834677384373833], [79.88336896109523, 28.834369647204575], [79.88326703715452, 28.833881293193933], [79.88282835417357, 28.833748209384915], [79.88243649027994, 28.83395692437385], [79.88194977391895, 28.83421402657213], [79.88143616483224, 28.8343889084364], [79.88090972612707, 28.834309986115965], [79.8800925603192, 28.833925392380195], [79.87964681516696, 28.833803665540557], [79.8786771926024, 28.833627744836484], [79.87879208218618, 28.833151942160043], [79.87921388599814, 28.832884547711494], [79.87939187551436, 28.832771712849265], [79.8796262570824, 28.83245024831469], [79.87956477178815, 28.832181831841908], [79.87901909437606, 28.83214575489791], [79.87864767291533, 28.8321593192689], [79.8783607531176, 28.831899901594053], [79.87835306196892, 28.831511917800167], [79.87879617329148, 28.83117580399797], [79.87913499713105, 28.830791773216855], [79.87878336020923, 28.830379576199462], [79.87848367333547, 28.830350283130617], [79.87802261337896, 28.830465277495993], [79.87775107721188, 28.83066155761484], [79.877599967322, 28.830902950488493], [79.87755636560982, 28.83119393459917], [79.87770502602285, 28.831751052280403], [79.87765633216566, 28.83203304588607], [79.87743353518755, 28.832321785340397], [79.87698262646518, 28.832691676253237], [79.87633966384253, 28.833003011976633], [79.87574028478052, 28.833147323757625], [79.87534582390687, 28.833081919345076], [79.87503329348505, 28.83282256599273], [79.8745645125157, 28.83256718056861], [79.8744589296381, 28.832578684227084], [79.87408414676544, 28.832619515856685], [79.87346295494171, 28.832249572722965], [79.87320400818766, 28.831933778660158], [79.8729923237336, 28.831629207346637], [79.87265414704979, 28.83156283224041], [79.87250827847515, 28.831809906884175], [79.87250327639707, 28.832118982263893], [79.872721273879, 28.832563198978676], [79.87302630585395, 28.83291946486055], [79.87354108046327, 28.833395500257673], [79.87389076375058, 28.833621007343545], [79.87421614334457, 28.83394134337856], [79.87436469680905, 28.83428198777795], [79.87428527832844, 28.834614658626826], [79.8740188639794, 28.834931596351073], [79.87346212027973, 28.835310837023446], [79.87317018608313, 28.835509922042437], [79.87321666744086, 28.835816812965305], [79.87342700005037, 28.83642824741918], [79.87393939957421, 28.836181232864273], [79.87440308596884, 28.83612144854049], [79.8746208132753, 28.83638201106017], [79.87456196065173, 28.836815095227514], [79.87443663892702, 28.837316454164945], [79.87440964822638, 28.837424430045424], [79.87416488326366, 28.838193299321937], [79.87373188412973, 28.838635348421768], [79.87349627255628, 28.838809091397035], [79.87220215698487, 28.838502565610646], [79.87175780399802, 28.838739084339114], [79.87189013761818, 28.839359864137137], [79.87189032744513, 28.839680218992832], [79.87172278719318, 28.840131412327224], [79.87135012002527, 28.84026804754034], [79.87079406713221, 28.840064148071047], [79.87052108184828, 28.839771035543205], [79.87052673781203, 28.839192654080374], [79.8705295296742, 28.83890712367142], [79.87033752795539, 28.838579068254745], [79.86958912845593, 28.838420329328294], [79.8687781707079, 28.83822442291944], [79.8682671491832, 28.8384455850825], [79.8678345719533, 28.838993956595573], [79.86752493736788, 28.839538824108377], [79.8671995877431, 28.83958297618438], [79.86640793681322, 28.839441215545868], [79.86605429819502, 28.83926084714845], [79.86591652281044, 28.839051622031647], [79.86587776011619, 28.83899275839709], [79.86553689200231, 28.838250128096345], [79.8652147109165, 28.837916305193247], [79.86469984281835, 28.837810175009942], [79.86469103628741, 28.83781157494412], [79.86439610484587, 28.837858479405632], [79.8640811180839, 28.838048097579566], [79.8638174516524, 28.838345948206943], [79.86377406865641, 28.83865626726982], [79.86379465857497, 28.838740998911145], [79.86384335281384, 28.838941384104793], [79.86397447343653, 28.83961447414374], [79.86399107808359, 28.839699712010578], [79.86386834809048, 28.840270541933695], [79.86348899056442, 28.840432074199786], [79.8632009909643, 28.84025672422014], [79.86307027536893, 28.83984534517967], [79.86319886030428, 28.83889615496381], [79.86320027022693, 28.838885743403697], [79.86320023162689, 28.838883920655277], [79.863192488595, 28.838517604985235], [79.86316663085847, 28.838075468536818], [79.8629947145606, 28.837601850133787], [79.86267174053687, 28.837101238478155], [79.86216937842808, 28.836582684205908], [79.86145960315216, 28.836154352073404], [79.86106242812158, 28.83590636204406], [79.86064203159945, 28.835288482266126], [79.86040367451484, 28.83502008888363], [79.85942231995423, 28.834530997234932], [79.85896874335059, 28.834167975874983], [79.85896683649639, 28.833746929936478], [79.85896680479324, 28.83374001214985], [79.85897448216237, 28.83373790278848], [79.85947053798695, 28.833601603226345], [79.8601854126149, 28.833542101354467], [79.86053345793398, 28.83331023051415], [79.86050705014577, 28.83290366382854], [79.8601054615465, 28.8327938391847], [79.85979244757526, 28.832794002553012], [79.85971842434641, 28.832794040361], [79.85889626744572, 28.83256420307136], [79.8587563999723, 28.83208606555125], [79.85900187236028, 28.83169350894738], [79.85901304615143, 28.831686706451485], [79.85956168573789, 28.831352673517998], [79.85996382577522, 28.831244284244647], [79.86036851545182, 28.831185496110926], [79.86102685999292, 28.83120550601773], [79.86139821816035, 28.83101479539984], [79.86144801702748, 28.83066179185425], [79.86110202221914, 28.830378819478177], [79.86022729173058, 28.83028554720376], [79.85969189169074, 28.830382728191584], [79.85900810276222, 28.830673971879296], [79.85817657333372, 28.83083700484041], [79.85814284604314, 28.830843616755054], [79.85772988993394, 28.83068109593751], [79.85753254878652, 28.830435380339885], [79.8574590529041, 28.830108137406075], [79.85737601778257, 28.82973841163369], [79.85719394595154, 28.829433936363465], [79.85655857124927, 28.829095773388374], [79.85617932354552, 28.828768838788314], [79.85586667372944, 28.828297556263223], [79.85546172545459, 28.827781077292304], [79.85502354297883, 28.82746316581229], [79.85435744705809, 28.82714311838546], [79.85385554441454, 28.827028320697966], [79.8538326659035, 28.827026184563813], [79.85332508922697, 28.826978788796552], [79.85282699949279, 28.827254115066967], [79.85282696927784, 28.8272541324598], [79.85251851033904, 28.8278293779245], [79.85227021151229, 28.82815656870979], [79.85209103275561, 28.828497210132856], [79.85147633908065, 28.828729713849388], [79.85103576950496, 28.828585446686365], [79.85071282407037, 28.828294585350736], [79.85059747401526, 28.828021705503485], [79.85063058446974, 28.827500577849058], [79.85083789732855, 28.82697044530706], [79.85115791856715, 28.826656800023994], [79.85167015766828, 28.826417600275843], [79.85203136315772, 28.82640170600124], [79.85233622256823, 28.82648954855517], [79.85263327389481, 28.826489455683983], [79.85305670420608, 28.826381435347326], [79.8530883395173, 28.8263733647005], [79.85372180867519, 28.826071892490873], [79.85393432840934, 28.825882289158873], [79.85410835847829, 28.825663494563983], [79.85427220392317, 28.825338607495883], [79.85430523218957, 28.824785935127615], [79.85414493228345, 28.82426270596191], [79.85382593823063, 28.824023657154402], [79.8535211256358, 28.823987710775505], [79.85316769760662, 28.823947228318787], [79.85254016968145, 28.824224837525502], [79.85206377494278, 28.824274553878745], [79.85167444432527, 28.824218355359204], [79.8511646726705, 28.82414407301934], [79.85044748999087, 28.824078857637048], [79.85015803565068, 28.82417366922075], [79.8495818593341, 28.824512194772378], [79.84874409127548, 28.825083214523723], [79.84845876371935, 28.82500231778032], [79.84817052508394, 28.824532873224687], [79.84791432528148, 28.824250961357848], [79.847494150437, 28.824048020510688], [79.84714829448589, 28.82394665013276], [79.84667860223021, 28.823556040008867], [79.84660342951528, 28.823485617420516], [79.84631563793353, 28.82321600886541], [79.84624384471728, 28.82292500930346], [79.84640752989823, 28.82232276949664], [79.84673777801366, 28.821567014072354], [79.84720155549617, 28.82091179831842], [79.84723781306523, 28.82087022098469], [79.8476414562876, 28.820407360008996], [79.8478001219202, 28.819899825092232], [79.84786403040883, 28.819572736636495], [79.84765631764112, 28.819280991426435], [79.84763058690928, 28.819250918651658], [79.84721317278247, 28.818763048313734], [79.84663413695206, 28.818226384287094], [79.84650343589085, 28.81775277303795], [79.84662621000437, 28.81747754566334], [79.84689000195199, 28.817245087636753], [79.84770691438207, 28.817114107292934], [79.84814229068803, 28.817041807048707], [79.8485290483982, 28.816881532389953], [79.84916547618583, 28.81671218497203], [79.84975059177829, 28.816485319629827], [79.84981691109431, 28.81575110169374], [79.85001918081792, 28.815504003307343], [79.8503598188297, 28.815511839909988], [79.85099502877192, 28.815656020250714], [79.8515335653339, 28.815783157732216], [79.85154094456558, 28.815784899343225], [79.85208166380629, 28.815708141823595], [79.85242920796277, 28.815335236448455], [79.85251102565415, 28.814994590173278], [79.85246219876964, 28.814642727881793], [79.8527335730615, 28.81423440550635], [79.85294848225864, 28.81376963860621], [79.85289611159152, 28.813508456369558], [79.85261022832731, 28.813334439362585], [79.85222095171635, 28.813262380688197], [79.85158835787587, 28.813203939750498], [79.85086092347841, 28.81305976874696], [79.85037675504898, 28.81276893318824], [79.84988558384282, 28.812278233920644], [79.8498749581046, 28.812267619095174], [79.84947751743485, 28.811959378357493], [79.84913942210254, 28.81183766237063], [79.84879597775048, 28.811745607800354], [79.84827364375357, 28.811605602333465], [79.84752316143802, 28.811249403769594], [79.8469800239505, 28.81092246570717], [79.84659829359839, 28.810480427776955], [79.84659105954115, 28.809888300986263], [79.84696170972268, 28.80973147411579], [79.84726650788714, 28.809832899795712], [79.8477737009295, 28.810010940510423], [79.84820652581388, 28.80995894990352], [79.84848559096761, 28.80973557822688], [79.84890807902954, 28.80953920860747], [79.8492486439947, 28.809609066924427], [79.84954078527966, 28.81000366882774], [79.84998656214204, 28.810435539441894], [79.85064608007072, 28.81051312953267], [79.85133101057014, 28.809973887343837], [79.85159457294242, 28.80938950834917], [79.85166858119834, 28.808872987917624], [79.85156089744426, 28.808383532429428], [79.85122718626681, 28.80771476997593], [79.85122154821575, 28.807706858252804], [79.85077159038681, 28.80707546267916], [79.8503077988742, 28.80630866895292], [79.85041521939269, 28.805973685319742], [79.85095169765795, 28.805850582227407], [79.85127312917469, 28.80605347325855], [79.85193423864449, 28.806561684988935], [79.85245141036886, 28.806531358426167], [79.85282649311084, 28.806265064403693], [79.85293007680593, 28.805910861715116], [79.85283903154819, 28.805565834127286], [79.85246103049207, 28.805089972103147], [79.85214587857872, 28.804508078525284], [79.85123136031413, 28.80398284824257], [79.85067550380056, 28.8034754568462], [79.85067918801278, 28.80305138455489], [79.85157919859311, 28.80264061251058], [79.8520323473835, 28.802372006185816], [79.85231578688041, 28.801863305516733], [79.85193990432418, 28.80167505926734], [79.85151987411672, 28.80167063641723], [79.85093605000264, 28.801618932311364], [79.85058254138177, 28.801524340862258], [79.850267456678, 28.801249245769256], [79.85002153641936, 28.800734388030996], [79.85001251640291, 28.800715505766473], [79.849590988896, 28.79990504220013], [79.84922589580768, 28.7996265487038], [79.84857932004435, 28.79956808131448], [79.84822601511921, 28.799697905733147], [79.84796994682463, 28.799946059242068], [79.8475117063351, 28.800294651288073], [79.84663334744042, 28.800368223001545], [79.8460161630821, 28.8003638725224], [79.84567824456346, 28.80054665698421], [79.8454888343788, 28.8008444307209], [79.84578607232608, 28.8013157867658], [79.84602433751664, 28.801665365598783], [79.84597574579152, 28.801983490989656], [79.84590167167471, 28.802452609212047], [79.84591715801767, 28.802976003815363], [79.84603369638042, 28.803397602467307], [79.84603381037438, 28.80339801702146], [79.84605812447106, 28.803486273979527], [79.84617355107208, 28.803905274412784], [79.8462735951171, 28.804239036475842], [79.84620705148834, 28.80459547204186], [79.84598438342839, 28.80481555929172], [79.84556753938448, 28.804864915368114], [79.84517598532202, 28.804814710134], [79.8451256457861, 28.80478557975949], [79.84459114439835, 28.804476273396318], [79.84421970642636, 28.80431627790846], [79.84389704114022, 28.80428020290302], [79.84353474943148, 28.80443256046292], [79.84321325866432, 28.80440442109793], [79.84251023259604, 28.803979427972696], [79.84203520163297, 28.804120486690337], [79.84162356944243, 28.80426046244397], [79.84110810107006, 28.80394705341116], [79.84121029357361, 28.803238695387094], [79.8411052726616, 28.802921839866787], [79.84048551027189, 28.802947862105004], [79.84003322022629, 28.803226156541875], [79.8396609607489, 28.803297716546705], [79.83936389725301, 28.803025963717015], [79.8394803143847, 28.802741841154358], [79.83951484417409, 28.802709240100928], [79.83976836188798, 28.80246988820873], [79.84020616791813, 28.802172050352922], [79.84031240394253, 28.80192495172007], [79.8400024551961, 28.801720950286626], [79.8392969894145, 28.8017548575433], [79.83896911844889, 28.801725645904092], [79.83866438663735, 28.801513621301066], [79.83844152862778, 28.80126106122895], [79.83844907103217, 28.800783991023355], [79.83869484151658, 28.800584350336536], [79.83923261703829, 28.800577461969937], [79.83972555339265, 28.800428495544505], [79.8398496378105, 28.800145381381522], [79.83966011896473, 28.799869105815343], [79.83929898938318, 28.79956239927868], [79.83897364855225, 28.799352647016057], [79.83866111810727, 28.79897602493855], [79.83856960959339, 28.798178052938837], [79.83841755846404, 28.79763509152804], [79.83799242347678, 28.79744453603702], [79.83767997868259, 28.79748750070804], [79.83737528545228, 28.797654440389785], [79.83704501699287, 28.79779888608133], [79.83627932349921, 28.79777417712498], [79.8358030509516, 28.797724632731303], [79.83543938644243, 28.79792772740139], [79.83513476954063, 28.798268419175727], [79.83485314889178, 28.79853688340326], [79.83457403557183, 28.79864066628496], [79.83425648049928, 28.798570790107412], [79.83407971491145, 28.798072301111777], [79.83384142957645, 28.797535557847098], [79.8333292076833, 28.79704841276923], [79.8330909800347, 28.796861202091637], [79.83265824311597, 28.796874779769247], [79.8321768589476, 28.79729890748001], [79.83155981999109, 28.79758324356673], [79.8308952823384, 28.797772806256265], [79.83062772584952, 28.79760591860427], [79.83035616813986, 28.797053363426777], [79.83002822967072, 28.79647369724061], [79.82976828029399, 28.79607365694282], [79.82944046124203, 28.7958692289289], [79.82873248875424, 28.796083631309074], [79.82813841879421, 28.79601486850892], [79.82729836185747, 28.795206330403097], [79.82694243097905, 28.795010089601224], [79.82657747869474, 28.79516241092951], [79.8262510534349, 28.79582669666028], [79.82611547559414, 28.796381661227375], [79.82603230661744, 28.796716617141932], [79.8253887664248, 28.797266119637786], [79.82492491894965, 28.797962988968898], [79.82464323124063, 28.79818861145581], [79.82424379531804, 28.798314939114857], [79.82395956891004, 28.798202167197218], [79.82395179042744, 28.797850332523723], [79.8242391449637, 28.797128932345995], [79.82421545218874, 28.796826227541274], [79.82387735912263, 28.79638187795136], [79.82349069980586, 28.796054839964242], [79.82280774334767, 28.795652114570867], [79.82271892627793, 28.79563286344057], [79.82222047750723, 28.79552482558044], [79.82161106013405, 28.795565502183443], [79.82083518961383, 28.79575499119153], [79.81996200922902, 28.796147561738465], [79.81903253415955, 28.796808539472607], [79.81814144974142, 28.797618374766568], [79.81747306435062, 28.798466506835975], [79.81695150991817, 28.799336165417728], [79.816913853733, 28.79938471717653], [79.81628757573596, 28.80019218717229], [79.81576681619728, 28.800712939004274], [79.81551163224226, 28.800968117071328], [79.81532986124287, 28.80168090925951], [79.81524790659391, 28.802050884242455], [79.81499182870603, 28.80239828862627], [79.81458203894728, 28.802646390428933], [79.81405457507867, 28.802711798682562], [79.81345674596685, 28.80268904167006], [79.81298151177396, 28.802443358983496], [79.81282179291338, 28.801933822506097], [79.81281829001252, 28.801864133790694], [79.81278436270256, 28.801189235130632], [79.81289191793684, 28.80055090655036], [79.81302506976002, 28.80026663088349], [79.81370874520603, 28.79980199474277], [79.81439621732515, 28.79927942239099], [79.81439821301326, 28.799277905372236], [79.81455634973199, 28.79892905345014], [79.8146716054014, 28.79835610575066], [79.81468692594596, 28.797715463679314], [79.81437451090208, 28.797244075165924], [79.81394684910163, 28.796923754930237], [79.81338862406766, 28.796938372304403], [79.81305570764, 28.7971966968028], [79.8124693297409, 28.797828236012577], [79.81209036572254, 28.798141841211866], [79.81145530589487, 28.798263596297534], [79.81110160876699, 28.798257274932425], [79.81069730560064, 28.798250049334136], [79.81014160064834, 28.798449695591298], [79.8095269793563, 28.799190714286222], [79.80883210625632, 28.799982623640002], [79.8088005421384, 28.800018596025918], [79.8080442304575, 28.800947797121154], [79.80729633945093, 28.80196942657615], [79.8072655161915, 28.80202107592796], [79.80693274901353, 28.802578679366466], [79.80683482592266, 28.802911989474083], [79.80674322439506, 28.803223781529592], [79.80669449068225, 28.803501183198318], [79.80670981168687, 28.804092157989402], [79.80690958246842, 28.804962921913766], [79.80723729674851, 28.80569822679107], [79.80774945271322, 28.806521591675164], [79.80858575651402, 28.80755461126606], [79.80860041840644, 28.80757272304143], [79.80939102131211, 28.80836673740052], [79.80969582155802, 28.808581108686813], [79.81061004632109, 28.809205874813195], [79.8113425627884, 28.809661527314915], [79.81165757523293, 28.80987361143582], [79.81211089556814, 28.810324714120743], [79.8124156117804, 28.810669828712065], [79.81277931119227, 28.811184091795432], [79.81305721801235, 28.811724773801664], [79.81308162436879, 28.811784985809826], [79.8131736314845, 28.812011979247746], [79.81332998014432, 28.812397713387895], [79.81332226286551, 28.812684146355366], [79.81338885610363, 28.81319393241066], [79.81374230423442, 28.81395638413126], [79.81431092639532, 28.814874408865016], [79.81494606955351, 28.815591703656704], [79.81530985641952, 28.816065336687956], [79.8160270293752, 28.816726238952555], [79.8164623897124, 28.81695862202181], [79.8169003342731, 28.81692244632861], [79.81750993843151, 28.81668557144247], [79.817755778013, 28.81637768123699], [79.81792991146193, 28.81562546830992], [79.81795815477281, 28.815061532297218], [79.81797849250965, 28.814655437713174], [79.81826789215113, 28.81395846073592], [79.81851369750008, 28.813455447616278], [79.81881847839287, 28.813130566709688], [79.81936399853534, 28.81277413793596], [79.81982501125017, 28.81246960194824], [79.81990691364899, 28.81220342206867], [79.81983260965768, 28.811824473630786], [79.8197419473187, 28.811419524280257], [79.81970753780412, 28.81134976346483], [79.81949443425434, 28.81091772697057], [79.81923066878628, 28.81017335592887], [79.81913073440546, 28.80945383356483], [79.81917165470882, 28.809018530216658], [79.81972471577133, 28.807685316915624], [79.81992182592721, 28.807008672923953], [79.81989620383574, 28.80644244721478], [79.81967341175591, 28.806020688866468], [79.81907664491368, 28.80559328374262], [79.81914578615336, 28.805330481221947], [79.81983207463787, 28.80507781810782], [79.82022646796408, 28.805037181508837], [79.82109204483201, 28.805269488326147], [79.82160424237576, 28.805400262457088], [79.82241870418677, 28.805783612477004], [79.82279007746293, 28.80604525438807], [79.8236147940603, 28.806615935377636], [79.8242985952038, 28.807312808446312], [79.82469569444109, 28.80808877062796], [79.82509018290347, 28.809022528111615], [79.82529039842272, 28.80979440374214], [79.82531842618575, 28.80990245559355], [79.82539519028003, 28.81051806876414], [79.82544283182463, 28.811750875721764], [79.8254952966702, 28.81270152463242], [79.8255261466873, 28.813418854033053], [79.82577470683788, 28.814345841688212], [79.82605399088735, 28.814970647799306], [79.82643074017305, 28.815367673623303], [79.82653599063406, 28.815453391801004], [79.82735012260086, 28.816116436774767], [79.82788649501147, 28.816486372293294], [79.8282721802544, 28.81675238122768], [79.82906371020883, 28.817451537478874], [79.82945832893917, 28.818184561752012], [79.82968123022644, 28.818870272423382], [79.82970702630895, 28.819495074322205], [79.82952683371812, 28.820042050863727], [79.82952072309494, 28.820052095273066], [79.82913088701932, 28.820692936407454], [79.82907200889727, 28.821110245615028], [79.829164334975, 28.821430523447063], [79.82934618627401, 28.821685429154396], [79.82957677515432, 28.821931218541614], [79.82998914006079, 28.82218609453962], [79.83063210279786, 28.82245441585861], [79.83138270141323, 28.822738526655346], [79.83184380268303, 28.822991064072326], [79.83216848133763, 28.82328392086706], [79.83218836325824, 28.823303865580492], [79.83246114921687, 28.82357751352372], [79.83270659158194, 28.824207051002148], [79.83271115142858, 28.824263741947277], [79.83273541702808, 28.82456547430695], [79.83265102206143, 28.82507297555714], [79.83275099252128, 28.825448545958658], [79.83349221818861, 28.826047918115396], [79.83359075219661, 28.82612759466851], [79.83363892416263, 28.82616959011106], [79.83433421249359, 28.826775734193802], [79.83472118335278, 28.827276385212624], [79.83487746865738, 28.827745533339947], [79.83495961762586, 28.828609507072375], [79.83498966274563, 28.828944300782663], [79.83504180402709, 28.829525281073728], [79.83533912153705, 28.830116244061436], [79.83588368271623, 28.830780810332715], [79.83593293387885, 28.83084091590693], [79.83691226461707, 28.83180995258136], [79.83718399714347, 28.83238960542045], [79.8371353688724, 28.83270991164467], [79.83693097719218, 28.832935078833746], [79.83652580388208, 28.83304386069172], [79.83592375135316, 28.832811641761875], [79.83506761896685, 28.832314127776307], [79.83504416192652, 28.832292408641703], [79.83429946024398, 28.831602903293025], [79.83338474802562, 28.830896967034217], [79.83264956553042, 28.830723461237326], [79.8321552183705, 28.83070323252223], [79.83132273093405, 28.83080028075663], [79.83056581510783, 28.83126752160974], [79.83048517710391, 28.831351210655857], [79.83008558174816, 28.83176591717743], [79.82928656711971, 28.83280810972608], [79.82901514536216, 28.833469071349043], [79.8289153174505, 28.83413003290392], [79.82883348883769, 28.835027748413115], [79.82874940244812, 28.835444329385197], [79.82869279062669, 28.835724790679624], [79.82842132592893, 28.836333852727478], [79.82790904377936, 28.83699482800489], [79.8276153089681, 28.837197020005895], [79.82721749533927, 28.837470856281108], [79.82631066208172, 28.837680757138656], [79.82551256827753, 28.8378386854641], [79.82543259598889, 28.837854510354738], [79.82475055826144, 28.838014726114007], [79.82426647151787, 28.8383779200406], [79.82395136260608, 28.838756883062004], [79.82382849148213, 28.839050146405267], [79.82390282398482, 28.83942907602165], [79.82426657902299, 28.839703114963708], [79.82485845490628, 28.83992303131591], [79.82532980013333, 28.84025682688947], [79.82559376083879, 28.840561238035292], [79.82599163658958, 28.840984724247743], [79.8260809208255, 28.841079756234688], [79.82682101064513, 28.841632547999684], [79.82728470341081, 28.841711441162236], [79.82795847533953, 28.841682091384254], [79.82852971860972, 28.84147219094986], [79.82887548321348, 28.841210521073723], [79.82922892730768, 28.840739078190644], [79.82952604576475, 28.840030748130356], [79.82952594452034, 28.839421673889948], [79.82964881004395, 28.838970522354973], [79.82995357893715, 28.838449422204047], [79.83041719787212, 28.838041080832557], [79.83088597314274, 28.837819969022714], [79.83143672322652, 28.837731976818624], [79.83222056852416, 28.837833381164696], [79.8332274219649, 28.83811737683973], [79.8340945844234, 28.838329579676486], [79.83416239927841, 28.838350152793755], [79.83514882677434, 28.838649403587652], [79.8360148885905, 28.83910716708537], [79.83633774542774, 28.839382282859546], [79.8366177098326, 28.83973730039819], [79.836791308257, 28.839957436265422], [79.83688102254344, 28.840309238719726], [79.83690665798913, 28.84088836969959], [79.83690225216995, 28.84100011068853], [79.83688635669121, 28.84140324685395], [79.83679430176245, 28.842041657952393], [79.83667141537607, 28.842445412229814], [79.83635134349953, 28.842975581082175], [79.83608758814776, 28.843282370566012], [79.83563415023325, 28.843550911719653], [79.83514746706119, 28.843760740557432], [79.8343712630147, 28.844146583512998], [79.83337482749087, 28.844832460842913], [79.83269087997587, 28.845369486868364], [79.83246047049637, 28.845879295236728], [79.83243489133565, 28.84616120112454], [79.83229279913976, 28.847100820783147], [79.83229912497272, 28.84717196553694], [79.832376333213, 28.848040236183937], [79.83233641429717, 28.848350330924625], [79.83233590388414, 28.848354291159012], [79.83198200542772, 28.849321493866277], [79.83173364685881, 28.850083963511793], [79.83146215553612, 28.850623060374097], [79.83089350836478, 28.851577270182606], [79.83003548236157, 28.852732326468285], [79.82979087895785, 28.853399989110514], [79.83011032773459, 28.85429330061934], [79.83075070480992, 28.855269809700655], [79.8312043309683, 28.855669022617654], [79.8319064110816, 28.855786199423598], [79.83250019923032, 28.855599267172096], [79.83259183781843, 28.855543195067728], [79.83289530946521, 28.85535750769899], [79.8335305925752, 28.854649080691477], [79.83429654337652, 28.8538798151567], [79.83521349557799, 28.852950344726835], [79.83613570807688, 28.85220579943993], [79.8363047335936, 28.851845970037466], [79.83623197468299, 28.851404285072242], [79.83619697720246, 28.851191827459246], [79.83674494600868, 28.85005154807956], [79.837205971973, 28.849252889366618], [79.83791614783642, 28.848469000886098], [79.83796574864114, 28.8484142513177], [79.83893752530872, 28.847926299078814], [79.83991876495509, 28.847716313838625], [79.84064376474609, 28.847716117838228], [79.8409154317046, 28.847817608797527], [79.8413792267465, 28.84808588060008], [79.84229396046149, 28.84866540805091], [79.84287608390487, 28.849166257389783], [79.84296358745922, 28.849234147513297], [79.84417498002493, 28.85017400242223], [79.84539203820366, 28.85128860925449], [79.84543854246871, 28.851728962840472], [79.84525426749039, 28.852188079006], [79.8448816607083, 28.852777877970098], [79.84487781135299, 28.852785649024522], [79.84459610127753, 28.853354408148075], [79.84453730434026, 28.8536521433101], [79.84469383295222, 28.854567854036592], [79.84506560889159, 28.855413637621673], [79.84551932996152, 28.85602487525552], [79.84617801842003, 28.85654801626191], [79.84680588628585, 28.856983199546477], [79.84786166957421, 28.857436297036397], [79.8489431517465, 28.858087907915362], [79.84940459205188, 28.858712617389614], [79.8496123356946, 28.859337362663698], [79.84958684504099, 28.859747898704867], [79.84952035953329, 28.860038839878122], [79.8492490041787, 28.860598312564942], [79.84867267453431, 28.861092495136987], [79.84781452196107, 28.861837068200522], [79.84715616204473, 28.862207211751215], [79.84645426021581, 28.862832189190073], [79.84587792137971, 28.86331728059448], [79.84578573685762, 28.863578948068923], [79.84577040095618, 28.863851965430808], [79.84583603738963, 28.864160683747798], [79.84586099775268, 28.864278081905244], [79.84610906624101, 28.864970637017148], [79.846184447893, 28.865500646449185], [79.84619167127512, 28.865551440555144], [79.84619912514347, 28.86609163878531], [79.84592764338899, 28.86673012974474], [79.84590991471637, 28.867167716482616], [79.84604318648637, 28.86745636851123], [79.84651929992371, 28.868059487798423], [79.84656966111683, 28.868123282204994], [79.84662525548738, 28.86874422677826], [79.84615663446517, 28.869371446616064], [79.84587739228792, 28.869879005833905], [79.84577007632939, 28.870580545577525], [79.8460085669149, 28.8711895428169], [79.84626494750972, 28.871654065312974], [79.84625744615994, 28.872075886479593], [79.84606045535541, 28.873194763700084], [79.8456634597989, 28.873905373918852], [79.84528431738379, 28.8743272931077], [79.84469776463716, 28.87506393687285], [79.84411544161384, 28.87557724572237], [79.84323569012571, 28.875920377485187], [79.8422910924403, 28.875976752544137], [79.84182158960296, 28.876008072084055], [79.84102074689392, 28.876061496588253], [79.83981593869552, 28.87588830420262], [79.83877411963815, 28.875571969680678], [79.83812903664267, 28.87506774311265], [79.83759403153945, 28.874899671724766], [79.83716860215411, 28.874852392652183], [79.83632804005647, 28.874926990222473], [79.83552727354981, 28.874960965829956], [79.8350800288535, 28.874670014316074], [79.83489535275109, 28.87420087171242], [79.83487214410582, 28.873481332918974], [79.83504503935882, 28.87305500712644], [79.83544082462329, 28.87263312929627], [79.83573040160138, 28.87230373704868], [79.83581487047995, 28.87183230441722], [79.83572346912258, 28.871448100526646], [79.83570014289488, 28.871413952929327], [79.83547131701506, 28.87107896948807], [79.83502791623076, 28.870770005477922], [79.83424117181355, 28.870576202165086], [79.83385931089987, 28.870596528024564], [79.8334775235642, 28.870637205334287], [79.83309314124232, 28.870750032949775], [79.8325370975161, 28.871025325955735], [79.8321707284308, 28.871449429842198], [79.83210930239919, 28.871738164067374], [79.83207866985263, 28.872363034279424], [79.83200023083481, 28.87277356733879], [79.83199979864848, 28.872775826816056], [79.83182248955525, 28.87348173062067], [79.83137428745395, 28.874027783742264], [79.83102331097619, 28.874612068615026], [79.83082217239247, 28.87506079516305], [79.83081043458357, 28.87506932278794], [79.83029827234529, 28.87544138715039], [79.83007394454854, 28.875722426284103], [79.8294817504212, 28.876360542147047], [79.82895871884347, 28.87684534453061], [79.82851273004677, 28.877660541422213], [79.82845873824299, 28.877759230284237], [79.8282892103436, 28.87832481842907], [79.82833764802676, 28.878850384052505], [79.82884895817726, 28.879757744439868], [79.82886857570966, 28.87978976621308], [79.82950801140082, 28.880833493051522], [79.82927207244931, 28.881142480268988], [79.82913517862764, 28.88138500244626], [79.82893093381844, 28.881746841044645], [79.82884615651591, 28.882114479141908], [79.82884075419214, 28.882861116823033], [79.82897623350188, 28.88372287066678], [79.82930653050533, 28.884494343855554], [79.82848625330314, 28.88469030461747], [79.82794795087355, 28.88488867486322], [79.82773544894329, 28.884514117510424], [79.82734386736536, 28.884644119997102], [79.8264051322598, 28.884955773982973], [79.8241801191313, 28.88568128691156], [79.82304456238282, 28.886057577189522], [79.82096306676986, 28.886776328627757], [79.81967372558857, 28.88723145012408], [79.81911530812557, 28.88744112800473], [79.81803569107574, 28.887846510628414], [79.81725186964496, 28.88757664132361], [79.81720429475158, 28.887560261813846], [79.81641615559094, 28.887351887750825], [79.81545259298031, 28.887134878675514], [79.81496317331614, 28.887015131557373], [79.81390359323741, 28.88654207553449], [79.81409732056372, 28.88617562794891], [79.81426470253979, 28.885645191882446], [79.81428825941553, 28.88558160602632], [79.81438234339434, 28.88532764555147], [79.81459524652756, 28.884919459108872], [79.8146751526061, 28.884215723830827], [79.81471129838877, 28.883726285596296], [79.81301436189088, 28.88417886745043], [79.81188138870137, 28.8844874215949], [79.81022034821754, 28.8849535821089], [79.80940012569563, 28.88516072428161], [79.8077929103647, 28.885568157052358], [79.80692646927751, 28.885815843643314], [79.80623950439028, 28.885930531684476], [79.80522448834068, 28.88619398204526], [79.80417346057122, 28.886434737173225], [79.8024765296451, 28.88683760540405], [79.80125635895858, 28.887182097723425], [79.80073716394186, 28.887303298670158], [79.79977988805156, 28.887503974074676], [79.79975797744756, 28.887492809560186], [79.79938527505486, 28.8873028928614], [79.79839484539005, 28.886837087439247], [79.7983318626865, 28.88680718779538], [79.79694212487513, 28.886147435577406], [79.79690317551555, 28.88612894498647], [79.79690310265522, 28.886128910056055], [79.79690305685747, 28.886128887995095], [79.79641582625192, 28.885891412416065], [79.795098959856, 28.885301883926452], [79.79440518912924, 28.884299944482866], [79.79373976423723, 28.88317179185773], [79.7933593353948, 28.882898600437976], [79.7927876322053, 28.881578721087735], [79.79251124441446, 28.881039465487856], [79.79224523201168, 28.880511154268138], [79.79224519048316, 28.880511072619324], [79.79224514999324, 28.88051099280553], [79.79195342337881, 28.879931609166814], [79.79167958451063, 28.879367509650436], [79.79104753832338, 28.878180614007036], [79.7907225720395, 28.8776120419785], [79.79017503864006, 28.87647484796776], [79.78976973009961, 28.875069484485685], [79.78959047097793, 28.87457774617931], [79.7892192549797, 28.87385718657625], [79.78896289699375, 28.873359572811065], [79.78862221991825, 28.87273238902293], [79.78784056997408, 28.872854073322745], [79.78705814195338, 28.873088917983683], [79.78630025141152, 28.873447087382296], [79.78569567790238, 28.872684499072204], [79.78507555367744, 28.87278818650165], [79.78494785397334, 28.872473683599498], [79.78469906713688, 28.871860962007577], [79.7837918820862, 28.87196682620864], [79.78363052428385, 28.87164879247709], [79.78348577917305, 28.87136112730554], [79.7825697505264, 28.871285351681006], [79.78069430704164, 28.871442128324237], [79.78005828237285, 28.871605105179317], [79.77960719963387, 28.871769699345993], [79.77914846554633, 28.871902647132107], [79.77798495318216, 28.872179752142564], [79.77690347996689, 28.87235767255721], [79.77595270498013, 28.872603338310466], [79.77457650829348, 28.872984180856623], [79.77358723941681, 28.873200442095033], [79.77217506970287, 28.873594779659317], [79.76965825187631, 28.87428869780095], [79.7693724080109, 28.87436089815578], [79.76806157289681, 28.874691996183945], [79.7667621900862, 28.8749667155765], [79.76585270070629, 28.874562632493994], [79.76559640648959, 28.874428355172025], [79.76489430365866, 28.874106897204324], [79.76383888891787, 28.87357401009269], [79.76207612631174, 28.872750027953426], [79.76071834551259, 28.872090832651715], [79.76001380542301, 28.871724060689697], [79.75959641286359, 28.871149873200327], [79.75921213740597, 28.870903840533625], [79.75851504704829, 28.871050150332678], [79.75715408177122, 28.871453420634996], [79.75664661667241, 28.871565968590293], [79.75556008552644, 28.871549739395967], [79.75463761678657, 28.87157867718351], [79.75353307934677, 28.87155562131457], [79.75171624362127, 28.871674387995643], [79.75051012978821, 28.87173580550503], [79.74908174075352, 28.871808543964118], [79.74943953107088, 28.87133835994706], [79.74948401015277, 28.870871471143772], [79.74918662725224, 28.87065984907651], [79.74894549387324, 28.870473072206618], [79.748893055687, 28.87022480248575], [79.7488760261463, 28.870144172373653], [79.74860918313678, 28.86990886977009], [79.74855747128838, 28.869863270620037], [79.74851866695712, 28.869827095480208], [79.74822545260992, 28.869553746929412], [79.74763044635073, 28.86912795476055], [79.74756188158507, 28.868554006973532], [79.74794870824933, 28.86803612179005], [79.74808469354821, 28.86757346021735], [79.747601597589, 28.8664099814124], [79.74710021034883, 28.864975821939176], [79.7467143863662, 28.863721995987465], [79.74627974889054, 28.86230361175722], [79.74610920343592, 28.86171292077579], [79.74596070733196, 28.86119859530873], [79.74565944282212, 28.85996057363871], [79.74483175171459, 28.859875548851413], [79.74392471802653, 28.85983348651795], [79.74362987297445, 28.859797041823644], [79.74329293687322, 28.859720164793625], [79.7430301893873, 28.85933364276167], [79.7428835225069, 28.85904719056124], [79.74262834953025, 28.85887826715395], [79.74219509218503, 28.859003108561566], [79.74214018309642, 28.859018930761913], [79.74209641561345, 28.8590306680857], [79.74166907628153, 28.85914526650823], [79.7412437703554, 28.85915691172646], [79.7408734372824, 28.858698057292777], [79.74051123093693, 28.858272215226766], [79.73978730751854, 28.85839668139197], [79.73977682919683, 28.858399813667656], [79.7384966045013, 28.85878255542831], [79.73817365851843, 28.85872756773654], [79.73783008613096, 28.85824034261047], [79.73755485571307, 28.857795509029184], [79.73749344157237, 28.857696250239908], [79.7366158631331, 28.856384137674777], [79.7356581529679, 28.85684959991618], [79.73521505551784, 28.857159158423816], [79.73462370511754, 28.857572287241684], [79.73385529141362, 28.85790454354371], [79.73383208544327, 28.857915956173766], [79.73204994098664, 28.85879235492625], [79.73079752664742, 28.859251242464627], [79.72899182806093, 28.85997002711497], [79.72738329161076, 28.86062760559413], [79.72638189328958, 28.861014086750323], [79.72591490765552, 28.860441550706152], [79.7254889189288, 28.85969974210175], [79.72464225187872, 28.85854995048007], [79.72420868973857, 28.858036047357004], [79.72415432001647, 28.85738187954441], [79.72413831948477, 28.856707516049227], [79.72388432958273, 28.856371605034678], [79.72357408291911, 28.856109629709728], [79.7233011311784, 28.8558503870573], [79.72298418268122, 28.855544434703887], [79.72271744976717, 28.85527396208887], [79.72285829846389, 28.854877943271113], [79.72287396960841, 28.854854219772342], [79.7232391869364, 28.854301357632195], [79.72345672453159, 28.853980927807385], [79.72350501793689, 28.853572558258897], [79.7234095983179, 28.85292977399645], [79.72299142688306, 28.85238875273334], [79.72267082636225, 28.85194682700465], [79.72222993261548, 28.851791573815383], [79.7219657987371, 28.85148048670352], [79.72153498365813, 28.851104106809892], [79.72109289730362, 28.850882366143097], [79.72107377892056, 28.850867835715995], [79.72080948721556, 28.850666971486596], [79.72059398509317, 28.850313058110615], [79.72066682130892, 28.84996665796971], [79.72066740342912, 28.84996388736815], [79.72105954411703, 28.84954573146881], [79.72094130992839, 28.84914431057755], [79.72067934719213, 28.848382132106707], [79.72033764008559, 28.847378586745155], [79.72010233188665, 28.84641332018527], [79.71981685337116, 28.845669906723813], [79.71897322037138, 28.84582313481841], [79.71888662412682, 28.846310384421173], [79.71892332066196, 28.84730514669597], [79.71885989394046, 28.847952519958206], [79.71882439823509, 28.84840593520532], [79.71855836651822, 28.84884830942944], [79.71787207562198, 28.849132976913378], [79.7173571634575, 28.849203217295564], [79.71707517892168, 28.849101956862306], [79.7165654640885, 28.849266915771747], [79.71609923132259, 28.8492694825783], [79.71549212447404, 28.849398509208648], [79.71478022305904, 28.8497666439695], [79.71344571177652, 28.85020737865554], [79.71277840264122, 28.850408831273228], [79.71187305087507, 28.850682145677133], [79.71102374602548, 28.850725497421777], [79.71028204942094, 28.850710176387945], [79.70988995690402, 28.850963252597072], [79.70963346060265, 28.851102067625085], [79.70928602896102, 28.85066846639517], [79.70861594891146, 28.849811207767587], [79.70816408900154, 28.848616000670496], [79.70758394414882, 28.847197575468442], [79.7068962684379, 28.845767944782068], [79.70625990094771, 28.844489318521052], [79.70708525785302, 28.844309739393722], [79.7071192055427, 28.844302090802973], [79.7075328715065, 28.844208886524402], [79.70711682340789, 28.842853462849803], [79.70698827961586, 28.842298616560775], [79.70667987410906, 28.841049189845165], [79.70562982559103, 28.84144004949858], [79.70500543629134, 28.84163701673448], [79.70350915186614, 28.8421090286712], [79.70157785172823, 28.842656020239396], [79.6999873405729, 28.84312605963827], [79.69923434127932, 28.843390355874078], [79.69714939392016, 28.844070499651643], [79.69488535878914, 28.84502808475795], [79.6929286728332, 28.845953950583716], [79.69255939134759, 28.845372137228647], [79.69199840618998, 28.845543888490866], [79.69156248575307, 28.844962127525868], [79.69088881504985, 28.845138423571495], [79.69043543593716, 28.845213098440084], [79.68997175152082, 28.845368894269598], [79.69074846966183, 28.846047494778617], [79.69163793941883, 28.846825237849437], [79.69209434445371, 28.847296463462953], [79.69201270822896, 28.847923619765556], [79.69170295753722, 28.848194413620565], [79.69117008115322, 28.84832321526399], [79.69010952125609, 28.848416245671473], [79.68927951006495, 28.848513659286517], [79.68803705986907, 28.848798495377377], [79.68733010863075, 28.849071714562253], [79.68559087460723, 28.849740182729796], [79.68464306919628, 28.850002281789937], [79.68377715652726, 28.85012444327113], [79.68315156386407, 28.849969585030596], [79.68306060801677, 28.8504647489098], [79.6829664430863, 28.8505002395096], [79.68251953835976, 28.850668676111418], [79.68274003418571, 28.851022650652123], [79.6832350170846, 28.85191792494484], [79.68267668420941, 28.852299421962535], [79.6829588017418, 28.852788754030986], [79.68307425780074, 28.853088700277738], [79.68273615831566, 28.853273783802685], [79.68231608262091, 28.853506382210973], [79.68271815959741, 28.853952121453705], [79.68291601158136, 28.854171459016992], [79.68311353644364, 28.854592085355492], [79.68347379980979, 28.855090351734436], [79.68359634555421, 28.85543380149557], [79.68351499412653, 28.855505491213208], [79.68257389301917, 28.856334811599638], [79.68190287253421, 28.856831328371303], [79.68066581290564, 28.857612306873136], [79.68026350955196, 28.857729778689492], [79.67941578041746, 28.858289558896868], [79.67870629447697, 28.858749949456985], [79.67739468133826, 28.859309888150808], [79.67674586142374, 28.85830418188209], [79.67605931832844, 28.858509635463832], [79.6751974678076, 28.85878422337566], [79.67515700073601, 28.858797116232925], [79.6735768280583, 28.859169214871354], [79.67290503403682, 28.85827851098837], [79.67245159503265, 28.858353132365334], [79.6721336995676, 28.85805322576961], [79.671226847338, 28.85846862188243], [79.67008690339235, 28.85900354721561], [79.66946947264451, 28.859218098790674], [79.66835252319645, 28.859580463644885], [79.66768390755585, 28.85994723414729], [79.66744555655379, 28.859737518642998], [79.66571900437276, 28.86093810083689], [79.66476983193688, 28.86142554360199], [79.66471976747019, 28.86141197971407], [79.6644123498615, 28.861328691728446], [79.66410101897446, 28.86153530751332], [79.66346465351036, 28.862077866890083], [79.66439017685445, 28.86355958007677], [79.66508242940903, 28.864653340116647], [79.66544754594119, 28.865196715359275], [79.66572341318795, 28.865607266497914], [79.66512913321597, 28.865950295739427], [79.66434767849687, 28.866297881001135], [79.66403144889375, 28.866476568476468], [79.6633331358776, 28.866871155003604], [79.66313066844396, 28.866638862787116], [79.66267456420763, 28.86687581940994], [79.66200338675623, 28.867340703665953], [79.66083650215145, 28.868085407521345], [79.66042911117066, 28.86829188550045], [79.65981039345748, 28.868611276757512], [79.65812438282043, 28.86912597135382], [79.65663060743141, 28.8696857082307], [79.6560592838284, 28.86980990363082], [79.65558476173322, 28.86845436938774], [79.65504410534635, 28.868601089388676], [79.65347059519078, 28.869128551552492], [79.65304283314431, 28.86850682782475], [79.65248840750816, 28.868520856127052], [79.65240683506983, 28.8685229206182], [79.65133873916677, 28.868626719016767], [79.6509566853786, 28.86781706235623], [79.64976065958072, 28.867986008214576], [79.64970180845775, 28.867994321479053], [79.64963030661809, 28.867897665386227], [79.64909134197977, 28.867169090604854], [79.64873805141515, 28.866578489449367], [79.64828707119061, 28.8666986365801], [79.64743443519527, 28.867038346334482], [79.6469781430126, 28.866447293275513], [79.64672092425732, 28.86610676348085], [79.64628233049318, 28.865526112151176], [79.64571622759618, 28.864691647157528], [79.64575506663753, 28.86465102713412], [79.64592329432809, 28.864475088935837], [79.64529798572816, 28.86385035185071], [79.6448673790507, 28.86346689535704], [79.64444976960948, 28.86349182447304], [79.6440536944347, 28.863701279103154], [79.64279730450771, 28.864365687162515], [79.64269988114985, 28.864417206011712], [79.6412163546287, 28.86528325650591], [79.6399018840072, 28.86599167778065], [79.63949958199782, 28.865856629424588], [79.6394200917928, 28.865813990573198], [79.63833878666277, 28.865233973837604], [79.63765203115794, 28.865583659370504], [79.6369013356949, 28.86614315131956], [79.63601739984011, 28.866851505532434], [79.63513066189189, 28.865852253385285], [79.63468473208036, 28.865445064374875], [79.63421998589573, 28.865020689938415], [79.6341974054432, 28.865000071267445], [79.63314212432171, 28.864392977679767], [79.63262957081612, 28.86422613213008], [79.63257570065066, 28.863389305954154], [79.63237839010898, 28.862949416038823], [79.63129693600713, 28.861569018509257], [79.63104910353881, 28.86129097050087], [79.63099110481598, 28.86122590063833], [79.63048465194038, 28.86122846915183], [79.63011314450662, 28.861476624103684], [79.62939315192754, 28.861621010939494], [79.62904849784991, 28.861851711303387], [79.62902919876664, 28.861874859538947], [79.62872182348879, 28.862243549017208], [79.62855497135266, 28.862535871401064], [79.62851286400635, 28.862609643236112], [79.6284553737911, 28.86288196463477], [79.62835806149484, 28.863416529038837], [79.62824784253723, 28.86408647868263], [79.62803007316667, 28.864535403976184], [79.62774061894154, 28.864993239388294], [79.62748547255475, 28.865382903768456], [79.6274247092771, 28.86547570235226], [79.62708714995627, 28.866006101176815], [79.62648117864444, 28.86670308406308], [79.62608145017744, 28.86659593719437], [79.62609291318552, 28.86614369210041], [79.62587518285542, 28.8656429622779], [79.62547539264227, 28.865557221329386], [79.62502953876704, 28.865654187442825], [79.62444791643904, 28.86563164614434], [79.62378161179161, 28.865302315879628], [79.62348696407365, 28.865063247519746], [79.62311283943434, 28.864963991985206], [79.62248246104345, 28.864810588918946], [79.62188807986008, 28.864670746580288], [79.6213884064951, 28.864348124525826], [79.6206529850466, 28.863499965969638], [79.62020716214137, 28.86290672691473], [79.61929763339906, 28.86161201240083], [79.61799095020025, 28.859668803900046], [79.61796277086631, 28.859629423870512], [79.61693276890155, 28.858190050473613], [79.6159260069027, 28.856703456235312], [79.6154878666065, 28.85613276800935], [79.61457844501172, 28.854869554147104], [79.61391236965291, 28.853890590694263], [79.61358955192019, 28.85338077953071], [79.6133179911828, 28.852866412497956], [79.61255707149006, 28.853220495099844], [79.61205737028766, 28.853396419891432], [79.61038684061343, 28.85409100430835], [79.60960790898717, 28.854438245588558], [79.60881102848069, 28.85476297373847], [79.60825115439575, 28.854846414491732], [79.60775278520896, 28.855008760382667], [79.60708912284862, 28.855324454388146], [79.60631814569112, 28.85581692266098], [79.6055724301417, 28.85618903189368], [79.6055720715133, 28.85618915019849], [79.60502526238312, 28.85636988977956], [79.6042717603519, 28.856746812467396], [79.60387686108717, 28.856812824077036], [79.60386786244086, 28.856814328334185], [79.60362227387932, 28.856602892222906], [79.60340456298515, 28.856357004052317], [79.60336100273611, 28.856072767773853], [79.6034405830571, 28.85557878375852], [79.60347652134504, 28.85521791131874], [79.60339715978637, 28.85476222514345], [79.60295898120772, 28.854778008485873], [79.60236460757994, 28.85478689490486], [79.60176250484085, 28.854771006174992], [79.60124493100612, 28.854701045332657], [79.60038692790691, 28.853591081350288], [79.5998182707488, 28.852990959113615], [79.59874214278398, 28.852936649180094], [79.59804289926488, 28.85230492726323], [79.59713359096448, 28.851294198285405], [79.59678255042037, 28.851449730405957], [79.59590677069656, 28.851885412884364], [79.59581765436849, 28.851906187197734], [79.59504998271436, 28.852085136774956], [79.59501048268203, 28.852094343684954], [79.5941126115052, 28.852116873235314], [79.59360536494283, 28.85207836305565], [79.59301102804928, 28.85179409847035], [79.59217082241383, 28.851223145449513], [79.5916355897076, 28.850575675974618], [79.59150501778261, 28.85018989840942], [79.59191758655047, 28.850135845847632], [79.59175108777978, 28.849781699449746], [79.5914232731335, 28.849492879685645], [79.59094672654092, 28.849495057381997], [79.59013190962035, 28.84972713779441], [79.58958878897664, 28.849864650731902], [79.5893171263927, 28.849979570784352], [79.58900214194841, 28.849402062377294], [79.58845899797377, 28.84960943333534], [79.58752369792185, 28.850026490552427], [79.58718476111129, 28.849472955647258], [79.5871532382076, 28.849421474087833], [79.5864839444808, 28.848690884810356], [79.58572393849258, 28.84809805464638], [79.58568659284062, 28.84805168187117], [79.58529822606368, 28.847569434789367], [79.58475280148453, 28.84677750791542], [79.58437123988931, 28.84631276964491], [79.58327707479364, 28.846750020730738], [79.58253403779166, 28.847036253793636], [79.58208810265862, 28.84725944761416], [79.58151158180047, 28.847667503146415], [79.58076578056217, 28.848059802501073], [79.57941027196277, 28.848630019345006], [79.57859549417279, 28.848907151301216], [79.57652993565934, 28.849939585615854], [79.57565860059071, 28.85048959255696], [79.57562362734127, 28.85136821258776], [79.5752686632816, 28.851718795081787], [79.57444323333176, 28.852451643224448], [79.5737614143733, 28.853121331722292], [79.57361252834252, 28.853838554422534], [79.5735031700605, 28.854793427969568], [79.57350701012945, 28.854900242545273], [79.57351701065102, 28.855178365455874], [79.57381416614021, 28.85541084195395], [79.57446992136117, 28.85569525150019], [79.5749732855805, 28.855942437085133], [79.57487942814953, 28.856694690251494], [79.57495859573346, 28.857267652952082], [79.57498387364475, 28.857915012388673], [79.57512197768526, 28.85852186888113], [79.5753317790409, 28.859085823799433], [79.57554189316737, 28.859365383166843], [79.57570822248869, 28.85958668337575], [79.57604697002606, 28.85986786545104], [79.57650347496404, 28.860246790779247], [79.57654764021382, 28.860283449736485], [79.57682845173798, 28.860572208151602], [79.57714251770412, 28.860906783402747], [79.57731651552896, 28.86128351233999], [79.5774794226761, 28.86158197496538], [79.57773643079629, 28.86205283736201], [79.578056453047, 28.86261239939004], [79.57837130541849, 28.863438105659043], [79.57880402921005, 28.864119442800494], [79.57925167750386, 28.864717209359515], [79.5792711425084, 28.86474320204318], [79.57964157328695, 28.864975717192824], [79.57999254439068, 28.865182237916112], [79.58065600019468, 28.865735083937412], [79.58098117150303, 28.86619535842236], [79.58100659696684, 28.86680887422296], [79.58031468441125, 28.866939453029683], [79.580347547627, 28.86792412324219], [79.580260037215, 28.868777826123594], [79.58035455894769, 28.86947036861177], [79.58034392218809, 28.870368095539547], [79.58028212280588, 28.87111812401897], [79.58048693015196, 28.87153879427336], [79.5808506982232, 28.871924628868793], [79.58064933904826, 28.87227084346118], [79.58078624793914, 28.87275024065433], [79.5809501406439, 28.873136009047986], [79.58133674377665, 28.87388725266734], [79.581774761667, 28.874403921217795], [79.58197595694392, 28.87506620706909], [79.58216131132173, 28.875421314816755], [79.58269907901958, 28.876323762232282], [79.5831241961487, 28.8772126203911], [79.58356201258874, 28.878074462527923], [79.5839256890947, 28.8786519908078], [79.58427918815437, 28.879220504782918], [79.5834485897209, 28.879716543376777], [79.58307605745547, 28.879952610422713], [79.58198999670329, 28.880640831364815], [79.58230248766613, 28.88110564162632], [79.58196788176451, 28.881320306525136], [79.58210696103983, 28.881603377091626], [79.5820961074623, 28.88160945187941], [79.58155383947853, 28.88191295387773], [79.5805412315586, 28.88256444733796], [79.57959537765838, 28.882914644703177], [79.57903152690261, 28.883123406152755], [79.57835983643197, 28.883529160220146], [79.57867483435037, 28.884021029206625], [79.57893094238068, 28.88452410959744], [79.57904048219896, 28.884767455091495], [79.5790765913216, 28.884847672225877], [79.57915095644996, 28.88547376087261], [79.57918395340731, 28.886218196785705], [79.5790863282244, 28.88674592603021], [79.57880030732608, 28.88711989221987], [79.57879126325413, 28.88712851099652], [79.5784093964301, 28.887492346566983], [79.5781990747296, 28.8878915159551], [79.57812038587083, 28.88808197574527], [79.57808657302199, 28.88816381628797], [79.57756303064657, 28.888680761514], [79.57720044435699, 28.888877589162167], [79.57692958456805, 28.888996840613842], [79.57649670440756, 28.889070611269897], [79.57592007576493, 28.888944125933033], [79.57522948030329, 28.888590843942055], [79.57495029681445, 28.88829595815715], [79.57472777261151, 28.888060917071588], [79.57427510062259, 28.88782017371349], [79.5736268467617, 28.887607952058016], [79.57322699853083, 28.88752886974954], [79.57288875073031, 28.88740915001649], [79.57263768978456, 28.887230896129555], [79.57239437964093, 28.88691945388959], [79.57202295364507, 28.886574203989703], [79.57158729329284, 28.88642974346915], [79.57113743223, 28.886581784134094], [79.57070283301236, 28.886869184446702], [79.5703976878475, 28.88714881363839], [79.57009254098469, 28.887489227971336], [79.56999503977762, 28.88778921805085], [79.56998009716986, 28.888379914806837], [79.56998931936177, 28.88889898409125], [79.57004553235903, 28.88918095798475], [79.57025555859619, 28.889537421893554], [79.57045022057463, 28.889758616427585], [79.57043210713553, 28.890056342392615], [79.57035240763685, 28.890554773134614], [79.57056248395482, 28.890762347523523], [79.5707659467484, 28.891255898966424], [79.57077004547558, 28.891271079965044], [79.57089765357546, 28.89174375398718], [79.57088967375633, 28.89233469753589], [79.57062559641828, 28.892573730559434], [79.56904673045456, 28.893305281739412], [79.56903116048791, 28.893312495224375], [79.56802601257431, 28.893743351599426], [79.56630837713507, 28.89436515488211], [79.56548008219481, 28.894628758186887], [79.5651829557588, 28.894723317495178], [79.5636754878543, 28.895236930647915], [79.56293719468216, 28.895529849524994], [79.56192701329373, 28.895935336527675], [79.56131675017039, 28.896316334218923], [79.56093982094167, 28.896496548407892], [79.5602629408105, 28.89685938934075], [79.55938089697618, 28.897348455320465], [79.55841410753266, 28.898054009345245], [79.55705758767235, 28.898908145666354], [79.55641781555424, 28.8992083947125], [79.5558889996167, 28.898551261854116], [79.55555085710705, 28.89822404238184], [79.55511001213496, 28.898212458477186], [79.55473845374142, 28.898140100667185], [79.5542610314888, 28.897797750949024], [79.55382898756112, 28.897323101722858], [79.55347792848856, 28.897171771131237], [79.55323971278268, 28.896986742309995], [79.5530374072129, 28.896666313056812], [79.55291713604605, 28.896361696741682], [79.5527611754421, 28.895842818798975], [79.55325135013918, 28.895657986335113], [79.55330492894136, 28.89563778247167], [79.55343318845266, 28.895216143205598], [79.553804802669, 28.89524110719299], [79.5538511685809, 28.89489157375985], [79.55483361473055, 28.893785634263168], [79.55450823474261, 28.893549757634553], [79.5542802501749, 28.893330834996487], [79.55384694771382, 28.893500931203175], [79.55321699333612, 28.892764141962378], [79.55283794560128, 28.892346587144203], [79.55243960773538, 28.89208828830013], [79.55234943282947, 28.892029815013675], [79.55229433107975, 28.89199557129999], [79.55077040291549, 28.891048492796568], [79.54988919766456, 28.890445794446297], [79.54945619193263, 28.890118474193077], [79.54829928024863, 28.890788342311858], [79.54792287064804, 28.89100628765053], [79.5474902974628, 28.89027529960725], [79.54731985901864, 28.889940242469663], [79.54692215424747, 28.889158413492936], [79.54649876864413, 28.88852513939849], [79.54758418337511, 28.88801062120664], [79.54720274114078, 28.887430676748707], [79.54688345839685, 28.886965794325175], [79.54661387276838, 28.886573271846533], [79.5459610862301, 28.885620974884404], [79.54520509297899, 28.884835570686743], [79.54414916865232, 28.88548005331063], [79.54340831211815, 28.885736757031427], [79.54304476067112, 28.885390419969013], [79.54271178221158, 28.8850732058822], [79.54220207501875, 28.88456760159621], [79.54159272175096, 28.88379803607309], [79.54097317643676, 28.882969853799473], [79.54064820863121, 28.882313223960274], [79.54052049146198, 28.881880078500252], [79.54087699896071, 28.881485544172556], [79.54145386559028, 28.881147608918983], [79.54171747658272, 28.880821897063814], [79.54176267550893, 28.880766050336252], [79.54166459881617, 28.88046876580838], [79.54097314628959, 28.87982318592719], [79.54068512219624, 28.87955817427958], [79.54038931679335, 28.87928600326564], [79.53966955425231, 28.878721656494626], [79.53877904551497, 28.878142877730784], [79.53850927244093, 28.877967539838732], [79.53755907292476, 28.87736016231411], [79.53717238654103, 28.876978659491982], [79.5366911967504, 28.876243082729015], [79.53643789522461, 28.875708304667608], [79.53636683128519, 28.875172534514036], [79.53651071218397, 28.874478971824036], [79.53660593274954, 28.874055035085917], [79.535912109884, 28.873307926604554], [79.53524393000447, 28.87252926043008], [79.53432725259675, 28.871608399667053], [79.53388580087353, 28.87095167872085], [79.53329067556588, 28.870141490330074], [79.53305019775827, 28.86974884631652], [79.53245066212067, 28.86964239661531], [79.53174606663117, 28.869499880553224], [79.5314368947161, 28.869481937658232], [79.53107732530599, 28.869461068571287], [79.5301947441142, 28.869184672081875], [79.52962754026116, 28.868758471887343], [79.52931751053566, 28.868665786071514], [79.52887185617107, 28.868439946992787], [79.5278062953595, 28.86801735955915], [79.52715174265904, 28.867838664412126], [79.52708842652102, 28.867873201894835], [79.52685433655243, 28.868000889569107], [79.52580017049075, 28.867720431972458], [79.5249675854642, 28.867469414138025], [79.52405037311938, 28.867288275177035], [79.52351749782648, 28.867159345174315], [79.52316292470844, 28.866931125762058], [79.5230886074672, 28.866883291985346], [79.52267772515413, 28.866396334191354], [79.5224477465916, 28.865775778118547], [79.52230972818425, 28.865428345021716], [79.52214867467254, 28.8649770592676], [79.52166462890061, 28.864788396959998], [79.52065461999871, 28.865219589606298], [79.51975732957457, 28.86562938513066], [79.51932151597133, 28.865854627529977], [79.51825238696736, 28.86641994393851], [79.51765508875263, 28.866629292792872], [79.51701937830299, 28.866912970256603], [79.51689666393753, 28.866651213188145], [79.51665350526305, 28.8663361338361], [79.51611532530735, 28.866432893730057], [79.51500279977454, 28.866823353690346], [79.51423130450686, 28.866964867037236], [79.51357265947097, 28.867065829415047], [79.51324969788361, 28.86716707405413], [79.5130372385771, 28.866958215888104], [79.51300063678407, 28.866965259399603], [79.5125564650031, 28.86705073305042], [79.51207615648768, 28.86712545651094], [79.51138678087642, 28.867200460007595], [79.5110543500728, 28.86663636888185], [79.51059909289549, 28.86571443998016], [79.5101410565711, 28.86512764134775], [79.50992649808113, 28.864574777415932], [79.50930334315413, 28.86500057329309], [79.50873139526792, 28.865487308132273], [79.50856953958753, 28.86582998008713], [79.50825649174436, 28.86613101182707], [79.50753834971893, 28.86682157761945], [79.50693807779523, 28.86740760269328], [79.50612249584272, 28.868076759918274], [79.50587813582962, 28.86822569855304], [79.50533525996373, 28.868556582338538], [79.50442990690557, 28.869218943762927], [79.50337818228311, 28.87001613814227], [79.50336521332433, 28.870024878258604], [79.50253202857252, 28.870586375093925], [79.50190396469625, 28.870820413951904], [79.50141700644997, 28.870878585317648], [79.50049194797224, 28.87083719675825], [79.50009206821369, 28.87092020463852], [79.49941522762782, 28.871237695737715], [79.49850231429848, 28.87177365928613], [79.49819637583127, 28.872181878231185], [79.49789968293396, 28.872417600326184], [79.49754924138074, 28.872647237796652], [79.49723242168037, 28.87287401963733], [79.49670139929309, 28.872881229240395], [79.49609794514372, 28.872518437321098], [79.49556166204992, 28.872167687912583], [79.49505813147933, 28.87202706911172], [79.49466422780185, 28.872200358051575], [79.49431682837613, 28.872506908705653], [79.49393990561991, 28.872635877458553], [79.49348938528091, 28.87268178387225], [79.49289123849013, 28.872668058524432], [79.49224650278659, 28.872541772692284], [79.49166912446226, 28.8723802037207], [79.49138212807742, 28.872363500837363], [79.49132489188051, 28.872360169701896], [79.49132484815024, 28.87236016589565], [79.4903924457486, 28.872287403070743], [79.48965994906449, 28.87225549016051], [79.48904164129637, 28.87224168612907], [79.48786490574446, 28.87236217206661], [79.48676222418877, 28.872453303978016], [79.4862178475054, 28.872439726081346], [79.48580157070323, 28.87233189596089], [79.4854861108433, 28.872224389749142], [79.48468777885175, 28.87186092868717], [79.48365354341699, 28.871656443850274], [79.48331078262379, 28.871649421581903], [79.48270510854714, 28.87183087503292], [79.48222120258222, 28.87182339422377], [79.48187189433742, 28.87177493426142], [79.48163759042647, 28.871549357055237], [79.48135020924423, 28.87115794987726], [79.48069283369095, 28.870522773400133], [79.48037158816143, 28.870515815533093], [79.48004842547557, 28.870644925627555], [79.47979232497134, 28.87080975213603], [79.47948912760054, 28.870986255638435], [79.47910530737252, 28.87112334630261], [79.47871722922206, 28.871136091861327], [79.4784651021129, 28.870755147617864], [79.47842999242891, 28.870366778785918], [79.47849101158862, 28.870295247678758], [79.47862564686119, 28.870137414302558], [79.47879511485347, 28.869794818836173], [79.47889719895406, 28.869493416317685], [79.4791064476758, 28.86928110949864], [79.47900722133294, 28.868902141276862], [79.47858495990089, 28.868622699539962], [79.47832149302477, 28.868408854651683], [79.47860047760406, 28.868128736320642], [79.47890400380288, 28.86787236133814], [79.47898647676517, 28.86742353877437], [79.47893281592015, 28.867363610253673], [79.4788293974189, 28.867248111584036], [79.478725642195, 28.86713223674806], [79.47866624647921, 28.866871723595303], [79.47854340045083, 28.86651634257347], [79.47832087812378, 28.866393623167006], [79.47819806692075, 28.86632589318692], [79.47814559265977, 28.866018071954773], [79.47806668362614, 28.86560366880925], [79.47776843099739, 28.865404495940698], [79.47732547969169, 28.865255145160035], [79.47722238886199, 28.864997445629655], [79.47722403368157, 28.86460696955077], [79.47644441365294, 28.864604423057536], [79.47512682598416, 28.864671108473512], [79.47364763464643, 28.864808247895706], [79.47250564982016, 28.865019123550315], [79.47207369368628, 28.865098886067457], [79.47058014213482, 28.865448940017785], [79.46917936081952, 28.866106937889], [79.46819567273295, 28.866671647254787], [79.46710494691936, 28.86726141446499], [79.46706513107368, 28.867286702619438], [79.46655168653318, 28.867612799053337], [79.46623958516783, 28.86775741947328], [79.46618013159043, 28.867784968791476], [79.46582505368646, 28.86778786860101], [79.46533111108808, 28.867588639792878], [79.46532026597687, 28.867580346670636], [79.46495341097851, 28.867299818360852], [79.46453798625197, 28.86700261095673], [79.4640151280429, 28.866681379396134], [79.4634644688912, 28.86657304087975], [79.46281920548034, 28.866582709996482], [79.46230821252242, 28.86671233459168], [79.46194450622873, 28.8668045971124], [79.46160568125289, 28.866998383405317], [79.46116292026184, 28.867251612361486], [79.46027369020895, 28.867721927365366], [79.4589946839254, 28.86817908853625], [79.45669246110133, 28.8689995842788], [79.45476687700781, 28.869756251708882], [79.45410016641641, 28.870065709367775], [79.45403279559325, 28.87009697961491], [79.45330453606098, 28.870523360105206], [79.4525704113117, 28.870967525185495], [79.45200387190567, 28.871409311940443], [79.45169355930014, 28.87166560954287], [79.45156035045844, 28.8713900442486], [79.4514381475825, 28.871094877308835], [79.45092214254088, 28.87106021359732], [79.45092110233095, 28.871060144018237], [79.45029459292655, 28.871116514035087], [79.44984516320878, 28.870913814859975], [79.4497289976489, 28.87058506117937], [79.44985025151234, 28.870268054658172], [79.44988969783947, 28.870211086234328], [79.45000697680139, 28.870041712901052], [79.45015873525789, 28.86962393770249], [79.45016774796127, 28.86956657030378], [79.45021196671057, 28.869285125801003], [79.4501466685151, 28.868853007030182], [79.45015601553906, 28.86863869851728], [79.45015882363194, 28.86857430428685], [79.45029752008013, 28.86817906254363], [79.45024856600777, 28.86785053672562], [79.44995736841898, 28.867586258112294], [79.44968907980262, 28.867461092782445], [79.44936678516389, 28.86738898931084], [79.44884275730116, 28.867339855660926], [79.44812387289822, 28.86727821879012], [79.44766684395239, 28.867276642315883], [79.44738422030053, 28.867352579925786], [79.44712808423283, 28.867517355070856], [79.4468744210147, 28.867699668858453], [79.44655201373061, 28.867834849083057], [79.4461844169408, 28.867766822894545], [79.44612921492111, 28.867729458428453], [79.4458442658286, 28.867536584057362], [79.44560418704995, 28.867280946684055], [79.44544416825326, 28.867110556462535], [79.44540764293792, 28.867071663892446], [79.44514983014118, 28.866516565421094], [79.44515199838888, 28.86603143093846], [79.44514199654712, 28.865262268152907], [79.44526349388329, 28.864700874857277], [79.44528118492977, 28.86461913416673], [79.44534854070517, 28.864162533864615], [79.44507462561452, 28.86379476906054], [79.44442493739089, 28.86362510332439], [79.44433238768194, 28.86361119464717], [79.44411450326405, 28.863578448086173], [79.44344279599564, 28.863493286564587], [79.44325551496853, 28.863291478475517], [79.4430125252393, 28.862923817155288], [79.44253105301591, 28.86298130569899], [79.44218205127812, 28.86287359543519], [79.44195466243937, 28.862624314488563], [79.4419427108591, 28.862292953422862], [79.44190398243347, 28.861937834489535], [79.44173030927426, 28.861700571832948], [79.44124641867258, 28.86169888324075], [79.44034167411358, 28.861812311833418], [79.44021690205855, 28.861845631363792], [79.43924178242774, 28.86210602855073], [79.43766543469138, 28.862916966953204], [79.43712611066475, 28.863281888941835], [79.4363185427059, 28.863515705048567], [79.43531206723915, 28.86369418064709], [79.43487910825947, 28.863770955144947], [79.43436714303766, 28.863926666869936], [79.43425612967471, 28.863960430009836], [79.43414511520143, 28.863994194900844], [79.43353305823102, 28.864180347162232], [79.43148651250858, 28.864918561045837], [79.43103832120411, 28.865045923733334], [79.43000596701306, 28.865339280228188], [79.42852377376393, 28.866114961353837], [79.42773578764528, 28.86646713026632], [79.42702271241816, 28.86660657412531], [79.42629693176693, 28.866586227347668], [79.42588066988192, 28.86649007451848], [79.42550516212631, 28.86656102606049], [79.42544803753711, 28.867026912185278], [79.42535926733166, 28.86732833008514], [79.42510224142478, 28.867724348205503], [79.4249118163388, 28.86816092953527], [79.42486426533881, 28.868559521873962], [79.42485327744181, 28.869049512040046], [79.42485198130831, 28.86910733031952], [79.42493239578233, 28.86952176421981], [79.42505181344862, 28.869859425034857], [79.42509074395873, 28.870161298199474], [79.42501816868476, 28.870251135100414], [79.42477978100062, 28.870546222011846], [79.42474437249824, 28.870935093189964], [79.42533589190197, 28.8709253846029], [79.42531186528703, 28.871759498947462], [79.42483336927219, 28.872035849637683], [79.42489641462774, 28.872935355319886], [79.42503658923674, 28.873752158695417], [79.42505934327482, 28.87379942237893], [79.42525350224854, 28.874202726054328], [79.42584817980143, 28.874259355537518], [79.42611787790086, 28.87478562109419], [79.42643378258286, 28.875831416107683], [79.42670816670486, 28.876500489988263], [79.42696769895551, 28.876702581789065], [79.42744708461544, 28.87660076014964], [79.42787742383167, 28.876566800902822], [79.42788644819457, 28.877525268880785], [79.42782896761314, 28.878329674090295], [79.42773224507214, 28.878897289450972], [79.42790498965476, 28.879335709674788], [79.42855886221957, 28.88039113456734], [79.42934446041676, 28.88203864529203], [79.4301181564284, 28.88335479819682], [79.43026977183085, 28.88400612042085], [79.43031424539735, 28.884568317399996], [79.43056102972602, 28.884989244858225], [79.43074753525849, 28.88536262774517], [79.43101042205468, 28.885937430072218], [79.43089395456556, 28.88613417176773], [79.43078201461365, 28.886323265934173], [79.43088936843432, 28.88668243935594], [79.43090482401453, 28.88697682521145], [79.43082080283318, 28.88704881836659], [79.43063150094174, 28.88721102167104], [79.43058258841978, 28.88761610376785], [79.43017150650765, 28.887839456743162], [79.42975394910485, 28.888009539200183], [79.42967492974711, 28.88825979930169], [79.42967755601042, 28.888297368663487], [79.42969753277823, 28.888583206221146], [79.42983156678636, 28.888909746481694], [79.4298526290055, 28.888951911317136], [79.4300236592679, 28.8892943049867], [79.43026998991397, 28.88981580239754], [79.4302012444829, 28.89014686209755], [79.42964833683959, 28.890511693622937], [79.42857114118206, 28.890862823237963], [79.42823030232292, 28.890992609659378], [79.42792465791915, 28.891108994825778], [79.42772193681463, 28.891533261259905], [79.42772263123126, 28.891579622856412], [79.42773152263484, 28.892173206288366], [79.42786324248758, 28.892765290046295], [79.42774103847094, 28.89302516214975], [79.42720237312818, 28.89321255254863], [79.42665490535853, 28.89300007462687], [79.42656395920602, 28.892919383634403], [79.42634414928888, 28.89272436080651], [79.42606306918199, 28.892451213290084], [79.42576772185048, 28.892355498034505], [79.42544433784768, 28.89250815685003], [79.42522757764156, 28.89286234666725], [79.42495643437411, 28.89334649364696], [79.42463244283181, 28.893629304076264], [79.42430883227894, 28.89382928929481], [79.42392030423943, 28.893532087190913], [79.42352491929879, 28.893264440235352], [79.42315471975971, 28.89336368253163], [79.42303926992413, 28.893614699784884], [79.42338766647794, 28.893867388105406], [79.42359485433109, 28.894128444428762], [79.42385568331493, 28.89441926970546], [79.42402865461668, 28.894810356588437], [79.42397240318896, 28.895342601163293], [79.42379563942983, 28.895767923048208], [79.42369954095348, 28.896211389090148], [79.42388443636275, 28.896563681309647], [79.42412709852877, 28.8967748485724], [79.42448210717593, 28.89705417922884], [79.42465590665904, 28.89726778228354], [79.42465130146026, 28.897548526879532], [79.42445841301536, 28.89781430941152], [79.42431538479421, 28.898213130054724], [79.42434079175445, 28.898532689285638], [79.42416416417544, 28.898928429162797], [79.42355143460495, 28.899133288823393], [79.42311440338675, 28.899143546641103], [79.42277085603335, 28.899290213475776], [79.42250052955485, 28.899593914748248], [79.42249978936478, 28.899753052068842], [79.42249919521461, 28.899880835309464], [79.42232384939119, 28.900141114561144], [79.42225532474, 28.900242828955097], [79.42223380743651, 28.90027476684892], [79.42224059374885, 28.900289077407304], [79.42239671852953, 28.900618310977745], [79.4225145760637, 28.900905101762483], [79.42231945119518, 28.90116892497601], [79.4223175556554, 28.901171487847048], [79.42226759997392, 28.901491136044562], [79.42262312126968, 28.90161048389133], [79.42282219348465, 28.90198270542941], [79.42282299160365, 28.902003276043924], [79.42283720566199, 28.90236974734207], [79.42299073586531, 28.902605955346566], [79.42281554456186, 28.902763957036683], [79.42261941267168, 28.902940844509853], [79.42298121700748, 28.903207382738287], [79.42346480064968, 28.90330969512786], [79.42398038680426, 28.90352642103183], [79.42414101675811, 28.903915558781716], [79.42429426041853, 28.904214868600704], [79.42448203787201, 28.90426815780888], [79.42473236644061, 28.904339198280216], [79.42503514458947, 28.904688150002418], [79.42527194037044, 28.905055490039565], [79.42531648368832, 28.905353472071283], [79.42508803173372, 28.90556952183054], [79.42478522044084, 28.905627597683342], [79.42454574201247, 28.905801257957236], [79.42460099527834, 28.906209659411424], [79.42494265253298, 28.906474146427716], [79.42525134173077, 28.906599489916108], [79.42539726308874, 28.9070289192115], [79.42524808013991, 28.90730348026656], [79.42490418340482, 28.907521137020098], [79.42445227699783, 28.907833060355124], [79.42429615979765, 28.908151961873468], [79.42432448069029, 28.908569138303697], [79.42461495216034, 28.908999088357376], [79.42502341169487, 28.909358470240655], [79.42548675663734, 28.9094814067813], [79.42581584048, 28.909559494959847], [79.42608378633003, 28.90977343041925], [79.42626411370028, 28.910034376300747], [79.42634636213403, 28.910422164166903], [79.4264120087974, 28.91076552491942], [79.42669982812542, 28.91104460327939], [79.42686974399011, 28.911376503280195], [79.42654681588829, 28.911419718093807], [79.42624114905207, 28.911365381636116], [79.42588413974849, 28.911509041991852], [79.42551059295396, 28.911593484887206], [79.42515157240166, 28.911808128940407], [79.42520158188128, 28.912260876323163], [79.42562772505877, 28.91243396498749], [79.42601156417783, 28.91230519158631], [79.42644881842307, 28.91225647162847], [79.42677273619125, 28.91249204920836], [79.42683915331946, 28.91254035327706], [79.42728762280355, 28.91261146799471], [79.42765014262167, 28.91273108130226], [79.42766219743065, 28.913032835235523], [79.42735179864114, 28.913274278149547], [79.42706189685791, 28.91344480498498], [79.42667196117847, 28.913437494451937], [79.42634961515853, 28.913353517827943], [79.42608130610594, 28.913216491971838], [79.4255096231629, 28.913217865146628], [79.42532325673015, 28.91357168905763], [79.42518734798331, 28.913881784018045], [79.42503119865277, 28.914206600563396], [79.4252655909165, 28.91440858179513], [79.42549930634948, 28.914030801253872], [79.42571128371574, 28.91380779168462], [79.42589158357274, 28.913890163884602], [79.42607443826599, 28.913973702883528], [79.42643283652734, 28.914016397605675], [79.42661203679035, 28.914037745126915], [79.42690690209896, 28.91424881285009], [79.4268596737722, 28.914526693484394], [79.42646163225028, 28.91457555394202], [79.4260524491352, 28.914682016919887], [79.42589186084832, 28.914925509550237], [79.4254511514261, 28.914991962773218], [79.42503129786812, 28.91491059219563], [79.424798580204, 28.915072444748883], [79.42478012507229, 28.915427331124498], [79.42511880456308, 28.91561489773307], [79.42547198556005, 28.915574753872463], [79.42577505478663, 28.915466394823618], [79.4259576249791, 28.915501153394125], [79.42610758335213, 28.91552970308301], [79.42643400183863, 28.915400805097395], [79.42660365766794, 28.91512328274622], [79.42693814294276, 28.91512743662525], [79.426968645065, 28.915438130473074], [79.42672894451633, 28.915656161082964], [79.42638987904198, 28.91590184111366], [79.4260014544695, 28.9159434347102], [79.42570181403235, 28.916037015580965], [79.42547564044318, 28.91623734529187], [79.42490328197039, 28.916708561871733], [79.4250012428888, 28.917043161530792], [79.42528995021279, 28.917132934448095], [79.42548943709922, 28.916888141739065], [79.42580270393401, 28.916756157282904], [79.42603382415258, 28.91678511715411], [79.42632517563354, 28.916821623704102], [79.42649618571741, 28.916554543226265], [79.42660929456407, 28.91622706603354], [79.42696462835343, 28.9163077512833], [79.42705332063868, 28.91675767564207], [79.42703475075199, 28.91713918225459], [79.42703270206708, 28.917450773410216], [79.4269815712782, 28.91751123047169], [79.42675837481269, 28.917775135646913], [79.42715607808164, 28.917878558690454], [79.42756572099677, 28.91791310247714], [79.42788488291131, 28.918204117932873], [79.42768276324084, 28.918274519536986], [79.42750661736105, 28.91833587379005], [79.4274024514613, 28.91862243512741], [79.42756144477329, 28.91900768133782], [79.42792807945588, 28.91952942495483], [79.42789290469405, 28.919866502063833], [79.42750010908301, 28.919885207052772], [79.42709257668727, 28.919905054706394], [79.42707787152874, 28.920177131559242], [79.42717767992211, 28.920463747680927], [79.42720256519222, 28.920840148951235], [79.42716457856181, 28.921115517549616], [79.42692688566066, 28.92138922540852], [79.42654568950425, 28.921779149296235], [79.42651349187477, 28.921854878616205], [79.42634885813838, 28.92224210634617], [79.42603003065555, 28.92235627045895], [79.42570271281399, 28.922378814855566], [79.42540592649888, 28.922578889140752], [79.4253538658043, 28.922904716457353], [79.42501308301209, 28.923192724951583], [79.42430484367715, 28.923508924586823], [79.42425804623443, 28.923529817469078], [79.42144799125113, 28.92491322452945], [79.41799677774874, 28.92670504486512], [79.41644239127699, 28.92746587257666], [79.41631981350005, 28.92752586963699], [79.4158460417759, 28.927909953016158], [79.41657545641704, 28.928663913322975], [79.41689605351453, 28.929126509113956], [79.4170086155251, 28.929499612062195], [79.41709425334616, 28.92987853051282], [79.41775400160803, 28.931118254491455], [79.41777740923315, 28.93116223973899], [79.4179712536883, 28.93156647022621], [79.41828023504983, 28.932219557066865], [79.41854042990622, 28.932487598515603], [79.41861779395208, 28.93256729602871], [79.41890187394351, 28.933020433663625], [79.41897343325465, 28.933535359459665], [79.41899130710544, 28.934026428548023], [79.41898305846107, 28.934351762087914], [79.41885293411477, 28.934854125666416], [79.4187278473697, 28.935221590699857], [79.41857336981462, 28.935675393449674], [79.41844349223632, 28.9361245144329], [79.41842690847216, 28.936792926320273], [79.41835895085435, 28.938378080485773], [79.41845652283175, 28.939082397657668], [79.41870492920758, 28.93950642656885], [79.41870748800962, 28.939510793907054], [79.41871154843965, 28.939516957951298], [79.4190071970037, 28.93996582715472], [79.41880061631419, 28.940278608662098], [79.41843936011216, 28.940360940898014], [79.41814594719774, 28.940060312291916], [79.41778656775217, 28.93997322872931], [79.41725243305102, 28.94022270365634], [79.41741376317728, 28.940595974915922], [79.41758383368214, 28.940898291166665], [79.41738767148097, 28.941140119151083], [79.41701372350555, 28.94128960774057], [79.41667711111866, 28.941365287754415], [79.41628072447315, 28.941281027209627], [79.41568190664577, 28.94134095733724], [79.41554594435044, 28.941651033343017], [79.41554466318358, 28.94192314829028], [79.41559690044278, 28.942254614502428], [79.41573006471042, 28.942539047928346], [79.41584969495989, 28.94284118012347], [79.41584107500225, 28.943243410826167], [79.41583855626465, 28.943778214642197], [79.41583836675935, 28.943818418846256], [79.41515307292204, 28.944666904941094], [79.41491842309419, 28.944943740739046], [79.41393625335799, 28.945862985676534], [79.41389980439658, 28.945898345217763], [79.41252682994978, 28.947230241939344], [79.41126945962503, 28.948586212601946], [79.40971039002409, 28.9502721477005], [79.4096448842411, 28.95034298233904], [79.40955224370106, 28.950441219640798], [79.40900592885482, 28.951020534835834], [79.40803851072388, 28.951969836352887], [79.40748548828557, 28.952287231944638], [79.40687950426369, 28.9524269640602], [79.4065853271085, 28.95235871855707], [79.40615393302883, 28.952258641392067], [79.4058995507971, 28.952009248563108], [79.40557782685065, 28.951777350712057], [79.40540443793377, 28.95146909945012], [79.40549005407, 28.951147019335806], [79.40554207216611, 28.950739600136245], [79.40555564543948, 28.950633289967453], [79.40582549010777, 28.95062178004599], [79.40620144593558, 28.950763666894108], [79.40634475498835, 28.95033088506411], [79.40626239991066, 28.949972688674237], [79.40585946704174, 28.949846969420122], [79.40549935630169, 28.949907748735633], [79.40523940571185, 28.95011974343396], [79.4048557733671, 28.950392672069476], [79.40484668745043, 28.950399135855058], [79.4048381215658, 28.950398880355756], [79.40428647042947, 28.95038240466873], [79.40421371212773, 28.950127765482737], [79.40443017949724, 28.949797426532744], [79.40444321429233, 28.949782955429118], [79.40478212312838, 28.949406701675404], [79.40444666811402, 28.94923538263944], [79.4041704436804, 28.949334921776508], [79.40391559584518, 28.949632269799075], [79.40382317860066, 28.949717267642512], [79.40363645938568, 28.949888996925402], [79.40316332982793, 28.950070931691513], [79.4027415628711, 28.94997045543307], [79.40274267158802, 28.94979252500302], [79.40274380926326, 28.9496098828026], [79.40249759839631, 28.94954950578043], [79.40236711244158, 28.949517506612416], [79.40224446399932, 28.949337941822268], [79.40212001102853, 28.949155735556804], [79.4018041152097, 28.949113148015297], [79.4015202759354, 28.94939603501903], [79.40126924361743, 28.949625391547922], [79.40125289821856, 28.949640325790064], [79.40087280548937, 28.9497722125897], [79.400563662479, 28.949723732459], [79.39989897406308, 28.949487581202572], [79.39897160745979, 28.94933030078264], [79.39732363169124, 28.94909336963205], [79.39720801963733, 28.949075150666534], [79.39605484192343, 28.948893420328716], [79.39510324730304, 28.948641022027804], [79.39347558258095, 28.948209306038148], [79.39089378584201, 28.947495668650845], [79.39077424493124, 28.947462625320988], [79.38999451440182, 28.947651863482346], [79.38915708557207, 28.948126201684232], [79.38912885357479, 28.94816586872344], [79.38876542836257, 28.948676491233336], [79.38842670911556, 28.949172106959637], [79.3873343833879, 28.94973582826135], [79.38692658643942, 28.95059794058591], [79.3862378916277, 28.951139534732434], [79.38543321526578, 28.95171902953378], [79.3853698207847, 28.95176468337713], [79.38578999071403, 28.95248840237765], [79.38582804960345, 28.952541768771816], [79.38632168676938, 28.95323395509092], [79.38582421546559, 28.95387349085046], [79.38549588218653, 28.954295585283514], [79.38485703373647, 28.955630040062065], [79.38407026226143, 28.956952086252006], [79.38379646679302, 28.957909344118015], [79.3834161691992, 28.958641399060557], [79.3830757510391, 28.959468255129405], [79.38262471075197, 28.960898058124332], [79.3823252857457, 28.961594926485187], [79.38210663063069, 28.96228027711611], [79.38210338900402, 28.962930961128563], [79.38210032328735, 28.963546153224875], [79.38190803789504, 28.9643380767231], [79.38173417177072, 28.964922935566243], [79.38164807400732, 28.965212555571078], [79.38164577247285, 28.96567394608342], [79.38184538091322, 28.966112455167703], [79.38191069875701, 28.96650312245998], [79.38189238107478, 28.967033690015928], [79.381879251395, 28.967413971581383], [79.38190132131642, 28.968384179341594], [79.38187022754254, 28.9692240411048], [79.38169196105284, 28.969871280213557], [79.38162438646022, 28.969903748085496], [79.38046490580577, 28.970460840535445], [79.37830913755394, 28.97110318688016], [79.37715049562932, 28.97142994751012], [79.37729517511569, 28.97185411960847], [79.37757476342325, 28.97267381641335], [79.37778396216602, 28.97388135430628], [79.37780416043398, 28.975218294565163], [79.37769391941171, 28.975738410925754], [79.37641224427485, 28.97644326709741], [79.37618204132451, 28.976738135717632], [79.37580044884481, 28.97770675711219], [79.37551475847829, 28.97833266567206], [79.37514905613163, 28.978816291700326], [79.37491838754325, 28.97951768164523], [79.37487911531464, 28.97961646908965], [79.37473396042398, 28.979981596267905], [79.37461015896511, 28.980293007288513], [79.37391721280659, 28.981633063855398], [79.3732585157664, 28.98284902902265], [79.37283016462759, 28.983743505719705], [79.37240180829463, 28.984637990002305], [79.37215465690619, 28.985280369031933], [79.3719829540054, 28.98580219901454], [79.3719867673905, 28.98586783545948], [79.37201007942112, 28.98626905204562], [79.37223013769004, 28.986654401294913], [79.37237631522964, 28.987015798482695], [79.37236758101722, 28.98741208277093], [79.37203075712723, 28.987499492987705], [79.3715990737016, 28.98722442114224], [79.37155338306614, 28.987195306382375], [79.37067474361156, 28.98691448918506], [79.36943725055002, 28.986838643443853], [79.36873771460371, 28.986812230744356], [79.36774244235038, 28.986731412656784], [79.36726105342815, 28.986143907954084], [79.36609483644433, 28.985287514161016], [79.36577719823022, 28.985058500735814], [79.36545136908994, 28.98482358213073], [79.36517359002687, 28.984361972610856], [79.36515905293639, 28.984337815512124], [79.36483784708574, 28.983768246449248], [79.36436383166222, 28.9834662798878], [79.3638853025491, 28.983232098187468], [79.36367179075543, 28.982888169727843], [79.36341834198167, 28.982461264843188], [79.36301641038646, 28.982128415741652], [79.36241266568359, 28.981794765291415], [79.3621182510282, 28.981485999121862], [79.36209274282207, 28.981213797510847], [79.36200041933598, 28.98085259984522], [79.36195515597151, 28.980497503531605], [79.36192310412724, 28.980189785392376], [79.3619994607109, 28.97973165545499], [79.36193492724, 28.97947257990903], [79.36189400566323, 28.97930829489854], [79.36210694436367, 28.97910802179951], [79.3623769548499, 28.978964581558028], [79.36241890676646, 28.97882889864592], [79.36256660015786, 28.978351216673765], [79.3627101707933, 28.97832297365702], [79.36301609102735, 28.978262794440482], [79.36305815427794, 28.97793170471775], [79.36283797374378, 28.977578873197093], [79.36263071453521, 28.97732960774525], [79.36239778110357, 28.976961126698168], [79.36234742780009, 28.976881473296686], [79.36213288633249, 28.976196844609692], [79.3621290700893, 28.976180414831553], [79.36204647458351, 28.97582479952403], [79.36208933146615, 28.975339913930814], [79.36208586150715, 28.974706964288245], [79.36200761962697, 28.974224551847563], [79.36188130278775, 28.97393420160449], [79.36165388695512, 28.973681894058107], [79.36106397588158, 28.973283215772547], [79.36095105438883, 28.973004746350767], [79.36094676758088, 28.9725315039012], [79.36099671921404, 28.97197566138981], [79.36119698037483, 28.971710906905713], [79.36150882843175, 28.971806155709583], [79.36197299874219, 28.97180208771712], [79.36218587664217, 28.97161068692507], [79.36215411098314, 28.971396128748673], [79.36212262448555, 28.97118345351283], [79.3623380470874, 28.9707979309946], [79.36281272658613, 28.970711088055822], [79.36314723862428, 28.97082857611452], [79.3632743582092, 28.970920899167805], [79.36355558718854, 28.971125155111874], [79.36385095381446, 28.970916333824004], [79.36382911042503, 28.970584986047996], [79.36415913833247, 28.970503481753507], [79.36459869776839, 28.970706345776698], [79.3650808541674, 28.970801423444843], [79.36512806708555, 28.97044816794659], [79.36468536438981, 28.969953476512984], [79.3649195745369, 28.96962525273639], [79.36524267505487, 28.969413432636802], [79.36488703923101, 28.969090675157798], [79.36478716422609, 28.96871388220905], [79.36477210310827, 28.968247011372785], [79.36122545191385, 28.96805469033985], [79.35830192632044, 28.967856882297905], [79.35713712346384, 28.96777807152028], [79.35649610062144, 28.967749067762668], [79.35619557880754, 28.96776668793252], [79.35611483284596, 28.967794252233347], [79.3554542247876, 28.968019759840004], [79.35499485306573, 28.96822121849757], [79.3539305349498, 28.96868798015451], [79.35127417428141, 28.969848495802626], [79.35034448599973, 28.97011683876604], [79.3495542784762, 28.970249262750084], [79.34834829905091, 28.970451350231944], [79.34793235516246, 28.97052104886455], [79.34744945152839, 28.970601972372982], [79.34420461193152, 28.971085621959816], [79.33982199953738, 28.971841896995826], [79.33924916517903, 28.971940746452525], [79.33722990493477, 28.972169025881236], [79.33259933571537, 28.971983855817243], [79.33255545711627, 28.97198334303582], [79.32934376682735, 28.97194578673334], [79.3285382495899, 28.971936366639675], [79.32792129582758, 28.971929152570247], [79.32752256835019, 28.971924719455792], [79.32278233085353, 28.971872035154274], [79.32146403795224, 28.971842798473936], [79.32022407688396, 28.97239449255957], [79.3185753463359, 28.973593319843424], [79.31806627268135, 28.9739334376123], [79.31672367930905, 28.97483043425396], [79.31586037637241, 28.975391302403338], [79.3157583361108, 28.975443566382364], [79.31488909247119, 28.9758887805623], [79.31387785749885, 28.976406722695366], [79.31341101032461, 28.976600604571196], [79.31299146948335, 28.976728268657908], [79.31260424489415, 28.97680350817812], [79.31214206554716, 28.97705144690602], [79.31181026670637, 28.977038684939437], [79.31172835284833, 28.976747991777206], [79.3117854832758, 28.97645395133174], [79.31182768386479, 28.97612287315355], [79.31161557519869, 28.975958306252004], [79.31140686163918, 28.976192051263936], [79.31103359761684, 28.97627695821864], [79.31093629449134, 28.975830674894038], [79.31106919484644, 28.975369112261276], [79.31142960076716, 28.97532752713533], [79.31143861456655, 28.975332437004926], [79.31190214402156, 28.975584901122645], [79.31236602952684, 28.97548337145172], [79.31266924878945, 28.975116201581276], [79.31249012807338, 28.974849548276293], [79.31215256042469, 28.974553752172167], [79.31188842831403, 28.97426868296351], [79.3115797520727, 28.974131306013337], [79.31120311852591, 28.97411785688541], [79.31084040002455, 28.974021652696276], [79.31060334312173, 28.97370712142076], [79.31062206812568, 28.973364111459134], [79.31063752794344, 28.973003342466576], [79.31045141707384, 28.972600300139312], [79.31019800806548, 28.972202881915535], [79.30995020916, 28.972006609139964], [79.30990140600608, 28.971710630305722], [79.31020087323252, 28.971688258899206], [79.31056577865851, 28.971994466894557], [79.31095412956986, 28.97211740317772], [79.31093916548802, 28.971862349961615], [79.31093364772806, 28.971768309316236], [79.31117397083617, 28.97149427778236], [79.3113540586309, 28.971165270120373], [79.31136668041343, 28.970726532294208], [79.31174143574917, 28.970904539630652], [79.31208793143058, 28.9712686189765], [79.3124359588712, 28.9713651207757], [79.31274042811019, 28.97104699713899], [79.31270094524696, 28.97058542968836], [79.31269689292361, 28.970574623126], [79.31256671250826, 28.97022746788225], [79.3125633862999, 28.97022068951574], [79.31241526790116, 28.969918831158783], [79.312370493712, 28.969827584455874], [79.31236255694131, 28.969439354746463], [79.3125609363545, 28.96935107093713], [79.31263903218759, 28.969316317721635], [79.31267089669822, 28.969028501830334], [79.3122428326029, 28.968891669589595], [79.31186714988985, 28.969012800444048], [79.31166398379308, 28.969258896019944], [79.31156988640625, 28.96954834263805], [79.31138848077555, 28.969812277858573], [79.31103243924842, 28.969984612696194], [79.31074634459206, 28.969765153576425], [79.31061714496136, 28.96947273113608], [79.31036067906312, 28.96919857808865], [79.31010450968569, 28.969171841466956], [79.30989545505403, 28.969150021812965], [79.30985395078567, 28.968858553653025], [79.31016104250635, 28.968570688587885], [79.3103579347514, 28.968243232287655], [79.31025850317097, 28.967979568256133], [79.30978834413604, 28.96785332252221], [79.3093996774524, 28.967588412393052], [79.3090705129695, 28.967510092624952], [79.3086311042809, 28.967298203829568], [79.30823959310838, 28.96742833600358], [79.30792167541077, 28.967706735126228], [79.30792164608152, 28.967706760666335], [79.30747880217152, 28.967868010169063], [79.3073546523004, 28.96761508152994], [79.30740057108078, 28.967287994882067], [79.30742336082854, 28.96695357000607], [79.30730527938238, 28.96657967536817], [79.30690995290601, 28.96667757969707], [79.30461212597884, 28.96847277291189], [79.30428793389395, 28.96877880043742], [79.30369117216131, 28.969342123590017], [79.3031649525042, 28.969838856903298], [79.30065227312232, 28.97167350854398], [79.2988563661873, 28.9728369032592], [79.29796616414124, 28.973235252196424], [79.29636339427694, 28.97354765317193], [79.29471737112561, 28.97362491869052], [79.29463831528017, 28.973628629664255], [79.29335284354774, 28.973662420437623], [79.29286468567173, 28.973674228436245], [79.2923389868166, 28.97384936798079], [79.29094827035901, 28.974718692912536], [79.28820180395647, 28.97685869924628], [79.28516888785899, 28.978378606870994], [79.28472239608631, 28.978562949493075], [79.28365146743575, 28.979273556371464], [79.28306257745973, 28.97966430865392], [79.28258427785892, 28.97983140794333], [79.28055496285691, 28.98054036632741], [79.2801290659999, 28.98074198716984], [79.27785660817383, 28.9818177627972], [79.27437299188408, 28.983919694514494], [79.27167373583323, 28.985327109608498], [79.26894722990643, 28.986781677253273], [79.26752194560835, 28.987396609847735], [79.26470801216038, 28.989187522478478], [79.26073921759344, 28.99134605901764], [79.26010899126288, 28.99177787006681], [79.25982529454247, 28.991972249005773], [79.25913940152091, 28.99244219380251], [79.2586858125336, 28.99291331092074], [79.25757412480945, 28.99373776705634], [79.25685090306025, 28.99464648476399], [79.25587516648591, 28.995795409217276], [79.25546063259921, 28.996260037578562], [79.25489095831473, 28.996898550079123], [79.2541694159965, 28.997707279490562], [79.25295886071612, 28.998736787741944], [79.25181634344577, 28.999432056802643], [79.25129294897211, 28.999681809877853], [79.2510621587598, 29.000017569857455], [79.25077578271808, 29.000643552876628], [79.25018430725655, 29.00108735886689], [79.24939692638742, 29.001678156522274], [79.24879486191217, 29.00231832327522], [79.24809713659393, 29.002985210602958], [79.24775828095888, 29.003385844910703], [79.24775497705441, 29.0039300138457], [79.24805247309018, 29.004399464181326], [79.24863473015886, 29.00531825686685], [79.2492219588837, 29.006125449442266], [79.24945981455042, 29.006848193457518], [79.24983109858249, 29.007760843010733], [79.25126639831535, 29.00907028030766], [79.25145478079978, 29.009649398669044], [79.2513349780631, 29.009988214399474], [79.25102704814643, 29.010280303967814], [79.25043381296379, 29.01046089724031], [79.24934404549576, 29.010408480034528], [79.24851784991762, 29.010168010904255], [79.24745571177576, 29.010054022610777], [79.24569889308965, 29.010124309517508], [79.24495467938355, 29.010120810008615], [79.24312856734024, 29.01065110135602], [79.24310403053094, 29.010661181831548], [79.24089718188904, 29.011567752845124], [79.23955356683814, 29.01221589449298], [79.23809182756138, 29.012706380591073], [79.23710557868786, 29.01333001795794], [79.2357921784421, 29.013899728260238], [79.2351353126312, 29.014210757938873], [79.23430047330564, 29.014416216574954], [79.23301698012966, 29.014959867013772], [79.23251008456859, 29.01508834327331], [79.23155696628623, 29.015162319366645], [79.22883928969978, 29.016536819369836], [79.22591413997854, 29.01775319041471], [79.2240634610053, 29.018529648419356], [79.22280899550987, 29.019178074318006], [79.22203298526553, 29.019488469163367], [79.22139735423323, 29.01992774603876], [79.22086682400555, 29.020294387739632], [79.21972909777385, 29.021309872817085], [79.21832440431412, 29.022166968615192], [79.21691919270644, 29.023102585441976], [79.21646881138798, 29.02370252201808], [79.21604935637058, 29.024119348240678], [79.21577942093806, 29.02443218638592], [79.21559764054095, 29.024928711185375], [79.21500037508532, 29.02521376604572], [79.21445949848021, 29.02599650727904], [79.213981314544, 29.02628214134684], [79.21323517818688, 29.026566459920595], [79.21263839772286, 29.026772967423526], [79.21236861544814, 29.027059618867305], [79.21173989456449, 29.027606301279768], [79.21090542554597, 29.027733097575442], [79.2103999560909, 29.02762589099125], [79.21013417233485, 29.027284248125355], [79.209959708862, 29.02662889840646], [79.20972370156124, 29.026287401006822], [79.20918896854377, 29.026101507565986], [79.20892385931803, 29.02565514522267], [79.2082427795768, 29.025075830430104], [79.20687778675372, 29.024362233823037], [79.20631279348804, 29.024254720967743], [79.20595787957724, 29.023886447281303], [79.20584164462129, 29.023440816356782], [79.20572608215726, 29.022890467036532], [79.20555181719033, 29.022208928768823], [79.20478364269468, 29.021288826030272], [79.2044581772687, 29.020973055387444], [79.20365553646091, 29.020785811820026], [79.20246503204514, 29.02072753725076], [79.20073780722896, 29.020797478192655], [79.20029140911721, 29.020769072950024], [79.19969734296176, 29.02055667013727], [79.19938284031818, 29.020602478363116], [79.19906833638727, 29.020648287796295], [79.1987785010048, 29.020798270689728], [79.19843569108906, 29.021098280066465], [79.19782184369424, 29.021408982885422], [79.19741345846393, 29.021421595001673], [79.19709250516074, 29.021229478522308], [79.1962854098494, 29.020619709606436], [79.1951906725527, 29.019822869639174], [79.19479116304717, 29.019752474295483], [79.19426893949579, 29.01975962107626], [79.19400122469624, 29.019924361286552], [79.19369377937056, 29.0201408931621], [79.193685662364, 29.020146609463364], [79.19345026666484, 29.02050533698092], [79.1933266702775, 29.02095546466865], [79.19327318175576, 29.02121523388222], [79.19324721221835, 29.02134135926706], [79.19303552088823, 29.021784249842735], [79.19285571400532, 29.02214952757583], [79.19264211042297, 29.022534356956807], [79.19239542896275, 29.022879942165197], [79.19212095590848, 29.02322782486529], [79.19159257045236, 29.023325303991022], [79.19077664680806, 29.023218607015345], [79.1903294987054, 29.022786482949837], [79.19012635461195, 29.022419091698303], [79.19010259510382, 29.021804942314827], [79.1900994968365, 29.0214287910355], [79.1901863694388, 29.020887005500054], [79.19049801232214, 29.020053486186118], [79.1906439752166, 29.01971694464411], [79.19089869736811, 29.018990380972795], [79.19136855438833, 29.018494979325293], [79.19212796232561, 29.017893079483603], [79.19318147907308, 29.01733661620305], [79.19402590738189, 29.016471348580172], [79.19411170617722, 29.016090757334563], [79.19406613652724, 29.015837227326166], [79.19406131307419, 29.01581039431728], [79.19384806495182, 29.015630248267883], [79.19355289558446, 29.01552805827991], [79.19352866690524, 29.015519670462975], [79.19303796967591, 29.01548939571833], [79.19252693714151, 29.015486823982346], [79.19209877832755, 29.015553056013907], [79.19156030912046, 29.015810664198852], [79.19145062939164, 29.01586313545411], [79.18944924982519, 29.016718420452957], [79.18910935391915, 29.016877902852137], [79.18845248495407, 29.017089518387596], [79.1876559116214, 29.01742742811792], [79.18726020682209, 29.0176257046053], [79.18683762572692, 29.017687067036714], [79.18595441228547, 29.017682586812906], [79.18532199924618, 29.017552365325937], [79.18460700613885, 29.017309372757683], [79.18367909505227, 29.01683863218151], [79.18267857957946, 29.01609102838806], [79.1822429809476, 29.015600314754316], [79.18208482211539, 29.015155956501967], [79.18200432540571, 29.01448091463648], [79.18196985385158, 29.01440695392738], [79.18181970679544, 29.014084802283104], [79.18134287297791, 29.013110265481053], [79.1809497573154, 29.01291774421667], [79.17999012513043, 29.012993511845988], [79.1798707340438, 29.01303019587893], [79.17946280056633, 29.013155534678845], [79.17897835494757, 29.013333799484748], [79.17824440116844, 29.01344239492849], [79.17769452743913, 29.013434689372104], [79.17694504527607, 29.013372227479717], [79.17652591120087, 29.013223001612634], [79.1760262350065, 29.013045102528018], [79.17454547084985, 29.01269065423463], [79.17337011601934, 29.012352423933812], [79.17255731140703, 29.0121588927592], [79.17202800113132, 29.012032861862984], [79.17098123101107, 29.011988376160705], [79.17095381629969, 29.01234971887108], [79.17126882665121, 29.012590712614323], [79.17299598414819, 29.01347892024915], [79.17425895453385, 29.014191931695755], [79.17516744357377, 29.014719243306516], [79.17551162311625, 29.015028849868642], [79.17582183579368, 29.015715136492734], [79.17515058086923, 29.016416092932936], [79.17489753432244, 29.016605255668367], [79.17411219045597, 29.017192335937207], [79.17393219800275, 29.017491594856672], [79.17370213060738, 29.017874110300006], [79.17322125626286, 29.01801231762284], [79.17272138865633, 29.017999971284482], [79.1724207083604, 29.017690670140563], [79.17179108639218, 29.017560410525487], [79.17130216590503, 29.017572540014076], [79.17098830478797, 29.017988580145964], [79.17063147176366, 29.018184572005474], [79.16935477913528, 29.01804118910129], [79.16896663715698, 29.018171923672107], [79.16874370294404, 29.018873340162816], [79.1683399081086, 29.01944400243696], [79.16799286926988, 29.019353290713696], [79.16732652551597, 29.018968572097634], [79.16707076667934, 29.01817588827641], [79.16677820067792, 29.017900814299622], [79.16649036888893, 29.017747885570408], [79.1658800328001, 29.0176421303827], [79.16547988970811, 29.017669357743525], [79.16523938842626, 29.017912352606725], [79.16519787253817, 29.01830292741397], [79.16534902958567, 29.018953407518747], [79.16557673485738, 29.019404612906218], [79.1657768495687, 29.019766526798303], [79.16591417498209, 29.019996831322235], [79.16585351591773, 29.020343342630216], [79.16554393488924, 29.020532242907848], [79.165228953375, 29.020615601505558], [79.16395364384232, 29.021087677769128], [79.1638548061946, 29.021739783415605], [79.16357020453704, 29.02213641711299], [79.16353069652646, 29.022153090927972], [79.16318719275628, 29.02229806289051], [79.16312974549403, 29.022578641663507], [79.16323633741673, 29.022835654982615], [79.16310049195464, 29.023208638243425], [79.16247745146731, 29.02333483622601], [79.16235897986762, 29.02360288274292], [79.16220879053216, 29.024132641235337], [79.16218242957986, 29.025402077630712], [79.16232273550752, 29.026013416443018], [79.16243899028638, 29.026895444995592], [79.16243890967003, 29.026907363848622], [79.1624266279789, 29.028724065911106], [79.16235639774764, 29.029251259705525], [79.16245937210165, 29.029632812300385], [79.16262562862813, 29.02996747658415], [79.16317078618103, 29.02958767922351], [79.16327494298515, 29.029246284008593], [79.16328141714924, 29.029236275732572], [79.16353319197866, 29.028847075370834], [79.16396426642625, 29.028773508048737], [79.1639701483133, 29.02877428757111], [79.16459792461025, 29.02885751004966], [79.16492551633785, 29.02888363918168], [79.16524563906643, 29.029195492357484], [79.16521475261327, 29.029656947461422], [79.1650652249116, 29.030122710034647], [79.16480318684236, 29.030548725131187], [79.16456877278675, 29.030708703425272], [79.16434403812164, 29.031081218580606], [79.16432511371957, 29.031415731520642], [79.1644683018378, 29.032261545730346], [79.16482386736264, 29.032260953966396], [79.165298383076, 29.031921488007754], [79.1655943681824, 29.031693442682606], [79.16615706299268, 29.031433814882604], [79.16618466192945, 29.031435182062705], [79.16679036028532, 29.031465191560724], [79.16718604282659, 29.031754052978812], [79.16751611648017, 29.0322393616291], [79.16767469901536, 29.032616311312708], [79.1680319436045, 29.033651815962664], [79.16826761651616, 29.034334925788084], [79.16848675777112, 29.03479522894222], [79.16881027566731, 29.03543192697915], [79.16884664028305, 29.0358082397112], [79.16881371831869, 29.036574978158324], [79.16876704316502, 29.03690690005373], [79.16849764953871, 29.037429357037357], [79.16833698622274, 29.037716026406944], [79.16812860786307, 29.038016405398544], [79.16802095965846, 29.03828753020872], [79.16828462435598, 29.038421948942844], [79.16871324701556, 29.038418589123545], [79.16930439692732, 29.03832395720093], [79.16997074943818, 29.03850552118766], [79.17000638556726, 29.038527510800233], [79.17025444909146, 29.038680576411007], [79.17072470225162, 29.039193253524555], [79.17085464995603, 29.039463281277424], [79.17083966422786, 29.04004204557534], [79.17037489594522, 29.0402671306562], [79.1696017422086, 29.040712175500104], [79.16927194893653, 29.04100843619566], [79.16911991042136, 29.041310499881877], [79.16904039172957, 29.041568978085177], [79.16906068221026, 29.041857283250813], [79.16913236469482, 29.042352963451588], [79.1695780916182, 29.04258241012742], [79.1698781120814, 29.042583961943762], [79.1699364488707, 29.042584263974426], [79.17041742734853, 29.04252813474702], [79.17079207031693, 29.042445537493276], [79.1708272463256, 29.04244422358762], [79.17110145894476, 29.042433977330194], [79.17157341661218, 29.042480376691955], [79.17200504788669, 29.0427414970183], [79.17237703692936, 29.043197693004323], [79.1723050430009, 29.043578328512012], [79.17198038093605, 29.043938119885105], [79.17155831674559, 29.044323053340694], [79.17156933831204, 29.044751741012362], [79.17194641020912, 29.045141206211458], [79.17245961998161, 29.04522429008653], [79.17292887654922, 29.045260901667223], [79.17328760554558, 29.04562421746748], [79.17372107750566, 29.0460282155909], [79.17439091463366, 29.046010354398646], [79.17443990872957, 29.04600904761302], [79.17444860234953, 29.04601094381613], [79.17477085590208, 29.046081243513335], [79.17498031217235, 29.04633388353158], [79.17432733780156, 29.04676770111341], [79.17407491909472, 29.046915637051733], [79.1733299337287, 29.04731246255621], [79.17211448024095, 29.047634637957817], [79.17197963237064, 29.047677005844804], [79.17169753651815, 29.047765636718356], [79.17085509298278, 29.048279059080752], [79.17039746211677, 29.04858440382041], [79.17039743697362, 29.048584420188217], [79.16988888909995, 29.04860377529448], [79.16963757187331, 29.04838022318587], [79.1693500791274, 29.048032610310102], [79.1688081382869, 29.047736807645048], [79.1680048975385, 29.04741925585134], [79.16734805940604, 29.047596579378038], [79.16699582260966, 29.047922024051637], [79.16660092156727, 29.04814662240768], [79.16632493993208, 29.04825235641793], [79.16626795550884, 29.04827418842598], [79.16596341051348, 29.048410209189093], [79.16586552083427, 29.048453929985985], [79.16543157493119, 29.048531878374988], [79.16536498017695, 29.048532094499627], [79.16492029401053, 29.04853353881137], [79.16410918981985, 29.048514660409555], [79.16374221671927, 29.04855182678815], [79.16321934378716, 29.048637022721753], [79.16253490950945, 29.04878487641364], [79.1622233981144, 29.04883698095508], [79.16191665119561, 29.04900634120063], [79.16171523921699, 29.049210444376655], [79.16139618709893, 29.04955558844506], [79.16091254906527, 29.050245701791702], [79.16072098978354, 29.050635471449624], [79.16053041978904, 29.050878705433796], [79.16015665944879, 29.051096556459086], [79.15939382245166, 29.051331908979662], [79.15875864549808, 29.051587465626547], [79.15816853649996, 29.052160756051688], [79.1578920354106, 29.052737328941635], [79.15766366306815, 29.053109632318694], [79.15723954863017, 29.0533760575348], [79.15643700140626, 29.05372841694198], [79.15582469692727, 29.053886387933115], [79.1555388694126, 29.054061662966134], [79.15542510550824, 29.054131424040936], [79.15503727714125, 29.05446351098953], [79.15488548641669, 29.05472159568485], [79.15482246338341, 29.054999685940505], [79.15465429201917, 29.055215676937145], [79.15436201994999, 29.05546953455282], [79.15430899744919, 29.055515587883626], [79.15381547971378, 29.055992790386142], [79.15370810457273, 29.05625599192674], [79.15345850289467, 29.05659659760704], [79.15324176191916, 29.056935950099426], [79.15270285144207, 29.056993144037797], [79.15220788332503, 29.057054028423604], [79.15174592850656, 29.05716246910642], [79.15136684396884, 29.057341192719814], [79.15109296633317, 29.057574204393074], [79.15085737880716, 29.057895339842524], [79.15058932269977, 29.05808930289895], [79.15022174925437, 29.05820947201173], [79.14964386068834, 29.058206408546326], [79.14886173149839, 29.058409857303875], [79.14848395526462, 29.05880106120329], [79.14843160047673, 29.059078585072548], [79.14835977279272, 29.05948667480841], [79.14811084144651, 29.05972617106651], [79.14761010790797, 29.060219295409702], [79.1474126847636, 29.061048621850738], [79.14741320734032, 29.0614386391723], [79.14743022214802, 29.06173010868234], [79.1473823205624, 29.06223052080204], [79.14718606658391, 29.0624859186862], [79.1469239229273, 29.062626174976696], [79.14654517241901, 29.062673867687984], [79.14648704588598, 29.0626811866024], [79.14606732098754, 29.062745196121455], [79.1457115003242, 29.062770167209823], [79.14527479516288, 29.06290664306977], [79.14539112538432, 29.063295502907526], [79.1457538289575, 29.063886765797534], [79.14588499434353, 29.064203726920546], [79.14588079588444, 29.064543991773633], [79.14572532666753, 29.064793902396193], [79.14539699700347, 29.06486053781244], [79.14494162773467, 29.064980666511534], [79.14494159011112, 29.064980676392747], [79.14492043127123, 29.064985899588972], [79.14403312404295, 29.065204954106232], [79.14355960314276, 29.06537338548289], [79.14319048091191, 29.065713330826597], [79.14296051583385, 29.06601982609957], [79.14280841620686, 29.066316969711302], [79.14263968100491, 29.066608650517217], [79.14250923276366, 29.066988944456345], [79.14253638627105, 29.06788295364323], [79.14262453299898, 29.068796823164398], [79.14282046204546, 29.06979527723952], [79.14300394065701, 29.070184580157225], [79.14373439349802, 29.070879040971892], [79.1437525743764, 29.0709054145763], [79.14414539115192, 29.071475289512435], [79.14423018796204, 29.07207164654217], [79.14421718443273, 29.07234510728982], [79.14413180012599, 29.072637718072308], [79.14361131130195, 29.073127298059394], [79.1435694877028, 29.073166637850775], [79.14313415891509, 29.073853508104683], [79.14287609645243, 29.07423550053592], [79.14279582757054, 29.074813349685872], [79.14280764823542, 29.07488140511567], [79.14286895588009, 29.075234386657367], [79.14290787367926, 29.076035146266324], [79.14290025508151, 29.076333064276003], [79.14259738078648, 29.076731969447582], [79.14215628057148, 29.077027560886673], [79.14187593586011, 29.077382627253787], [79.14181277255476, 29.077675353196664], [79.14188559824817, 29.077993229647774], [79.1419664749182, 29.078110742253692], [79.14206442162644, 29.078253056918964], [79.14236909342833, 29.078799299148482], [79.14236795500588, 29.078961932228122], [79.14236511460797, 29.079367169330933], [79.14253859836434, 29.079602712553267], [79.14272576547972, 29.07986258478496], [79.14287318133151, 29.08024435440933], [79.14275383468811, 29.08062470175594], [79.14252896064754, 29.080994713825866], [79.14235962601941, 29.08136990636837], [79.14215431137154, 29.081877910311718], [79.14240359381486, 29.08255980613856], [79.14242996795844, 29.082578580481943], [79.14271597159228, 29.082782175235966], [79.14298757544502, 29.082888334741444], [79.14342969475011, 29.08295052999974], [79.14347889440482, 29.08322004228695], [79.14341503996425, 29.084014632905475], [79.14372361492352, 29.084400924613135], [79.143725185139, 29.08491034016007], [79.14343558588442, 29.085262695421527], [79.14347613976473, 29.085727474379187], [79.14329109853888, 29.08646457258306], [79.1433425221649, 29.086764012186727], [79.14430905053811, 29.086948667023297], [79.14483789413858, 29.087130985837234], [79.14512063189676, 29.087739371928766], [79.14515664568583, 29.088158394167838], [79.14549453521555, 29.08852773966109], [79.14595008661522, 29.088760948665207], [79.14625437361222, 29.089050057104334], [79.14668341155112, 29.089457691534246], [79.14727172790985, 29.09038883698674], [79.14772914637042, 29.0909578447073], [79.14813936999812, 29.0911163201569], [79.14843907091833, 29.09118140826733], [79.14926625389904, 29.09137719783859], [79.1499612712772, 29.09179970815123], [79.15016275923799, 29.092204646942097], [79.15008964326131, 29.092606137122466], [79.15007313328442, 29.092696794201796], [79.14979687964687, 29.093429276069653], [79.14986127090053, 29.093968107326315], [79.15002748583635, 29.094552353928457], [79.15029737581979, 29.09491277765228], [79.15084116240033, 29.09505027773138], [79.15123175022742, 29.095186966325315], [79.15153640671161, 29.09544286485329], [79.15154237433728, 29.096077020660413], [79.15121209089317, 29.096417170400183], [79.15077077034977, 29.096737198644163], [79.1500563543518, 29.097163229982176], [79.14922470381968, 29.09755422711188], [79.1488602168628, 29.09812397264143], [79.14851799943237, 29.09858078810332], [79.14833494918906, 29.09892904005826], [79.14836606465322, 29.099254006562138], [79.14871687787891, 29.099568458630095], [79.14924881275766, 29.099815488839063], [79.14959458453819, 29.09989488767038], [79.14968271275062, 29.099915124007534], [79.1505931597762, 29.099939831016528], [79.15140376161779, 29.100080877604366], [79.151941463407, 29.100298625924413], [79.15234025504314, 29.100508311245004], [79.15301857210342, 29.101298251767474], [79.15318332262898, 29.101592173149097], [79.15323801497713, 29.102129723401724], [79.15291267814635, 29.10259542579963], [79.15229972448458, 29.102609285671544], [79.15137420225658, 29.10280952965583], [79.1509151296499, 29.10308061885531], [79.15084445727449, 29.103456328199304], [79.15089971632307, 29.103909629099334], [79.15121750439928, 29.104381413598592], [79.15164669872296, 29.104922164417744], [79.15157918467379, 29.105217450794285], [79.15150128228923, 29.10555817062021], [79.15161534980176, 29.105947676019806], [79.15197632830228, 29.106315264219827], [79.15224110909092, 29.10661459835435], [79.15243952199174, 29.106864736747937], [79.15245971446303, 29.107162779719033], [79.15229983372853, 29.10753374228994], [79.15195108086188, 29.107653889842062], [79.15173041421667, 29.10785394993918], [79.15166240194864, 29.10791560977042], [79.15160141918155, 29.108296254085438], [79.15188402062812, 29.108835003615205], [79.15194018105737, 29.108935554383947], [79.15211192882809, 29.109243059716515], [79.15222470412121, 29.109531179821335], [79.15226384869298, 29.109788441286845], [79.15203506239271, 29.11003698535377], [79.15148683850857, 29.110414392412498], [79.15136186223279, 29.11080446134763], [79.15149067122697, 29.11113636429555], [79.15169962222, 29.11143271354226], [79.15171137774928, 29.111449385476515], [79.15195334743613, 29.111698941567877], [79.15201676259075, 29.111842986448693], [79.15212486730236, 29.112088542632673], [79.15180140289588, 29.11237410085454], [79.15165990822831, 29.112456602213623], [79.15151172740987, 29.112543001482983], [79.1514646469374, 29.112570452205723], [79.15128531232428, 29.112915464480302], [79.15127265944878, 29.11327438000064], [79.1516571256838, 29.113552364385725], [79.15217155333357, 29.113828592177782], [79.15297741926324, 29.114168090775067], [79.15331957554272, 29.114542438130265], [79.15354309299073, 29.11492773336401], [79.15342156687801, 29.11527111511849], [79.15296056117424, 29.115463131645793], [79.1526530866654, 29.115611083941875], [79.15227618057622, 29.115953117360156], [79.15136605992744, 29.117085078968575], [79.15098647819933, 29.117815989433247], [79.15017431015848, 29.11870869895911], [79.14960417748271, 29.1187496344061], [79.14639408989285, 29.120315613314933], [79.1463052239857, 29.120358963685835], [79.14630519047569, 29.120358980003473], [79.14630511508761, 29.120359015343457], [79.14596051521428, 29.12051944788106], [79.14596048694771, 29.120519460560722], [79.14589132592789, 29.120551827587885], [79.14564283994426, 29.120668119394967], [79.14559932848904, 29.120688482811207], [79.14554539394845, 29.12069281628511], [79.14520020405034, 29.120720547475486], [79.1447731592609, 29.120568694567897], [79.1446667611569, 29.120495030500496], [79.14438992558836, 29.120303364279657], [79.14437465501955, 29.12029968582885], [79.1439293125109, 29.120192400192355], [79.14352514841123, 29.120250076688222], [79.14302091107963, 29.120708928249307], [79.14256128301392, 29.12104835798973], [79.14192492818556, 29.121617610945957], [79.1412313194008, 29.122024163877047], [79.1408304692778, 29.12230407211474], [79.14079890837343, 29.12264578286733], [79.14103994160816, 29.122963316560785], [79.1414752638374, 29.123324622665763], [79.14189988868368, 29.123741592933996], [79.14198074458074, 29.124092283132104], [79.14189218094917, 29.124376426789627], [79.14076797489889, 29.125139645906458], [79.14035815656807, 29.12530839270905], [79.13962613929297, 29.125637805327713], [79.13902113468058, 29.12589097272428], [79.1381828017609, 29.126117244885585], [79.13730572572742, 29.126317661704935], [79.13591807700351, 29.12709278398117], [79.13582320516812, 29.12787752840886], [79.13502218684866, 29.12845494340883], [79.13377890097968, 29.12909140051695], [79.1319086324255, 29.12993539732646], [79.13058316784665, 29.130533518870845], [79.12957362834987, 29.131231034327055], [79.12931727279418, 29.131364259483753], [79.12899612837883, 29.13154622614751], [79.12893445259772, 29.13158117266384], [79.12879461031406, 29.13167035655938], [79.12841729715787, 29.131910985017928], [79.12830403733504, 29.131968396644744], [79.12782990107078, 29.13220874231211], [79.1268726817041, 29.13272703890891], [79.12647967976861, 29.132919345001365], [79.12555851113515, 29.133153644413017], [79.12491218305108, 29.133049161169325], [79.12454247309029, 29.132355379093326], [79.12429309575202, 29.1315014631764], [79.12428241811678, 29.13060397484368], [79.12406434879972, 29.130139113965683], [79.12369113156021, 29.129942632268833], [79.12362514128597, 29.129643130004748], [79.123491892141, 29.129223598928853], [79.12268735684107, 29.128620918581063], [79.12230679809943, 29.128259866021757], [79.12248030054981, 29.127804617622683], [79.12258186619906, 29.127655990551126], [79.12272978355945, 29.12743952895858], [79.12243362122821, 29.12718363650537], [79.12192346093646, 29.12709110442016], [79.121089157799, 29.12708654051801], [79.12042573747237, 29.126996154427793], [79.12000464730603, 29.126350682877312], [79.11981969586034, 29.12602060872645], [79.1193676403688, 29.12583488452013], [79.1183016792899, 29.126386212142123], [79.11688357358744, 29.127066449584618], [79.11542336655184, 29.12767913924407], [79.11474797884001, 29.128071783309693], [79.11406637631906, 29.12814280939785], [79.11364981230255, 29.128058245916804], [79.11303184878845, 29.127622698153004], [79.11190516561248, 29.127966338397588], [79.11120927450608, 29.128553342616645], [79.11089587766124, 29.12881770092965], [79.11003785523235, 29.12954146255892], [79.10731369220868, 29.131388041127472], [79.10507741281754, 29.13238130285573], [79.10355547767149, 29.133057255760523], [79.10175294396818, 29.133924838976768], [79.10139461611837, 29.134141718422015], [79.09960305750755, 29.135652240995032], [79.09905395125213, 29.136115205834813], [79.09836634327444, 29.136807711772512], [79.09831574257763, 29.136879869981666], [79.09808263029745, 29.137212297658316], [79.0968073421998, 29.138623907274933], [79.09647624183816, 29.139036317041715], [79.09642298861102, 29.13910264757714], [79.09548711489519, 29.13981824909892], [79.09369554858094, 29.141136152648738], [79.0927376643258, 29.14184077863753], [79.09175531822544, 29.14256339532368], [79.09057423722156, 29.143432195603918], [79.08918742307951, 29.14419230437468], [79.08875982728857, 29.144444144843373], [79.08728828016734, 29.145393020948045], [79.08611513246495, 29.1460188260934], [79.08581792433009, 29.146177368657938], [79.08491161756051, 29.146680734626948], [79.08405672293836, 29.147139520736204], [79.08238297108439, 29.147788061639883], [79.08069617454198, 29.148690257898373], [79.07946389581475, 29.149349327080664], [79.07914887024201, 29.149517813535542], [79.07746821983127, 29.150431209745005], [79.07662831709708, 29.150836498620446], [79.07533336617699, 29.151461368537237], [79.07487448623672, 29.151682796550407], [79.07437550251775, 29.15182098614097], [79.07302281820813, 29.152195601178295], [79.07135862450143, 29.152432238969958], [79.0705464602725, 29.15254772335617], [79.06738285167457, 29.15313138329811], [79.0655851336973, 29.15371662690466], [79.0631692900889, 29.15477126753702], [79.06122493759335, 29.15487370041044], [79.06033327816033, 29.155291133872122], [79.05942495203195, 29.15546462619164], [79.0587598479155, 29.155298173308825], [79.05848368837765, 29.15510148710812], [79.05793100466789, 29.154756876450335], [79.05724256426505, 29.15522424916923], [79.0566870329084, 29.15525349862732], [79.05607609605121, 29.155266164568147], [79.05578230087117, 29.15495558042205], [79.05480254380257, 29.154787259628435], [79.05377133792553, 29.15495770733556], [79.05373999860629, 29.155056834147427], [79.05366022664292, 29.15530915267703], [79.05353953225986, 29.155365648264915], [79.05321438178808, 29.155517847510456], [79.052889230509, 29.155670046973075], [79.05223927952504, 29.15594255751996], [79.05156832577288, 29.156540054287145], [79.05050990579787, 29.156972699756142], [79.05002303816218, 29.157701323587833], [79.049296158656, 29.158347244294724], [79.04926520675318, 29.15858972880529], [79.04926098534136, 29.158622797986336], [79.04886368119178, 29.15922248333141], [79.048042860205, 29.160046648489672], [79.04688157979794, 29.161811610495644], [79.04595488223829, 29.163123252334447], [79.0459547995772, 29.163123411292194], [79.0453820575374, 29.164224763597463], [79.04398473388264, 29.16535567781102], [79.04282997845024, 29.166290260015018], [79.04216043393724, 29.166692651994904], [79.04057765564133, 29.16788609538375], [79.03962898250829, 29.168491897264932], [79.03951268711526, 29.168566161097573], [79.038607620313, 29.168882141914747], [79.0383014722569, 29.168919293970184], [79.0374587685756, 29.169021557878587], [79.0367710587187, 29.16937505240071], [79.0360196209974, 29.169423300551962], [79.03594976157244, 29.16942778541434], [79.03436506149863, 29.169295581617455], [79.03301676623497, 29.168897342452084], [79.03213152093682, 29.16846937422905], [79.03141453972636, 29.167831093674483], [79.03049699549587, 29.166801473379778], [79.0297446675936, 29.165951651333483], [79.0291957118955, 29.16513556553033], [79.02912919419599, 29.164176096315668], [79.02930453781418, 29.163304163265234], [79.02931145304365, 29.16326977414685], [79.02960445963029, 29.162585935048646], [79.0300564861921, 29.16159708285229], [79.03069271598487, 29.160723127805383], [79.03177496248041, 29.159624282462765], [79.03237084586306, 29.159172716851806], [79.03337089619752, 29.159113718712483], [79.03475845660877, 29.159235853886653], [79.034832693188, 29.159236300286118], [79.03555419248696, 29.15924063426852], [79.03651671465171, 29.159246411006347], [79.03751676569162, 29.15918738705769], [79.03824775455588, 29.159129178871044], [79.0382619701361, 29.159128046175898], [79.03896282269066, 29.15890344741245], [79.03937357616768, 29.158450747798], [79.03935859816245, 29.15799550491735], [79.03921392965326, 29.157555736565513], [79.0386815644919, 29.15698360494108], [79.03824635319928, 29.156395836760904], [79.03807706311024, 29.156167204120024], [79.03786748854311, 29.155875259476858], [79.03719808793757, 29.15494276342221], [79.03622582571002, 29.153815288211526], [79.03595350650417, 29.153130913950648], [79.03606962649937, 29.15248138251602], [79.03637235427728, 29.1516379000665], [79.03679055793435, 29.150226156132224], [79.03720419984037, 29.149399592233532], [79.03757002371329, 29.147581127526912], [79.03780413085698, 29.146038223227453], [79.03775011874086, 29.14540974601437], [79.03769193265846, 29.145317690883548], [79.03740605843137, 29.144865409472906], [79.0364062955955, 29.144211163101247], [79.03634549944123, 29.144196532394513], [79.03535865118901, 29.143959042111874], [79.03461707178653, 29.14411714598821], [79.03404079184462, 29.144438798732], [79.03360015685337, 29.144724927921825], [79.03275765596865, 29.145252717455403], [79.03266511905723, 29.14529351884117], [79.0311043355666, 29.14598167788163], [79.02978210598074, 29.14701407141572], [79.02880500896721, 29.14804061431063], [79.02872433512327, 29.14812536953658], [79.0278017153, 29.14935919411465], [79.02716565139461, 29.150216899923393], [79.02649292288892, 29.151289870553097], [79.02646376401523, 29.151336377537117], [79.02601512513804, 29.152940895299665], [79.02556386632372, 29.153832222583894], [79.02451722544134, 29.155110064721956], [79.0238285285113, 29.15559354974973], [79.02278968540087, 29.1558798334726], [79.0216599608073, 29.155954234081126], [79.02017881056743, 29.155993968465207], [79.01933588301944, 29.15581287163473], [79.01921221780974, 29.155786302324728], [79.01868456345802, 29.15535087416259], [79.01804202336666, 29.154680462702515], [79.01782623303352, 29.15388261398155], [79.01783100720651, 29.15328118128423], [79.01790136255615, 29.152875449751093], [79.01800558785727, 29.152274391725424], [79.01847630864837, 29.151269412411743], [79.01920562567172, 29.150331034227193], [79.01945146956443, 29.150142889164506], [79.02000639214441, 29.14971820315042], [79.02062270826038, 29.1490229603204], [79.02087351139728, 29.14832829182105], [79.02103564680448, 29.147383005782608], [79.02112267746423, 29.146156541291116], [79.02111977930407, 29.145871281428388], [79.02104723404852, 29.145185463690872], [79.02083115787177, 29.144061001748245], [79.0201499050128, 29.142867836563735], [79.01953661233357, 29.141709246703886], [79.01867152046984, 29.140452056370485], [79.01807687720289, 29.139220279761062], [79.01721383101142, 29.13770953085362], [79.01683041819365, 29.137144613567095], [79.01603572329657, 29.136117610004398], [79.01549058418722, 29.1354724607114], [79.01502529858318, 29.134239331042455], [79.01495193694902, 29.13389023811801], [79.01496075931405, 29.133793077285723], [79.0149826646232, 29.133551843470688], [79.01513559748932, 29.133037749598056], [79.01574136120722, 29.132296648022795], [79.01620554612632, 29.131776535570634], [79.01662013273703, 29.131222652251587], [79.016925811754, 29.130814268480194], [79.01819659669478, 29.12981574405855], [79.0190885799019, 29.129377473404585], [79.01982483157538, 29.12958587775947], [79.02019113306721, 29.12968530298427], [79.02086320898927, 29.12997479570442], [79.02095982732521, 29.13003098949138], [79.02138614843744, 29.13027893969861], [79.02200720995106, 29.130449120846283], [79.02277253394648, 29.130628102471082], [79.02399563043139, 29.131095110347637], [79.02475964955853, 29.131440468824326], [79.0254153693093, 29.131793090061155], [79.02618772943622, 29.132225650298366], [79.02664582491666, 29.13247405871739], [79.02699729741232, 29.13251580813278], [79.02728540557887, 29.132489455395906], [79.02730384360008, 29.13248776821843], [79.02771539632108, 29.132393381636547], [79.02810938925793, 29.13218975434712], [79.02854608684854, 29.131716982240757], [79.02909245218119, 29.131062626196684], [79.02992887666669, 29.13022778244183], [79.03039280683004, 29.129731395342674], [79.03077505866858, 29.129297905307983], [79.0310216818019, 29.129001337193223], [79.03126678536323, 29.128706601403525], [79.03175825930497, 29.128146987722246], [79.0322284665639, 29.127999272102624], [79.03284181386262, 29.128002968223228], [79.03320325723244, 29.128016097663238], [79.03328492543226, 29.128019063137348], [79.03514094271293, 29.12813565824054], [79.0362320313096, 29.1281818314909], [79.03752297782468, 29.128046950276385], [79.03874955116711, 29.12807014496541], [79.03994127227065, 29.12793465169452], [79.04060871206183, 29.127651410366767], [79.04038049103318, 29.127129064540107], [79.04017360785177, 29.12643277279518], [79.04009039788419, 29.12615272077362], [79.03975453494618, 29.12526326027429], [79.03905771056627, 29.124395408738827], [79.03847611706524, 29.123789724949326], [79.03813249987809, 29.123255300449124], [79.03757598983975, 29.122389758591986], [79.03705865797401, 29.12164182540198], [79.03616010667433, 29.120043761371566], [79.03522099444997, 29.118697887970903], [79.03514643067119, 29.118591027444328], [79.03456352258009, 29.117744197093746], [79.03427571703384, 29.11763945733979], [79.03317243772447, 29.116856284725912], [79.03126728127116, 29.11532135948798], [79.0299816666717, 29.114285565784748], [79.0288333508774, 29.11350208429963], [79.02767472249229, 29.112884932633406], [79.02736036451647, 29.11274702617808], [79.02658059281447, 29.112447432075133], [79.02606520876164, 29.11239271060675], [79.02552966054589, 29.11233706493841], [79.02483821267123, 29.112454199805555], [79.02430999515072, 29.11288779313464], [79.0233273639284, 29.11323213487538], [79.02330495829875, 29.113249883095403], [79.02236779534356, 29.11399224753746], [79.02117629475485, 29.114470321867802], [79.01937464096505, 29.115260127364408], [79.0174058933599, 29.116218754376938], [79.01546936629163, 29.116595155530177], [79.0141982393082, 29.116660152484005], [79.01364951924396, 29.11651694732688], [79.01316752663791, 29.116391155406195], [79.01315915527094, 29.116388970421674], [79.01257365481051, 29.116019236132686], [79.01136591211223, 29.115065399425742], [79.01101360191494, 29.11473850424887], [79.01055936242389, 29.114317027481174], [79.01031946142129, 29.114094431386558], [79.00974272995829, 29.113525974900845], [79.00916453773335, 29.11263795407975], [79.00852618328463, 29.111955243137412], [79.00811023545803, 29.11200409732554], [79.00775990214055, 29.112629276968132], [79.00766114768557, 29.113266295875746], [79.00761984745658, 29.114037366333648], [79.00759279804014, 29.115049196300912], [79.0075728402489, 29.115176624704606], [79.00750171847648, 29.11563070462663], [79.0073907593254, 29.11632934918877], [79.00707140677324, 29.11673874476732], [79.00684669748667, 29.11717453158453], [79.0063133818287, 29.11820880216705], [79.00628436918103, 29.1182650655716], [79.00599602162828, 29.11840398164969], [79.00566513972403, 29.118509438963073], [79.00522796454072, 29.118648771993854], [79.00429032696464, 29.11892271695817], [79.00427658299522, 29.11892673184822], [79.00350227337088, 29.11924997955458], [79.00323466336712, 29.11962192292071], [79.00292215834861, 29.12005626046001], [79.00262065804061, 29.12044382693847], [79.0023188889976, 29.12083173917852], [79.00227038207504, 29.120894092055423], [79.00202865798093, 29.12161647696545], [79.00171585408138, 29.122298433162833], [79.0016679162446, 29.123162003871744], [79.0019649701418, 29.12358981290086], [79.00199890024713, 29.123620043737553], [79.00252093031402, 29.124085169391627], [79.00303033190045, 29.124430281197032], [79.00392088099635, 29.124900431917972], [79.00418797798712, 29.125169473918813], [79.00436117647439, 29.125468788228364], [79.00425279810705, 29.12584348781832], [79.00400542782822, 29.12603220912716], [79.00372314631386, 29.12619500357844], [79.00306160211163, 29.12635363440295], [79.00293971985145, 29.126371639280393], [79.00251537783764, 29.126434322710416], [79.00148279042374, 29.12672614217566], [79.00013220593449, 29.127252507062227], [78.99866173914387, 29.128168083411424], [78.9983221634596, 29.128514881677138], [78.99750939301984, 29.12941270577087], [78.99747598309821, 29.12944199601263], [78.99690225855306, 29.12994498179486], [78.99665046316177, 29.130165732392044], [78.99620756490783, 29.130152989001534], [78.99583476170733, 29.130031557409392], [78.99550516194297, 29.129924195881557], [78.9942676605751, 29.129846635591733], [78.9933808140282, 29.129950784267727], [78.99284587258356, 29.130082068558707], [78.99182052586528, 29.13045461814463], [78.99144162131373, 29.13064258027772], [78.9913630525804, 29.130681555186733], [78.9911131112023, 29.130867079209565], [78.99080691154029, 29.131128927414785], [78.9906043136162, 29.1315963983898], [78.99064498947543, 29.132180090744185], [78.99074388301145, 29.132589618218546], [78.99070756981106, 29.132863652961], [78.99050712641494, 29.1330668455931], [78.99040819748375, 29.133357940347707], [78.99060723442891, 29.13375813371112], [78.9910205402346, 29.134184584098687], [78.99063606723637, 29.13448942259767], [78.99026143585105, 29.134638580618592], [78.99047819407328, 29.135220885096594], [78.99061759623731, 29.135448539518574], [78.99064598518252, 29.135494900187062], [78.99085715132193, 29.13612435820786], [78.99085722295705, 29.136127860298032], [78.99086927821497, 29.136714338101548], [78.99076943392922, 29.13711762439745], [78.99058512388628, 29.137448014175106], [78.9904062926922, 29.137768585624762], [78.99023861295395, 29.138108319490993], [78.99023060588934, 29.138124542834472], [78.99005880513958, 29.138589187189098], [78.98984092448941, 29.139535267149718], [78.98947604056238, 29.139795245856874], [78.9888696794137, 29.140227271068206], [78.9879713040333, 29.140862497936272], [78.9876813733704, 29.141067499899243], [78.98676812705365, 29.141610263054293], [78.98539991850743, 29.14221995430344], [78.98412592239866, 29.142594217612302], [78.98377149222276, 29.142698338619613], [78.98234826164709, 29.14308824694438], [78.98194038202621, 29.14295601110113], [78.98169252373151, 29.142705112944903], [78.98164577534467, 29.142350601901867], [78.98202272110339, 29.1420527140511], [78.98231295264897, 29.141856344258766], [78.98201912352076, 29.14166998061389], [78.981605700972, 29.141679597287972], [78.98155403859086, 29.141669558236686], [78.98101992834906, 29.141565771351846], [78.98068706721845, 29.141508190835918], [78.98051296662263, 29.141664736133805], [78.98028906977424, 29.141866054983858], [78.97990794635137, 29.141796205227283], [78.97969997525917, 29.14153059563827], [78.9795728961609, 29.141283363631562], [78.97954000200404, 29.14121936944863], [78.97950579306519, 29.141151020348232], [78.97938279136947, 29.140905259132243], [78.979062338988, 29.14065366791705], [78.9788347835105, 29.140363822142206], [78.97878143200646, 29.14029586508346], [78.97861602930709, 29.14002093579594], [78.97848830517763, 29.139785014951695], [78.9784795154576, 29.139768779706092], [78.9784707278199, 29.139752545389182], [78.97813505318284, 29.13913207567211], [78.97782808697069, 29.13881845878259], [78.97750102227735, 29.138648546455975], [78.97721586569929, 29.13850040513316], [78.97698249409036, 29.138512182761332], [78.9768709089904, 29.138517813921343], [78.97711164801565, 29.138142245774915], [78.977114975878, 29.138137053489373], [78.97711739589357, 29.13813422527194], [78.97744499172995, 29.137751381019537], [78.97760156437376, 29.137481370908407], [78.97761258768823, 29.137462360393826], [78.97771736892139, 29.13708316328072], [78.97761545813542, 29.13670021150504], [78.97734672088792, 29.13658389177095], [78.97687452339811, 29.13657832516937], [78.9767998484365, 29.136580276658847], [78.97648903350766, 29.136588400894606], [78.97620124869195, 29.136642625315115], [78.97614034837366, 29.136654098914196], [78.9756929934415, 29.136693028292104], [78.97527676135444, 29.13655408200024], [78.9749067809432, 29.136296558443075], [78.97468214391843, 29.135988450594162], [78.97468458037422, 29.135694256560374], [78.97472414260974, 29.13540109961096], [78.97473159262344, 29.135345894314323], [78.97492981136077, 29.134887990990542], [78.97496706810877, 29.134504258847286], [78.97483970325708, 29.13410950234777], [78.97454274635467, 29.133618915466034], [78.97442911032527, 29.133403595609202], [78.974390865544, 29.133331129573854], [78.97423693029215, 29.13282658002983], [78.97435968844837, 29.1324059947118], [78.97456943312874, 29.132147823286207], [78.97463383576442, 29.13206855149735], [78.97489820325914, 29.13145605086368], [78.97480579046287, 29.131233935997948], [78.97469236187163, 29.13096130696413], [78.97467892326576, 29.130845842713118], [78.97461560683594, 29.130301801265844], [78.97457063554212, 29.129880208984588], [78.97403103979642, 29.12895748137008], [78.9734367262121, 29.12767318709316], [78.97341077148285, 29.12761709932406], [78.97337948187463, 29.127549483495727], [78.97276669587761, 29.126879641826275], [78.97240715327955, 29.126783098108792], [78.9721001909473, 29.126908428590646], [78.97161165989053, 29.127158951140633], [78.97107620635886, 29.127157530170138], [78.97106540498461, 29.12715750123227], [78.97069772150766, 29.127349002995086], [78.97016100311825, 29.127801078469304], [78.96953086396954, 29.128079940769176], [78.96882993596569, 29.12829785000713], [78.96871236966811, 29.12833439879759], [78.96744805616078, 29.12883032097666], [78.96676966093273, 29.129048864510608], [78.96675446163289, 29.12905376119781], [78.96673926024442, 29.12905865787014], [78.96641498103996, 29.129163123026157], [78.96589873081169, 29.129301205150323], [78.965347795978, 29.129578244066064], [78.96498305317705, 29.129845359298585], [78.96466441089116, 29.130092117438682], [78.96421368247714, 29.130505649288622], [78.96365333145458, 29.12990203428722], [78.96317947928587, 29.12915637142245], [78.9628676596242, 29.12878894542045], [78.96233465489166, 29.128160880668872], [78.96104653866071, 29.12628556902683], [78.96070499820611, 29.125787525318493], [78.9602024755772, 29.125054722572273], [78.95983018024101, 29.124337244944527], [78.95966664345947, 29.12402207851076], [78.95880775254732, 29.122765047087846], [78.957982210646, 29.121556790844824], [78.95795693103253, 29.121519792933995], [78.9576086318685, 29.12110539247858], [78.95753220484588, 29.12101609789763], [78.95721253107399, 29.120642603541498], [78.95718353718664, 29.120608728383814], [78.95644995821434, 29.11993004082797], [78.95605395359622, 29.120168368470395], [78.95484433439536, 29.12089635251634], [78.95083548585107, 29.123225852381918], [78.95031084486595, 29.123584005102284], [78.94878700986878, 29.124624241107078], [78.94802341891821, 29.124966153255563], [78.94791755645933, 29.125013553930525], [78.94706626102813, 29.125442767244838], [78.94620413398646, 29.125920027710837], [78.94462885568821, 29.126953375865657], [78.94375396686148, 29.12750517721953], [78.94349230249894, 29.127380996790585], [78.94322355898994, 29.127018561823615], [78.94301242729979, 29.12668771952139], [78.9430123623525, 29.12668750281445], [78.94287951013803, 29.12624396454797], [78.94123857461736, 29.126820847819847], [78.9402529202511, 29.12725277004808], [78.93977158149968, 29.127436947547107], [78.9392538178733, 29.127652287189353], [78.93912680624862, 29.127718110890857], [78.93857239786907, 29.128005433896984], [78.93811204153222, 29.128165628102597], [78.93800313534695, 29.128203525937135], [78.9373771028513, 29.128478382681777], [78.93698887322381, 29.128667404729246], [78.9369246068135, 29.12869869493401], [78.93685169220119, 29.12873419564751], [78.93626816646508, 29.12902252610907], [78.93581552284246, 29.129246183636788], [78.93575734419049, 29.129274303453478], [78.93506547022184, 29.12960871107523], [78.9345805508189, 29.129587498029874], [78.93414281574839, 29.129193769919297], [78.93338916600419, 29.127999396143647], [78.93185925161404, 29.126207102452373], [78.93095091501662, 29.125067774434747], [78.93065535282179, 29.12419545280083], [78.93021906698974, 29.12349956955558], [78.92975122583917, 29.12275334795917], [78.92940435709623, 29.12222764888605], [78.92922739928642, 29.12193766599966], [78.92797339484368, 29.119882694218354], [78.92733552677487, 29.118731118749263], [78.9268994992932, 29.118157928699866], [78.9265049452736, 29.118115207469355], [78.92650298475519, 29.118115748805494], [78.92603214705005, 29.11824575282967], [78.92503692377606, 29.118507521335914], [78.92455120033762, 29.118696474552173], [78.92344284767381, 29.119127636590264], [78.92088783236122, 29.119951606102045], [78.91905376024204, 29.12054306181341], [78.9185281347521, 29.12068083891097], [78.9171917787275, 29.121233033825185], [78.91665539235144, 29.12145037767627], [78.91664180330251, 29.121455883582364], [78.9166282142444, 29.121461390403592], [78.91614928577185, 29.121655448619705], [78.91559689011046, 29.12191345792299], [78.91484819894676, 29.121941941877985], [78.9133171167127, 29.12243842110882], [78.91328739401793, 29.122448429926415], [78.91256539822513, 29.122691549591515], [78.9113854274311, 29.12311300170651], [78.91087968949016, 29.123297535194293], [78.91043476968845, 29.123509241103005], [78.91011323930068, 29.12358761378418], [78.90957656381559, 29.123812074030397], [78.909208152016, 29.124010915298893], [78.90885508174763, 29.12420985998659], [78.90831934821269, 29.124327007729892], [78.90770686330956, 29.124483952845257], [78.90693721395226, 29.124720149359263], [78.90632190571672, 29.125122832923342], [78.90620383144031, 29.12548666900615], [78.90621783841854, 29.125988706218813], [78.90635407474136, 29.126530560510005], [78.90636614357274, 29.126548372196876], [78.906659752096, 29.12698166558759], [78.90694978466841, 29.127231514209793], [78.90703638840843, 29.127306118392653], [78.9077286642078, 29.127677580411984], [78.90816124989425, 29.127920114048624], [78.90909331249577, 29.128454819199682], [78.90976740054921, 29.12879256792389], [78.90983095789025, 29.12882441330118], [78.91068281908844, 29.129178298888792], [78.91132316056849, 29.129439865690387], [78.91132330201106, 29.12943992346889], [78.91183715517099, 29.12974928976345], [78.9119359876378, 29.12982371176801], [78.91378509521886, 29.13121607656532], [78.91470078073402, 29.13213862204583], [78.91555636104964, 29.132737523813926], [78.9159258602983, 29.133054901564844], [78.91627986643434, 29.133320920593626], [78.91746985722999, 29.134216774188083], [78.91808181512602, 29.13473445155855], [78.91819945677965, 29.13485058869385], [78.91855084833966, 29.135197485245744], [78.91874232949326, 29.13555546622002], [78.91849381293052, 29.135940159506976], [78.91784830046504, 29.136225824700485], [78.91784827216354, 29.136225838255996], [78.91752928443283, 29.13638735087253], [78.91720109467657, 29.13660573530847], [78.91685795574239, 29.136937066092123], [78.91639360660366, 29.13749664805388], [78.91613499735772, 29.137966293799266], [78.91608411113698, 29.13837732464948], [78.91620053492218, 29.138643003840173], [78.91639105858144, 29.139007166670677], [78.91661543959205, 29.139320884263523], [78.91669864902737, 29.13969183366648], [78.91671139565818, 29.139748657867358], [78.91670641432414, 29.139766429317433], [78.91659868454562, 29.140150750327386], [78.91612688714417, 29.14078783996347], [78.9156132142706, 29.14117016804506], [78.91497554203488, 29.141593221771167], [78.91496933066625, 29.141596242434346], [78.91409264771836, 29.14202252042912], [78.9134781181331, 29.14234369167715], [78.91295964141437, 29.142721962998298], [78.91220589926475, 29.143122953119345], [78.91181345247288, 29.143406360740137], [78.9115180118204, 29.143636347784202], [78.91117433234717, 29.144157221253085], [78.91105057292168, 29.144476753169446], [78.91104143391027, 29.144899778347703], [78.91111865930752, 29.145212508291433], [78.91132521174495, 29.145525031237476], [78.91149849497066, 29.145964619908913], [78.91168775200845, 29.146404224726414], [78.91175161589297, 29.14672075398313], [78.91186595304828, 29.147119858939963], [78.91205894487658, 29.147447935548207], [78.91237963510635, 29.147719533110244], [78.91294531027366, 29.147992217551625], [78.91344278690279, 29.14819798603947], [78.91377147699131, 29.148373475427924], [78.9142164429049, 29.14859877925048], [78.914581586103, 29.148805985480333], [78.9150257916349, 29.14929395842038], [78.91504143960776, 29.149311147771876], [78.91505131075226, 29.149326166519028], [78.91548396926923, 29.149984461736402], [78.91562418818339, 29.150286749265145], [78.91560954731946, 29.150772263682274], [78.91556403867762, 29.151434746622257], [78.91549885825728, 29.15238356998346], [78.91535012285264, 29.15282097381493], [78.91494261451815, 29.1533980297133], [78.914470938968, 29.153946335289824], [78.91418314839873, 29.15412218571909], [78.914132134848, 29.154153356330724], [78.91402556809517, 29.154212177155674], [78.91391845887843, 29.154271297560367], [78.91369646979065, 29.154393827423142], [78.91300764632717, 29.154409112975895], [78.9117364144665, 29.154272784577653], [78.91112982378392, 29.15415596049492], [78.91055696775605, 29.153910327320457], [78.91025950305419, 29.153683985402353], [78.90982437083363, 29.153264297656552], [78.90927864831491, 29.15273757044121], [78.90873079981105, 29.152238873672953], [78.9080930207453, 29.15178346011888], [78.90765530682138, 29.15150802349887], [78.90749170501053, 29.151459935348925], [78.90713637895473, 29.151355492654062], [78.90704979802817, 29.151387324387706], [78.90673286454286, 29.1515038469161], [78.90637836068436, 29.151783795389516], [78.90622523780779, 29.15209258905144], [78.90619675193851, 29.152150032707254], [78.90619386082152, 29.152155864206797], [78.9061053478668, 29.152638090795065], [78.90617913698776, 29.15290575919118], [78.90644705730519, 29.153328857835213], [78.906488299425, 29.1533689461573], [78.90680700370534, 29.153678736611703], [78.90704540136609, 29.15388021684694], [78.90707162614943, 29.153902380661656], [78.90777355238524, 29.15467605967678], [78.90777357514081, 29.154676083657886], [78.9080375560698, 29.15496620110654], [78.90806668010826, 29.154998209092728], [78.90807679951305, 29.155013325115917], [78.90864237161097, 29.1558582112998], [78.90891461890219, 29.156740973616746], [78.90892099383899, 29.15676164307151], [78.90894026549935, 29.156835171456468], [78.90910955636132, 29.157481068440454], [78.90912201212885, 29.15755777790925], [78.90918076324837, 29.157919578113905], [78.90929040529555, 29.15851614784299], [78.90929244748939, 29.158527261008754], [78.90927308317971, 29.15860658573613], [78.90922546085766, 29.15880166342574], [78.90920890613499, 29.15886947813298], [78.9091124008345, 29.159043634120277], [78.90898688816728, 29.15927013569763], [78.90906614969634, 29.159562304295026], [78.90907921252887, 29.159610455692906], [78.90908401539762, 29.15962816175591], [78.90907696782682, 29.15963508114056], [78.90836789125767, 29.160331221966896], [78.9083678681046, 29.16033124288628], [78.90810820967975, 29.16067918383648], [78.90896961098362, 29.16221202125688], [78.90902224142896, 29.162305673970405], [78.90905649823675, 29.16236663174339], [78.90907334262093, 29.162416703680933], [78.90920885413047, 29.1628195209823], [78.90901728014742, 29.163699525693783], [78.90887784312488, 29.16404331063877], [78.90863221116942, 29.164300427070053], [78.90730657735412, 29.16491364049454], [78.90682199533745, 29.16509416648759], [78.90682187182192, 29.165094202301496], [78.90682174833069, 29.16509423536648], [78.90646351822016, 29.165192222082478], [78.90646014517101, 29.165193722123007], [78.90596585609771, 29.165413563377378], [78.90552873250154, 29.165693382023118], [78.90523666216303, 29.165945961542132], [78.90471489746136, 29.166544537125514], [78.90411247766434, 29.16757646741356], [78.90378495782595, 29.16809224770559], [78.9037738619781, 29.168109719553694], [78.90341169820537, 29.168560426894462], [78.90311472243489, 29.168706319600897], [78.90276673061632, 29.168877277679417], [78.90245574905445, 29.169066325169265], [78.90167818050968, 29.169598282542964], [78.90202674304194, 29.16999701717297], [78.90283203209894, 29.170913893180682], [78.90383047618816, 29.17187229187852], [78.90387690556904, 29.17191685841352], [78.90388497263818, 29.17193143882078], [78.90409432663257, 29.172309819036997], [78.90412313226838, 29.172703027457416], [78.9043394227228, 29.173045777353202], [78.90444314107675, 29.17315878384906], [78.90469595574024, 29.173434237956144], [78.90548559978795, 29.174313827754787], [78.90569409567148, 29.17452919956632], [78.90665204078668, 29.175518733967348], [78.90759854681028, 29.17640213367661], [78.9079352250565, 29.176655831899513], [78.90842970056836, 29.17703484028877], [78.90851886259516, 29.17713607177142], [78.90869178025899, 29.177332400337303], [78.90877973347779, 29.17766707731294], [78.90880716804064, 29.177947233693835], [78.90881468136628, 29.178023960891245], [78.9088182398101, 29.178060293867464], [78.90881776436937, 29.17806423738288], [78.90875203657485, 29.17860947692752], [78.90865781412668, 29.178911078825678], [78.90839432158761, 29.1791895014235], [78.90838795555861, 29.179194195691608], [78.9081716048197, 29.17935373713054], [78.90816595451821, 29.17935790385419], [78.90815546882749, 29.179360628339975], [78.9075318192106, 29.179522646343848], [78.90712768500099, 29.179703717336565], [78.90673123350189, 29.180063371796937], [78.9061751095868, 29.17999422857469], [78.90568732914723, 29.17986598078866], [78.9052625022027, 29.17974389164425], [78.90526244598249, 29.17974387293381], [78.90469314427015, 29.179554538215758], [78.90438240733558, 29.178913622487393], [78.90397563528126, 29.178514392095455], [78.90358750380497, 29.17827418113535], [78.90331266282548, 29.17847180380724], [78.90314540299099, 29.178730660619205], [78.90306634529371, 29.17915803729518], [78.90311000118362, 29.179202309608108], [78.90341112263464, 29.179507681868778], [78.90361736687531, 29.179822476222373], [78.90353138656111, 29.18031562208465], [78.90334673168272, 29.1806412229764], [78.90310449511624, 29.18091323859015], [78.90267578097219, 29.180735101489148], [78.90213990337362, 29.181009072485637], [78.90172264129492, 29.181231511042448], [78.90047630831643, 29.181869106852677], [78.8999351146087, 29.182097614701167], [78.89993260955305, 29.182098672415744], [78.89955651543883, 29.181879327724047], [78.89893193001407, 29.181725453005132], [78.89861236054945, 29.181846712743514], [78.89854284493524, 29.18187308950236], [78.89844897995846, 29.181992247362654], [78.89814914734573, 29.18237287059819], [78.89835445986044, 29.18263048266553], [78.89834488549394, 29.182640330038378], [78.89781599045787, 29.183184281858203], [78.89741880803612, 29.18332721015272], [78.89740523984617, 29.183333965761513], [78.89680677281629, 29.183631932515834], [78.89614092053628, 29.184207555116316], [78.89580459729991, 29.18450004221529], [78.89580414365844, 29.184500443204243], [78.89544868339354, 29.18486083925445], [78.89481013731118, 29.185550123211822], [78.89457659633402, 29.18580221834448], [78.89435690230121, 29.186224532250193], [78.89456524208045, 29.186566651475765], [78.89538722192292, 29.186745197934844], [78.89628800158441, 29.18663319448463], [78.89665356146612, 29.18637808350107], [78.89708203930302, 29.185881246106366], [78.89717966480147, 29.185768044410747], [78.89737858799185, 29.18550942256752], [78.89757323154109, 29.185347366602134], [78.89760090442367, 29.185324325427594], [78.89764486181093, 29.18528772693368], [78.8979290546883, 29.185162090577563], [78.89820684903316, 29.185239402308508], [78.89825709075356, 29.18525338504809], [78.898296493763, 29.185263574868923], [78.89874488066187, 29.185379532825873], [78.89910281795346, 29.18543440705787], [78.89937062739433, 29.18554857879294], [78.89940064375459, 29.185561375134075], [78.89944985961817, 29.18558235591399], [78.89974618867319, 29.185927464398883], [78.8998434487879, 29.186491569537615], [78.8997904108842, 29.18734384361575], [78.89972416943687, 29.187716821789103], [78.899629603982, 29.1882492852521], [78.89953832577682, 29.18867455345873], [78.89951354950485, 29.188725373365447], [78.89935473857616, 29.189051117397465], [78.89879949704914, 29.189644267337652], [78.89871418914299, 29.189735436091063], [78.89800083826283, 29.190497793795544], [78.8975951902836, 29.191382544916358], [78.89708690510379, 29.19230647671943], [78.89651415976695, 29.19336548987554], [78.89633077561673, 29.193589517984794], [78.89597383006381, 29.193370210436058], [78.89557635703642, 29.19294991060964], [78.89533462987978, 29.19260432861764], [78.89529022081862, 29.192549930077146], [78.89510087508754, 29.192317992421852], [78.8950516577121, 29.192257703490935], [78.89456831686225, 29.19202798153206], [78.89420579453758, 29.19192373915494], [78.89412276776781, 29.191914255065292], [78.89382838366808, 29.191880623780467], [78.8938031565309, 29.19187774221309], [78.8933499191057, 29.191847133573834], [78.89293148565285, 29.191849081841752], [78.89258345624685, 29.191964417147446], [78.89254374737756, 29.191977575822317], [78.89205042737686, 29.19213546483062], [78.89149713086653, 29.192210152008435], [78.89108557608937, 29.192227562121538], [78.89034925378229, 29.192244362733945], [78.88990599269479, 29.192356130154085], [78.8895965253095, 29.19257114958658], [78.88887217964007, 29.193346812582462], [78.88844980985733, 29.19382407396344], [78.88816606642187, 29.19414469214752], [78.88784880272304, 29.194354408521587], [78.88724633107161, 29.194684305832055], [78.88702748211527, 29.194817382432337], [78.88698692040566, 29.19484204745775], [78.8867327201758, 29.195112164070345], [78.8866616518254, 29.195358892521583], [78.8866496276006, 29.19540063501275], [78.88667206452861, 29.19544309934811], [78.88685682914098, 29.1957927833334], [78.88724242941882, 29.196065432997898], [78.88793018402656, 29.196355092319124], [78.88803782192042, 29.196396141513723], [78.8880659555945, 29.19640687044183], [78.88879389107026, 29.196684476750708], [78.88958672062968, 29.196989126596318], [78.8901391850053, 29.19723903569375], [78.89068211511771, 29.197510200718977], [78.8907700943654, 29.197575566160598], [78.89096335731408, 29.197719153317625], [78.8910158383622, 29.197758145314843], [78.89131273465541, 29.198221367280286], [78.89133844634821, 29.198319993808905], [78.89146282263965, 29.198797075335715], [78.89151895210387, 29.199147629432346], [78.89153124785149, 29.199224427054077], [78.89151097612405, 29.199764704904442], [78.89130686215283, 29.200336854538335], [78.89125482490051, 29.200426402853694], [78.89114768470968, 29.20061076814371], [78.89112596832085, 29.200648137856756], [78.89094702570063, 29.200895373408702], [78.89062846651368, 29.20121953320367], [78.89025324958365, 29.20140864657836], [78.89021606570891, 29.201422866535292], [78.89019504458308, 29.201430905821766], [78.88956741316315, 29.201670918137033], [78.8887152176656, 29.202076239310816], [78.88839704545528, 29.202215492877503], [78.88839700980867, 29.202215508208212], [78.88741068966851, 29.20262827700148], [78.88665805681681, 29.20296750533063], [78.88660880507572, 29.20298696638663], [78.88612839990864, 29.20317678437802], [78.8856396720766, 29.20322961240421], [78.88514983980147, 29.20304552116251], [78.88464397898424, 29.202534301517066], [78.8844061404733, 29.202301528247975], [78.88359151182453, 29.20151758650928], [78.88305374597464, 29.200961848207292], [78.88276471411567, 29.20066315660837], [78.88276423194594, 29.200662658440155], [78.88258319202436, 29.200439557327602], [78.8822417711553, 29.20017934740104], [78.88219986481367, 29.20014740867711], [78.88218541357953, 29.200141686443946], [78.88167824333955, 29.199940872776526], [78.88134110531404, 29.199953045432807], [78.88130162729776, 29.199954470184], [78.88099259362627, 29.199985701314752], [78.88045127909805, 29.20020275085288], [78.87988854567705, 29.200513769990096], [78.87982110782966, 29.200551041935334], [78.87979495998071, 29.20056696937795], [78.87957052861748, 29.200703679231232], [78.87915731948308, 29.200950434428197], [78.87890572552884, 29.201172634237405], [78.87850746360246, 29.201507453168702], [78.87755250640372, 29.202667359707625], [78.87633931112825, 29.20405032105309], [78.8757888900478, 29.204642137936393], [78.87522016861516, 29.205210918149277], [78.8749200460162, 29.205717391016762], [78.87490505121688, 29.206116168065282], [78.87500772714513, 29.206428853331627], [78.87501025961892, 29.206436566263353], [78.87501973547323, 29.206439558430766], [78.87561045419092, 29.206626088394223], [78.87563061400647, 29.206632454052848], [78.8756496198924, 29.206627436533253], [78.87626581237988, 29.206464741640943], [78.87690462751152, 29.206209937228902], [78.87745749114032, 29.206106080191056], [78.87788897972636, 29.206169336954183], [78.8782871611891, 29.206398019086354], [78.8786348202034, 29.2070564162896], [78.87884426005397, 29.207493733746574], [78.87889533924788, 29.207600387838742], [78.87889754920914, 29.20760384584432], [78.87926612857444, 29.20818043799872], [78.87958222152457, 29.208722688552722], [78.88017914235536, 29.209388419848555], [78.88019114281329, 29.20940180372734], [78.88071202878652, 29.210000507487933], [78.8808061093142, 29.210095497805792], [78.88116333841212, 29.210456181886094], [78.88118009999118, 29.21047310553507], [78.88119751692342, 29.210486398763834], [78.88152172093733, 29.21073383465934], [78.8818296903099, 29.210874125948934], [78.88270232179462, 29.21113165719888], [78.88319506088027, 29.2113650081347], [78.8832173865691, 29.211639265549167], [78.88296667930707, 29.211899515028676], [78.88266485382441, 29.212133575043097], [78.88226664152279, 29.212416932304258], [78.88185320370866, 29.212586287036018], [78.881538129993, 29.212682136444016], [78.88095054065285, 29.212810526674716], [78.8806552537978, 29.213011129994747], [78.88065434999714, 29.213011744031355], [78.88063213632525, 29.213064218802018], [78.88049720058416, 29.213382979333833], [78.88044700521971, 29.213501555170453], [78.88030862316924, 29.21375755312765], [78.88000287313271, 29.214050887575727], [78.87939361414026, 29.21418643463672], [78.87910343120895, 29.214115435139792], [78.87874265037567, 29.214093154857107], [78.87850684133755, 29.214400638456954], [78.87838765799911, 29.21482169579709], [78.87833448089462, 29.215293989477363], [78.87813452061742, 29.215767635275004], [78.87816869946296, 29.21582022115142], [78.8782893650114, 29.21600587278049], [78.87870009726973, 29.216543322794585], [78.87870545666459, 29.2165503359718], [78.87871124195188, 29.216554499693775], [78.87903233695111, 29.21678558870973], [78.87952551556499, 29.216761107915996], [78.87993755450863, 29.21662630405718], [78.88033142222325, 29.216759952389467], [78.88047766253963, 29.217026988800015], [78.88044346634305, 29.217528287852023], [78.88011220120666, 29.217874566700004], [78.87974928541358, 29.21809640388591], [78.8795655980517, 29.21830485650489], [78.87951828550936, 29.218594326870683], [78.8794021542412, 29.218927876198645], [78.87912359298537, 29.219091715194576], [78.8786316844858, 29.219087532823266], [78.87850794182043, 29.21906828982468], [78.87798213606074, 29.218986520911837], [78.87728109231558, 29.218889383315396], [78.87680374307654, 29.218881063843813], [78.87634638944242, 29.218918886206207], [78.87628138318132, 29.218937016542476], [78.87583588902203, 29.21906126627274], [78.87552553936122, 29.219303254261014], [78.87530353522452, 29.219476355893228], [78.87478186591139, 29.219966308697913], [78.87457419598606, 29.220298361252297], [78.87423040757444, 29.22095442489001], [78.87388190649645, 29.221360828770145], [78.87345232021785, 29.22164306761216], [78.8731356680999, 29.2217704908934], [78.87265800083233, 29.221968638687404], [78.87203288745826, 29.222326446119688], [78.87195665066803, 29.222408580827107], [78.87176812907558, 29.22261168473963], [78.87155609177132, 29.22311443273398], [78.87163346321879, 29.22338106828374], [78.87191336282179, 29.223620354007686], [78.87196340038979, 29.223663130331516], [78.87270911658511, 29.223711506434753], [78.87272426934793, 29.223712489669037], [78.87346849638212, 29.223759740333737], [78.87397252608952, 29.224026421424117], [78.87472813328208, 29.224262453672477], [78.87474933284592, 29.224268396770732], [78.87529793198279, 29.224422197225653], [78.87574706365022, 29.224623109357296], [78.87612580338045, 29.224933964377872], [78.87640387817297, 29.225387022013738], [78.8764783816948, 29.2257901507063], [78.87622227619653, 29.226263573250222], [78.87568186306196, 29.226467951801496], [78.87538103915882, 29.22646034536193], [78.87507324784927, 29.226358990779147], [78.8746251546957, 29.226369015134125], [78.8743306880689, 29.226603082498453], [78.87420137296182, 29.226902398773472], [78.87419881414148, 29.226908775550527], [78.8741243082084, 29.227094415547725], [78.87398776283207, 29.227434624612794], [78.8740624666197, 29.227855515537716], [78.87406695667349, 29.227880810617492], [78.87407813944654, 29.227903237015536], [78.87422598608491, 29.22819973791687], [78.87424797012179, 29.22824382656284], [78.8743869478312, 29.228503290466204], [78.87427760489814, 29.22895154531063], [78.87426889244873, 29.22898726298596], [78.87423463538785, 29.22956262793705], [78.87447228940773, 29.229935851869957], [78.87444862404824, 29.230257315599744], [78.87401166850206, 29.23047834797559], [78.87385017798199, 29.23052369839088], [78.87354360875914, 29.230609788600606], [78.87306711121744, 29.230560858005248], [78.8727469540628, 29.23043049907762], [78.87240384056915, 29.230083140277817], [78.87244456457628, 29.229659877399083], [78.8722098966679, 29.229296696171676], [78.87223038318041, 29.229213160243884], [78.87229463544494, 29.22895114510214], [78.87249091715167, 29.228553356464875], [78.87258605683127, 29.228302601607037], [78.87259686607847, 29.228274113459], [78.8726105070173, 29.22823385269849], [78.87273350586558, 29.227870824665505], [78.87261606847916, 29.227615955982703], [78.87257937654287, 29.22758832738317], [78.87226013964991, 29.227347944653978], [78.87194799222847, 29.227295738576537], [78.87188768422698, 29.22728565194369], [78.87106827131052, 29.227193909322263], [78.87093560687794, 29.227227979595273], [78.8706384895174, 29.227304286663053], [78.87063308153826, 29.227305675284136], [78.87061464020385, 29.227332216656166], [78.87044307681482, 29.227579131108783], [78.8702524763466, 29.227853444609153], [78.87006731985646, 29.227967990844753], [78.86982572085209, 29.228117453961648], [78.86981948907066, 29.22812130887366], [78.86981257813294, 29.22812975138875], [78.86965904575716, 29.22831729492811], [78.86957279399032, 29.228422652615123], [78.86930915958821, 29.22833796739135], [78.86917203330084, 29.228293919609715], [78.86891832684356, 29.228252651776934], [78.86874065930104, 29.228223752818334], [78.868483498246, 29.22806843839563], [78.86846715921888, 29.228058572267518], [78.86839588801715, 29.228015526483503], [78.86837846754436, 29.228010485174693], [78.86811317669932, 29.227933708381684], [78.86806117850739, 29.227935358674653], [78.86768267645353, 29.227947373275775], [78.86723259272483, 29.228308333924467], [78.8666282325141, 29.228741878720616], [78.86622126972945, 29.228896458666746], [78.86582269405395, 29.22902144607407], [78.86553776299056, 29.22924259016159], [78.86541863688633, 29.22933504669063], [78.86512673579644, 29.229607494265714], [78.86482854528344, 29.229885810376533], [78.86438435514954, 29.230038884412938], [78.86356923134257, 29.230187238644742], [78.86319519474795, 29.230394704558407], [78.86300395661704, 29.23081284949218], [78.86299679268335, 29.23082851287], [78.86300252464186, 29.23084916134714], [78.86308649013353, 29.23115163099622], [78.86317520494119, 29.23147487570493], [78.8631798664942, 29.231491860649616], [78.86316449864583, 29.231988714827647], [78.86280512049775, 29.231981388932414], [78.86280327394601, 29.231981351120112], [78.862799125052, 29.231977111479733], [78.86268443704309, 29.23185991741435], [78.86256977098486, 29.231742745387105], [78.86224350171123, 29.231603934905745], [78.86191988880107, 29.231731781401805], [78.86170763489602, 29.231993171336214], [78.86162995225176, 29.232267496709913], [78.8616130634046, 29.23249977904848], [78.86160225362286, 29.232648440640663], [78.86131798882683, 29.232810505052043], [78.86090824653037, 29.232809190566694], [78.8604720768709, 29.23294044685643], [78.86041769761856, 29.232958317754417], [78.86011909134463, 29.233056449954095], [78.85981421980296, 29.233086093593155], [78.85946148596653, 29.233064920429094], [78.85945064551625, 29.233064269872244], [78.85913424318939, 29.233006207453904], [78.85851563606963, 29.233187058586854], [78.85863963281416, 29.233669975249523], [78.85864111108349, 29.23367573259212], [78.8586432407256, 29.23367973257777], [78.85880511310661, 29.233983803845216], [78.85898220811188, 29.23417278053379], [78.85900318061957, 29.234195160002994], [78.85916504737067, 29.23446889112578], [78.85929815783389, 29.2347824448724], [78.8594117231985, 29.235050420054833], [78.85947423491255, 29.235349836144202], [78.8598011199426, 29.2356861145868], [78.86044378239048, 29.236037374193337], [78.86091139204315, 29.23640325395588], [78.86111464747597, 29.23677681838065], [78.86111925327461, 29.237162228691023], [78.86112000437782, 29.237178666278968], [78.86113222572084, 29.23744598007972], [78.86114971896635, 29.237715855430224], [78.86115679262794, 29.23775777876153], [78.8612114166737, 29.23808153040902], [78.86142704777679, 29.23829297440464], [78.86153325208794, 29.238573614635527], [78.8618988976116, 29.239034201110865], [78.86210650922995, 29.239371250169157], [78.86213847524212, 29.239423144466812], [78.86209728843617, 29.239930363993928], [78.86139305540641, 29.24026831392405], [78.85982949275417, 29.24132429171785], [78.85975795576202, 29.24137260485456], [78.85945997281954, 29.241548875425256], [78.85882607193926, 29.241715445912792], [78.85835229095419, 29.241862126547048], [78.85806190647044, 29.241571135980546], [78.85787365533454, 29.24138249107738], [78.85780971104575, 29.241332411988896], [78.85672982995652, 29.24048666641617], [78.85649689383499, 29.240245487588616], [78.85640280530116, 29.24014807007671], [78.85631501354898, 29.240057171605603], [78.85630242030007, 29.24004413154726], [78.85603162655705, 29.239763752289875], [78.8553776539926, 29.238562519426754], [78.85483428293259, 29.23830936042725], [78.85447530471929, 29.23826415627651], [78.85439735810988, 29.238254340673187], [78.85431941151283, 29.23824452503183], [78.85409931940139, 29.238216808726566], [78.85405372953895, 29.23821106748469], [78.85400736334866, 29.238205228149077], [78.85262162226152, 29.238458107318312], [78.85148681778375, 29.23726069460357], [78.85146848627986, 29.23724300517937], [78.85143986822821, 29.237215389621568], [78.85125248347485, 29.237034567383734], [78.85116284946754, 29.236948073350632], [78.8507572468463, 29.235464801707913], [78.85074544656676, 29.23542165001006], [78.85048582841286, 29.234841732339287], [78.85017805995865, 29.234570090089104], [78.84977581448386, 29.234148220024302], [78.84959153027083, 29.23354038329981], [78.84957482523033, 29.23346522025604], [78.84942996298547, 29.232813440202914], [78.8490464340425, 29.23317559274105], [78.84904628227655, 29.23317573642428], [78.84871011967799, 29.233633827231422], [78.84818236306488, 29.2341460993836], [78.84812501442362, 29.23420176562791], [78.84725277995874, 29.23508421334759], [78.84655157809306, 29.235998489267896], [78.84627858898232, 29.236295706935877], [78.84563565915599, 29.236737633381765], [78.84526856128927, 29.23649252557759], [78.84508788078642, 29.236282977885768], [78.84467785809464, 29.235853724869404], [78.84431881365475, 29.235917719859312], [78.8443187487616, 29.235917733136453], [78.84400843498126, 29.235634122241855], [78.84331850262545, 29.23500355512056], [78.84280315694863, 29.23538368152788], [78.84203099577921, 29.234959170290026], [78.84068164244306, 29.2358716153241], [78.84066781903735, 29.23588246494064], [78.83972315363734, 29.23662385409956], [78.83954423258697, 29.236906176793294], [78.8396351567893, 29.23699369641784], [78.8401971631734, 29.237534659295395], [78.84025542903417, 29.2375907429784], [78.84059589037354, 29.237863249996654], [78.84087822702575, 29.23823211423062], [78.84090136522505, 29.238262342842265], [78.84129724004602, 29.23874996280643], [78.84090742555495, 29.239086278133303], [78.84089504083578, 29.23909696400109], [78.84111635667234, 29.239457577383487], [78.84124512782496, 29.23975777155006], [78.8411899592406, 29.239782546000303], [78.84043914783295, 29.240119695639507], [78.84041123396368, 29.240132230151197], [78.84038332008873, 29.240144764657764], [78.83989906532909, 29.240362214998747], [78.83980198904057, 29.24040580496054], [78.83970491162178, 29.240449396685097], [78.83945959393158, 29.240559552028824], [78.83871208939769, 29.240895202513997], [78.83843004923277, 29.241021846350566], [78.83837942437194, 29.24104457823437], [78.83829261906311, 29.24108355668196], [78.83836555639166, 29.241796991912487], [78.8387785086948, 29.242225107639488], [78.83822716123875, 29.242550608699716], [78.83819414774531, 29.242570098759685], [78.837725398843, 29.24216645354439], [78.83764785598214, 29.24209115347149], [78.83745038001166, 29.24189938686803], [78.83739452809196, 29.241845150753665], [78.8373944556309, 29.241845079677507], [78.83669982437394, 29.24117531088925], [78.83629083011978, 29.24078119706436], [78.83593398850313, 29.240352292882218], [78.83531290160916, 29.239605767128285], [78.83525101004997, 29.23953137523945], [78.83483862029208, 29.239158184019843], [78.83416277686524, 29.238582021538072], [78.83316829439791, 29.23794659836505], [78.83298362432802, 29.23765280751344], [78.83271623577099, 29.23722741048894], [78.83227089751894, 29.236840206558075], [78.8319778469113, 29.23691546557064], [78.83193895030603, 29.236925454987347], [78.83184389693214, 29.23694986486194], [78.83178495292245, 29.236973020868003], [78.83147441907617, 29.23709501600093], [78.83141742736372, 29.237117404495013], [78.83096109035921, 29.23729677080912], [78.83096101800437, 29.237296799602976], [78.83053266664149, 29.237052155218223], [78.83034395982435, 29.236944379085724], [78.83016401440791, 29.236939621739946], [78.82998726593976, 29.236934948867646], [78.82978386199001, 29.236741491308514], [78.82978382163243, 29.236741450698812], [78.82949472569733, 29.23646115513032], [78.82950462019595, 29.236390299992564], [78.82953940370027, 29.236141224564115], [78.82903066932381, 29.23616612455181], [78.82867750503024, 29.23632846392333], [78.82859743563871, 29.236365269209657], [78.82804737362491, 29.235610894996174], [78.82792536944872, 29.235335593665496], [78.8278790046121, 29.235363329801203], [78.82707532146316, 29.235844091253966], [78.82707179940908, 29.235844474191566], [78.82675885023941, 29.235878470204693], [78.82663140691541, 29.235892314139655], [78.82644639819277, 29.23610122662676], [78.8264013972662, 29.23615204111255], [78.82599313551061, 29.236022151219235], [78.8256499900523, 29.236074565820967], [78.82574073674533, 29.23578115331354], [78.82608733621746, 29.235591478471047], [78.82614116842576, 29.235562018953985], [78.82605171341372, 29.235232431467676], [78.82550010853835, 29.235406452123645], [78.82488571101368, 29.235581434460222], [78.82402215205254, 29.235082910225177], [78.82336658003857, 29.234483727628724], [78.82335981615584, 29.23447613351982], [78.82307130160075, 29.23415222316992], [78.82277840549368, 29.23422602284417], [78.82261250458671, 29.2339071039624], [78.82258610082786, 29.233823921970213], [78.82246894033602, 29.233454841350312], [78.82245616550455, 29.23341459761103], [78.82245450830337, 29.233409377376365], [78.8220060990627, 29.23347350697041], [78.82185388781512, 29.233495275437228], [78.82178648624539, 29.23343087389436], [78.82161284541306, 29.23326496083669], [78.82150789261054, 29.23330614052648], [78.82110607093986, 29.23346380153985], [78.82102332853836, 29.233496267069587], [78.81989920935234, 29.23377881490963], [78.81995019724145, 29.233200883021844], [78.81995020498206, 29.233200838181403], [78.81995021592644, 29.233200786034285], [78.82009235456411, 29.232670275931355], [78.82015676204412, 29.232320634730527], [78.82013934306387, 29.232276403804505], [78.82005208814192, 29.232054851170915], [78.81967319137614, 29.232138208125036], [78.81964333578627, 29.23214477557579], [78.81920519313, 29.23227777954755], [78.81844253178106, 29.23251702977474], [78.81769796246954, 29.23285664143737], [78.81601861478086, 29.233622621127672], [78.8154627603018, 29.23391936051518], [78.81506994680525, 29.233979665851745], [78.81505190647452, 29.23398645519818], [78.81335295137708, 29.2346258735811], [78.81128327961422, 29.235337849583523], [78.81087985099524, 29.2354595980374], [78.8099446138172, 29.235741837198354], [78.80903926188057, 29.23595094697127], [78.80763126140444, 29.236552475873744], [78.80737345447352, 29.236722035857902], [78.8074913396926, 29.23708063245826], [78.8062505299452, 29.237819384095374], [78.80583915492899, 29.238074739756886], [78.80469742030625, 29.238783445671952], [78.80430578116327, 29.239017878062697], [78.8038688592796, 29.239279413394726], [78.8035109366375, 29.239493661146966], [78.80342013206388, 29.239548014587946], [78.80292240205353, 29.239686708128215], [78.80251243902677, 29.240216833553482], [78.80230434358982, 29.24041780888868], [78.80190276367324, 29.240554194100298], [78.80068035952927, 29.241473376878634], [78.7999219009036, 29.242028308269287], [78.79997597932365, 29.242502845589094], [78.79982073393467, 29.243293752517374], [78.79948004618319, 29.24345929320017], [78.7993876509558, 29.24350418919082], [78.79873294506498, 29.2439166356096], [78.7987312881116, 29.24391943062619], [78.79841094402387, 29.244459846365796], [78.79736404680177, 29.244081646679607], [78.79733087615321, 29.24406966387239], [78.79731623303499, 29.244064741158102], [78.79697108919694, 29.24394870886857], [78.79630542591498, 29.244095089803665], [78.79446574663862, 29.244808947916727], [78.79412096276317, 29.244962791384033], [78.79334394133906, 29.244665787797352], [78.79329742355307, 29.244648006643594], [78.7926140781863, 29.24505772472863], [78.79242179726351, 29.245173010235437], [78.79137852180732, 29.246133851249997], [78.79059477577599, 29.246972318278505], [78.78995473495446, 29.247657041299448], [78.7903865243503, 29.247878156080453], [78.7908947281383, 29.248204366752226], [78.79147903644693, 29.24874541826051], [78.79066508990401, 29.249298646897238], [78.79066506466975, 29.249298663199742], [78.79058367144273, 29.249351376073797], [78.79035454700076, 29.24949976346648], [78.79052380380396, 29.249856734776543], [78.7904900354424, 29.24997199903821], [78.79041969896521, 29.250212085740323], [78.79114993757483, 29.251202369308665], [78.79189043065595, 29.252309914054003], [78.79129372314756, 29.252858948638853], [78.7912399404539, 29.252897734393688], [78.79085112428007, 29.253178125912108], [78.79059642474152, 29.253527684200602], [78.7903188921645, 29.254040756164045], [78.78983612003653, 29.254892163691398], [78.78947727885449, 29.255019522224547], [78.7891250023099, 29.254743184535638], [78.78898103376095, 29.254294330801738], [78.7887985996026, 29.253761990175054], [78.78853111892111, 29.25353860800803], [78.78817070563181, 29.253417350385526], [78.78816315044875, 29.253414808554176], [78.78777758001715, 29.253412165529074], [78.78730428711924, 29.25346402722546], [78.78668479557197, 29.253410836924807], [78.78661060127473, 29.253420951713892], [78.78629603515681, 29.253463838868228], [78.78559380131344, 29.25366670405332], [78.785066499295, 29.25370715876328], [78.78462551573425, 29.254053156431137], [78.78437192091326, 29.254257336784132], [78.7839166213881, 29.25459336148174], [78.78344837212649, 29.254949629891975], [78.78262513924092, 29.255608041446354], [78.78207715460486, 29.25597560942302], [78.78165263830758, 29.256325055752622], [78.78118828854325, 29.25670846488755], [78.78130992027315, 29.256956143468308], [78.78133689645637, 29.257011075726435], [78.78098613919484, 29.257394024180662], [78.77976927998779, 29.258253113822725], [78.77918011714071, 29.258640974665305], [78.77885245000662, 29.25887607008907], [78.7784803384848, 29.259018270037014], [78.7784677907036, 29.25902419336823], [78.77803792373247, 29.259227118950125], [78.77751308779972, 29.25949085302727], [78.7768490661549, 29.259940217848133], [78.77681958409566, 29.25996016971995], [78.77644242704312, 29.26021150704822], [78.77569926729068, 29.260706090974345], [78.77486059772338, 29.261163775628955], [78.7744489232699, 29.261499734975576], [78.77383135996017, 29.262029558823592], [78.7737077814147, 29.26234755709777], [78.77387834142479, 29.262533307070036], [78.77409765532458, 29.26277215209387], [78.7733369792561, 29.263486449514307], [78.77253155598524, 29.26403434697525], [78.77220835750174, 29.264243519886097], [78.77140983418548, 29.26476031953254], [78.77097364310546, 29.265180126517986], [78.77105468443722, 29.26526405571449], [78.77133485848412, 29.26555420996229], [78.77181836062431, 29.265994216470364], [78.77152671591041, 29.266203878634585], [78.77147183613705, 29.26624333113701], [78.77075567141898, 29.266697544553896], [78.77019223663757, 29.267085109492857], [78.77019489662888, 29.267089348124827], [78.77044148789152, 29.267482365432354], [78.77079470415882, 29.26795159608519], [78.77086771284579, 29.26804852967925], [78.77113282716864, 29.268400520361915], [78.77139794088517, 29.268752513118226], [78.77173216863494, 29.26926238165906], [78.77206382531455, 29.269684270916144], [78.77245213689137, 29.270146812852673], [78.77284805804628, 29.27061152068235], [78.77321679072487, 29.271115523895357], [78.77301468268796, 29.271378713904653], [78.77270359535345, 29.27168963686477], [78.77240425962347, 29.27209494802337], [78.77234160541383, 29.27217978417365], [78.77182330926016, 29.272993016213952], [78.7712506540015, 29.273464025407325], [78.77122615114556, 29.273477271496002], [78.77070391825153, 29.27375958055074], [78.769988678355, 29.274099979641882], [78.76973126782188, 29.27432321570725], [78.7693067293784, 29.27462305175308], [78.76878427211226, 29.27510097981046], [78.76829268605096, 29.275511344124332], [78.76798904943087, 29.27589474169276], [78.7676363931564, 29.276289308530675], [78.76736871081127, 29.276661348022788], [78.76696976009968, 29.27710787297881], [78.76634742069872, 29.27796631316574], [78.76578853883404, 29.27857587844552], [78.76575103050904, 29.27861355222974], [78.76501866444919, 29.279349155389937], [78.76450895491466, 29.27971753323515], [78.76361091412433, 29.280364762000357], [78.76360066678751, 29.28037036542075], [78.76323782409868, 29.28056877228952], [78.76294069713418, 29.280776439331486], [78.76244766598084, 29.28112102818969], [78.76119435930491, 29.281910031075043], [78.76087395136814, 29.28206152936264], [78.76061160917467, 29.282185740654725], [78.76061036636416, 29.282186493344312], [78.75879589491919, 29.28328718298219], [78.7580329802991, 29.28365439118618], [78.75744738450214, 29.283936249939597], [78.75685286176436, 29.284276603118972], [78.75622560151486, 29.284833475045833], [78.75615828174733, 29.28489323939457], [78.75609096190553, 29.28495300462478], [78.75515656440561, 29.285782536210576], [78.75484025096408, 29.286087601064285], [78.75478850600837, 29.286137504421625], [78.75473676204663, 29.286187408682114], [78.75452699228192, 29.286389716698462], [78.75431734212583, 29.286591909860334], [78.7537355954473, 29.287155535095778], [78.75341236800578, 29.287190841188554], [78.75336873295208, 29.287195606806602], [78.75300310887746, 29.287297247734788], [78.75166927010146, 29.287635074154178], [78.75074542835652, 29.28788956317014], [78.7504184008404, 29.28842281364668], [78.749719831893, 29.288511402423097], [78.74971915282497, 29.288511480513197], [78.74933261028464, 29.288648711624944], [78.74909808828676, 29.288831640650063], [78.74858010030725, 29.289200084856304], [78.74800984441013, 29.289677650679913], [78.74800976219132, 29.289677719669328], [78.74795871040793, 29.2897204732957], [78.74795800186783, 29.28972098358725], [78.74721209028934, 29.290258067178385], [78.74551602920641, 29.291241052633715], [78.7451645791427, 29.291448883171153], [78.74227947697348, 29.293154972035595], [78.74171217939076, 29.293454908950665], [78.7409464872578, 29.29385973941131], [78.7409464567825, 29.293859755663764], [78.74083740564002, 29.29391741209507], [78.73867234739804, 29.295261061695623], [78.73814282968179, 29.295685817983465], [78.73750701140155, 29.296197819129688], [78.73677302147605, 29.296588092686505], [78.73663607282121, 29.296634239514255], [78.73613841292592, 29.296801933515724], [78.73585170855706, 29.2971366726201], [78.73567744199926, 29.297544911243424], [78.7356821527632, 29.29759982878602], [78.73572093757024, 29.29805202869051], [78.73574897251343, 29.29860799056927], [78.73549423455347, 29.29893935871998], [78.73498586965577, 29.29935874300909], [78.73452465353645, 29.299609337226066], [78.73381697784835, 29.299228343070496], [78.73348152207214, 29.299054250181754], [78.73315077988005, 29.299078248356345], [78.73279272836616, 29.29913454996207], [78.73240733483526, 29.29922610553059], [78.73208230432617, 29.299350653905297], [78.73170316806237, 29.299489554307947], [78.73110754199547, 29.299035533981318], [78.73079332612853, 29.2990921735277], [78.7303664939287, 29.299277992346354], [78.73003561028288, 29.29899718274866], [78.72965059601923, 29.298685908799012], [78.72935011608203, 29.298746740235273], [78.72890325166175, 29.298983123392368], [78.72884863410093, 29.299012015292433], [78.72843091771922, 29.299259740679023], [78.72807959060377, 29.298972899964184], [78.72759397562103, 29.298576415439953], [78.72758103413756, 29.298565849413333], [78.72699066447593, 29.298046274106518], [78.72671032944193, 29.29788381160487], [78.72666468152387, 29.29792822968317], [78.72648927739371, 29.298098901517864], [78.7262168021951, 29.2983640288012], [78.72621216304412, 29.298368542655215], [78.72570434013925, 29.29880851544911], [78.7252921552211, 29.29851360637878], [78.7246267067493, 29.29891967509636], [78.72434529346594, 29.299091399607573], [78.72387360402523, 29.299374397093775], [78.72322862149996, 29.29978312584138], [78.72269338733702, 29.299362068882697], [78.72191539098144, 29.30004295866697], [78.72167581873326, 29.30025262691159], [78.720621511078, 29.301107413563706], [78.72083267862628, 29.30155841310119], [78.72037189068857, 29.30208979594824], [78.72008953513885, 29.302393113466675], [78.72007739264733, 29.302402395552512], [78.71940213804653, 29.302918639700717], [78.71891954113963, 29.303275432623018], [78.71843447280183, 29.30344415910499], [78.7184028435872, 29.303455161067095], [78.7185964185996, 29.30386406760661], [78.71868688707764, 29.304246119945052], [78.7186024187914, 29.30460289503767], [78.71857931156042, 29.304700492647296], [78.71878067557323, 29.305064127617005], [78.71914573394147, 29.305204577241522], [78.71930000555965, 29.305691751031087], [78.71918090072069, 29.306041416823067], [78.7188428718403, 29.30644074413727], [78.71859077494237, 29.3066840880712], [78.71908987958354, 29.307036499678564], [78.71951914954704, 29.306922052526346], [78.71979123464195, 29.306702517038065], [78.72012215199871, 29.306663765697397], [78.72034012597967, 29.306458577794906], [78.7204324420249, 29.306171153593162], [78.72045703177947, 29.306094592697626], [78.72047955526898, 29.306024464178183], [78.72077602758762, 29.305400829991743], [78.72116315746491, 29.30481861261078], [78.72140899068516, 29.30452791911768], [78.7218219299116, 29.30405823421241], [78.72227204009006, 29.304233262226784], [78.72249052392333, 29.3039778231742], [78.72274251587584, 29.3037433414897], [78.72298794693366, 29.303491070295753], [78.72380741957906, 29.30383798213977], [78.72384659429032, 29.30385456602084], [78.72388576796703, 29.30387114988347], [78.72424597962119, 29.304023638478682], [78.72425843151646, 29.30402890995115], [78.72427088236753, 29.304034181414195], [78.72453927435011, 29.304147801680976], [78.7255486376145, 29.304380464001078], [78.72649334202166, 29.30499689450751], [78.7270994140687, 29.30547603273558], [78.72714763705982, 29.305514155752366], [78.72746072917923, 29.30535521024457], [78.72861307851937, 29.30449783792409], [78.72936579815021, 29.304107676783854], [78.73065789295335, 29.30373950809123], [78.73117206280637, 29.303629361630417], [78.73193552004082, 29.30346580931828], [78.73344623931719, 29.30293899205534], [78.73411361143687, 29.302862200467533], [78.73445636803628, 29.302983140278872], [78.73458580757647, 29.303516248770062], [78.73461517233498, 29.30394215038707], [78.73476704981945, 29.30491883823637], [78.73504517645941, 29.30542355397354], [78.73522821400776, 29.30599255220463], [78.7351816940948, 29.306583393200313], [78.73439841458769, 29.306994030585535], [78.73400662596754, 29.307378186961895], [78.73365749436324, 29.307877963397683], [78.73322608788912, 29.308507152029314], [78.73320487057444, 29.309260770545773], [78.73308226439299, 29.310034278437524], [78.73276436013977, 29.31077669074182], [78.7323109156821, 29.311520804004424], [78.73225976733951, 29.311604739430667], [78.73196194857418, 29.312354337028257], [78.73177586139751, 29.312776026243984], [78.73161434805482, 29.3130673946952], [78.73137098487605, 29.313446797970936], [78.7314605889367, 29.313917509388187], [78.73170098378937, 29.314155883165306], [78.73186759889728, 29.31433523092495], [78.73189771335936, 29.314367647112086], [78.73210131981853, 29.314584703477887], [78.7321894674348, 29.314869174923682], [78.73205656025283, 29.31533073746089], [78.73179183819599, 29.31556372586371], [78.7314507174524, 29.315863949338155], [78.73158397087676, 29.31635421359639], [78.73174522178056, 29.316745675380336], [78.7318118890529, 29.317151169773705], [78.73201065244388, 29.317503020551243], [78.73243083842888, 29.317806364844408], [78.73288102529693, 29.31781582379337], [78.73324982638579, 29.317703446144964], [78.73369376322314, 29.31750002365512], [78.73407539642281, 29.317424763550704], [78.73412961164293, 29.317414072199654], [78.73451716921248, 29.317500392154372], [78.73452093325287, 29.317503174779706], [78.73484481256303, 29.317742605203435], [78.73500740905097, 29.318004010111018], [78.73526844783117, 29.318204114493316], [78.73570234858394, 29.318486863967784], [78.73577077173874, 29.318886908974736], [78.73562234735924, 29.319217837286658], [78.73533364135515, 29.319413616586182], [78.73489182799617, 29.319683227484862], [78.7348708766445, 29.319697502729337], [78.73448819401686, 29.319958253288917], [78.73434072641027, 29.320181307081757], [78.73428245448666, 29.320269445800097], [78.73421537427458, 29.320578336296556], [78.7341913971245, 29.320943207297635], [78.73396720063192, 29.32142621796037], [78.7336804883729, 29.321821914662312], [78.73404582396114, 29.32198255695914], [78.7344992573043, 29.321841281874672], [78.7348885473596, 29.3217054162089], [78.73518379883747, 29.321512857032715], [78.73519067852119, 29.321508370807795], [78.73547467400444, 29.32137954207057], [78.73572818388712, 29.321223390374563], [78.73575115695745, 29.321209239058263], [78.73617453253001, 29.32096175916817], [78.73672303044448, 29.320759152306817], [78.73728417986219, 29.32060274911716], [78.73773624411356, 29.3205578173448], [78.7382298037352, 29.320522680046142], [78.73882520652977, 29.320681061609925], [78.73917640505553, 29.32063893857366], [78.7394607241317, 29.320544156015796], [78.73981913738614, 29.320458285978397], [78.74026401993652, 29.320492810250446], [78.74071831662879, 29.320394678570228], [78.74096520467734, 29.320127910282302], [78.74109131912151, 29.319741085529888], [78.74110992962945, 29.319238716691974], [78.7410413342969, 29.318688368986948], [78.74107930114094, 29.31839122798702], [78.74108597524153, 29.318338992669624], [78.74124932830019, 29.317806163849752], [78.74133981671461, 29.31759819815282], [78.7413567413628, 29.31755930226902], [78.74166437510081, 29.31712658329137], [78.74080191746333, 29.316697128310885], [78.7404183702722, 29.3169570675092], [78.7403478158151, 29.316953421811228], [78.74008439088513, 29.31693980960136], [78.74006861815454, 29.316502201031067], [78.74049104055192, 29.316091671405204], [78.74081059801625, 29.315809215587045], [78.74158723426282, 29.315841679886443], [78.7418380151292, 29.31585216287696], [78.74192389573227, 29.31585150840961], [78.74197907012396, 29.31585108725492], [78.74245241965214, 29.315847478082627], [78.74293189617764, 29.315868381879067], [78.74315808506674, 29.31615701319225], [78.74339804631535, 29.316463220632176], [78.74400313811702, 29.316994110833367], [78.7442393494148, 29.317315201042437], [78.74475062644, 29.31739121613484], [78.74478945884816, 29.317459647934463], [78.74492355128287, 29.317695950760264], [78.74508252767058, 29.31798391985855], [78.74587178665487, 29.317984166089776], [78.7461592236955, 29.31774685202102], [78.74665241573123, 29.31750547161241], [78.74719645942152, 29.317406251824412], [78.74750443512325, 29.31763625951771], [78.7481635380751, 29.317499504549854], [78.74855998128498, 29.317462386393743], [78.74858602001571, 29.31745455364293], [78.74921217751876, 29.317266191108835], [78.74983736826184, 29.317271413201343], [78.74990459553062, 29.31728902194691], [78.75002726258113, 29.317321152847047], [78.75032123277224, 29.31739815204845], [78.75069945201429, 29.317635166607474], [78.75068444617565, 29.318048716963542], [78.75068279675939, 29.318094160092453], [78.75048533110254, 29.318413142125376], [78.75009213507153, 29.318873288359796], [78.74970753266238, 29.319346602662684], [78.74929814035923, 29.319689263520086], [78.74920761182018, 29.320370353017633], [78.74939955659582, 29.322238023977288], [78.74955327656173, 29.323286914689582], [78.74973562315286, 29.323672345142793], [78.74973569583123, 29.323672497785108], [78.7508497636748, 29.32448970614276], [78.75186253091191, 29.325403313464413], [78.75265304784435, 29.32611215658242], [78.75304151494977, 29.326434899552645], [78.75342993288713, 29.32694929644181], [78.75370411604355, 29.3275628605577], [78.75370941590094, 29.327674661022087], [78.75372015960336, 29.327901296272298], [78.75346944227292, 29.328329333469355], [78.75310460088605, 29.328760343633377], [78.75280573534145, 29.329228227916825], [78.75286461206682, 29.329687252771055], [78.75304267526774, 29.329954782316808], [78.75306646530835, 29.329992199634926], [78.75330438090317, 29.330366396414053], [78.75364208943758, 29.330876211935998], [78.75376709726228, 29.331261810824238], [78.75376713179767, 29.331261910948403], [78.75426899999565, 29.33143813128998], [78.755609924406, 29.331761274320836], [78.75638011169112, 29.33194323789546], [78.75678612349995, 29.332039161664667], [78.75826597190824, 29.332407422123467], [78.75979983214222, 29.332728263317257], [78.76081132851385, 29.33297003696378], [78.76171205338484, 29.33342596498715], [78.76252777053232, 29.333956355229578], [78.7633254070429, 29.3345182056261], [78.76418228892841, 29.335136574416826], [78.76480748287527, 29.335881049445856], [78.76516514601872, 29.33623759852632], [78.7660245347255, 29.33700475094618], [78.76655393352921, 29.337444227845552], [78.76655427467071, 29.337444511706174], [78.76670667074218, 29.33707493615999], [78.76688958330412, 29.33653592155018], [78.76716318539975, 29.33632342464099], [78.76771433159983, 29.335895275028808], [78.76771672244726, 29.335893413502085], [78.76836919699007, 29.33538525099255], [78.76837584448349, 29.335379890467276], [78.76875389633858, 29.335074982966105], [78.76962925878847, 29.334565449543305], [78.76997380638551, 29.33431435753209], [78.77048926236434, 29.333938713842368], [78.7712462352841, 29.33352619841211], [78.77204396033338, 29.334009131246518], [78.77279055562633, 29.333336039050856], [78.77353350053002, 29.33267260266198], [78.7736325095476, 29.332589708665328], [78.77412204214357, 29.332179847584133], [78.77421725827048, 29.332100126969234], [78.77415553806111, 29.33182935018341], [78.77413657332458, 29.331746149000995], [78.77438655047716, 29.331278072238945], [78.77453932856731, 29.330991996658984], [78.77453937219768, 29.330895019923105], [78.77453971511402, 29.330139413047927], [78.77368036649716, 29.329020412823173], [78.77351421863754, 29.328788391110084], [78.77339158025599, 29.328494455430572], [78.77345009016237, 29.328453486846982], [78.77588960632497, 29.32674527433572], [78.77717942915879, 29.325884029290425], [78.77748570851519, 29.325771291686344], [78.77844841068973, 29.326408406017993], [78.77846672451244, 29.326416017045236], [78.77882126040349, 29.326563353892016], [78.77924308392794, 29.32643466608062], [78.77931477631319, 29.32636002709766], [78.77962190616601, 29.326040274165607], [78.77995151297362, 29.32555539416683], [78.7804869771993, 29.325429181253902], [78.78159621789594, 29.325573816771335], [78.78221468362628, 29.32597355168326], [78.78284944601025, 29.326383820817398], [78.78332038484677, 29.326726718240874], [78.78395355183247, 29.32665714511811], [78.78482602775217, 29.326928755134556], [78.7848311171833, 29.32693191573745], [78.78525320275773, 29.32719407769875], [78.78578355106303, 29.326907671111908], [78.78624257215446, 29.326496114400843], [78.78635144862655, 29.326427297391525], [78.78679012498002, 29.326150022340357], [78.78738711368113, 29.326529038970747], [78.78792235223463, 29.32726671010476], [78.78822096522426, 29.32812239775647], [78.78825468205197, 29.328166050201755], [78.78874306419273, 29.328798335003647], [78.78929640857082, 29.329141284348307], [78.78976992334536, 29.329608223290318], [78.78999626941746, 29.330077423930703], [78.79052077491815, 29.330634078369652], [78.79052103049068, 29.330634349629516], [78.79121375346085, 29.330052773404354], [78.79182121552853, 29.3295489220577], [78.79276610877237, 29.32876518621894], [78.79345086799852, 29.32821038740535], [78.7938190063967, 29.32780561008382], [78.79348872134115, 29.327486678104872], [78.79309330810196, 29.32694949665118], [78.79374720502564, 29.32624586659508], [78.79452973206566, 29.32574080770117], [78.79539114768325, 29.32506202416689], [78.79487223338118, 29.324464179867103], [78.79462526595374, 29.324114565137663], [78.79425726848963, 29.323751401475114], [78.79381984382617, 29.323036375281195], [78.79302224324302, 29.32173708371529], [78.79273657806952, 29.321486665322123], [78.79252301118134, 29.32105805103243], [78.79219622414921, 29.320726427325074], [78.79177677744792, 29.320302403577255], [78.79054431408467, 29.318930838540417], [78.79027670458635, 29.318321789596343], [78.79014299424638, 29.31793838440065], [78.7902279866733, 29.31748956547806], [78.7900904165971, 29.31707333294397], [78.78987041126679, 29.31669550780378], [78.78974772982352, 29.316362270288003], [78.78974332289029, 29.31635030076052], [78.78966216855711, 29.315960199431338], [78.78952837014461, 29.31567143123836], [78.78955419852457, 29.315339888273876], [78.79081070303941, 29.31470048123866], [78.79081375771746, 29.314699177644634], [78.79220776566093, 29.314104349340724], [78.79315752423054, 29.31362628468556], [78.79415359559691, 29.312954248585026], [78.79505343343943, 29.312293755115757], [78.79505351872913, 29.31229369162498], [78.79510271529462, 29.3122575804498], [78.79590814532102, 29.311835427045366], [78.79590217618754, 29.31186216398001], [78.79569255460142, 29.312801056216575], [78.79550249282407, 29.313715963845254], [78.7954376560387, 29.314028072652185], [78.79545033134809, 29.314754307585716], [78.79573588990209, 29.315379151210298], [78.79597048113509, 29.315689179704695], [78.79640497168101, 29.31626338567152], [78.79700191836217, 29.31722430905459], [78.79782262725882, 29.318631778075734], [78.79820092135705, 29.319053648237468], [78.79898997791378, 29.319481289800137], [78.79906104982298, 29.31949157752749], [78.79974505713123, 29.319590587277855], [78.80030095843048, 29.31951851260874], [78.80085691863164, 29.319365171923558], [78.80162910137145, 29.31906750411225], [78.80328912065657, 29.319211970227588], [78.80422929791091, 29.319265147228375], [78.8047224546713, 29.319299056036968], [78.80471970401754, 29.319304917150223], [78.80442426028544, 29.31993449152536], [78.8043081740316, 29.320181865585113], [78.80323482117643, 29.32210803064477], [78.8024187835276, 29.323422930613482], [78.80187822663024, 29.32433632169637], [78.80160281578004, 29.32478289903547], [78.80120378679318, 29.325288104536202], [78.80131693655628, 29.325833951485496], [78.80124485962115, 29.3262264352995], [78.80109301950696, 29.32646771121527], [78.80107235849269, 29.326808358193883], [78.80111732690501, 29.327058114255642], [78.801129561481, 29.327126064235102], [78.80142872854003, 29.327559397125455], [78.80192934050692, 29.32755946197243], [78.80245657706773, 29.32750623968845], [78.80280700052934, 29.32774225970853], [78.8027692567089, 29.328079625610965], [78.80277224789258, 29.32851246446923], [78.80292514850527, 29.3289113218772], [78.8029317951563, 29.32892601913684], [78.80309259762777, 29.329281598090486], [78.80298188700442, 29.329621067474726], [78.8026022525095, 29.330087390051123], [78.802665252476, 29.330566074043897], [78.80284533188161, 29.331192024988773], [78.8027147570941, 29.331572877954933], [78.80243084252744, 29.3319261440788], [78.80215548458649, 29.33221486914323], [78.80181631333808, 29.3325431337474], [78.80180473249231, 29.332554342163665], [78.80161482670033, 29.332875667645585], [78.80150014226889, 29.333120464715936], [78.80149874241579, 29.333132951837417], [78.8014686732077, 29.333401209799522], [78.80146450453132, 29.3334383956251], [78.80133929593441, 29.333698855370773], [78.80110928653396, 29.333992155570474], [78.80106597697954, 29.334047381721042], [78.80077462671233, 29.334217261250746], [78.79990598918747, 29.33461877579205], [78.79990571507649, 29.334618902917157], [78.8001989267915, 29.3348761726047], [78.80127995641827, 29.335611535999714], [78.80337065050796, 29.336553611122753], [78.8033716373493, 29.336554055447902], [78.80524129693734, 29.337364307885554], [78.80625892377925, 29.337742121051058], [78.80659010955858, 29.33786507964147], [78.80781538210265, 29.33838388782329], [78.8089171177134, 29.338920737067383], [78.8098772962656, 29.339457536399852], [78.81019391687737, 29.33981280880871], [78.81051053721177, 29.340168081266345], [78.81130598104195, 29.34133191835972], [78.81189800136103, 29.342405565558455], [78.81252036518072, 29.343494307976684], [78.81269604850432, 29.343801640904598], [78.81332942700705, 29.344904625054337], [78.81398323314097, 29.345797785217105], [78.81463716693182, 29.34671118947034], [78.81491182651851, 29.34740263458785], [78.81508515977278, 29.34783899404156], [78.8157596515069, 29.34907500431392], [78.81649599894028, 29.35003352371318], [78.81723823319783, 29.351037547165685], [78.81741656111524, 29.351278768445002], [78.81765977792365, 29.351607765912743], [78.81790424575719, 29.352044836975836], [78.81811939444206, 29.352443450257784], [78.81873598980737, 29.353351370632357], [78.81903214765461, 29.35377751386164], [78.81928501108126, 29.354213793489908], [78.81996683344914, 29.355390172384062], [78.82040525639782, 29.356126728499135], [78.82097367274088, 29.3570816724497], [78.82179508859785, 29.358558997839108], [78.82215556708844, 29.359181453242474], [78.82212470445032, 29.35946795896061], [78.82211443539772, 29.360018260174716], [78.82204260043001, 29.360472498693603], [78.82199104802697, 29.361080639856716], [78.82219698586492, 29.361504639952173], [78.82238239452653, 29.361899355684752], [78.82274033889978, 29.362350391808757], [78.8229464619094, 29.362799216468613], [78.8230391160798, 29.36335860278265], [78.82296719767392, 29.364211116716653], [78.82314228551459, 29.364592288957944], [78.82354402205135, 29.365420051780557], [78.82396634909993, 29.365986150413576], [78.8241930466655, 29.366428157954065], [78.82458268769115, 29.366963460962275], [78.82465956256515, 29.3670690736557], [78.82529263636971, 29.36765280921891], [78.82581541274033, 29.36788509017317], [78.8263097864884, 29.367948149111715], [78.82707964766722, 29.367975198714575], [78.8277047240854, 29.36788345418572], [78.82773081394836, 29.36787962471092], [78.8282615832729, 29.367866738570434], [78.82902124445368, 29.368263607995075], [78.82949508509475, 29.368407945236545], [78.82997911544346, 29.36832663987947], [78.83026488140727, 29.36805591439147], [78.83000736628338, 29.367751468454337], [78.82969001657517, 29.367529375525894], [78.82928886590872, 29.367248638310425], [78.8280244417145, 29.366716456554844], [78.8267578517789, 29.3665958407702], [78.82668175738407, 29.36658859484938], [78.82604169510331, 29.366051323372083], [78.82586661353368, 29.36559128138999], [78.82599011065275, 29.36518526808522], [78.8267418924158, 29.36463708303739], [78.82732629131065, 29.36414978317979], [78.82760435002864, 29.36380920161997], [78.82757332721182, 29.363276924174883], [78.82739812213906, 29.362620566627974], [78.82687289747739, 29.36229584025556], [78.82644285656183, 29.36207935188432], [78.82631918769377, 29.361799689791162], [78.82636042366724, 29.361477168385054], [78.8266358462519, 29.36131474328056], [78.82703951682846, 29.361233376282534], [78.82707239794775, 29.361215171198705], [78.82739791400029, 29.361034942715502], [78.8279204914632, 29.360448525213965], [78.82823976200659, 29.3600176411615], [78.82833851822676, 29.35972317218519], [78.82834058125212, 29.359717020277174], [78.82800553106378, 29.35894819733693], [78.82796883616138, 29.35886517998971], [78.82784818195867, 29.358592218440705], [78.82753909412895, 29.358105087418398], [78.82753900182816, 29.35767425895748], [78.82788912905441, 29.356988561560534], [78.82793020904734, 29.35639533393685], [78.82788887973969, 29.35583604090606], [78.82727087715415, 29.355098583223985], [78.82718840967955, 29.354665500939593], [78.82745617424601, 29.35425045286925], [78.82797098265466, 29.353961698937635], [78.82881279466585, 29.353548813414765], [78.829307032506, 29.35288119635223], [78.8307432871806, 29.351529881506437], [78.83115516466538, 29.351459005014437], [78.83240900017228, 29.351243242850327], [78.83388922735124, 29.351098612649654], [78.83460762639905, 29.351238389226236], [78.83576330810132, 29.350502896764937], [78.83614402116004, 29.350192071561402], [78.83752906014935, 29.34906128191936], [78.83872077161413, 29.348070893587824], [78.8398505937105, 29.346665514848173], [78.8402416678465, 29.34601809236558], [78.8408340193405, 29.345831681053152], [78.84281542342606, 29.345208136685702], [78.84373475977365, 29.344918821590777], [78.84433422439605, 29.344697314458283], [78.84524622018807, 29.34436032226132], [78.84558547509532, 29.34423496292008], [78.84636542750177, 29.34416259930732], [78.84681913346299, 29.34421890789583], [78.84736069722653, 29.3442861207281], [78.84748121933275, 29.344301078577935], [78.84756156671995, 29.34431105072777], [78.8483786765994, 29.34441246165057], [78.84902742455706, 29.344394201423448], [78.84987188675044, 29.344860853842697], [78.85181350237302, 29.34617072332871], [78.85288207774128, 29.346883187949423], [78.85412939051277, 29.34785034575405], [78.8541576298854, 29.347940387993578], [78.85444555261611, 29.34885842733303], [78.8545695178052, 29.349686169776533], [78.85532120571678, 29.349722026516012], [78.8559267205671, 29.349778810203386], [78.85527474904897, 29.350058995774095], [78.85410153146101, 29.350636802443706], [78.85381165101252, 29.350985557342263], [78.85298716241257, 29.35192635963633], [78.85251626542905, 29.35271825350396], [78.85201206193356, 29.353740117883287], [78.85184740252062, 29.35407395345446], [78.85144880598877, 29.355028138974486], [78.8511296682342, 29.355567352622387], [78.85102684537779, 29.35589668123534], [78.85094478159306, 29.35638306380429], [78.85089326244308, 29.356688409333024], [78.85092450104176, 29.357545436649403], [78.85115135058125, 29.358305475665833], [78.85157411349657, 29.35965640224255], [78.85193227561268, 29.360375783781354], [78.8523546196122, 29.360592148551895], [78.85337798952784, 29.360434531159385], [78.85337991534517, 29.36043423526056], [78.85399976317575, 29.3602194929225], [78.85486213082153, 29.359840333597372], [78.85586867942283, 29.35954225991375], [78.85643495399549, 29.359201475081452], [78.85731737608866, 29.35870224060667], [78.8573587788576, 29.35867881605314], [78.85844799797339, 29.3583030894276], [78.85955596866543, 29.358265336324855], [78.8603196690414, 29.358239315200603], [78.86134715432603, 29.358514083547995], [78.86160342319583, 29.358594146908136], [78.86169159858586, 29.358621695028063], [78.86267347350243, 29.359224076696783], [78.86364954522966, 29.359825962688486], [78.8646875692497, 29.360583366474312], [78.86556055403125, 29.36096868529219], [78.8669768418795, 29.361281608561335], [78.86773445628896, 29.36125569258888], [78.86857825109489, 29.36122682960021], [78.87020320177702, 29.361605042130737], [78.8710985280105, 29.36199065549459], [78.87170461315081, 29.362251693856752], [78.87354729148713, 29.363342537316324], [78.87414702820958, 29.363629249587927], [78.87462351418993, 29.36396931467576], [78.87473785313074, 29.36405091791034], [78.87550607027455, 29.36446888834025], [78.87648669319063, 29.365064766527798], [78.87730002282741, 29.365543315135987], [78.87825508068904, 29.365904674463284], [78.87871850746303, 29.36604916076137], [78.8790993823488, 29.366405686408765], [78.87944927819541, 29.36694942229047], [78.87977587714552, 29.367594677693326], [78.87989949272391, 29.368349521044603], [78.87988698714322, 29.368466028287983], [78.87985510905374, 29.36876301729153], [78.87958174273112, 29.36940793899766], [78.87895332595052, 29.369741495454498], [78.87824507559527, 29.369883309692938], [78.87757367393559, 29.370029640278613], [78.8772639461027, 29.370097145572334], [78.87660976334632, 29.370261497260113], [78.87633673755793, 29.370453062098743], [78.87595138914996, 29.37111226328486], [78.87594754606206, 29.371128770980278], [78.87573842434645, 29.3720271474242], [78.87573551110984, 29.372622557416296], [78.87597970323283, 29.3731978929005], [78.87663341082336, 29.373937952539798], [78.87715062451832, 29.37443888183211], [78.87780616459662, 29.375036074681926], [78.87855114115635, 29.375149421860634], [78.87907896356404, 29.375185710760015], [78.87996238466184, 29.3752236215107], [78.87996241707245, 29.37522362265233], [78.88002188643992, 29.37522501779781], [78.88068583025976, 29.375240592227303], [78.88120540031079, 29.37518512257269], [78.88149144125326, 29.375037980437035], [78.88149707739828, 29.375035080988006], [78.88194532888242, 29.374734163385753], [78.88227238392767, 29.37463960953573], [78.8829806000232, 29.374423304693412], [78.88379715799583, 29.374022154066978], [78.88453371857847, 29.373758584504316], [78.88567996025486, 29.373213234494695], [78.88683749929672, 29.372997136031373], [78.88734235099908, 29.37309845360204], [78.8873438504869, 29.37310033360749], [78.88756648326549, 29.373379496943777], [78.88796878529374, 29.373883949928707], [78.88868875687724, 29.375011752461564], [78.88884859515278, 29.37574895492158], [78.88958954865983, 29.377217536116788], [78.89005007939635, 29.37823724294681], [78.89034089439848, 29.378532745860685], [78.89055454004315, 29.378733594898474], [78.89076818639974, 29.37893444174701], [78.89133448303667, 29.379417249381092], [78.89166390947608, 29.379827887790874], [78.8918620672038, 29.38012339075494], [78.89195461719517, 29.380579023596706], [78.89216821134092, 29.381007639754436], [78.8925053877332, 29.38128971517887], [78.89284266815737, 29.381490541928667], [78.89323919932542, 29.381732079645207], [78.89366909836353, 29.381973477510314], [78.8939883991631, 29.38206837551484], [78.89434405211624, 29.382219478855216], [78.89442415498912, 29.382248688973917], [78.8948149121691, 29.382391182781657], [78.89523035629189, 29.382464786264137], [78.89556687910743, 29.38252440606403], [78.89627278016506, 29.382638894040152], [78.89634454088113, 29.38265053344295], [78.89738941327337, 29.382827436320973], [78.89806730659448, 29.38294927329295], [78.89887221198947, 29.383258004968845], [78.8989716484579, 29.383298188021097], [78.89959942477665, 29.38355187719291], [78.89994083852696, 29.383725358549807], [78.90006104422356, 29.383786438992995], [78.9008533335869, 29.384237849190775], [78.90155379941771, 29.384603594193113], [78.90162067822328, 29.384638515087968], [78.9021921713153, 29.38499611419519], [78.90257586778469, 29.38534352268971], [78.90285121285943, 29.385760907544963], [78.90306487077945, 29.386175950106445], [78.90348768728859, 29.38698588890911], [78.9035424616722, 29.387098796346745], [78.90376231926228, 29.387551989904402], [78.90418966457722, 29.388262526240336], [78.90463492790701, 29.388946067660854], [78.90507776015826, 29.389550631329882], [78.9053069460942, 29.389737866041198], [78.90569057220523, 29.389859741217016], [78.90607175074075, 29.389927552460417], [78.90689062499703, 29.39018932691447], [78.90756536951743, 29.3906044666276], [78.90819363041749, 29.391154951049398], [78.90849734288048, 29.391597156492654], [78.90891188817517, 29.39217458220241], [78.9092955606508, 29.39237540898331], [78.90979397358717, 29.392548406436145], [78.90987314391668, 29.39257588624647], [78.9105497262124, 29.392752323480536], [78.91100042637764, 29.393038878818427], [78.91143041603863, 29.393456191209815], [78.91179606335835, 29.393792368078415], [78.9120204529785, 29.394046338473654], [78.91221064382766, 29.39426160333214], [78.91240943737387, 29.394879641040735], [78.91227121002555, 29.395415834115646], [78.9122109801135, 29.395523534952808], [78.91203503399048, 29.39583814866526], [78.91158936717424, 29.396521407365196], [78.91135991641829, 29.397085308134425], [78.9112341962133, 29.39800252235209], [78.9112041787802, 29.3989140924823], [78.91122395211737, 29.39896564282919], [78.91132254605532, 29.399222680880495], [78.9114880982232, 29.399654281739934], [78.91199535825658, 29.40044602137983], [78.91256175671684, 29.401210768930063], [78.91340142573851, 29.401639447276107], [78.91390875092692, 29.401867381381425], [78.91469152890899, 29.402045564339563], [78.91471705773657, 29.40205678151906], [78.91549276264726, 29.402397615985414], [78.91641222168941, 29.402652684439985], [78.91709996299019, 29.402921119641974], [78.91828597491532, 29.403491972541985], [78.91845441762452, 29.40482047046346], [78.91862163804169, 29.406067799908662], [78.91881460697654, 29.407576722394808], [78.91876190263615, 29.408239427279774], [78.9187557068456, 29.408297752638585], [78.9186597797841, 29.409200641929946], [78.91875229827069, 29.40992461563788], [78.9189582969911, 29.41040057049899], [78.91943211859056, 29.411246454605298], [78.92018424969926, 29.41218479237788], [78.92065807488385, 29.41281642661232], [78.92139215100971, 29.413405190158773], [78.92155440812914, 29.413788606475336], [78.92139979924487, 29.414325430927704], [78.9212322104283, 29.414886993128093], [78.92153859260969, 29.41593353011363], [78.92203569891356, 29.416704994372925], [78.92243496856604, 29.41720348355752], [78.92290886988519, 29.417686255549057], [78.92342918530731, 29.418209549615426], [78.92385070696777, 29.41870116919958], [78.92391554074256, 29.41877678378401], [78.92425452771548, 29.41974298301876], [78.92426085792577, 29.419780940489254], [78.92438470978654, 29.42052371648729], [78.92434080095444, 29.42151614488343], [78.92459308100646, 29.422352915423357], [78.924958875386, 29.4231062629246], [78.92512882413642, 29.423654408992103], [78.925113333038, 29.424231817927474], [78.92531933162496, 29.42509794978777], [78.92547123098026, 29.425580574253868], [78.92571851414583, 29.42599559497462], [78.92596332104513, 29.426250491908792], [78.92649911382094, 29.42670837881601], [78.92703497913375, 29.42700166589288], [78.92773831435407, 29.42732427980034], [78.9283128593942, 29.427694212451453], [78.92860389706298, 29.427976156079257], [78.92886409007744, 29.428364053386254], [78.92927890746913, 29.428754351746804], [78.92978380814574, 29.429061069993796], [78.93051813090722, 29.42962495489191], [78.93143792397434, 29.430243006803018], [78.93191961398328, 29.43046410710968], [78.93250196800183, 29.430624230880866], [78.93302235379504, 29.430678422780552], [78.9336355747856, 29.430705476992312], [78.93412511099545, 29.43087917592673], [78.93461462989278, 29.431188157254446], [78.93499848690942, 29.431483616466757], [78.93531797210879, 29.43193921617074], [78.93556534240356, 29.432288819347377], [78.9359002643075, 29.432690292245084], [78.93641306407835, 29.433030931820806], [78.93730194212644, 29.433527105675562], [78.938314585545, 29.434050376013367], [78.93927815518788, 29.43446532852827], [78.93970589695219, 29.434611949174972], [78.94008980285976, 29.434611913148085], [78.94050466734528, 29.434625450773833], [78.94118090779497, 29.434586144020642], [78.941246475184, 29.434573870449572], [78.94160834535556, 29.43450613128066], [78.94164523043587, 29.43449922680891], [78.9419733230746, 29.434478847376326], [78.94234172042529, 29.4345058156227], [78.94312243575656, 29.434733607972525], [78.94292408831176, 29.435376393656316], [78.94209077498441, 29.435247272555305], [78.94207842048577, 29.43524535857364], [78.94132580630794, 29.435270026598527], [78.94024482221963, 29.435315604410512], [78.94024521524595, 29.43532234824883], [78.9402805381922, 29.435929098845378], [78.94031915745555, 29.43661026126574], [78.94036443754602, 29.437334376037953], [78.94038107407066, 29.437600428672425], [78.94102624189348, 29.437963805839463], [78.94222457863208, 29.438602061286286], [78.9416772096614, 29.438723555651418], [78.94096118583866, 29.438672537847264], [78.94083523219751, 29.438643993180396], [78.9400719265401, 29.438471006145296], [78.93904122312341, 29.43835155942447], [78.93810068870734, 29.438344717788056], [78.93729455453514, 29.438404996910606], [78.9372846115945, 29.438404306601726], [78.93678402524247, 29.438369552414304], [78.9363183354563, 29.43825170916208], [78.93629318089084, 29.438242107972975], [78.93561676556129, 29.437983927541882], [78.93493147372112, 29.43765909199916], [78.9345655917237, 29.43752148055495], [78.93425896066977, 29.437453869229316], [78.933583891084, 29.437169672716635], [78.93305824739552, 29.436921542932627], [78.93266653851337, 29.43660120930457], [78.93164113200241, 29.436247084975122], [78.93017758330944, 29.43596963929283], [78.92901815951912, 29.43562669720499], [78.9279385356728, 29.435143956420813], [78.92680493806554, 29.434600303971294], [78.92601142901074, 29.43419877749797], [78.92534926675415, 29.433878449406592], [78.9249318797661, 29.433878412560514], [78.92455055608694, 29.434007801667104], [78.92448866857316, 29.434028800830465], [78.92376460098606, 29.43440378466767], [78.92329311029359, 29.43439247944607], [78.92251059422736, 29.434343889832654], [78.92242905559245, 29.434338826567327], [78.92163747200172, 29.43429138468801], [78.9210739799773, 29.434311854927067], [78.92101191421986, 29.4343226434743], [78.9205756931045, 29.434398466818873], [78.91991471681109, 29.434386614458028], [78.91934832305576, 29.434327492048908], [78.91892804082042, 29.43431139411592], [78.91882793896956, 29.434307559920477], [78.91820176300945, 29.434622603731256], [78.91746119748088, 29.435422136464705], [78.91691343980912, 29.435868780986397], [78.91578037136858, 29.4363292927781], [78.91479575817331, 29.436565384198545], [78.91406739194845, 29.43670702412709], [78.91281968860955, 29.43708860953328], [78.91150349345095, 29.437301670940016], [78.91143321874463, 29.43731304688095], [78.9104997886209, 29.43739588959709], [78.90973081581417, 29.437394989329576], [78.90869787639154, 29.43752043797035], [78.90800853924333, 29.437672480824297], [78.90671227480092, 29.43807548985241], [78.90545870677862, 29.438500852393368], [78.90404301756469, 29.439023291162943], [78.90288964908672, 29.439519421162625], [78.90282790699419, 29.439552744840352], [78.90192791671988, 29.440038482277085], [78.90123921293085, 29.44056730012683], [78.90105397323786, 29.440709536049063], [78.90100475952327, 29.44074732444406], [78.9002048985521, 29.441531690919565], [78.89980407834598, 29.44158391076876], [78.89849081735275, 29.44170297872097], [78.89690464144438, 29.44171749283658], [78.89565967839475, 29.441851568888193], [78.89469081663411, 29.442060349088123], [78.89347985948334, 29.44229896702733], [78.8920752504836, 29.442382308697212], [78.89202708487058, 29.442385166400626], [78.89127967546789, 29.44240272016485], [78.8907254832482, 29.44227562073876], [78.8896851540528, 29.442110909452484], [78.88874707615521, 29.44220024500377], [78.88813313158192, 29.442259755292174], [78.88687085298041, 29.442617774256984], [78.88462805206645, 29.442908175575514], [78.88336581111243, 29.44308691772281], [78.8820184469753, 29.443235750204718], [78.88087556512352, 29.443429405981494], [78.88046617789713, 29.443593535952907], [78.87911018387929, 29.44389643416285], [78.87873048221068, 29.44406397020351], [78.87767720575893, 29.444448191500687], [78.87583471474686, 29.44531316386293], [78.87440159832744, 29.446014093511632], [78.87357797970614, 29.44634200578073], [78.87310678050211, 29.446431584352247], [78.87185206757773, 29.446811059439298], [78.87037570508662, 29.447190618812595], [78.86928847708046, 29.44760834232856], [78.86799511275392, 29.448057765719952], [78.86756743469002, 29.44820451209627], [78.86719129747273, 29.448265524238543], [78.86677125082036, 29.448355991712145], [78.86628812443837, 29.44845540376338], [78.8658076501249, 29.448744244564256], [78.86551793338427, 29.44900603595031], [78.86503366461939, 29.449354701297743], [78.86454027775827, 29.44951613619202], [78.86414086458228, 29.449626801532403], [78.86373376638636, 29.44969692929727], [78.86256400401953, 29.450015379692694], [78.86131749435147, 29.45044182666159], [78.8595642322721, 29.451041638028805], [78.85945371731623, 29.45107944593431], [78.85809586046489, 29.45162423881209], [78.8580947270626, 29.45162469696917], [78.85649722822265, 29.452074130777284], [78.8563643672859, 29.452107587495494], [78.8557514188802, 29.452261934591487], [78.85565321466026, 29.45228666300065], [78.85555500934598, 29.45231139225708], [78.85500672961982, 29.45244945435791], [78.85326227491947, 29.453095034874462], [78.85265789685762, 29.453319560945303], [78.85205902246369, 29.453542038401416], [78.85041505527595, 29.454004825114833], [78.85041497974453, 29.45400484472532], [78.84996470816493, 29.45415106202676], [78.84859583258658, 29.45462556924293], [78.84716833178916, 29.455201174237164], [78.84589722926948, 29.455725853181374], [78.84498066000413, 29.455995621646853], [78.84425389828617, 29.456045454098774], [78.84355274215763, 29.45602232979284], [78.84346134807018, 29.456019315703767], [78.8431431882196, 29.456036654695158], [78.84246287429293, 29.456445024229804], [78.84203903428084, 29.456740669401977], [78.8419662631701, 29.456791428998834], [78.84116575561863, 29.457157741760863], [78.84020303992749, 29.45744020275139], [78.8396637364696, 29.45751901212341], [78.83966279748182, 29.457519149151576], [78.83882168977293, 29.45766380572408], [78.83844548793452, 29.457727037391468], [78.83779857297196, 29.457709090720353], [78.83703833333222, 29.457589755369124], [78.83660666071756, 29.457608985263935], [78.83617498586673, 29.457628214901337], [78.8351750034405, 29.45763966881162], [78.83399664352108, 29.457761549610026], [78.83396345979388, 29.457764982016], [78.83227322392135, 29.45790624997354], [78.83042793886008, 29.45811634019006], [78.82987134886419, 29.458175038306305], [78.82941520622093, 29.458224752721787], [78.82850802870284, 29.45852480280091], [78.82695924383056, 29.45908432215136], [78.82610364517294, 29.459219778468285], [78.8252170600251, 29.459388984765972], [78.82437267513771, 29.459519407546193], [78.8242832858444, 29.45953321492439], [78.82274559218082, 29.459795183994874], [78.82173280322885, 29.46010431457484], [78.8208926321532, 29.46034344364275], [78.8206426666152, 29.460501348370745], [78.82029471683765, 29.460738217486004], [78.8198411232124, 29.461056193170318], [78.81953449671215, 29.461414902339804], [78.81919173676508, 29.461852479692332], [78.81892112033579, 29.46217719787222], [78.81835421371153, 29.462774968995426], [78.81799083216724, 29.462993767501356], [78.81725368383509, 29.46329151799914], [78.81626660846705, 29.46357799392726], [78.81495988136797, 29.46397495326923], [78.81407587735892, 29.46428397225812], [78.81312483968014, 29.46472832008256], [78.81209138837198, 29.46528544346247], [78.811217584921, 29.465653046523784], [78.81056038195456, 29.465851523868377], [78.81013916995818, 29.46590914663416], [78.81009883589235, 29.465907169725718], [78.80937739855904, 29.46587181622959], [78.80846240354687, 29.46586504895454], [78.80730264350996, 29.46559433770265], [78.8051351028283, 29.465215392390682], [78.80317118085227, 29.46489719109675], [78.80156033752279, 29.46466026903101], [78.800494731988, 29.464593256735053], [78.80047081714503, 29.46459175235153], [78.7997832762018, 29.464609345112365], [78.79923294624007, 29.464847271489838], [78.79876637557665, 29.465147227468062], [78.7978129989206, 29.465721228171677], [78.79669141349146, 29.46639649901719], [78.79470406577646, 29.467490144634613], [78.7926530896321, 29.46847609818884], [78.79202588412493, 29.46877760881174], [78.79020861615219, 29.469841970942735], [78.78771579762079, 29.471449661760854], [78.78672137603554, 29.472061055303744], [78.78572817560386, 29.472671684708363], [78.78544977804128, 29.472818728857867], [78.7829491980816, 29.47413948013246], [78.78134824696077, 29.47507512898455], [78.77912341290032, 29.47621357200601], [78.77756870758198, 29.477187541120447], [78.77672819780209, 29.477873012804814], [78.77597791055344, 29.4784208693427], [78.77509609300196, 29.478984480796324], [78.77403900187738, 29.47967882202985], [78.77162304489472, 29.48131558164096], [78.7703053361568, 29.48233917865166], [78.76847713303064, 29.48375726353412], [78.76725233075935, 29.484571074366812], [78.76526664814754, 29.486038651978838], [78.76427644553733, 29.486805146895136], [78.76396945649579, 29.487093759096304], [78.76352840334475, 29.48761910185617], [78.7632213891932, 29.488076873363617], [78.76298934120057, 29.48834517812365], [78.76269787437414, 29.488473633524283], [78.76198110918351, 29.48885003966807], [78.76127701350822, 29.489298617155672], [78.76040293769107, 29.489765117539786], [78.75966920967814, 29.490230800792624], [78.75959439326634, 29.490284281508455], [78.75903089988132, 29.490687079984035], [78.75870072951517, 29.491113248496212], [78.7584969390921, 29.491422151976824], [78.75849693269383, 29.49169842027725], [78.75849707921451, 29.491699567128773], [78.75854164992755, 29.492048517816094], [78.7585462949071, 29.492084879670927], [78.75842928503506, 29.492443816366457], [78.75816875915888, 29.492772979330756], [78.75776892514213, 29.493327740908803], [78.75715494894591, 29.494033430362048], [78.75655388721667, 29.494630872452493], [78.75570537580136, 29.495183080823686], [78.75480788977936, 29.495701477465417], [78.75403423471514, 29.496127408560042], [78.75359332405985, 29.49623774476543], [78.75314979956633, 29.496296134281327], [78.75253629242584, 29.496237258239073], [78.75164951234531, 29.496027070034216], [78.75060550776658, 29.495898087213995], [78.7499335545796, 29.49575346763521], [78.7499227765207, 29.49575114749745], [78.74919370824414, 29.496009636485482], [78.74857489281652, 29.496527825631848], [78.74749275075622, 29.498334965223286], [78.74702242267618, 29.499120389015893], [78.74642595401171, 29.500116452484203], [78.74639958368311, 29.50016048828763], [78.7458624554218, 29.500438425558222], [78.74501385774103, 29.500827039209952], [78.74331035698964, 29.50125417509433], [78.74113966908128, 29.501209703363436], [78.73991738271457, 29.500732205281025], [78.73878907330143, 29.50029672638327], [78.73819183860053, 29.500236997760883], [78.73669198623165, 29.500748237322465], [78.73516037536795, 29.50128674022074], [78.73331256124483, 29.50197413358479], [78.7327297804684, 29.502038365386348], [78.73244943821332, 29.501760900475006], [78.7317049337104, 29.500722818164732], [78.73059096769848, 29.50042502208596], [78.72923507725424, 29.50070335679333], [78.72753379577891, 29.50091013781266], [78.72514611813158, 29.50131103224548], [78.72322343868558, 29.501626118835574], [78.72229305911617, 29.501832068541063], [78.72097293591669, 29.502106822698657], [78.72083676144294, 29.502135164076588], [78.7200897455718, 29.502213143150133], [78.71956153546489, 29.50200994684409], [78.71924926082468, 29.50178037474899], [78.71830357199993, 29.5011879281615], [78.71704147414061, 29.500764993247664], [78.71609641278432, 29.50064490553685], [78.71525029659196, 29.50053739290104], [78.71438348469185, 29.500681872211715], [78.71381628721875, 29.50075992236169], [78.71285608656515, 29.50064211525362], [78.71249641693325, 29.500597987654544], [78.71155127128497, 29.500397753636168], [78.71121616815182, 29.50040883009652], [78.71092419794238, 29.500495954749304], [78.71003097504574, 29.500908578443504], [78.70900612510047, 29.50144516750419], [78.7082436893223, 29.50183161597298], [78.70812705696436, 29.50188164645691], [78.70703447163453, 29.502350314949055], [78.70625957202799, 29.50272945865605], [78.7058095261292, 29.50302892920698], [78.70484946589382, 29.503667770955023], [78.70382021029963, 29.504332307115202], [78.7031257319627, 29.504769705476193], [78.70306527919189, 29.50479775033841], [78.70187389860043, 29.505350425361772], [78.70037470307525, 29.505778751726744], [78.69972460202514, 29.506255208921914], [78.69909388086674, 29.50698316347518], [78.69752191614339, 29.508487640667425], [78.69578656861069, 29.510109818270056], [78.69492371544203, 29.51091639405502], [78.69326482803476, 29.512299867044266], [78.69111909370541, 29.513886264454655], [78.69109845724634, 29.513900320226494], [78.6888732677991, 29.515415847470603], [78.6856903302336, 29.518052980940595], [78.68241799608398, 29.520943918186553], [78.67956102245054, 29.523319702319803], [78.67825037281405, 29.524409587134045], [78.67573106906114, 29.52677787487822], [78.67571557970368, 29.52678996601933], [78.67431014596998, 29.52788699680104], [78.67127127335338, 29.530258991477567], [78.66913457509521, 29.53190893388841], [78.66866690376243, 29.53243945835464], [78.66698360572389, 29.533843050696014], [78.66547924469391, 29.53481804294364], [78.66546462090511, 29.534828249940553], [78.66509470230383, 29.535086440830405], [78.66353549195033, 29.536174704978862], [78.66208974454904, 29.536983056935387], [78.66143754107316, 29.537347717239292], [78.65951774876127, 29.53877678116797], [78.65799044091723, 29.539960955479167], [78.65718258619616, 29.54076368085481], [78.65535293435363, 29.542581692875334], [78.65316721286912, 29.544193175402473], [78.65285320261378, 29.54445762291756], [78.65259155506371, 29.54467797323562], [78.65047309896434, 29.546044746001346], [78.65047289599082, 29.54604482305658], [78.6496773824135, 29.54634629902752], [78.64863494699046, 29.546681608914625], [78.6482129423124, 29.54674385618192], [78.6477521448976, 29.54681182444608], [78.64683937839912, 29.546804164411093], [78.64595853974288, 29.54675548058713], [78.64519951480362, 29.54707938838693], [78.64442777665845, 29.54712794566554], [78.64348485978402, 29.546979433290502], [78.64302727280025, 29.546907360069618], [78.6429890787165, 29.54690134423035], [78.641550409578, 29.54686976996018], [78.64047768068724, 29.546986143690518], [78.63953617841834, 29.54683901933355], [78.63905105503824, 29.54658720912548], [78.63851461730708, 29.546706537263045], [78.63722863078462, 29.54771404851262], [78.63687692734652, 29.54794740736667], [78.63590154958044, 29.548594580294733], [78.63496521720067, 29.54886465296304], [78.63334150706415, 29.550331916441927], [78.63310308891214, 29.550547361415145], [78.62935453400941, 29.552899157855695], [78.62670442748767, 29.554312952569006], [78.6257678857501, 29.555020579243415], [78.62497685979518, 29.556087243228507], [78.6242472796694, 29.556583317345606], [78.62355398202095, 29.55666769366969], [78.62237286878427, 29.556647411246846], [78.62232656815954, 29.556646616154357], [78.6209422903873, 29.556722658512317], [78.62023178802379, 29.55693131711284], [78.61937229048698, 29.557231198747683], [78.61773424027551, 29.55807201295913], [78.61667261813774, 29.558814826803253], [78.61610245926207, 29.559275863643425], [78.61422670227861, 29.560647015059576], [78.6135422457548, 29.561220061999094], [78.61226946068827, 29.562231051960904], [78.6122441806683, 29.562251131488832], [78.61172951571923, 29.56271882478168], [78.6113631108489, 29.56300400631955], [78.60996666749332, 29.564090888453947], [78.60941349022401, 29.56448153280021], [78.60776493424481, 29.565727449662838], [78.60717895687927, 29.56625645204726], [78.60716545532352, 29.56626864089108], [78.60575664742359, 29.56737975298002], [78.60365221956059, 29.568960590582183], [78.60275723086784, 29.569588262108276], [78.60171042867545, 29.570429896635197], [78.60091278693865, 29.571016003140265], [78.59980079544015, 29.571913559797693], [78.59913212455992, 29.572514879361467], [78.59730452939709, 29.573872115050875], [78.59655411050517, 29.574557505428803], [78.59473646766997, 29.575876557534286], [78.59463200272776, 29.575964513647055], [78.59392810322582, 29.57655717554925], [78.59249124163394, 29.577621246669132], [78.59162807290244, 29.578277327904924], [78.59040299061827, 29.57914453522575], [78.59031361636582, 29.579207799836208], [78.58939390266352, 29.57988511435595], [78.58802132839095, 29.580963803125396], [78.5868627366179, 29.581817429111425], [78.58686020697031, 29.581819956244715], [78.58627327721975, 29.58240629511557], [78.58439618440254, 29.58383353144471], [78.58358370537788, 29.58429230710873], [78.58244712405876, 29.584847034754542], [78.58215136693084, 29.585040537993372], [78.5812066852074, 29.58565861060214], [78.58035839327674, 29.586413648379864], [78.57968493420839, 29.58706070726043], [78.5784532571316, 29.58850764660715], [78.57782773705581, 29.589546942985542], [78.57736440407045, 29.590167634560807], [78.57641638171259, 29.591161772132008], [78.57572755859388, 29.591738068648613], [78.57509115108132, 29.592311348123477], [78.57363764647438, 29.593389177869412], [78.57292039039861, 29.593975832335293], [78.57234536493516, 29.594509629677084], [78.57213695627598, 29.59470309557677], [78.57136650278346, 29.595349249376707], [78.5700437137826, 29.59628049898746], [78.56929205177148, 29.597056927156732], [78.5677366075844, 29.598557385359815], [78.56705068011809, 29.59922898647898], [78.56593801961172, 29.600299237614248], [78.56589623687327, 29.60033942737838], [78.56507008926494, 29.601134668743043], [78.56441032406468, 29.60202222246606], [78.56373824830466, 29.602877522540407], [78.56272112819082, 29.60390262207026], [78.56193318073657, 29.60499687846272], [78.5614869395027, 29.605532960344583], [78.56109306161805, 29.606080038835717], [78.56000728653012, 29.60744339431515], [78.55945018355239, 29.608130203340316], [78.5584799028714, 29.609282779874526], [78.55719918195304, 29.610743164539524], [78.55567204622076, 29.612554313854808], [78.55527593806535, 29.613018887062957], [78.55447005288737, 29.613964062547016], [78.5544304070834, 29.61401055985838], [78.5536753937164, 29.614919693646605], [78.5526242204771, 29.616071494516376], [78.55201846088653, 29.616772024856708], [78.55096708928943, 29.61793791298258], [78.55045956654337, 29.618526327106302], [78.54952122664257, 29.61969321733897], [78.54883314785508, 29.620519990370333], [78.54826063015, 29.62124090756565], [78.54786183743269, 29.62174306470753], [78.54640172328739, 29.62333860632459], [78.5463527855559, 29.623386416199498], [78.54558325335468, 29.624138179878237], [78.54486804409461, 29.62480875317327], [78.5442420543441, 29.625590918933568], [78.54273857904722, 29.626006021237533], [78.54272734244195, 29.6260091234721], [78.54268014700392, 29.62602215393199], [78.54257451842626, 29.626051317939083], [78.54162418913783, 29.626313698577313], [78.54080790592643, 29.62713560577516], [78.53992840744695, 29.62928386940892], [78.5390113168594, 29.630654464847574], [78.53583054687475, 29.634713670705306], [78.53461428905894, 29.636287203133662], [78.5326752916837, 29.63879572715968], [78.53216209981156, 29.63965170552749], [78.53107050340236, 29.641472382185828], [78.53024248944918, 29.642966510797553], [78.53003952476023, 29.643332753449208], [78.52899796196836, 29.645212153943362], [78.5278245349763, 29.6476769246678], [78.52592961664575, 29.650668945116355], [78.52403486994007, 29.653660609077335], [78.52233829595727, 29.656370329765632], [78.52164860041712, 29.65758028764019], [78.52148834392096, 29.65786142695583], [78.5215223411907, 29.659360614286793], [78.52172789648259, 29.660428870819786], [78.52179281772152, 29.660766244625215], [78.52200664737889, 29.661877467050783], [78.52181216533036, 29.664508292602317], [78.52177997438336, 29.66494374596726], [78.52180285242636, 29.668965761659756], [78.52192018870686, 29.670171584524365], [78.52209674073804, 29.671985923397763], [78.52222178509304, 29.673270928343566], [78.5222860035406, 29.673930841841386], [78.52235205834451, 29.674609617752377], [78.52186175915487, 29.67742456413843], [78.52165632892135, 29.679596261035428], [78.5212307792584, 29.680452565875427], [78.52095684647365, 29.681003781084232], [78.52080350335326, 29.68131233875847], [78.52053914411697, 29.683832683126802], [78.52076889102325, 29.686355472733666], [78.52075990914214, 29.6887252937493], [78.5206660342193, 29.689976270698974], [78.5206169403823, 29.690630474915718], [78.52109366912516, 29.69260340052862], [78.52144684150748, 29.69351498502243], [78.52138287884783, 29.693954385637856], [78.52137656531649, 29.693997747650872], [78.52137025388868, 29.694041108763855], [78.5212529044369, 29.694847216297156], [78.52117296282817, 29.695396365833613], [78.52092964630761, 29.696900249678794], [78.52079828918461, 29.697857036704672], [78.5203130037174, 29.69912497916294], [78.51988732492524, 29.699915872041327], [78.51933078086803, 29.700773690569385], [78.51886703686203, 29.701546051920765], [78.51870702271334, 29.70181255441006], [78.51845408485023, 29.703377106687576], [78.51806193373874, 29.705701105389334], [78.51804265111912, 29.705972539178227], [78.51795230429863, 29.707244254352986], [78.5176265346419, 29.710533934744728], [78.51749978520893, 29.712417530801492], [78.51721395738322, 29.71454944553637], [78.51694687483987, 29.716204662295098], [78.51654479952649, 29.718267367798013], [78.51654356741956, 29.71944815448322], [78.51615954972485, 29.720012315021414], [78.51527076039221, 29.721116816534696], [78.51426099056333, 29.72269891960928], [78.51398207064923, 29.72310135376635], [78.51290194816895, 29.724171871452462], [78.51281982632065, 29.724247371474338], [78.51138153515214, 29.725569678889325], [78.51019974903622, 29.726656131804145], [78.50859945056895, 29.72775401597709], [78.50735651075776, 29.72892364793828], [78.50715380939421, 29.72911439207566], [78.50675946890993, 29.72948546597646], [78.50382384495903, 29.731093205948298], [78.5009653294611, 29.732951384508798], [78.49893415928264, 29.733889497951328], [78.49893384493157, 29.733889643329647], [78.49885526514508, 29.733925934877586], [78.49858883246922, 29.734042686795604], [78.49856538484885, 29.73404991673795], [78.49856531114254, 29.734049939853847], [78.4974573120376, 29.734391544247114], [78.49683216534073, 29.734581157949645], [78.49648412475295, 29.734686720434407], [78.49501874671182, 29.735421252931506], [78.49501851346892, 29.735421369763984], [78.49445395296902, 29.735674654530904], [78.49445392554308, 29.73567466709123], [78.49439746908595, 29.735698219318067], [78.49410072017594, 29.735822016158327], [78.49323701840343, 29.736223616926655], [78.49216541945951, 29.736613962088466], [78.49140523808377, 29.736953678430414], [78.49136697798431, 29.736970776415273], [78.49057791490462, 29.737316032691844], [78.48963464510452, 29.737679627561654], [78.48892809864032, 29.738005251503235], [78.48853012343602, 29.73818679597558], [78.48851459900274, 29.738192082809274], [78.48813319250797, 29.73832196052962], [78.48781725321238, 29.738421415549727], [78.48748032369537, 29.738492741589635], [78.48707428655914, 29.73854480121742], [78.48664702828736, 29.738587350025085], [78.48589425259348, 29.73864080999208], [78.48493828428278, 29.7387342590303], [78.48442257301913, 29.738775135112398], [78.48398260043504, 29.738804428368788], [78.48348606221595, 29.738841663235743], [78.48293635953728, 29.738864431151363], [78.48247915791873, 29.738845213491306], [78.48205029838867, 29.73891196658522], [78.48169770796805, 29.73895520434677], [78.48133949653248, 29.73902166241704], [78.48080544969646, 29.739072501114688], [78.48036757825642, 29.7391102793664], [78.47994587924053, 29.739134240121434], [78.47964332386222, 29.739192237138365], [78.47926179956394, 29.73923952341836], [78.47885082728766, 29.73925892921491], [78.47836483613344, 29.739305556738593], [78.47786817998706, 29.73935208407538], [78.47731789859164, 29.73942137988315], [78.47669236875532, 29.73953651443622], [78.4759443980376, 29.739631872660897], [78.47521804616831, 29.739704153088706], [78.47482243670161, 29.73977489840342], [78.47427192066021, 29.73986280238247], [78.47368798405941, 29.739924229143856], [78.47260367172476, 29.740182205527756], [78.46968433202352, 29.740904361058284], [78.46874582448133, 29.741136517775296], [78.46874507635223, 29.741136702919633], [78.46874432822307, 29.741136888064066], [78.4669994820472, 29.741568504107427], [78.4654061624454, 29.742050674309095], [78.46528191439576, 29.742082848692394], [78.46305918927146, 29.742658389747252], [78.46235147485757, 29.74284164226874], [78.46165500567149, 29.743081733281723], [78.45885443936113, 29.744051976660618], [78.45885397158257, 29.744052137887287], [78.45885350376959, 29.744052301859842], [78.45769205513592, 29.744466250740647], [78.45563796842112, 29.745198340229408], [78.45513880650199, 29.745435044153215], [78.45398863421335, 29.745980457566272], [78.45262249151153, 29.74680654137619], [78.45131735613447, 29.747478115550802], [78.45043625833095, 29.747972417096232], [78.44975096381644, 29.74826651687653], [78.44951653927197, 29.748373880741447], [78.4489169940768, 29.74864846240502], [78.44806543174778, 29.748922627916325], [78.4457813775287, 29.75009313800849], [78.44576723324755, 29.750100511919907], [78.44514457156352, 29.750425133620077], [78.44297698024407, 29.751983786542464], [78.4426148811635, 29.752244159956557], [78.43658231219892, 29.756766833250428], [78.43405639643262, 29.759106377136437], [78.43304424645866, 29.76004383182065], [78.43251396347036, 29.760534975468506], [78.4308389838922, 29.762653942443528], [78.43029774246766, 29.763082694903513], [78.42965344938905, 29.76353857037615], [78.42854232736995, 29.764473111937143], [78.4274324630508, 29.764601732443126], [78.42681036785149, 29.76450153512609], [78.42415969161704, 29.764074607206606], [78.42333194626936, 29.763944220863497], [78.42069054761467, 29.76352811379709], [78.4196909423396, 29.76337064103787], [78.4187056996928, 29.763348870663176], [78.4134019343926, 29.763231675363645], [78.41340181692394, 29.763231672378694], [78.41340169944354, 29.763231670309015], [78.41294464824573, 29.763224012578853], [78.40906332422017, 29.763431391140497], [78.40797216761078, 29.763682012287646], [78.40411352024238, 29.764276727985386], [78.40176138391477, 29.764782181271507], [78.40068632602345, 29.765013189091782], [78.39622337074738, 29.766289549331393], [78.39275533877164, 29.767438123945386], [78.39128216775262, 29.768096069098124], [78.39076773640045, 29.76832579159249], [78.3817022110881, 29.772373977025133], [78.37728308090597, 29.774347268386528], [78.37621653437091, 29.77493485855179], [78.37363008530296, 29.77635979609564], [78.37318624741292, 29.776572822294735], [78.37047124408295, 29.777906446817116], [78.36670652174321, 29.77982614933569], [78.3641081046596, 29.781038087326962], [78.36062571769625, 29.78286007788851], [78.35888727405177, 29.783801736447785], [78.35711115065779, 29.784687247962594], [78.35509659123021, 29.78572088522289], [78.35413029020457, 29.786279945493895], [78.35337086746041, 29.786662612275062], [78.35163261278672, 29.787581942913285], [78.34928675625527, 29.78852287812034], [78.34700808668548, 29.789693121396105], [78.34559055138334, 29.790526416763548], [78.34478690008838, 29.790978432392265], [78.34273705467598, 29.792131362374164], [78.34162724731358, 29.793154009291705], [78.3416179270076, 29.79316165193802], [78.34124756949645, 29.793465335760118], [78.34026614373232, 29.794270080773945], [78.33810705922511, 29.79556974699314], [78.33619060711096, 29.796408990463423], [78.33562817302536, 29.7966387775272], [78.33558300894508, 29.79661796780849], [78.3349960922364, 29.79634753215792], [78.33423325221935, 29.795703315377324], [78.33405158704724, 29.795182755602486], [78.33396321740352, 29.794929531591297], [78.33353850329368, 29.794178590130144], [78.33344631090529, 29.79296291335006], [78.33315865283973, 29.79271211484645], [78.33242580265548, 29.792961587546806], [78.331538869848, 29.793197195108913], [78.33087917709554, 29.793233176622394], [78.33003385403156, 29.792471789225452], [78.32967643425236, 29.79192958833933], [78.32887748491491, 29.791884619833358], [78.32789327558741, 29.792057967305208], [78.32713544869199, 29.791566721534764], [78.32648428553709, 29.79097249957351], [78.32612649498435, 29.79046699265005], [78.32535840244856, 29.790214264800845], [78.3243946643957, 29.789910534995663], [78.32356616652925, 29.788947399325256], [78.32292154800965, 29.787875864472223], [78.32236219014374, 29.78723973655612], [78.32193807570891, 29.786452049848968], [78.32109472352784, 29.785549888194918], [78.31996802588174, 29.78486501332616], [78.319353715271, 29.784650648977287], [78.31868923685751, 29.784007277154856], [78.31847928891032, 29.783460444814278], [78.31831551370114, 29.78312828987919], [78.31792624861075, 29.782879466436157], [78.31732383508489, 29.782824220161846], [78.31665032808259, 29.782841735524205], [78.31621592347388, 29.78281272216941], [78.31570139965403, 29.782489128108047], [78.31467386369313, 29.78173183038051], [78.3133103810411, 29.780922091135086], [78.31314023551816, 29.780547069004506], [78.31323283804257, 29.779923838833106], [78.3132085186364, 29.77965427863608], [78.31290274701175, 29.77945528563816], [78.31244079439418, 29.779389312423337], [78.31194383665144, 29.77982469424704], [78.31177083948957, 29.780165605859075], [78.31130367662598, 29.78047890868841], [78.31091039765472, 29.780523771207406], [78.31036379276676, 29.780493521724217], [78.30994559227193, 29.780305613160337], [78.30951484775501, 29.780007359497354], [78.30947009729175, 29.779186893573364], [78.30943357810136, 29.778782646438877], [78.3089636312636, 29.77827591154537], [78.30850295044195, 29.777833605349556], [78.30821610906756, 29.77755820402519], [78.30755324449883, 29.776804673400868], [78.30708760930808, 29.77594015157659], [78.30686554095445, 29.775554276595216], [78.30643086723285, 29.775192627959623], [78.30594912997546, 29.77494948289489], [78.30558455968465, 29.77499856913237], [78.30529383692763, 29.775193884501714], [78.30494393021654, 29.775282852523837], [78.30424794912479, 29.775182907674996], [78.30363154659163, 29.77480616043249], [78.30299040907398, 29.774032328388557], [78.3028650519928, 29.773224275703296], [78.30286148833055, 29.772935156885033], [78.30262386154602, 29.772575473226542], [78.30225003580698, 29.772201084055297], [78.30196497692434, 29.771986358004956], [78.30143626795306, 29.77184852354613], [78.3009571123042, 29.77142011254138], [78.30061306479514, 29.771085760735637], [78.3004978227219, 29.77064790456182], [78.30070087767254, 29.77021348637634], [78.30134752417092, 29.769492543643942], [78.30130002571437, 29.76909521974813], [78.30096227566146, 29.768298014341955], [78.3004991555323, 29.76780376760996], [78.2999434397168, 29.767427546576997], [78.29962778725617, 29.767225855109523], [78.29914379367786, 29.767141394179294], [78.29858735377188, 29.76681807205109], [78.29810793901885, 29.766402917699192], [78.29772039852456, 29.765922641076926], [78.29746019087996, 29.765551447155246], [78.29720858974004, 29.765112053549736], [78.29717075778929, 29.764555909611083], [78.29699398308213, 29.7641835779845], [78.29665014944665, 29.763835942535803], [78.29642593979537, 29.763608569590186], [78.29616499960845, 29.762745787755886], [78.2958658626195, 29.762451528857152], [78.29527202814805, 29.76208797725958], [78.2945991230983, 29.761419305224482], [78.29406164680856, 29.760696799851136], [78.2937061457927, 29.76021891704805], [78.29318374293285, 29.759631188259522], [78.29267552824709, 29.759109796776446], [78.29208080205365, 29.758812405629126], [78.29156749371089, 29.758661424035804], [78.2913743787711, 29.758649443872837], [78.29105249824764, 29.758629475878802], [78.29021211057292, 29.759107736548405], [78.2901659592139, 29.75915770255945], [78.28901154705233, 29.760407535237817], [78.28808899817957, 29.76129019948344], [78.28696950883658, 29.76142717775505], [78.28658794303233, 29.761621499007973], [78.28609081976097, 29.761946875437783], [78.28546432594136, 29.762023985162383], [78.2850284541212, 29.76193319022959], [78.28452708893984, 29.76182875355946], [78.284001476807, 29.761465881708514], [78.28399412584065, 29.76091005675924], [78.28380801551921, 29.760127411604085], [78.2832721097306, 29.759420412579686], [78.2825426169119, 29.758459887955667], [78.28220702708528, 29.757916675583278], [78.2816712955976, 29.75693577576283], [78.28131214456486, 29.756260159541668], [78.28129926263199, 29.756244008120518], [78.28094841827983, 29.755804124505914], [78.28062961839882, 29.755569403049137], [78.28015899080671, 29.755366020615735], [78.27970783513251, 29.755113316349473], [78.27920571640476, 29.754446752750532], [78.27868541203448, 29.75373056095177], [78.27780174865198, 29.753258296926827], [78.27712247815583, 29.753069249972807], [78.27656724924782, 29.75281780335942], [78.27587270526105, 29.752363936103933], [78.27551987240597, 29.751864095756265], [78.27522054484483, 29.751596337800322], [78.27486111861553, 29.75155945279048], [78.27423476928658, 29.75165199133553], [78.27378305129436, 29.751448699986334], [78.2730511221491, 29.750961462289236], [78.27266020614059, 29.750477775147953], [78.2726560762941, 29.749871841001944], [78.27250468616815, 29.74919266797793], [78.27221883104676, 29.74881794077368], [78.27188126345223, 29.748583214600956], [78.27121018485616, 29.74825951801149], [78.27066936348353, 29.748010986507044], [78.27066932911455, 29.748010968745724], [78.2702891630011, 29.747819979630087], [78.26977002791223, 29.7475591687158], [78.26977000086003, 29.747559152863513], [78.26976997486955, 29.747559136107192], [78.26945438181475, 29.74734114496172], [78.26878758742814, 29.74688055629267], [78.26829697009084, 29.746498955787892], [78.26829693910139, 29.746498921584358], [78.26784143915049, 29.74592008634893], [78.26758939037332, 29.745442208975646], [78.26758937713778, 29.74544218045507], [78.26745226359016, 29.74489449951238], [78.26739527139544, 29.744205533811932], [78.26736474987493, 29.743717459942523], [78.26736474623415, 29.743717420539504], [78.2671954510605, 29.743099162227463], [78.26695879423876, 29.742833234792403], [78.26668177355693, 29.742706683498735], [78.26628241421791, 29.74265450581275], [78.2656521317559, 29.742710236978592], [78.26529222054776, 29.742806476483153], [78.26529218787842, 29.742806487117427], [78.2646567435797, 29.743009409578242], [78.2646386285477, 29.74301666838725], [78.26404592913002, 29.743254153524433], [78.26330462099217, 29.743587713564533], [78.26329144594732, 29.743593611915703], [78.26293780730991, 29.743751940120948], [78.26256676311763, 29.743786176261573], [78.26228649245816, 29.74366647409724], [78.26195472224512, 29.743325613991438], [78.26170102440223, 29.742994699498592], [78.2614953885342, 29.742725637505323], [78.26103904559348, 29.741953161167466], [78.26066513656349, 29.74120180546949], [78.2605746383294, 29.740739807433552], [78.26055975307685, 29.74026452575726], [78.26055975259776, 29.740264485472405], [78.26055649380011, 29.739732819865534], [78.26051935146867, 29.739308995571736], [78.26032121929771, 29.738834050393944], [78.26002888903064, 29.73854158759725], [78.26002885990992, 29.738541569889843], [78.25975077942768, 29.738383310312994], [78.25943087450179, 29.73825821369466], [78.25942998987803, 29.738257867271052], [78.2590414458884, 29.738163908519695], [78.25870311249524, 29.738132092009007], [78.25815513368693, 29.738164062694317], [78.25749124888635, 29.738271133667354], [78.25700683325334, 29.738381938547494], [78.25653148407919, 29.738452054728892], [78.25627240311618, 29.738437058145685], [78.25620263865216, 29.73843301811568], [78.2557621413862, 29.738340279079154], [78.25530119522054, 29.738098793214192], [78.25486403064572, 29.737808329992934], [78.25448545934573, 29.737525019717662], [78.25417108063594, 29.737211599445384], [78.25410679639769, 29.737139173921527], [78.25392761400539, 29.736937274471032], [78.25365195712395, 29.736609689345613], [78.25301471418129, 29.735930024228132], [78.25258167300116, 29.735588220876384], [78.2518169034294, 29.735154002818348], [78.25134196984155, 29.734905094725818], [78.25008875965952, 29.73430671760413], [78.24944007803857, 29.734302894143685], [78.24944004028261, 29.734302893734238], [78.24855253172133, 29.73429769789107], [78.24800397940798, 29.734328421405063], [78.24724377983536, 29.734448061466612], [78.246053979351, 29.73455382136894], [78.24598714944, 29.7345597616121], [78.2457329834641, 29.734849155374196], [78.24554540957587, 29.735132969408927], [78.24476806164209, 29.73642411631278], [78.24432464362074, 29.73696646626413], [78.2442940769512, 29.737003852370513], [78.24331968277231, 29.73817685337088], [78.24301708596275, 29.73865912411673], [78.24263134951597, 29.739343534783945], [78.24228123648516, 29.73998649460628], [78.24189548770399, 29.74054640081019], [78.24159868135266, 29.74085762820223], [78.24133142884473, 29.741075435977425], [78.2407495262342, 29.741391979495763], [78.24023278102256, 29.741480181795424], [78.23956530298152, 29.74147599796936], [78.23905061681528, 29.74139771753293], [78.23865258449057, 29.741257982687465], [78.23783277498437, 29.740973120562156], [78.23716724888358, 29.740683072058548], [78.2364068384301, 29.740330923683278], [78.23580071372001, 29.7399734085807], [78.23419663009541, 29.739144686159662], [78.2334538968543, 29.738673249521195], [78.23224757829747, 29.737818278542946], [78.23150501238182, 29.737372739833003], [78.23063173321157, 29.73710345723531], [78.2295797113368, 29.736740063489677], [78.22957923746365, 29.73673989991891], [78.22910502730012, 29.736741132447015], [78.22865362631481, 29.7367722499071], [78.22831802183558, 29.736836217448005], [78.22823824944555, 29.73685142193029], [78.22781625340829, 29.737011062895643], [78.22722242034123, 29.737280830870493], [78.22686601636484, 29.73750376817229], [78.22652161041759, 29.73768015007927], [78.22624850873484, 29.737960121047706], [78.22533424459839, 29.739266690893338], [78.2248116595136, 29.739795577011094], [78.22435446289174, 29.74006015189971], [78.22385555998889, 29.740241692960357], [78.22294686560802, 29.740542675855338], [78.22215090754206, 29.74065686179475], [78.22165195494587, 29.74070364123604], [78.22131334854642, 29.740688194114778], [78.22094508718179, 29.74064156884432], [78.22047580823339, 29.740522512986136], [78.220117454405, 29.740460956918742], [78.21966201995488, 29.74038272288744], [78.21908575768151, 29.740284366904582], [78.21871752737756, 29.740243047363894], [78.2178205514357, 29.740248436787898], [78.21733944963617, 29.740207147830603], [78.21654337744222, 29.740119171659952], [78.21582463681179, 29.74001565779785], [78.2150761778267, 29.739870708366613], [78.21422661131881, 29.739580544916947], [78.21350187896859, 29.739290381434113], [78.21272964262113, 29.73902092984343], [78.21103061462077, 29.738363031805047], [78.2100980108598, 29.73798467974622], [78.20899318220573, 29.73775683928366], [78.20711018638747, 29.737596332621862], [78.20624302461917, 29.73756546287205], [78.20506092055045, 29.737508567716482], [78.20463327104595, 29.73745685025783], [78.20403927291835, 29.73734281520168], [78.20361160512998, 29.736886687937563], [78.20291047238612, 29.73591746169533], [78.20245299943946, 29.735186588029137], [78.20206085405819, 29.73454386435639], [78.20165096445292, 29.733859559536608], [78.20106275015566, 29.73259487489132], [78.20042706553396, 29.731148570648163], [78.20015377061885, 29.730334778193356], [78.200646687008, 29.730096207370714], [78.20135931248718, 29.72979553797483], [78.20241645890572, 29.7292251576755], [78.20298656994136, 29.728857071167663], [78.2034972775137, 29.72840858457044], [78.20347332217567, 29.72748853268907], [78.20327724151517, 29.726306657843846], [78.20304532198641, 29.72447676661769], [78.20298496916443, 29.72412280462125], [78.20284910898127, 29.72332600916993], [78.20265889167003, 29.72210262623605], [78.20253400833728, 29.721418367501787], [78.20243288853516, 29.720744446413082], [78.20231402340222, 29.719469301554867], [78.2022188616854, 29.71884716837178], [78.20212350271217, 29.716229420606094], [78.20209366609653, 29.715529644672706], [78.2020461362213, 29.714928270588008], [78.20197177242382, 29.7143581339084], [78.20197175635549, 29.714358085207984], [78.20197171023418, 29.714357940045566], [78.20171925971587, 29.71357013618549], [78.20139251781673, 29.71234685506594], [78.2010003543353, 29.71095759179695], [78.20087556756616, 29.710268191984355], [78.20076268359719, 29.709625433380157], [78.2003823387197, 29.70833983690105], [78.19993092717782, 29.707059489628058], [78.1994973514634, 29.70562872759331], [78.19922409968838, 29.705074168732423], [78.19890927512871, 29.704379527818535], [78.19858857166679, 29.703664219655437], [78.19829157003788, 29.70294890162342], [78.19805995650366, 29.70228017692587], [78.19786396766239, 29.701549319708388], [78.19754917195183, 29.700725032741992], [78.1973412505924, 29.699978658566504], [78.19706801097844, 29.69919584505689], [78.19689577192409, 29.698490884104597], [78.19671164121675, 29.697703023599942], [78.19653938497673, 29.696899455724676], [78.19629578286906, 29.69556206052555], [78.19621851824225, 29.694831143515554], [78.19623039291216, 29.6945719049128], [78.19615315093706, 29.69403279294401], [78.19608191185655, 29.69349896785914], [78.19603432995713, 29.693032330499758], [78.19602901764229, 29.692722451907056], [78.19548806792616, 29.69268509476895], [78.19495366959552, 29.692622903758323], [78.19441573908806, 29.69253813825166], [78.19409873253966, 29.692488184925136], [78.19317257933639, 29.69231192268216], [78.19276391955559, 29.692259153264988], [78.1926476192825, 29.692244135916006], [78.19165260488175, 29.692135869622483], [78.19019213141434, 29.69215658047143], [78.18917088507658, 29.692229173982525], [78.18839020394076, 29.692336880322408], [78.18838124209883, 29.692340909697002], [78.18800722747937, 29.69250908663504], [78.18754412978326, 29.69278907820675], [78.1869979242337, 29.693172694315393], [78.18626764140522, 29.69370145658073], [78.18589357770698, 29.69388805101877], [78.18521669616891, 29.694250872555227], [78.18382738126179, 29.694997341230895], [78.18268737150527, 29.69564003699391], [78.18193928208515, 29.69604443093033], [78.18116738013465, 29.696427950549175], [78.1805084539133, 29.696872251431582], [78.17996121291843, 29.696505271370004], [78.17904181400091, 29.695888720082362], [78.17821036912153, 29.695353387562967], [78.17786629035352, 29.695131848299734], [78.17660768239925, 29.694385292611486], [78.17563405419536, 29.693804638864624], [78.17392420021699, 29.692871314926187], [78.17162071434522, 29.691616663253917], [78.16943618541684, 29.69018561603544], [78.16827262129986, 29.689231683713977], [78.16747339714037, 29.68845739046646], [78.16710780148266, 29.688004250227365], [78.16664795151294, 29.687571645654653], [78.16631774331813, 29.68724204614454], [78.16585790348314, 29.68667558634533], [78.16526844107558, 29.685892764527157], [78.16482033955282, 29.68528513952961], [78.16448435618476, 29.684865472928905], [78.1639831859334, 29.684533191193086], [78.1633110885388, 29.68411088571096], [78.162149642776, 29.683155546770553], [78.16144803673207, 29.682596750989216], [78.16052831369004, 29.68188595516531], [78.15938593830958, 29.680827382014954], [78.15933479942267, 29.680784549161842], [78.15720330910433, 29.678999224985585], [78.15646056771466, 29.67842491741863], [78.15532866992832, 29.67763173024007], [78.15410973089617, 29.676670980546177], [78.15364273857647, 29.676302901488384], [78.15146172315833, 29.67457211456533], [78.15048309397908, 29.673881907998815], [78.14950471897944, 29.67288268630553], [78.14903324439325, 29.672450066478802], [78.14824332769794, 29.67183195556467], [78.14769861558943, 29.671386150968363], [78.14675798066627, 29.670616310613063], [78.14504871703045, 29.669359434015117], [78.14364964689496, 29.668430425494066], [78.14267033636901, 29.667790813802473], [78.1420661914983, 29.667340024404545], [78.1414915387278, 29.666835230197254], [78.13960255805736, 29.66537213021402], [78.13852409516582, 29.66442953670211], [78.13825891256839, 29.66423896157638], [78.1375753487496, 29.663589878492076], [78.13642037195106, 29.66230211401955], [78.13500615810332, 29.66093196131815], [78.1342518629034, 29.6602416639515], [78.13359197374012, 29.659541190692163], [78.13343294390785, 29.659278495186133], [78.13320341995869, 29.65854206732051], [78.133050372171, 29.658078555176928], [78.1328030391945, 29.657687200253285], [78.13148420697608, 29.65451470837962], [78.13053612321671, 29.65258348694098], [78.1296342185903, 29.652444024061847], [78.12899770213276, 29.65223786230209], [78.12635722071775, 29.65143333369809], [78.1237522507419, 29.650494943047843], [78.12287278244234, 29.650459899713983], [78.12188896846084, 29.65044844889487], [78.12072907000078, 29.650339441705057], [78.11928550100184, 29.650012131696965], [78.11711336428958, 29.64906430151903], [78.11607238305425, 29.648275328036682], [78.11534400164376, 29.647711855736475], [78.11485581749135, 29.64737817459618], [78.11446570370596, 29.64699266670173], [78.11302723890911, 29.64641808959452], [78.11192979335553, 29.646005849693758], [78.11114715841961, 29.645523485928585], [78.11077274368884, 29.64531839619392], [78.10981438587197, 29.64445040930111], [78.10880711989736, 29.643792164514593], [78.10763982577744, 29.643016755141428], [78.10684187096707, 29.64267419131819], [78.10584756469862, 29.642040706279634], [78.10501600150553, 29.641635018863585], [78.1039925539237, 29.641258867388093], [78.10396611074697, 29.641249967864866], [78.10312845786697, 29.640968037101793], [78.10207918304015, 29.640890223741593], [78.10176519683878, 29.64086693840361], [78.10024956246131, 29.640635109086404], [78.09885284357863, 29.640685132012642], [78.09760325610013, 29.640859113998772], [78.0962968859572, 29.64088206776426], [78.09576497432393, 29.640879908592215], [78.094701252391, 29.640686236317645], [78.09339474427257, 29.640494811702066], [78.09197203525719, 29.639780177091723], [78.0916725086284, 29.639629122006763], [78.09107086554711, 29.63946689353545], [78.0903400994843, 29.639061037016283], [78.08917301994191, 29.63876812628469], [78.08785620930492, 29.638303762496246], [78.08647745904035, 29.63792060428587], [78.08529750121241, 29.637223891953184], [78.08397807375596, 29.636646746994966], [78.08268190088141, 29.63597033628207], [78.08146065912055, 29.635187945905255], [78.08168252483433, 29.63465785698231], [78.08287225591489, 29.632388714156555], [78.08365930148875, 29.63107374555008], [78.0846863156991, 29.629086591827985], [78.08668568586079, 29.625079118090245], [78.0866858373099, 29.625078814055495], [78.0860299489537, 29.62488588025147], [78.08565878813934, 29.62482864230975], [78.08522524074002, 29.624732752350617], [78.0846756350175, 29.62462609805645], [78.08416576032926, 29.62457279266292], [78.08377218086258, 29.624641252944176], [78.08328948747395, 29.624775688863753], [78.0828437360348, 29.624898401590364], [78.08251508253089, 29.62499406684516], [78.08251453929833, 29.62499422428942], [78.08251399606569, 29.62499438173361], [78.08187692926708, 29.625180653840534], [78.07953320317256, 29.6264575057214], [78.07756627083083, 29.627233638874625], [78.07704285888407, 29.62750905627728], [78.07635302628033, 29.627872046498098], [78.07446347307744, 29.628596226083005], [78.07325305733119, 29.629077517746147], [78.07231318691892, 29.629451230597905], [78.07099145256355, 29.629692640673937], [78.0701628366596, 29.630114466143393], [78.06854421774405, 29.630466393610817], [78.06715021597478, 29.630716793628302], [78.06595233896662, 29.630651431309186], [78.06433374738216, 29.63080709256386], [78.06314873432767, 29.631003377961946], [78.06115583703229, 29.63085444706727], [78.05894343290419, 29.6308544840018], [78.05746249111405, 29.6306726105736], [78.05745792826224, 29.630632602748115], [78.0572422002172, 29.628741061403957], [78.0571081971709, 29.626736872865127], [78.05710816910926, 29.62673645956261], [78.05641635504793, 29.625685038468262], [78.05586850997393, 29.62502871500098], [78.05583609864453, 29.624994347490006], [78.05583606253454, 29.62499431134365], [78.05509988566456, 29.62421370164254], [78.0548190425176, 29.62385365738213], [78.05480961065852, 29.623362739258432], [78.05473474883465, 29.622708133491784], [78.05437897597122, 29.621718111065924], [78.05353624297601, 29.62026153218081], [78.05283397215034, 29.618870460928925], [78.05212237164457, 29.618076758492037], [78.05157927986825, 29.61749578516589], [78.05034324669224, 29.616129196210075], [78.04884567368485, 29.614656835716286], [78.04884536310415, 29.61465652978158], [78.04832062005676, 29.61490984430755], [78.04720729948667, 29.61572906026809], [78.04662794242527, 29.616137075065073], [78.04601223002803, 29.615891535012683], [78.04466849363426, 29.6152408596745], [78.04416232506286, 29.615040539341244], [78.04342776447395, 29.614749832215672], [78.04236506429962, 29.614266906426106], [78.04117114042809, 29.613726709648574], [78.03991639388829, 29.6132028873261], [78.0392423274981, 29.612810008396927], [78.03817022513061, 29.6122288679616], [78.03713558714371, 29.611750005251416], [78.03607751940719, 29.61120986117642], [78.03433154409187, 29.610430349385286], [78.0343244198812, 29.610427168396317], [78.0338582551819, 29.610972117517097], [78.03307160741346, 29.611659373083185], [78.03192961261816, 29.60983445550863], [78.03156453603715, 29.60920429799861], [78.03108714843415, 29.60836957303418], [78.02967348012388, 29.607501979058412], [78.02844698307872, 29.606765226315062], [78.02767003939289, 29.606126816544837], [78.02614409824524, 29.60483365674514], [78.02569493185307, 29.604482441496405], [78.02499267994996, 29.603933330864017], [78.02455834853542, 29.603551658527216], [78.02351489329614, 29.602634708350294], [78.02313917513312, 29.602304541384022], [78.0218193492953, 29.601199475884812], [78.02086448542242, 29.60038915809455], [78.01913280326083, 29.598932222387287], [78.01828099066432, 29.59824457568825], [78.01809388644399, 29.59785181184679], [78.01770113376392, 29.59649335536222], [78.0173309346888, 29.595072691060206], [78.01681859368979, 29.593104039434362], [78.01678688602735, 29.592979878895324], [78.01631738240776, 29.591141366205324], [78.01577514744217, 29.58915275729489], [78.0155694329199, 29.588342630285553], [78.01523280996098, 29.58729508971985], [78.01571032147167, 29.587147945553298], [78.0162065821802, 29.587033541175295], [78.01644086274196, 29.586395309544933], [78.01743390739999, 29.58466897712038], [78.01810602239608, 29.58406352502326], [78.0186326613623, 29.583589116130508], [78.02037379527253, 29.582051734196078], [78.02037411410184, 29.5820514523996], [78.02037443192783, 29.58205116784358], [78.0215951573074, 29.580898964234393], [78.02159598068165, 29.58089818679884], [78.02057606930693, 29.581101995070064], [78.01916237908392, 29.58144534819318], [78.01741622661605, 29.58182947032944], [78.01651732888187, 29.58208288284062], [78.01426093348229, 29.582753277468125], [78.01306248379288, 29.58307202955086], [78.01027235665367, 29.58377489039377], [78.00875544875898, 29.58419993302937], [78.0082966848714, 29.584256995963138], [78.00555330832452, 29.584968045945498], [78.00341848216529, 29.58556460663511], [78.00251955579641, 29.585809789553377], [78.00142408798145, 29.586112147046048], [78.00079677043277, 29.58625098119914], [78.00020642496098, 29.587191199271544], [77.99978480473321, 29.587862688478882], [77.9991194466565, 29.58918803088398], [77.99866986940975, 29.5894905987603], [77.99851617248744, 29.589615274131763], [77.99843991794401, 29.589677130126123], [77.99779246447355, 29.590136842154756], [77.99747333609236, 29.590387179604036], [77.99700512002973, 29.590862586756803], [77.99617012280923, 29.591502844217384], [77.99587019385359, 29.59300678783708], [77.99565290775206, 29.59400379292094], [77.99547104630267, 29.594838241041238], [77.99516207228605, 29.595841247328714], [77.99513608600071, 29.59521211406503], [77.99513179272068, 29.595108158006], [77.99503164908273, 29.59428196223993], [77.99477179633543, 29.59355502587337], [77.99449653247918, 29.593021755995167], [77.99415079065568, 29.592396311742753], [77.99375271710271, 29.591735506641154], [77.99352642706646, 29.591264472321125], [77.99302244782285, 29.59068632010524], [77.99196055835614, 29.5898762198676], [77.99120730074996, 29.589345137926298], [77.99035916925864, 29.588946201077476], [77.98956520441719, 29.58865672628724], [77.98926695946244, 29.58841656123381], [77.98904194761685, 29.58812529528801], [77.98890305323692, 29.587564956999106], [77.98878645109544, 29.586986855156233], [77.98852209435516, 29.586667168495417], [77.98788624724752, 29.5858775500272], [77.98714861024557, 29.585040686395196], [77.98687257255968, 29.584724602593916], [77.98644722470569, 29.584428722390697], [77.98570066347285, 29.584241100014292], [77.9848899444417, 29.58413298187513], [77.98366759698757, 29.58402420076549], [77.98331845693505, 29.583931188714192], [77.98305104474072, 29.583787217239664], [77.9827209863515, 29.58360951912995], [77.9821998754952, 29.584015165941377], [77.9821372071933, 29.584063947927316], [77.98145910304082, 29.584430449192553], [77.98083356774455, 29.58480475973043], [77.98000708499889, 29.585159518467993], [77.97953253679894, 29.585157538601823], [77.97906637498538, 29.585119705829907], [77.9765991160055, 29.58502026597603], [77.97659905318693, 29.585020263355972], [77.97656495446158, 29.585018889339096], [77.97586268401096, 29.58502061025699], [77.97507572083677, 29.58504330428836], [77.97463550726414, 29.584705480109477], [77.97389538516781, 29.583568169622993], [77.97336780732029, 29.58280805386207], [77.97316204079127, 29.58191040562738], [77.97311448065581, 29.581361227629408], [77.97306017922178, 29.58073420690686], [77.97310492318182, 29.580358116339557], [77.97222972865677, 29.580706546927495], [77.97190585269135, 29.580805776036215], [77.97038047917785, 29.581273116493083], [77.96997687636679, 29.58132351994392], [77.96889170706619, 29.581459040131843], [77.96867563024011, 29.581258603763796], [77.96854179543038, 29.580918453532654], [77.96808005325443, 29.580583876446262], [77.96770422124585, 29.580369979269015], [77.96749394262672, 29.580110457243247], [77.96710056694612, 29.58018526006229], [77.96636033883217, 29.58054387600178], [77.96590772252938, 29.580634139050446], [77.96511848633736, 29.58076264223217], [77.96364268406921, 29.581315253941053], [77.96364074948949, 29.581316050012457], [77.96251434359262, 29.581779395528898], [77.96158760248758, 29.58210010075283], [77.96046414846758, 29.58305343568298], [77.96039993781258, 29.58310596735479], [77.95958873448724, 29.583769607508337], [77.95900223103637, 29.584541217776398], [77.958700944651, 29.58499479089902], [77.95866106393008, 29.58504921773019], [77.9584753992121, 29.585302588986174], [77.9575840993028, 29.585726742388108], [77.95638137148025, 29.5861975812281], [77.95494232951219, 29.586789165301102], [77.95466818355418, 29.586901864373605], [77.95263367633916, 29.58778666476387], [77.950480212242, 29.588697123363], [77.94939094503005, 29.589149333566343], [77.9484531756514, 29.589538647476868], [77.94710152936904, 29.589755598773433], [77.94534097588601, 29.59058600662216], [77.94362296908017, 29.591416943428264], [77.94258754654412, 29.5919177361525], [77.94199914582113, 29.592131538023594], [77.94117032068473, 29.5924326995452], [77.94034105569142, 29.592755713291307], [77.9398726603362, 29.59327723411667], [77.9398655903221, 29.59328510514198], [77.93985380656818, 29.5932982262588], [77.93953646462067, 29.593651559581364], [77.93819501904935, 29.59510188482151], [77.93729130300935, 29.596096172192915], [77.93587321645094, 29.597627265706112], [77.93387975671769, 29.599898607510596], [77.93329896618394, 29.60056034818327], [77.93540323862881, 29.602373066608223], [77.93618846640264, 29.603033360338415], [77.93779668436288, 29.604385686361425], [77.94061622407527, 29.606852867258333], [77.94230050723252, 29.60826360063551], [77.94276543160107, 29.608691951837177], [77.94330228847507, 29.60938769269826], [77.94402437731235, 29.610563059138332], [77.94530425372791, 29.612400442868655], [77.94636668857481, 29.614171759118964], [77.9465485642315, 29.614474982332375], [77.94753638033606, 29.61585744940451], [77.94814015342037, 29.616727581407133], [77.94816645689608, 29.61674961710544], [77.94841769016615, 29.616960088008298], [77.95024479302894, 29.61591799372181], [77.95164474611434, 29.615239482035776], [77.95392690102672, 29.61404727063659], [77.95533552807963, 29.613336051333516], [77.95605033888378, 29.612983343965414], [77.95697695347422, 29.61252612568557], [77.9577395875704, 29.612279089102916], [77.95776140739945, 29.6122736643527], [77.95905731278216, 29.61195148994896], [77.95961215771831, 29.611826679470887], [77.96021003978447, 29.611692186867018], [77.96166979758439, 29.6115727378235], [77.9622589485736, 29.61154836365116], [77.96324497343949, 29.61150757132822], [77.96579377647905, 29.611442584813233], [77.9669402493125, 29.611465742132054], [77.96889576613987, 29.612108943899624], [77.9707450271803, 29.6126703845602], [77.97153656879776, 29.61267475745659], [77.97309335337182, 29.612664205154704], [77.97442935415789, 29.612639783379663], [77.9751440499044, 29.61260782817013], [77.97662194874529, 29.613120039814362], [77.97736701932179, 29.61336206000843], [77.97768672420138, 29.61349106263406], [77.97736001318566, 29.61420331971155], [77.97704729294446, 29.61480357666878], [77.9766652547729, 29.61555323012286], [77.97619230593382, 29.616815812953547], [77.97596557030764, 29.617425019132753], [77.97597966962086, 29.618052203590718], [77.9759913580083, 29.618572159577745], [77.97613257857824, 29.619773764512697], [77.9763197940375, 29.620498044961757], [77.97639092620894, 29.621386057993202], [77.97652684134582, 29.622311418963157], [77.97683689550098, 29.624291999232998], [77.9769423055698, 29.62498219034793], [77.97727124838038, 29.625954192851847], [77.97769659671451, 29.626984906011533], [77.97768576305712, 29.627982584687384], [77.9776458107525, 29.629349279971038], [77.9772768702379, 29.63030711894908], [77.97738295642776, 29.631294720496513], [77.97786543537411, 29.63249196619737], [77.97801474339724, 29.632833477996705], [77.97855103738495, 29.634060126998637], [77.97899492238518, 29.634864241804543], [77.97962473388232, 29.63625066477304], [77.98011391150104, 29.63708042926159], [77.98042893690115, 29.63765796211567], [77.98046745457265, 29.63772857606162], [77.98080945291095, 29.638288745658418], [77.98142524712266, 29.63899821414485], [77.98211754454435, 29.639728047293012], [77.98251457556042, 29.64043134947354], [77.98255121214119, 29.64049624733132], [77.98300371685563, 29.64188084632216], [77.98319394096642, 29.642509163786777], [77.9832638594915, 29.642777591695655], [77.9832234435092, 29.643037223965088], [77.98345425194383, 29.643280651910278], [77.98372761271156, 29.643729256247305], [77.98335910630244, 29.643854854838146], [77.9837236456989, 29.64470734828533], [77.98286780246785, 29.64505782683142], [77.98227133134475, 29.645219946605675], [77.98185673340916, 29.645170534815772], [77.98150161276256, 29.644779356015516], [77.9814625414964, 29.644736317261906], [77.97994739248158, 29.643195396406576], [77.97951785597638, 29.642765785777254], [77.97837896796733, 29.643529912497293], [77.97809230625026, 29.643774084258542], [77.97727920986323, 29.64446666321336], [77.97642053613677, 29.64510948461661], [77.97595674662087, 29.645324803600094], [77.97517306699892, 29.645688634318958], [77.97315582467584, 29.646468064087742], [77.9724494998684, 29.646728228759443], [77.97074113980831, 29.647357474365705], [77.96992611030647, 29.648026444297276], [77.96905857226872, 29.648586337160292], [77.96808916456277, 29.6492143465086], [77.9673791508225, 29.649844795412143], [77.96644742876376, 29.65018932953966], [77.96668536981971, 29.651135710617805], [77.96734575942682, 29.652584146352893], [77.96782997873999, 29.653027463142454], [77.9682982882282, 29.65370452170169], [77.96858898024976, 29.65413411779946], [77.96883338924195, 29.654495316359156], [77.96926963826316, 29.65512746708906], [77.96954342584758, 29.65627947829554], [77.96943437653059, 29.656789209111686], [77.9695041624452, 29.657439361147265], [77.96938336063064, 29.65846128089339], [77.9691287829069, 29.659026176229425], [77.968997615279, 29.659505078913245], [77.96899127111183, 29.659528241911612], [77.9690764290485, 29.66031837830061], [77.9690307295718, 29.661162829024338], [77.96935020173474, 29.661715423968708], [77.96936983864484, 29.661749391279947], [77.96971935507526, 29.662239107223918], [77.9699910466805, 29.662610422103047], [77.97010718976361, 29.66369194513875], [77.97023756522088, 29.664778313578893], [77.96993798297568, 29.665166429109483], [77.96963155220674, 29.665489719835964], [77.96947780349385, 29.665836176468247], [77.96967563541678, 29.666153912360034], [77.96995589401783, 29.666476711916758], [77.96973249438064, 29.666810505086065], [77.96969015757956, 29.666873762222824], [77.96911056491925, 29.667499889531573], [77.96750958144403, 29.668221191241347], [77.96662743651724, 29.668520009521455], [77.96576890310662, 29.668912331281287], [77.96514674035788, 29.6693771750628], [77.96508737744043, 29.669421526780283], [77.96385724116298, 29.670171717184562], [77.96320579050776, 29.67071395631075], [77.96283044641086, 29.67103077861945], [77.96214030990956, 29.67169284236009], [77.96207089712861, 29.671759441131083], [77.96151487204378, 29.672378596935083], [77.96110378845793, 29.67287130577972], [77.96068364609766, 29.673024852384238], [77.9600656849146, 29.67311567176386], [77.95993349237897, 29.673154764148727], [77.95967197183468, 29.67323210127017], [77.95954476897455, 29.673269717326633], [77.95871066950012, 29.67346054531645], [77.9581205765968, 29.673556541405514], [77.95752618028159, 29.6738675576925], [77.95678449280304, 29.674840329220057], [77.95650968659098, 29.675459089828376], [77.95590016898268, 29.675836334400397], [77.95559049558004, 29.676178091278143], [77.95529957082758, 29.676488590644627], [77.95507621502243, 29.676726977261396], [77.95480780799235, 29.677023157274963], [77.95410000331292, 29.67767716622034], [77.953720800115, 29.677958662929516], [77.95288060187679, 29.67815398211849], [77.95274351334535, 29.678160633925106], [77.95229814630818, 29.67818224244353], [77.9515048348668, 29.67821988361467], [77.95146058717282, 29.678243958311466], [77.95091729842233, 29.678539557693625], [77.9501723116559, 29.679101242766503], [77.94936522076597, 29.6798468996973], [77.94881841992311, 29.68047591827288], [77.94833817302387, 29.681087469069535], [77.94792014675843, 29.681771498896698], [77.94761605570486, 29.68211830252008], [77.94743847143839, 29.68313435726129], [77.94768773355908, 29.6838056283865], [77.94837649489617, 29.68475697691751], [77.94948403836594, 29.686049661264516], [77.95064969085098, 29.687248218849412], [77.95086099748447, 29.687505339673844], [77.95052927249803, 29.687911762787614], [77.95006998058895, 29.68829642183177], [77.94932236765617, 29.688942659916044], [77.94868803018474, 29.689341569732193], [77.94808264832069, 29.689516069551477], [77.94804263583674, 29.689527603125637], [77.94710336091295, 29.689663937511323], [77.94644588749105, 29.689846286769953], [77.94588901174568, 29.69000748085916], [77.94550153005868, 29.690345311504696], [77.94495335063449, 29.69082324643951], [77.94566905072514, 29.69187061349702], [77.94479073931258, 29.692328204591423], [77.94341282733616, 29.693144802934707], [77.94288160507871, 29.69357071393349], [77.9425913675533, 29.693808380961023], [77.94174802657061, 29.694498964938628], [77.94068111725645, 29.69539624919984], [77.93989116427453, 29.696129330005583], [77.94017564898063, 29.696311863488763], [77.94068498183432, 29.696668931143936], [77.94219854549642, 29.697400451718963], [77.9439553114226, 29.698684292469494], [77.94431113617024, 29.69889763475729], [77.94489920816957, 29.69925022609744], [77.94653928103591, 29.69964986627162], [77.94744228197332, 29.699833383807295], [77.94821517387942, 29.70004023908262], [77.94926899912659, 29.700738556408616], [77.94945282872531, 29.701147946800944], [77.94998721538356, 29.70146428413069], [77.95097771252034, 29.701640467672824], [77.95089906332862, 29.701936293239275], [77.950590245582, 29.702488750673268], [77.95037690791331, 29.70279466720134], [77.95010527126078, 29.70318417768495], [77.94956431600846, 29.70418001528216], [77.9501774358271, 29.704612067122977], [77.95139034688447, 29.70549018234515], [77.95159543678443, 29.70568358507327], [77.95198012360204, 29.70604635181549], [77.9530151505012, 29.707393424523215], [77.95259278318787, 29.707710704613067], [77.95195512855287, 29.70835402310312], [77.95120167508486, 29.70887831344084], [77.95085581130003, 29.709141684417734], [77.95052109841994, 29.70939656362691], [77.94959848765836, 29.710001279776264], [77.94882028100066, 29.71056655716195], [77.94839183562922, 29.71087777078685], [77.9480957456179, 29.71119524356525], [77.94805024772334, 29.71124402657967], [77.94768920409247, 29.711635417855103], [77.9470190902681, 29.71253043500625], [77.94654243292295, 29.712654928273466], [77.94554004608976, 29.713110192177286], [77.94509982513328, 29.712822797127814], [77.94504255607099, 29.712784264165148], [77.94404352316353, 29.71211207049783], [77.94254790641469, 29.71145617065231], [77.94093705398443, 29.710887407827546], [77.94030516124687, 29.712030232208203], [77.94027699811457, 29.71207351860252], [77.93933895021274, 29.713515286889287], [77.9387388550974, 29.71423327555176], [77.938147167655, 29.714530497361682], [77.93776803520117, 29.714217031259825], [77.93755107519088, 29.713984277116708], [77.93689096494873, 29.71327610365203], [77.9359365581844, 29.712359671300135], [77.93557588181694, 29.71201334020351], [77.93456267130593, 29.711162206726662], [77.93387227426248, 29.7113485654703], [77.93291681342667, 29.711916005385376], [77.9314701662237, 29.71277515046218], [77.93017255285974, 29.713656379167936], [77.9297469230207, 29.71380120584648], [77.92925005282095, 29.713668837260997], [77.92850569750003, 29.713282060113485], [77.92816182976037, 29.713280027433672], [77.92774980062867, 29.713283620906086], [77.92737751561846, 29.713532521050382], [77.92686112517528, 29.713884410350143], [77.9268331459168, 29.713909761577906], [77.92644006745188, 29.714265922145778], [77.92623423828542, 29.71394485787068], [77.92584867651016, 29.713343434227813], [77.92486457012106, 29.71211224271622], [77.92468494601322, 29.711887516856645], [77.92402443181389, 29.7109607422842], [77.92279720591598, 29.70971502079623], [77.92245391367565, 29.709182700208203], [77.9220793263865, 29.708512579529064], [77.92196387911738, 29.708241992204293], [77.92112752242633, 29.706794277101253], [77.9201605767597, 29.70557238355197], [77.91973944690123, 29.705060283558574], [77.91969506897938, 29.70507306646823], [77.91905487090477, 29.705257468511363], [77.91829946111528, 29.705387955357203], [77.91815938123128, 29.705412151480754], [77.91801930021268, 29.705436349298676], [77.91769067305499, 29.70549311622055], [77.91689611353362, 29.705501982036065], [77.91687370485448, 29.70540133324682], [77.91673237205067, 29.704766532292993], [77.91603655386483, 29.703224093260808], [77.915762287181, 29.702260046992496], [77.91726326585601, 29.700998651039697], [77.91805210930448, 29.700365833266208], [77.91846496710899, 29.700062889706484], [77.91908492782952, 29.699773052060976], [77.9198522311724, 29.699324570668093], [77.91832214803583, 29.699206832918374], [77.91790867295727, 29.69919228168957], [77.91665458272567, 29.699148145832044], [77.91560435095903, 29.69901675491923], [77.91444400474306, 29.698737169391627], [77.91395864856176, 29.698522330537994], [77.91343482736276, 29.69778695725879], [77.91297624504404, 29.696758196922747], [77.9129352501094, 29.696666231184647], [77.91258130922488, 29.696082221885966], [77.91207484004364, 29.696389874302866], [77.91184070232431, 29.696532099245417], [77.91180614511197, 29.696489291148396], [77.9112633371507, 29.69581686830887], [77.91080262743988, 29.696097674601205], [77.91073630282133, 29.696138100122646], [77.91073576347111, 29.69613842914841], [77.90968578234909, 29.697014400999095], [77.90868050742577, 29.697853056719747], [77.90863981911696, 29.697872126805763], [77.90798724946342, 29.698177976369724], [77.90727983470921, 29.698491199888185], [77.90666254493796, 29.698764519513134], [77.90493569021386, 29.699675437977746], [77.90360551955663, 29.700531699725197], [77.9028470174257, 29.700967356452768], [77.90207104956173, 29.701239996074186], [77.90145432392913, 29.70123694123421], [77.90068299851033, 29.701233118962243], [77.89941701772352, 29.70117009180934], [77.89927944881882, 29.701163242614527], [77.89846743315572, 29.701256107586136], [77.89773079645471, 29.701613773783905], [77.89769198619206, 29.701632617362446], [77.89724431934351, 29.70187354025487], [77.89697317295602, 29.70202081852782], [77.89648654646109, 29.702073530665277], [77.89627171617519, 29.70150687118783], [77.89608974117306, 29.701049771626874], [77.8955151395694, 29.70087513107803], [77.8949877090899, 29.70018488106636], [77.89449878217951, 29.69977584148101], [77.89388040099902, 29.69943707288882], [77.89343838061636, 29.69930834371592], [77.89280111011067, 29.699065405766962], [77.89268460978448, 29.699049364686097], [77.89189210806325, 29.698940244561417], [77.89089452667369, 29.698901666143747], [77.88953854914276, 29.69935582173929], [77.88899742138034, 29.699661683971943], [77.8884266906684, 29.69973280043274], [77.88834684711537, 29.699749179500206], [77.88790319512351, 29.699840186528547], [77.88712993730326, 29.699977836627703], [77.8867010945554, 29.7001323546701], [77.88612084656202, 29.700267721697294], [77.88607967439053, 29.700280092540336], [77.88570261306073, 29.700393388753543], [77.88563559138206, 29.700413527082986], [77.88533065873085, 29.70049384081517], [77.88478461452144, 29.70063195747259], [77.88428782032905, 29.70079198712394], [77.88396074665422, 29.701237566824293], [77.88391117499731, 29.70130509867325], [77.88339239114224, 29.701888835912122], [77.88317160177762, 29.70213173705543], [77.88264282718923, 29.702473810407717], [77.88230603742663, 29.70215710419759], [77.88229259749039, 29.70214320376154], [77.88099144957782, 29.700797541531067], [77.88044687357304, 29.700991450016392], [77.87991768032853, 29.701168982679434], [77.87934353206641, 29.70060221849843], [77.87900824411581, 29.700244752475594], [77.87913936336815, 29.698441923084633], [77.87915132734135, 29.696944949155473], [77.87935576577705, 29.693853863824476], [77.87936204790184, 29.693808379733404], [77.87944854437502, 29.69318208993622], [77.87946431484175, 29.693067904767595], [77.87894784120871, 29.692547868356858], [77.8788808956694, 29.69248046062172], [77.8785317959544, 29.6921453510461], [77.87770589109077, 29.691008882905926], [77.87685952603495, 29.689984469010035], [77.87677407843479, 29.689881337320525], [77.87605777349934, 29.6890167840853], [77.87539978159539, 29.688231720434885], [77.87518905974107, 29.68798030241006], [77.87511129424898, 29.68788751767306], [77.87477243754067, 29.687430992731166], [77.8737054649567, 29.687632213661075], [77.87289771165854, 29.687930943154242], [77.87204879407608, 29.688178220626003], [77.87165201806013, 29.68828247344228], [77.87163894359317, 29.68828590833881], [77.87161933082713, 29.68829106158311], [77.8713407101485, 29.688364267678885], [77.870719758131, 29.688522771964397], [77.87070520234194, 29.68852648754408], [77.86992474561114, 29.688942363460253], [77.86959905156856, 29.68903310268044], [77.86934711583196, 29.689027900066097], [77.86922716945938, 29.689025422534804], [77.86836573257719, 29.688818591552682], [77.86736655346262, 29.688393195274312], [77.86680483721862, 29.68815241390593], [77.8666954416519, 29.68811721767013], [77.86613200273621, 29.687935934362592], [77.86560015281984, 29.687857574643274], [77.86502437111214, 29.688023242310877], [77.86447084334857, 29.68843997909987], [77.86423968170914, 29.688614012473934], [77.86416653305331, 29.688653277262375], [77.86370156398202, 29.688902861527044], [77.86313390021849, 29.689334735406593], [77.86273584374817, 29.689435004057717], [77.86266533147092, 29.68937462192902], [77.86251074812186, 29.689242249760433], [77.86214889579252, 29.688685726784467], [77.8617549252421, 29.687962414941378], [77.86152042686435, 29.687481646861407], [77.86154605730252, 29.686910965372142], [77.86152676347714, 29.686890158619004], [77.8613044996432, 29.68665045629059], [77.86088674957486, 29.686167624025394], [77.86023680027745, 29.68559859100814], [77.86016670904877, 29.685537225886247], [77.85923557784704, 29.684695711899536], [77.858164918312, 29.68347713752861], [77.85714147440709, 29.682281978100495], [77.85692622033268, 29.68201149792476], [77.85636431847763, 29.681305428750317], [77.85607065787073, 29.680774620664483], [77.85570022808223, 29.68010504716615], [77.85517481397966, 29.680441780839754], [77.85424948849086, 29.681244569345935], [77.8539920682612, 29.681467901764513], [77.85397782124407, 29.681480261300123], [77.85365428690106, 29.68154884654452], [77.8535816766921, 29.68150759382722], [77.8533844812831, 29.681395559427862], [77.8532388632426, 29.681158427607432], [77.85323585095793, 29.681149347012102], [77.85297789952364, 29.680371639747825], [77.85247512053098, 29.680288038680143], [77.85154536654997, 29.68047347888265], [77.85148630420828, 29.680485258832277], [77.85132345827512, 29.679871309576075], [77.85071166920612, 29.67995798010495], [77.85022748126875, 29.67997963138446], [77.85006087413613, 29.679454285829866], [77.8495809889881, 29.67845698067935], [77.84914058938772, 29.678378460471208], [77.84872293905833, 29.678303993573323], [77.84846518932869, 29.67794562201909], [77.84785957235167, 29.67660863951335], [77.84735252958576, 29.675837202043287], [77.84701073844307, 29.6754173743355], [77.84638033912803, 29.67554703343638], [77.84568527119987, 29.675718612427332], [77.84556310255797, 29.675654468544078], [77.84479322827377, 29.67525024840311], [77.84413261097991, 29.67499100451562], [77.84369146003078, 29.674993990979107], [77.84303878167422, 29.67517223969936], [77.84257702997095, 29.674691975195195], [77.84232827895602, 29.674416605272803], [77.84189513874838, 29.673840968910067], [77.84189505780166, 29.6738408616174], [77.84175647643791, 29.67356045777542], [77.84175429039998, 29.673556034554927], [77.84121112142648, 29.67285986647105], [77.84092426034731, 29.672992027655194], [77.84023031739282, 29.673311735281708], [77.83972634967786, 29.672494627981052], [77.83906710560575, 29.671286802409682], [77.83861315567248, 29.670532847563553], [77.83695384957701, 29.67164037079404], [77.83686460906935, 29.671699934761357], [77.83658877863314, 29.67152479240364], [77.83617562051882, 29.670634224400523], [77.83598060634313, 29.670053718552946], [77.83597977840122, 29.670051256361166], [77.83554100787526, 29.6695873555121], [77.83504560928502, 29.669642756056724], [77.83447952323668, 29.669706061070695], [77.83381310374942, 29.669034709987656], [77.83352456659219, 29.669136408884075], [77.83282598926928, 29.66980183237931], [77.83208175242004, 29.67041642927766], [77.83148343299699, 29.669556952209884], [77.83117069705219, 29.66894748249067], [77.83061669539833, 29.669227446492545], [77.83004459940176, 29.66834542882375], [77.8296380634002, 29.66858279308663], [77.82908418998676, 29.66890618307015], [77.82899600428736, 29.668957672365543], [77.82870779535001, 29.66881859603882], [77.82861298130142, 29.668772843082934], [77.82807246477333, 29.669389249257755], [77.82791880744375, 29.669681650001777], [77.8274085960766, 29.66940476497143], [77.82708641264547, 29.66947001297078], [77.82434760451807, 29.67108572456025], [77.8236541819808, 29.671494790518334], [77.82236529131293, 29.672402499434288], [77.82235365095057, 29.67241069721434], [77.8223458910629, 29.672416162100124], [77.8210018825364, 29.673362677133106], [77.82036824330739, 29.67382791528068], [77.82027494396893, 29.673912622604046], [77.81906419128232, 29.675011861185023], [77.818579504929, 29.675445846297958], [77.81834017521224, 29.67568099959959], [77.81835416094785, 29.675689335744384], [77.81869336964463, 29.67589151458641], [77.81836749231732, 29.676205282003995], [77.81577793272226, 29.678035158569603], [77.81518761989528, 29.678350306208074], [77.8151874910575, 29.678350298969743], [77.81457202163894, 29.67831347515078], [77.81413013770461, 29.678583943097355], [77.81405596370651, 29.678629343285724], [77.81323989687087, 29.678783271002867], [77.81317217930395, 29.678796043125914], [77.81128598645617, 29.67928021710203], [77.80923417030158, 29.679907037450167], [77.80642401994936, 29.68129418083019], [77.80612156686826, 29.68162488572711], [77.80573992771963, 29.682042173464882], [77.80453433980699, 29.68265787451453], [77.80397624293897, 29.6829634045198], [77.80395522318733, 29.68298781278464], [77.80358928365854, 29.68341274551695], [77.80322483312106, 29.68383594769134], [77.80165767943885, 29.68500790288466], [77.80086994309156, 29.685509976634926], [77.80075909828143, 29.685580623990365], [77.80032551403912, 29.685760152362036], [77.79990344911896, 29.6857963351493], [77.79947778906974, 29.686046142405555], [77.79904916403133, 29.686237516609875], [77.79936663017945, 29.68656843661249], [77.80025038838914, 29.687563508742524], [77.80030569028226, 29.68763590330341], [77.801379145078, 29.689041134227033], [77.80227158489011, 29.690404970956614], [77.80362030109417, 29.691774735714283], [77.80432280471894, 29.69260776695692], [77.80522092139823, 29.69371529386742], [77.80602931983293, 29.69474459129238], [77.80685696125343, 29.69596595609692], [77.80758953585344, 29.697356136491678], [77.80857646415012, 29.69895659203093], [77.80933775143127, 29.70030878308139], [77.80974553139161, 29.701044493998367], [77.80997147585012, 29.70145213499861], [77.8102632820599, 29.701958244399005], [77.81027622409275, 29.70198069181695], [77.8102794499429, 29.701986286602263], [77.8104790726346, 29.70241734131223], [77.81003290993783, 29.70242520631963], [77.80905315560432, 29.702468584706484], [77.80860806028663, 29.702497160961727], [77.80777130336048, 29.702550882732517], [77.8069271065772, 29.702702384666164], [77.80545527834613, 29.702899004217777], [77.8048308279153, 29.703012830921793], [77.80441581591603, 29.70304976101035], [77.80362148922609, 29.703191760545614], [77.80294550363159, 29.703361936738954], [77.80259255344039, 29.703439881568293], [77.80199101114182, 29.703788372507017], [77.80124063738755, 29.70417504431359], [77.79966188094312, 29.70504617531019], [77.79966184282125, 29.7050461958481], [77.79879358776208, 29.705475781519063], [77.79895710731218, 29.705896191168723], [77.79912846737258, 29.70633676049227], [77.79874742614038, 29.706502407608507], [77.79763987873969, 29.707103103544195], [77.79595087351234, 29.70796200333766], [77.7953239206609, 29.708161805128128], [77.79487984156707, 29.708302963159028], [77.79487978989485, 29.708302978932824], [77.79485168939837, 29.708311571894612], [77.79424604920506, 29.708496747306466], [77.79349202584343, 29.708827395195755], [77.79255075059703, 29.709567474054285], [77.79253770218425, 29.709577732775134], [77.79218932676612, 29.709868233711244], [77.79184400496102, 29.709988392978], [77.79100197610347, 29.70950198178099], [77.79095548985318, 29.709463171866666], [77.79065891017386, 29.709215564347364], [77.79001625438383, 29.709522815672294], [77.78943488460317, 29.709911362663743], [77.78942933385915, 29.709915072405312], [77.78940138906407, 29.70993374849982], [77.78871932803509, 29.710047794059893], [77.7882261573956, 29.710037743660454], [77.78757683885686, 29.7102571818424], [77.78723712537428, 29.709697317643226], [77.78687294120877, 29.709790302657225], [77.78557235159003, 29.71061752417303], [77.7849639340807, 29.710297796734388], [77.78437639098146, 29.709929660135202], [77.78365793310732, 29.709479494971077], [77.78333674743017, 29.70944139165717], [77.78248873975468, 29.709625213387092], [77.78165706152232, 29.70983406909385], [77.78089798310961, 29.710025788234972], [77.78004917576501, 29.71024016796484], [77.7794300133391, 29.71046367886762], [77.77894623076081, 29.710638318443127], [77.77883035844003, 29.71068014703189], [77.77568409377885, 29.712070637811344], [77.77499541808368, 29.712469170210095], [77.77465961922046, 29.712608779164416], [77.77368968010285, 29.713012033271017], [77.77231334664002, 29.71345622110336], [77.77162779939883, 29.71398018919746], [77.77153603356433, 29.71406739882873], [77.77112758721933, 29.71445555974221], [77.77088034241213, 29.714841114633682], [77.77084073536555, 29.71527723906665], [77.7705659024417, 29.715910021986947], [77.77008404692096, 29.7169523950101], [77.76972635077229, 29.717648667146822], [77.76974695278453, 29.71795706118668], [77.76975259393312, 29.71796843038588], [77.76996837941927, 29.718403300926], [77.77045974921099, 29.719208897351916], [77.77084633793591, 29.719870034723368], [77.77114823754266, 29.72034286619375], [77.77142597721357, 29.72081774433144], [77.77180385242163, 29.721474085892314], [77.77203143425676, 29.721782468007675], [77.7724385973854, 29.722559421969592], [77.77295622024727, 29.72338834485726], [77.77332639644906, 29.72389131503532], [77.77398451892171, 29.723943190537543], [77.77404224040842, 29.723947740211432], [77.77545152011142, 29.72571641858285], [77.77612746582003, 29.72663768502346], [77.77654520338194, 29.72729053027185], [77.77755459633526, 29.728590829525988], [77.77824888559903, 29.729706240900935], [77.77867971881597, 29.730352700740507], [77.7793434011564, 29.731348539946627], [77.77955403619508, 29.731656392685267], [77.78011084338625, 29.73245194309283], [77.78112659544954, 29.733910034372393], [77.78248689831658, 29.73590732008098], [77.7826734325294, 29.73628432284442], [77.78235980943792, 29.736480328291634], [77.78020754818884, 29.73788644836424], [77.77895459727729, 29.73876302625366], [77.77581380002803, 29.74094867031425], [77.77446524436117, 29.741872716636557], [77.77439998269881, 29.741918965511463], [77.77340671706916, 29.742622856917045], [77.77150950226704, 29.74396758761181], [77.77146106719685, 29.74400216610629], [77.77118836481328, 29.744196854784278], [77.76952123519656, 29.745436249371256], [77.76951786194115, 29.74548785338023], [77.76942776506328, 29.746865945113658], [77.7692524471884, 29.748441069346004], [77.76918924277145, 29.749008917710775], [77.76912237890447, 29.74961212179003], [77.76913015081327, 29.749970276013702], [77.76930824611463, 29.750632157303663], [77.76975118758271, 29.750412609612198], [77.77043702113168, 29.750193910314966], [77.77111134308986, 29.751329842381466], [77.77202904299043, 29.752915575530086], [77.77275661638686, 29.75364636673935], [77.77346722399689, 29.754572831145133], [77.77419350785313, 29.755410614209065], [77.77505233546137, 29.756554522456252], [77.7762504550598, 29.758425306296264], [77.77777640958992, 29.76079420495198], [77.77893951239719, 29.76256935589481], [77.77934901201122, 29.7632633831203], [77.77983827536373, 29.764092585282647], [77.78012786243721, 29.764703059091946], [77.78035136786195, 29.765062607534865], [77.77956714697778, 29.765556702509702], [77.77896073952913, 29.765976888268444], [77.77866332352265, 29.76624120927595], [77.77824404237151, 29.76612178846134], [77.77785776709725, 29.766196529811623], [77.77722902532025, 29.766760495869192], [77.77615673812821, 29.767272759335754], [77.77560711095566, 29.767588330330682], [77.77552799848449, 29.767633753248166], [77.77489412191073, 29.76787668697691], [77.77436652136305, 29.768213992954745], [77.77380543405295, 29.768412677908316], [77.77311524796727, 29.768746747505343], [77.77319826864483, 29.769077085685186], [77.773221355935, 29.769168950810283], [77.77416548634349, 29.770520075970627], [77.77566597278486, 29.772290162649625], [77.77625807169177, 29.773040279683656], [77.77723320917366, 29.774218690337726], [77.77785120464885, 29.775023351041153], [77.77730340453088, 29.775814016453594], [77.77697091003665, 29.77647978244139], [77.77616120239563, 29.777171648683627], [77.77543258453767, 29.77779422270226], [77.77456670813105, 29.77844898444738], [77.77428502278977, 29.778661988276195], [77.77330571699277, 29.779374887422037], [77.7728821514132, 29.779683226856946], [77.77237886727629, 29.780049596141556], [77.77235908150155, 29.780471802514214], [77.7723581937049, 29.78049073488347], [77.77260826167354, 29.780872067340127], [77.77314227718276, 29.782020236540998], [77.77352258026349, 29.78301688378275], [77.7739571661038, 29.78405281336876], [77.77392245713376, 29.784317899979428], [77.77318318632163, 29.78502183106779], [77.77240566367989, 29.78583819564833], [77.77218482791014, 29.786118104731447], [77.77218288204239, 29.786457055876447], [77.77258720684078, 29.78673057545616], [77.77344677163914, 29.787404728013083], [77.77388897189105, 29.787800927830705], [77.77389449525246, 29.787962553985775], [77.77389896270111, 29.788093311772954], [77.77418579681766, 29.788405026181533], [77.77441849154911, 29.788629042283997], [77.77458108882838, 29.78886540210126], [77.77450180274103, 29.788999485599344], [77.7743826795128, 29.789200937583033], [77.77443031120589, 29.789580258931615], [77.77441149363419, 29.789606955520405], [77.77425319632525, 29.78983152963007], [77.77404762544309, 29.790137555361536], [77.77430417965846, 29.790488816463622], [77.77448683986651, 29.79073890560461], [77.77452836130219, 29.790813939202437], [77.77466927070917, 29.79106857893855], [77.77424622698868, 29.791091585865683], [77.77342124020016, 29.791378812460646], [77.77332389928515, 29.79144373454594], [77.77301578397342, 29.791649230372254], [77.77168769784045, 29.792706247417108], [77.77074268634709, 29.793240989604843], [77.76845464238878, 29.79457179626353], [77.76808557873285, 29.794756489482932], [77.76733693080126, 29.79513113871199], [77.76702093396653, 29.794905105020838], [77.76689521272453, 29.794815175062887], [77.76677043984233, 29.795100058206433], [77.76619407672423, 29.795483711334757], [77.76609034928882, 29.795552755702055], [77.76555441629368, 29.795901794185944], [77.76520804431114, 29.796336465839776], [77.7652354293375, 29.796385521620596], [77.76539665009999, 29.79667431918232], [77.7657310379422, 29.796997227337798], [77.76547307916626, 29.797400373492557], [77.76513633006348, 29.79771518853271], [77.7651059728889, 29.798074426875985], [77.76487831882389, 29.79840951860191], [77.7652917979432, 29.798769772100776], [77.76541068378303, 29.799126360163235], [77.76500635030959, 29.799743371942217], [77.76460001383505, 29.799935521143077], [77.76455275641591, 29.799957868051575], [77.76371613609236, 29.800567864724442], [77.76323177383561, 29.80131691060438], [77.76318247329374, 29.80207059404227], [77.76318545071398, 29.802131776390986], [77.76321180779316, 29.802673426640816], [77.76280371780962, 29.80307768831818], [77.76223360546547, 29.803525408270836], [77.76213133567856, 29.803605722087056], [77.76170335326765, 29.803904907596046], [77.76124692265763, 29.80422397686152], [77.76077236216446, 29.804234700825596], [77.7602074742875, 29.804695091793455], [77.75972460504391, 29.8043294743198], [77.75914438587466, 29.80470369494891], [77.75886708927142, 29.805042841905728], [77.75856319726006, 29.805247426746103], [77.75855970884918, 29.805247459811444], [77.75817548272468, 29.805251110641585], [77.75798383039765, 29.805452215529336], [77.75741483459856, 29.805877718857477], [77.75737327198053, 29.805908798307623], [77.75679856935308, 29.80632286377215], [77.75639021575535, 29.806486815451006], [77.7562490142202, 29.806695854583886], [77.75622209341701, 29.806735708630782], [77.75599016319164, 29.80708696936512], [77.75579638827759, 29.807386628181035], [77.75551018483597, 29.80787924635478], [77.75549250039192, 29.808186660936908], [77.75548714400733, 29.808968412480684], [77.75493142171013, 29.809160426940934], [77.75391601847511, 29.809503864140705], [77.75336500520413, 29.80970035063233], [77.75299728845623, 29.80957731937819], [77.75266578311332, 29.809756788877507], [77.75241082108388, 29.809952062790952], [77.75252148980215, 29.81029018817414], [77.75157446158727, 29.810726552160606], [77.75181421450166, 29.810998467765188], [77.75216173436571, 29.81139260643648], [77.75251190892807, 29.811743250731084], [77.7528892629022, 29.812121110563307], [77.75320986609778, 29.812193855024976], [77.75358528970162, 29.812469782140788], [77.75400575721855, 29.81238149677568], [77.75446618849139, 29.81223539390443], [77.75486741572708, 29.812300970715253], [77.75543851154796, 29.81267116639947], [77.75600349594677, 29.812866342505554], [77.7561688549645, 29.813902138600387], [77.75619750832223, 29.81429321644133], [77.75631903706702, 29.814787533007678], [77.7564161879548, 29.815182696500056], [77.75697009808766, 29.81592506203187], [77.75765009754357, 29.816632991461308], [77.7576756393441, 29.816659582832152], [77.75787136145583, 29.816875761219492], [77.75816969464803, 29.8172081157964], [77.75865295799642, 29.8179977311776], [77.75895578538172, 29.818257592187017], [77.7589594730586, 29.818590651602978], [77.75884465210461, 29.818660764870817], [77.75827148371823, 29.819010759781683], [77.75729988405432, 29.819297078163082], [77.75581664599837, 29.819910404214994], [77.75570638061693, 29.819955998475663], [77.75415993161637, 29.820630081316015], [77.75402814488852, 29.820962221033774], [77.75407340961821, 29.821072560347922], [77.75440386206292, 29.821878080594402], [77.75481245317106, 29.823025480705297], [77.75527966509003, 29.82389505911586], [77.75530119185362, 29.824216461607094], [77.75557384014654, 29.82466922856294], [77.7557193853571, 29.82525860134875], [77.75508499526731, 29.825615320581353], [77.75401710853964, 29.82629571816739], [77.75362907150235, 29.826553746535524], [77.75354608534226, 29.826617413415917], [77.7530285021929, 29.827014499550355], [77.75208760110277, 29.827592454035113], [77.7509097161776, 29.82829854993928], [77.74984240649148, 29.8289849387746], [77.74929539095871, 29.829378240420066], [77.74859088404916, 29.829755906662836], [77.74855971874622, 29.82976923537243], [77.74702517301638, 29.83042552218352], [77.74675392132552, 29.83057707269907], [77.74632744990818, 29.830815350358197], [77.74632742646556, 29.830815369253262], [77.74545439674867, 29.831520248311083], [77.74517071084726, 29.83168437479909], [77.74504924002055, 29.831754654879724], [77.74415544707264, 29.832302343972078], [77.74404975343293, 29.83236710895328], [77.74400829301594, 29.832391603726457], [77.74358175325925, 29.832643590535938], [77.74315581020925, 29.832741526346904], [77.74307856471468, 29.83275928766487], [77.74264503264082, 29.833052023486573], [77.74215784937071, 29.83359807408272], [77.74182850089156, 29.833418531552542], [77.74117804418371, 29.833962059061367], [77.7403010060193, 29.834883112786784], [77.7404001149571, 29.8350087321857], [77.7405740772479, 29.835229227199626], [77.74078025722372, 29.835251823344123], [77.7410944228904, 29.835286254606455], [77.74136253069287, 29.835618362173516], [77.7413848206478, 29.83564597235853], [77.7418489263729, 29.83606242577481], [77.74227757199957, 29.836309234072857], [77.74251232283999, 29.83652056845921], [77.74256528982558, 29.836824225114203], [77.74271859424269, 29.837182437746627], [77.7430080456039, 29.83755650567383], [77.74300807027318, 29.837556534393215], [77.74333454136507, 29.83790046809192], [77.74357177108297, 29.83831430892816], [77.74368966602597, 29.83861025938795], [77.74379980157318, 29.83888673403135], [77.74379981349618, 29.838886770810618], [77.74385547540517, 29.839085723411237], [77.74388068975351, 29.839175845210896], [77.74394976630835, 29.83949529055128], [77.74404288187016, 29.840047992646845], [77.74405380291714, 29.84017042946117], [77.74405397851977, 29.84017241540161], [77.74407879967696, 29.840450704746726], [77.74405141622884, 29.840915536658965], [77.74392559423859, 29.84126960475407], [77.74370757741634, 29.841518372767776], [77.74361419344365, 29.841818118986016], [77.74360695825041, 29.84221206450434], [77.74336752562495, 29.842597371664816], [77.74295259756983, 29.84296923797393], [77.74295257388894, 29.84296926967902], [77.74269996705313, 29.84339270253844], [77.74227536137545, 29.84469017716593], [77.74226320562327, 29.84472899395401], [77.74214073240486, 29.84512005950901], [77.7415546870486, 29.846429695755695], [77.74155383561886, 29.846432203690572], [77.74144515689734, 29.84675241525735], [77.74156700486155, 29.846989431723024], [77.74185850844447, 29.847073408397794], [77.74252886131697, 29.847235552550433], [77.74308793655887, 29.84756353679446], [77.74354711055219, 29.8476050001277], [77.74359887148171, 29.847607914060504], [77.74388423250804, 29.84762398552639], [77.74373474376762, 29.848585263270934], [77.74357546168673, 29.848998889567184], [77.7434181951908, 29.849407276896503], [77.74318329868727, 29.84996615584583], [77.74310521528852, 29.85015193631859], [77.74307751409746, 29.850217844483232], [77.74267645730356, 29.85082013139955], [77.74245978078983, 29.85111355742961], [77.74188436043076, 29.85189278883973], [77.74154187402189, 29.85207958261007], [77.74089256209867, 29.851913725968426], [77.74038568634046, 29.851784253116072], [77.73987927730266, 29.851681224372854], [77.7396071116656, 29.852030443648562], [77.7394637782944, 29.85240631633941], [77.73861999493755, 29.85221860721933], [77.73837006237454, 29.852538640767094], [77.73790408313393, 29.853221986850116], [77.73730133878853, 29.8528862405893], [77.73722979176964, 29.85284638651789], [77.73692885233599, 29.85306909236287], [77.736459091235, 29.853606777010423], [77.73570022451402, 29.85280943620341], [77.73549811240778, 29.852597136687226], [77.73473864025385, 29.85311244143612], [77.73469551322472, 29.85314170297261], [77.73428897301874, 29.853466911908438], [77.73371825183155, 29.853786527960878], [77.73368413604659, 29.85380563407813], [77.73332773147044, 29.853814247284358], [77.73293174252836, 29.853858399910052], [77.73243103040286, 29.853855504416206], [77.73232115496343, 29.853854868930267], [77.73185767326078, 29.853876189119294], [77.73136846335824, 29.854041400522334], [77.73088005531277, 29.854281173081347], [77.73032919248121, 29.85420044451186], [77.73032427086825, 29.854201136003656], [77.72984715152816, 29.854268143405232], [77.72976026503572, 29.854319637341472], [77.72957437627105, 29.85442980464998], [77.72957433067516, 29.854429828722328], [77.72902052471406, 29.85449866333202], [77.72845756558645, 29.854703029101938], [77.72800301561796, 29.854511736385493], [77.72796890379698, 29.8544183639181], [77.72787836157171, 29.854170528842925], [77.72756141746126, 29.854483101486313], [77.72754065343088, 29.854503579329194], [77.72727327926101, 29.854583581673708], [77.72668537765387, 29.854333653577413], [77.72648632567764, 29.854759480056114], [77.72673927718397, 29.855129948889942], [77.7269227464556, 29.855398655448198], [77.72686885728629, 29.85576860902968], [77.72644831431383, 29.85593876244664], [77.72644825823609, 29.855938785455315], [77.72644821169091, 29.855938804021598], [77.72598960593359, 29.856087122916076], [77.72555461864943, 29.85613304635165], [77.72505730571702, 29.855866450107712], [77.72469206571263, 29.85585550118733], [77.72453766123094, 29.855850872612233], [77.72427887395011, 29.855559537878854], [77.72403061805713, 29.855402735605594], [77.72344069288559, 29.85510248150444], [77.72343705940014, 29.855100633608057], [77.72348665255228, 29.855614022888435], [77.72239487953297, 29.85625040589922], [77.72228057166069, 29.856317032547125], [77.7214670030827, 29.85684453259195], [77.72168791435456, 29.8571213315078], [77.72100519842553, 29.85750554605658], [77.72099503453758, 29.857516096034786], [77.72068237470087, 29.857840591569186], [77.72090633518157, 29.858129281465676], [77.72136816499892, 29.858786236665267], [77.72104634600062, 29.859119070284205], [77.71956701198593, 29.86041930572633], [77.71898491137529, 29.86081391078397], [77.71903375244138, 29.861407948865544], [77.71868017513708, 29.86151242529061], [77.7186712262686, 29.861994002222353], [77.71732847273006, 29.86260997965346], [77.71675098050703, 29.86305148966249], [77.71651310852623, 29.86323338959546], [77.71651313126496, 29.863233409137486], [77.71676186392864, 29.863499156049425], [77.71863126278733, 29.865496429676693], [77.71826916106221, 29.865762476198885], [77.71784181660198, 29.866076453271248], [77.71780895412579, 29.866491959887], [77.71775473603388, 29.86686271820326], [77.71631227737063, 29.867614768742573], [77.71630182098471, 29.86782950962867], [77.71629692879789, 29.867929992814123], [77.7160105212971, 29.86822031833561], [77.71560386878275, 29.868632526943507], [77.71558668038006, 29.868649950515906], [77.71565247834212, 29.868907339075164], [77.71556606978028, 29.86893598399052], [77.7151535927186, 29.86907271694352], [77.71509549543595, 29.86922943317892], [77.71501531157791, 29.86944572388944], [77.7147199803141, 29.86948384969112], [77.71436214310923, 29.869429721990805], [77.71434965438817, 29.86947425155728], [77.71426349419593, 29.869781452062572], [77.71424492246886, 29.869847667899975], [77.71419973476598, 29.870008982295122], [77.71412777874772, 29.87026583871684], [77.71412777920133, 29.870265870757557], [77.71427529074217, 29.870519324809806], [77.71433496953257, 29.870537810384395], [77.71480450365321, 29.870683248604134], [77.71484358410086, 29.870986612250046], [77.71494417460907, 29.871279052066352], [77.7151044465856, 29.871623188113592], [77.715065593318, 29.871682056792075], [77.7148922390848, 29.871944711768798], [77.71489514365157, 29.872025471536766], [77.71490588038354, 29.872323933340677], [77.71504737722783, 29.872818530107793], [77.7152065715518, 29.873039711226642], [77.71569793801383, 29.87331113697511], [77.71570441143733, 29.87331293815465], [77.71661529916435, 29.873566488281657], [77.71661540674349, 29.873566520004754], [77.71663892256824, 29.873573517997404], [77.71702833427811, 29.873689419211896], [77.71754960585064, 29.87402514892703], [77.71754964100343, 29.87402517871155], [77.71788241126595, 29.874369212957305], [77.71820123236172, 29.874111036741265], [77.71899305483726, 29.874757130499276], [77.71922021219471, 29.874612503532777], [77.71928381641774, 29.874572007555063], [77.71963446181189, 29.874479412755846], [77.71970388081314, 29.874565860440793], [77.72002653510575, 29.874967666282004], [77.7200267116653, 29.874967885687646], [77.72002688822484, 29.87496810509341], [77.72035681593054, 29.875379201663232], [77.72035683440447, 29.875379224805112], [77.72035685284435, 29.875379249776977], [77.72065110957566, 29.87579090404125], [77.72066823711644, 29.876265034343426], [77.71999791771154, 29.876548833917443], [77.71975912229342, 29.87628225011017], [77.71948630197868, 29.87642153614308], [77.71914775227503, 29.876522508990057], [77.71875875977584, 29.876714798815776], [77.71843627481856, 29.87689166986074], [77.71796233099323, 29.877157485291104], [77.71796230547159, 29.877157502320557], [77.71766135621738, 29.877384135872386], [77.71742607322417, 29.87771243486611], [77.71739953584897, 29.87774945729457], [77.71706229226172, 29.878310023911794], [77.71691310787932, 29.8785773224977], [77.71688310695774, 29.878645100397996], [77.71668078984504, 29.879102183654], [77.71634465890313, 29.880309526554402], [77.71632031973468, 29.880422157924986], [77.71623568038711, 29.880813834060035], [77.71604352546947, 29.881171345995558], [77.71582658254927, 29.881865630727486], [77.71578610354977, 29.882901470754508], [77.71577040218796, 29.88326476793642], [77.71552737345846, 29.883701511386587], [77.71517650244147, 29.88391022480954], [77.71470875725883, 29.884124319877387], [77.71516894885616, 29.884740418921876], [77.71555077498343, 29.88528002779451], [77.71571252864214, 29.885508622996273], [77.71573547376259, 29.885541050940482], [77.71576989508152, 29.88558969610138], [77.71601062263724, 29.885929917702473], [77.71601065347377, 29.88592995383232], [77.71672216354514, 29.88671123766844], [77.71714503624943, 29.88724709019802], [77.71734870777055, 29.88750517314267], [77.71788967845747, 29.887134869254197], [77.71797615464685, 29.887075672592857], [77.71844718773843, 29.88744032217312], [77.71899648656819, 29.887127745128666], [77.71935640780882, 29.8868958313134], [77.71946315738366, 29.886814055458895], [77.71966880366224, 29.88665652023464], [77.71975802498855, 29.88658817234989], [77.71976036687357, 29.886586377657522], [77.7197608665733, 29.886585994815558], [77.72058956157548, 29.885950857844477], [77.72102463818896, 29.88561737958816], [77.72102466588002, 29.88561735892806], [77.72168025561834, 29.885180150562526], [77.72280104390397, 29.884531475606458], [77.7230661169892, 29.88487358782262], [77.72294908042693, 29.885154826276334], [77.72291151479213, 29.885245095022263], [77.72320112105533, 29.88558665237029], [77.72320280461125, 29.885588637429386], [77.72353941391412, 29.885879789397993], [77.72367017937607, 29.88599289572574], [77.72391735758617, 29.88623401460286], [77.72394509312186, 29.8865983112436], [77.72397723123967, 29.886656599125672], [77.72409773314449, 29.886875151794793], [77.72388712163252, 29.887144433843513], [77.72387961574324, 29.887154031468395], [77.72370788817898, 29.88734545079484], [77.72389122359772, 29.887579868483165], [77.7238912759617, 29.88757993328659], [77.72379681139336, 29.887870431350983], [77.72358496641476, 29.887925047833328], [77.72341918423957, 29.887967788638793], [77.7234823741324, 29.88816000837401], [77.72351206467816, 29.888250326808393], [77.72336679491842, 29.888410287127865], [77.72326350063584, 29.888524028018622], [77.72359600229935, 29.88872226649674], [77.72364536285984, 29.888775000534906], [77.72389104785366, 29.88903747311052], [77.72411056968187, 29.88925149075286], [77.72428239734013, 29.889294392751196], [77.72451766486063, 29.889353134954565], [77.72467020361833, 29.88954672189427], [77.72478344405016, 29.88969043487221], [77.72483857828482, 29.889741173945495], [77.72508105359987, 29.889964318336236], [77.72508721237493, 29.890063410621206], [77.72510590616542, 29.890364202141303], [77.72542692589543, 29.890446018747927], [77.7255667042302, 29.89048164260386], [77.72612071945005, 29.89065904410606], [77.72649533491341, 29.890608142146995], [77.72655661722033, 29.890509355884266], [77.72666103863122, 29.89034102587951], [77.72702715681724, 29.890332951114548], [77.72735361047975, 29.89056242233033], [77.72735363827229, 29.89056245292343], [77.72769933261628, 29.891029310366513], [77.7277285322026, 29.89108546985127], [77.7279507842401, 29.89151294631534], [77.72814182061634, 29.891911762550407], [77.72818612717532, 29.891958186558867], [77.72830783767776, 29.892085716095036], [77.72841072881207, 29.892193526203133], [77.72864573894508, 29.892206576819607], [77.72874095030545, 29.892211863535163], [77.7289416317804, 29.89228971340509], [77.72912357749419, 29.89236029383282], [77.7293244682728, 29.892123511786593], [77.72932798125761, 29.89210780464385], [77.7293851868693, 29.89185205265015], [77.72955319146357, 29.891837593833355], [77.72982675196666, 29.891814048905363], [77.7299188892017, 29.891677481531293], [77.72999587256459, 29.891563375069083], [77.73014259957996, 29.89153286314846], [77.73033535280351, 29.891492778737142], [77.73036411658143, 29.891486797000574], [77.73075267320728, 29.891507119728097], [77.73085066654689, 29.891836516722943], [77.73085707162703, 29.89185804663829], [77.73102866167538, 29.89212841650881], [77.73111468543934, 29.892367399449576], [77.7311443661378, 29.892449855567268], [77.73147203543432, 29.892784372534745], [77.73150571810785, 29.892807783321253], [77.73176640470618, 29.892988964329664], [77.73176628723849, 29.892992195242854], [77.73175311389372, 29.893356109995608], [77.73174928159577, 29.893461988419027], [77.7315657958068, 29.893758727779012], [77.73152175188493, 29.893785065804554], [77.73130347346269, 29.893915596849045], [77.73132437403672, 29.89433841293382], [77.73132490159752, 29.89434908263469], [77.73125857876077, 29.894843349184523], [77.73080739643669, 29.89481374642988], [77.73076190148828, 29.89481076130357], [77.73052826766258, 29.895020694007858], [77.7304159080243, 29.895375242554238], [77.73021869204284, 29.895678452133723], [77.72995357666825, 29.896172171166175], [77.72977087286779, 29.89620699801494], [77.72950223605638, 29.896258205667646], [77.72940948258602, 29.896608739318257], [77.72926652642639, 29.896963538179527], [77.72913095244131, 29.897288423179575], [77.7288889342362, 29.89749437995233], [77.72888022163738, 29.897498277191296], [77.72856019344016, 29.897641443139058], [77.728594066596, 29.897903291863475], [77.7284331012615, 29.89829642970894], [77.7284298277952, 29.898305194465316], [77.72829272252145, 29.898672322719055], [77.72851160734034, 29.89883865772071], [77.72858316481933, 29.898893036220496], [77.72859425445269, 29.899217079493983], [77.72859428387945, 29.899217930137592], [77.72865683852987, 29.89947292697082], [77.72870406448612, 29.899567232771442], [77.72881248960306, 29.899783750332922], [77.72897485166098, 29.899794622800822], [77.72925853892204, 29.899813620077634], [77.72923609067664, 29.90013466023206], [77.72922175359348, 29.9004552466607], [77.72956710243515, 29.900746622984872], [77.72996853260523, 29.900657728270357], [77.72993956946597, 29.90032909248401], [77.72999520443969, 29.900007836457473], [77.73038030501682, 29.89971183115582], [77.73070774517913, 29.899709163836484], [77.73106589603299, 29.899614722226698], [77.73106916188547, 29.899613691767954], [77.73142837784742, 29.899500292916816], [77.73187742373065, 29.899672493300532], [77.73187762917004, 29.899672573974982], [77.73232653845209, 29.899801460698924], [77.73263975496377, 29.89991902045118], [77.7330192623342, 29.90003055248276], [77.73331781406314, 29.899935434181064], [77.73360749849795, 29.899719611378455], [77.73398012196073, 29.899777644119833], [77.73402515671577, 29.89986409891684], [77.73413052653552, 29.900066378617005], [77.73414399134154, 29.90009183619522], [77.73429035281671, 29.900368551019078], [77.73403767175184, 29.90062433509441], [77.73403375401227, 29.90062830161186], [77.73369225289295, 29.900937334448894], [77.73353547179698, 29.901424362189918], [77.73377580602296, 29.901628390412863], [77.73408650926302, 29.901512326550765], [77.73411543515573, 29.901261701058672], [77.73412703639445, 29.901161187313107], [77.7344386174458, 29.90118921588307], [77.73478914662498, 29.901410516238897], [77.73489899628288, 29.901437794322106], [77.73513395671159, 29.901496140641218], [77.73543338677783, 29.90172604962994], [77.7354824465029, 29.901986955003903], [77.73548428219743, 29.901996715741113], [77.73579720696084, 29.902298485147224], [77.73579903475549, 29.902300247797985], [77.73625647465315, 29.90250584380837], [77.73627185655191, 29.90250992039342], [77.73659034492013, 29.902594341943878], [77.73690757872308, 29.902410745411668], [77.73730670246628, 29.902293444740046], [77.73765168971862, 29.90241721263676], [77.73781027521002, 29.902667763483624], [77.73800189219537, 29.90295924270735], [77.73822118152843, 29.903044711322693], [77.73844967619713, 29.903133767832337], [77.73840643079413, 29.903469451108666], [77.73838826268435, 29.903483119046072], [77.73808806848625, 29.90370896143491], [77.73827809751685, 29.904006418451317], [77.73811293946615, 29.904288248666482], [77.7380834679128, 29.90433853940399], [77.73810268802521, 29.904659006374935], [77.73810737026649, 29.90473707978725], [77.73790614999851, 29.9050633622593], [77.73767427747148, 29.90537112014969], [77.73773452223898, 29.905569793070168], [77.73777012044447, 29.905687183778667], [77.73762209092222, 29.90595066091153], [77.73732211451852, 29.906038918740375], [77.7369229649006, 29.906013389113973], [77.73686126734157, 29.90599554781877], [77.73651693606489, 29.905895972515456], [77.73632360574204, 29.90628446436616], [77.73661783286191, 29.906768677353288], [77.73712931659283, 29.9070120339068], [77.73734851129578, 29.906819215468566], [77.73763559574952, 29.906649824624797], [77.73763563504517, 29.906649801379526], [77.73763644781152, 29.906649817326567], [77.738034581826, 29.90665767039286], [77.73804784018611, 29.90665793181364], [77.73844816038911, 29.906659848281553], [77.73848185425534, 29.906660009255823], [77.73889456476269, 29.906814857736986], [77.73913447506898, 29.907158601532746], [77.73945812042437, 29.90758256699093], [77.73948791672879, 29.90760061106433], [77.73976498818315, 29.907768399760517], [77.7400073215598, 29.9079767287008], [77.74013056088398, 29.907999177393567], [77.74056317041713, 29.908077978534784], [77.74060823411344, 29.908102100255032], [77.74101789939796, 29.908321385585342], [77.74141045917702, 29.908225032768506], [77.74141049132307, 29.908224998440176], [77.7414507677663, 29.90818240874024], [77.74163126203969, 29.907991546622466], [77.7416836536973, 29.90800757940962], [77.74209266841865, 29.90813274554577], [77.74263446648217, 29.9083090931035], [77.74296372232149, 29.908423574277336], [77.7430424025001, 29.908445267908025], [77.74347097104352, 29.9085634339527], [77.74385993706883, 29.908891399316904], [77.74432943626853, 29.909209832223226], [77.74470894715445, 29.90940921079755], [77.74517653580774, 29.909665467366132], [77.74556499602419, 29.909700502604903], [77.74591209064508, 29.909655891625032], [77.74596429402871, 29.909649181536683], [77.7464339702255, 29.909715723669944], [77.74650319398053, 29.909725530899436], [77.74654705070269, 29.909742078240118], [77.74688964116044, 29.909871340475835], [77.74713120871557, 29.910038535790303], [77.747131259572, 29.910038569445565], [77.74733178099552, 29.91033006814005], [77.74733179309445, 29.910330095764227], [77.74746279717084, 29.91070135713458], [77.7476319165624, 29.911032250220572], [77.74763593336323, 29.91104010996355], [77.74772860879189, 29.911526751409887], [77.74743501172001, 29.911929342993666], [77.74716915238173, 29.912262750590777], [77.74702665252005, 29.9125668587928], [77.74697685927912, 29.91267312261063], [77.74664689301721, 29.91270712397121], [77.74664529126991, 29.912706764864787], [77.74624420300148, 29.912616724253162], [77.7457403743561, 29.912995547817307], [77.74574035286379, 29.912995574058073], [77.74545076000021, 29.913369670442034], [77.74513871616918, 29.913776901999007], [77.7450746458705, 29.913863802030747], [77.74486576953083, 29.91414710509698], [77.74475899675873, 29.91432588666943], [77.74472486431657, 29.914383037780993], [77.74467767723375, 29.914475385874788], [77.74448709969809, 29.914848352758085], [77.74441159584921, 29.915278082956355], [77.74441127587353, 29.91529114908276], [77.74440114598983, 29.91570422841618], [77.74427498350323, 29.9160091513252], [77.74394109506744, 29.916147742944307], [77.74373244779507, 29.91636868545002], [77.7437685552378, 29.916612860583548], [77.74377999681084, 29.91669023367134], [77.74359732178841, 29.916969423935004], [77.74355782071349, 29.917299649402835], [77.74355596479859, 29.917315168680773], [77.74330777730832, 29.917584147866783], [77.74309125211728, 29.917825904502855], [77.74309122740534, 29.917825934358785], [77.74297405317577, 29.918147545121936], [77.74296430169332, 29.918422608217252], [77.74296361419644, 29.91844199664206], [77.74298412971415, 29.918747954496798], [77.74309210272222, 29.919042059425713], [77.74307835824628, 29.919249595253426], [77.74306701129936, 29.9194209035178], [77.74328037967001, 29.919747248577963], [77.74328621659008, 29.91976045083417], [77.74342111391783, 29.920065552089635], [77.74340793939855, 29.920150583450305], [77.74336033480282, 29.920457832782414], [77.74336536063707, 29.920527716636272], [77.74339300108522, 29.920912029584677], [77.7430581297187, 29.921066039745835], [77.74291342702074, 29.921132583873437], [77.74290779986639, 29.921385991439067], [77.74291757131306, 29.92140896033928], [77.74304423498532, 29.921706691450527], [77.74314886773624, 29.921952692527327], [77.7432481187393, 29.92194000038046], [77.74357087995197, 29.92189872621188], [77.74358776199487, 29.92224750670951], [77.74340863083358, 29.92248261574535], [77.74350997862051, 29.922772501965174], [77.7435340245776, 29.922794227617988], [77.7438452492866, 29.92307542344879], [77.74373756670552, 29.923374955545384], [77.74373460373239, 29.923383198279126], [77.74356731653394, 29.923651006285926], [77.74346920646356, 29.92397387905571], [77.74306410502903, 29.924208368113977], [77.74291845920308, 29.924483590596214], [77.74292036188804, 29.924539055861818], [77.74293228915745, 29.92488667092866], [77.74261282812837, 29.925027160328888], [77.74258359418481, 29.92502809484305], [77.74219291111937, 29.92504058593066], [77.74217919567127, 29.925476436742382], [77.74217918842973, 29.925476659025353], [77.74213898202397, 29.925766113032637], [77.74183838085047, 29.92583077574243], [77.74171557415504, 29.925857193102352], [77.74165005925312, 29.92589640077573], [77.74143758680093, 29.926023553145146], [77.7411703972538, 29.92619937887725], [77.74085891878424, 29.9264993747744], [77.74041246651328, 29.926821908970744], [77.74041208956172, 29.92682218191265], [77.74041166151866, 29.926822490747156], [77.74030290470478, 29.926900945179668], [77.73996161569382, 29.927147140413602], [77.7396544249995, 29.927350382556444], [77.7395584974434, 29.927413848804463], [77.73928423724084, 29.92757429455895], [77.73917953837714, 29.927635544993727], [77.73882012866109, 29.927960143770076], [77.73875382002902, 29.928215075246623], [77.73811184263754, 29.92856670124422], [77.73770080928779, 29.92882452649417], [77.73762439720535, 29.92887245509807], [77.73698021187269, 29.929271199599018], [77.73671911239418, 29.92905513700488], [77.73632028964789, 29.92883252671615], [77.7358067295771, 29.92879765760716], [77.73580669062846, 29.928797661637766], [77.73532294257143, 29.928869398372274], [77.73506806631254, 29.929008961554278], [77.7350670908929, 29.929009496073025], [77.73468289380872, 29.92911388292766], [77.73466355525211, 29.929118842186764], [77.73420282780089, 29.929236980592286], [77.73309085977947, 29.93002489670352], [77.73276874468233, 29.930242056632967], [77.73212453495464, 29.930676332522314], [77.73101129306382, 29.93133765009363], [77.73073598371009, 29.93154481431117], [77.73054780971327, 29.931686411078363], [77.73069805418356, 29.932129376217837], [77.73107127527994, 29.932478549917903], [77.73147980362639, 29.932860752111676], [77.73218086662426, 29.93354056717794], [77.73227241638051, 29.933639295578644], [77.73269235475297, 29.934092163856953], [77.73320734481989, 29.9346258100806], [77.73348624045846, 29.934937957318088], [77.73378392715586, 29.9352711656029], [77.7348167844353, 29.93647239807409], [77.7352329136849, 29.936890155524317], [77.73523642117485, 29.936893675761684], [77.73531724148965, 29.93697482080194], [77.73598970143125, 29.93772771298102], [77.73664114918026, 29.938407883115993], [77.73783979143933, 29.939585416811514], [77.73855895028343, 29.940265041706148], [77.7389731614005, 29.940804175393374], [77.73935388320422, 29.940847134992275], [77.73944861700228, 29.9408578243539], [77.73971028758658, 29.94108459845301], [77.73971030705715, 29.941084625263915], [77.7402329015676, 29.94178454588367], [77.74072134041936, 29.94218156094366], [77.74115574345457, 29.941964141607453], [77.74151583650912, 29.94179326762529], [77.74190700533177, 29.941572412012224], [77.74222398602073, 29.941345947010376], [77.74265975621249, 29.94100461614712], [77.74299832456278, 29.941141360115115], [77.74299460386018, 29.94183082857858], [77.74289476064106, 29.94234813407324], [77.74289734111744, 29.94266139237347], [77.7429445470695, 29.94281590710746], [77.74301275557343, 29.943039166430204], [77.74290262982265, 29.943610206274098], [77.74291077339157, 29.943617859634884], [77.7432026828892, 29.9438922251977], [77.74333220828139, 29.943904821490914], [77.74366693158964, 29.943937371744315], [77.74395179218753, 29.944082215676968], [77.74400285157904, 29.94411903864732], [77.74423225624855, 29.944284480483947], [77.74462449489164, 29.944361086900138], [77.74499297395386, 29.944446077717902], [77.74530585056772, 29.94462515552741], [77.74541976785615, 29.945105491762863], [77.74542048639545, 29.945108533584573], [77.74553298224747, 29.945412424575224], [77.74561893612783, 29.945682824354908], [77.74583171816805, 29.946010229902278], [77.74623531699453, 29.946121740302573], [77.74635679952529, 29.946155303705112], [77.74682787327937, 29.946447981275707], [77.74705271974274, 29.946708845832692], [77.74669565985901, 29.946888719020297], [77.74669172813772, 29.946890699484925], [77.74668779536582, 29.946892679934827], [77.74603418531521, 29.947221891026164], [77.74573943233554, 29.947328967456603], [77.7457075152263, 29.947340562019868], [77.74530751893019, 29.94751548591216], [77.7449140415647, 29.94785129989038], [77.7453367046814, 29.948401314484343], [77.74598660838026, 29.94894825343037], [77.74655585502755, 29.9497088753799], [77.74747571569418, 29.95072827558989], [77.74747573630255, 29.950728297839554], [77.74747575796144, 29.95072832010383], [77.74802172676058, 29.951257254692628], [77.74829863714614, 29.951718347756575], [77.74739780660698, 29.95191779289394], [77.74729108546912, 29.951926880090895], [77.74663885364856, 29.951982407319715], [77.7465436456252, 29.95200024270777], [77.74603609294186, 29.95209532148954], [77.74553597006371, 29.95216523689597], [77.74506575519169, 29.95223096644158], [77.74463089208918, 29.952335598340937], [77.74413424618793, 29.952455092844808], [77.74344383940425, 29.952623353723013], [77.74301014027145, 29.952729050750175], [77.7420784637892, 29.95296185549576], [77.74175674705542, 29.95299797679214], [77.74145210629962, 29.953032175262628], [77.74100143886768, 29.953115495291257], [77.74098398769382, 29.95311872079848], [77.74020335683976, 29.953506347262824], [77.73986546859646, 29.95355517671953], [77.73923994961761, 29.953817666159676], [77.73897351720137, 29.95386289931663], [77.73884376912673, 29.953884927286463], [77.73836401515914, 29.95385439370366], [77.73793998224195, 29.953790714696442], [77.73752861468708, 29.953679632395545], [77.73700198206475, 29.95381274341154], [77.73660113450038, 29.954000697079064], [77.73633348760549, 29.954131833052823], [77.73626497909619, 29.954169594555843], [77.73578070462014, 29.95443651660397], [77.73485622410723, 29.95481862773427], [77.73435805342287, 29.955048674107726], [77.73379623238905, 29.955236035276283], [77.73375984899927, 29.955777712559563], [77.7333396037087, 29.955965121382064], [77.73360999489915, 29.956421063849383], [77.7336359667745, 29.95644807735773], [77.73391355943215, 29.95673677737289], [77.73391373264681, 29.956736730383412], [77.73421970683596, 29.956658101785504], [77.73443648662119, 29.957112358864784], [77.7347390157335, 29.9574280659142], [77.73474042909496, 29.957431827559063], [77.7350517490323, 29.95826229277951], [77.73500833057831, 29.958730009825207], [77.73500750833588, 29.95873885557222], [77.73501102910247, 29.95874436526583], [77.73540747697807, 29.959365019355076], [77.73555149259423, 29.959740546431505], [77.73555214432496, 29.95974224574023], [77.73569463131355, 29.96019420376102], [77.73617733928104, 29.960806707105256], [77.73617735568635, 29.960806729297065], [77.73617737102418, 29.960806752389075], [77.73658437309366, 29.96153615111295], [77.73659158878317, 29.961549082605046], [77.73690624587583, 29.96228294893458], [77.73746330331947, 29.963238831681767], [77.73746332264119, 29.963238866725504], [77.73766226191641, 29.963649920268047], [77.7376673318985, 29.963660395745116], [77.7376707112035, 29.963667378471683], [77.73782262969486, 29.963981277688315], [77.73791707810356, 29.96432493801084], [77.7377594637612, 29.96521815823371], [77.73786844874682, 29.965760666319117], [77.73817445437908, 29.966198724681913], [77.73850068640884, 29.96666932060177], [77.73894524362497, 29.967316108448], [77.738959454069, 29.967334691981552], [77.73943314311525, 29.96795416859574], [77.73953334588158, 29.968257619922646], [77.7397339772757, 29.96859043056805], [77.74027917604823, 29.969098408278352], [77.74047664367629, 29.9694028304272], [77.74054454915942, 29.969507519468287], [77.74066685526829, 29.96990632703276], [77.74076695188285, 29.970259616449777], [77.7406988366786, 29.970947792388905], [77.7407558429441, 29.97134020013942], [77.74077151045127, 29.97144805111633], [77.74063829321956, 29.972044234403377], [77.74040370812668, 29.972734495803255], [77.74024311904827, 29.973105770825264], [77.74022340061963, 29.973151351616302], [77.7402901132945, 29.973460489954117], [77.74044803701119, 29.97408523170427], [77.74045576537807, 29.9741362359045], [77.74051228020458, 29.974509255891938], [77.74020342400803, 29.974645940741336], [77.74018801190883, 29.974652761487427], [77.74011839356444, 29.974683572387065], [77.74006469276836, 29.97470733898442], [77.74004868712211, 29.974978714726774], [77.74004884282922, 29.974979105806163], [77.74008298153905, 29.975065097704714], [77.74019074261741, 29.975336533541718], [77.74019076180691, 29.975336575902876], [77.74036926133316, 29.975615552124015], [77.74037436749289, 29.975623532366185], [77.74038985862093, 29.975647743616857], [77.74097082886317, 29.975681008538803], [77.74123365714223, 29.975917289689377], [77.74159994352455, 29.97632195639278], [77.74207866733929, 29.976850835341732], [77.74269003097625, 29.97759673096914], [77.74329644136058, 29.977793962116888], [77.74414201584801, 29.978692368928336], [77.74441621096167, 29.97898331476056], [77.74446326014589, 29.979033238409116], [77.74451030936831, 29.979083162038943], [77.74471469086701, 29.97930002703565], [77.74507670200973, 29.979684156975726], [77.7456802833209, 29.980311420623014], [77.74599952290639, 29.980721053855767], [77.74551479455609, 29.98097748257193], [77.74496170963636, 29.981348430202093], [77.7445647912531, 29.981595200278175], [77.74428924993029, 29.981727965024135], [77.74400123179055, 29.98204859310418], [77.74395362915553, 29.98213813210208], [77.74379057381338, 29.98244482852535], [77.74365553604474, 29.982798270118334], [77.74364613337958, 29.98312744442496], [77.74380032504054, 29.983503998716646], [77.74414341121347, 29.983737976855995], [77.74447352998438, 29.98381180015434], [77.74478877195901, 29.983745548641515], [77.74515313820972, 29.983741253870114], [77.74518785887084, 29.984181036260903], [77.74520490973526, 29.984473280737067], [77.74551492771594, 29.984722105343742], [77.74574482312451, 29.984779637166795], [77.7458252245137, 29.9847997581327], [77.74630284184593, 29.984880754370266], [77.74630287433871, 29.984880759398074], [77.74679340237095, 29.985026118373153], [77.74714360930415, 29.985225249067206], [77.7473836617815, 29.985671402490798], [77.7476108983516, 29.985985514566053], [77.74802957623902, 29.986033143240476], [77.74818679963131, 29.986051028608372], [77.74848695166193, 29.98600362521818], [77.7485850007221, 29.985988139566608], [77.74892788075111, 29.986108338064067], [77.74954638570564, 29.98636359951445], [77.7498489225401, 29.986288834821078], [77.74989329477332, 29.986141409754275], [77.74995649149699, 29.985931437407746], [77.7503328147693, 29.985915483867238], [77.75071288963558, 29.986408120620837], [77.75076639243368, 29.986481056915093], [77.75113348696789, 29.98698148813032], [77.7513067031372, 29.98757867869805], [77.75142434037609, 29.988156685445592], [77.75144787491618, 29.988272319925077], [77.75181853129824, 29.988667656824358], [77.7532446504048, 29.989764380112423], [77.75427993485536, 29.990627180931288], [77.75471002492847, 29.99123332601767], [77.75527010202615, 29.992026020824923], [77.75608818983858, 29.992632873647985], [77.7565429940834, 29.992685705409592], [77.75688961301516, 29.992725969178206], [77.75776177803192, 29.9933124045488], [77.75812308274168, 29.993555340468905], [77.7585899932971, 29.99382381617564], [77.759499255019, 29.9945956713818], [77.76037039210563, 29.995154828109957], [77.75979259982209, 29.995680573571768], [77.75942737569001, 29.995952602748226], [77.75807376769903, 29.996960800725766], [77.75671299488117, 29.99811255635305], [77.75537997488107, 29.99905019601646], [77.75598768527476, 29.999373391557583], [77.75648893975534, 29.99994900945086], [77.75648903035172, 29.99994911410409], [77.75677649918502, 30.00059509311876], [77.75759873828791, 30.001564884798817], [77.75853738751908, 30.00191251008663], [77.7605976173244, 30.002648427814798], [77.762613457527, 30.00342167744274], [77.76371229242626, 30.00403357718731], [77.7637757376301, 30.004117943233677], [77.76418702657722, 30.00466485050201], [77.76303774059288, 30.006204561566907], [77.76300461173335, 30.00624293035422], [77.76259711190724, 30.006714883849753], [77.76185894459451, 30.00784561822613], [77.76156367321327, 30.008678134767536], [77.76182098437297, 30.009123017984354], [77.76188745195142, 30.009237938325946], [77.76259296123611, 30.009818101032867], [77.76312395039785, 30.010449110668315], [77.76435934589135, 30.01132326326342], [77.76583353738884, 30.012058324912978], [77.76762016935163, 30.012934472815417], [77.7685840498579, 30.0133674408101], [77.77008545188308, 30.014032960597618], [77.77171121430912, 30.015001037861342], [77.7722065525018, 30.01480724493098], [77.77276804379359, 30.01472374346171], [77.77396890394317, 30.01487850239334], [77.77421140951266, 30.015215642547247], [77.77450259823571, 30.01652772595526], [77.7749483280141, 30.017035729908606], [77.7758424263447, 30.01800970215061], [77.7758794071275, 30.017998435252146], [77.77647416677151, 30.01781723503035], [77.77765431032195, 30.017392315341027], [77.7782368623008, 30.017494389466176], [77.77823696604952, 30.01749440827475], [77.77827231053558, 30.017500601031557], [77.77939895055654, 30.018169202023767], [77.78019986901894, 30.018393104155923], [77.7811449310345, 30.018390867464788], [77.78197975934143, 30.01867607005706], [77.78186484594443, 30.0192220286706], [77.78216356622019, 30.021576090592266], [77.78275164805888, 30.02389603798174], [77.78325659739944, 30.02500267998633], [77.78359581217002, 30.025712930646343], [77.78362550922039, 30.025755905327777], [77.78450628633342, 30.027030440032227], [77.78512845725754, 30.027608043784735], [77.78548739527893, 30.027941267839207], [77.78416899328569, 30.02855133152963], [77.7837122928851, 30.0287626613323], [77.78371204052212, 30.028762777738333], [77.78371199492165, 30.02876279907336], [77.783711857069, 30.028762863063893], [77.78331658508021, 30.028945764619166], [77.78301326885764, 30.029073584417077], [77.78135897945175, 30.02977070582232], [77.7804173392947, 30.030288092721154], [77.78040204207939, 30.03029649739506], [77.77937287442842, 30.030722046230782], [77.77973010255526, 30.031267938636187], [77.78044726604477, 30.032337681014816], [77.7805225501496, 30.032436394093807], [77.78136951435616, 30.033546929970758], [77.78047690107412, 30.034117285236032], [77.78044034994917, 30.03414755417336], [77.7804173397521, 30.034166609284185], [77.77970187633572, 30.034759095202702], [77.77777884847276, 30.036181929109038], [77.77711299119996, 30.03691830057494], [77.77616192222247, 30.03771910005489], [77.77491155375287, 30.038699597956604], [77.77359823714663, 30.039815637549314], [77.7733318555528, 30.040505054366246], [77.77287575701264, 30.041333585383843], [77.77231218332382, 30.04175641001111], [77.77174109738665, 30.04192706144125], [77.77049116300618, 30.04221435678209], [77.77005213718743, 30.04261473327078], [77.77010785515392, 30.043155001943894], [77.77028775429268, 30.0440180604829], [77.77033807144413, 30.044317728721097], [77.77042845882609, 30.044794234071574], [77.77059170684433, 30.045654845006663], [77.77112984487219, 30.048052647493087], [77.77113186158117, 30.04806163334263], [77.77179626489861, 30.048867037814365], [77.77213329083752, 30.04933421539016], [77.77337412989158, 30.05105484334963], [77.77338407375821, 30.051069254738053], [77.77460057172541, 30.05283102651788], [77.77544246674374, 30.054578560284067], [77.77544561074586, 30.05458508658403], [77.77498937470926, 30.054946186215336], [77.77484866566748, 30.055227360556287], [77.77482408893448, 30.055276471422513], [77.77483505779016, 30.05528821322111], [77.77549198031552, 30.055991444594664], [77.77571579595869, 30.056178682089175], [77.77780110077943, 30.057923159905663], [77.78040764807619, 30.05996587658797], [77.7804115245933, 30.05996891414461], [77.78041733935271, 30.059973471394038], [77.78112496746732, 30.060528022479513], [77.78148576395866, 30.061560597494775], [77.78186089742357, 30.06247543112], [77.78213557693374, 30.062913865793107], [77.78273454494641, 30.063869914674843], [77.78320131820976, 30.06463311370142], [77.78416994630491, 30.066134002626985], [77.78451914924507, 30.06664646064156], [77.78503964089779, 30.06709236552444], [77.78615153935519, 30.06817419519856], [77.7861673784301, 30.068189077408405], [77.78759122912342, 30.069526830343538], [77.78910713146904, 30.070969732330433], [77.78975081751366, 30.071740207936582], [77.78983105463531, 30.071836248631886], [77.79020577138353, 30.073230745424087], [77.79026422612023, 30.07348848291382], [77.7908935501128, 30.073915994701547], [77.79134693741757, 30.074522068029697], [77.79083691831156, 30.075073654175114], [77.79259216399412, 30.076783438670393], [77.79381580018456, 30.07793272927308], [77.79464480928662, 30.07868728835939], [77.79464726323329, 30.078689521119095], [77.79465094361106, 30.07869287116612], [77.79531539745575, 30.0792976504428], [77.79581646792786, 30.079904352964927], [77.79491880571628, 30.081093294072225], [77.79484007964498, 30.081197563863956], [77.79515030624275, 30.081430757547402], [77.79701079579156, 30.08268736147021], [77.79737600068275, 30.082952983087885], [77.79775720156583, 30.083230237744107], [77.79831031102823, 30.083594509265644], [77.79848703588924, 30.083946344253906], [77.79823526985582, 30.084457172336805], [77.79822951140002, 30.08477766562684], [77.79759286313008, 30.085012656989594], [77.79674306572689, 30.085326324994753], [77.79828464215761, 30.086295874938187], [77.79882720428314, 30.086637108232203], [77.79969158540202, 30.08724360175662], [77.79977526016908, 30.087885966052877], [77.79966530495244, 30.088330385047904], [77.79943620187727, 30.089525823453002], [77.79920490980928, 30.090138107773498], [77.79916227756372, 30.090520214663606], [77.79973270882452, 30.091913877209446], [77.80011548030618, 30.092599986464514], [77.80047106219504, 30.093237356878582], [77.800842899184, 30.094085349012246], [77.80119041964628, 30.09552646810422], [77.80155917476849, 30.095315474042685], [77.80329926025101, 30.094573710867223], [77.80452425411679, 30.0940008730509], [77.80583272712502, 30.093418728660136], [77.80683887731759, 30.093427226018854], [77.8082335640979, 30.09335305377304], [77.80905466114328, 30.093384834219254], [77.8104469632787, 30.0927726784054], [77.81149558761018, 30.09222618103897], [77.81156459113082, 30.092188739989364], [77.81302594552395, 30.09139579609493], [77.81421004190466, 30.09043955637764], [77.81523653292528, 30.089636338554822], [77.81596886301034, 30.088968849946564], [77.81683545676418, 30.088453021042284], [77.81786451102396, 30.087923271265932], [77.81849031530066, 30.088475307666528], [77.81962706420826, 30.0874977103402], [77.82045644575005, 30.0867993242848], [77.82054346303505, 30.08672604964994], [77.82105658671398, 30.08627297971831], [77.82153941231952, 30.085842631577695], [77.82154458382296, 30.085838021633933], [77.8215476847829, 30.085835258385952], [77.82157030446722, 30.08581509632122], [77.82284283737718, 30.08578798072464], [77.82501010033604, 30.085785980793275], [77.82660411180197, 30.085879827457788], [77.82763889550134, 30.0859173940842], [77.82771560514394, 30.085926561248716], [77.82804939349462, 30.08596644886199], [77.82831192935967, 30.086123206558273], [77.82871552509947, 30.086678722461855], [77.82917875703134, 30.087419196402656], [77.83027269390087, 30.08683397440421], [77.83261701266092, 30.08894427410261], [77.83364839213732, 30.089953072587335], [77.83427341066395, 30.090564399356115], [77.83422376079882, 30.09134977924511], [77.83385991599847, 30.092399829422288], [77.83345835775768, 30.09362010243227], [77.83344081405485, 30.0936612460241], [77.83302863012064, 30.094627898783582], [77.83334644255247, 30.09508182469886], [77.8338765510118, 30.095838965157718], [77.83445154931609, 30.09665857191984], [77.83502215567344, 30.09727456534049], [77.83558583563466, 30.09784243563057], [77.83623268616078, 30.098306115150834], [77.83661056664741, 30.098486992506842], [77.83658102821795, 30.098807248716522], [77.83633142560521, 30.099119443081968], [77.83595374398503, 30.099600454842257], [77.8359225603312, 30.100013728034696], [77.83608124874965, 30.10047088512529], [77.835775156921, 30.100943064483754], [77.8361490349979, 30.101350947039474], [77.83645331083261, 30.101654891612018], [77.83640572089926, 30.1019904557659], [77.83649306593811, 30.102436322198763], [77.83653836177645, 30.103243625283014], [77.8368185054267, 30.103567922468912], [77.8373187636928, 30.103564259206397], [77.83795762708647, 30.103329826048146], [77.83805300154381, 30.10329482781699], [77.83826044083528, 30.102842579808993], [77.83872121978527, 30.102685784998187], [77.83885584490439, 30.10269751472735], [77.8393876632298, 30.10274385307103], [77.83965922673565, 30.10254058520634], [77.83989464252438, 30.10269887765708], [77.84029357873996, 30.103035180780807], [77.84087103604996, 30.10304799785428], [77.84122832128318, 30.102968684544972], [77.84160127482792, 30.10270167297605], [77.84199708939576, 30.102910905503883], [77.8419591558624, 30.103284519065156], [77.84235303993906, 30.10360940555723], [77.84310057390643, 30.10386754964389], [77.84379330009577, 30.103682915521397], [77.84414520873855, 30.103714857894794], [77.84451301451561, 30.103964558666075], [77.8447911988529, 30.103921714902015], [77.8451904908747, 30.103860219859715], [77.84521554758486, 30.104084641654048], [77.84525311857703, 30.104421156857907], [77.84578193091457, 30.10442137102637], [77.84619594000567, 30.10448807604878], [77.84672683479151, 30.10459722478262], [77.84710135272292, 30.10423480496057], [77.84748435830076, 30.104287554550908], [77.84791702730863, 30.10418443654418], [77.84839600673236, 30.104571730471033], [77.84923968763292, 30.104712239849047], [77.84946093542588, 30.10498723019249], [77.84948383457309, 30.10501569216844], [77.84941213072366, 30.10537782193488], [77.849701483073, 30.105851149036205], [77.85015870045088, 30.106136143838746], [77.85056624634014, 30.106127918871085], [77.85078175504621, 30.10634850509612], [77.85109657038379, 30.10626421609818], [77.85130489184976, 30.106450674248713], [77.85154050503856, 30.106640972037813], [77.85213543550228, 30.10666925677761], [77.8525635788111, 30.10682459484704], [77.85284178873475, 30.107045916506053], [77.85329157898823, 30.1070859519032], [77.8534532682355, 30.10746907102176], [77.85383751785253, 30.107895982961583], [77.8541692287321, 30.108192843694777], [77.85471836474377, 30.108601534210212], [77.85571481076815, 30.109189592747853], [77.85690407329655, 30.110178228696913], [77.8578687464819, 30.111014133222113], [77.8593076888811, 30.112288356634927], [77.86041144762007, 30.113241800558068], [77.86146237562612, 30.114372274687614], [77.86148668110776, 30.114397286747554], [77.86262339314617, 30.11556705592151], [77.8633518244912, 30.11632713931993], [77.86420477927048, 30.117217256843375], [77.86503625116265, 30.118058209636406], [77.86608616491056, 30.119184336816428], [77.86615025492983, 30.11955256320665], [77.86626643187076, 30.12007790453756], [77.86663109420218, 30.12069398734382], [77.86663354018042, 30.120737214791607], [77.86668255613806, 30.121603861791982], [77.8669582186597, 30.12197486998116], [77.86707774510299, 30.122537758172047], [77.86716163068644, 30.12311710091916], [77.86765180137313, 30.123769846835142], [77.86775214721051, 30.12408073201767], [77.86773286046969, 30.124452201264564], [77.86774334925649, 30.124873461784908], [77.8680776022974, 30.126035519397167], [77.8684121924068, 30.126879232226553], [77.86888630840483, 30.127421710785605], [77.87009529901988, 30.128447884374737], [77.87026777351626, 30.128756966595816], [77.87077771120093, 30.129558331947322], [77.87147950030246, 30.130917025085576], [77.87276697712547, 30.133692875651615], [77.87309908336553, 30.13425055292653], [77.87376181401271, 30.13536594340746], [77.87407577871747, 30.136049925961878], [77.87433177751305, 30.136817201654825], [77.87494331526469, 30.137316445869963], [77.8755182518011, 30.137725088826215], [77.8757705429691, 30.137904409251686], [77.87645252858937, 30.13866902781045], [77.87687256888, 30.139275708386666], [77.8770181241457, 30.139992130445275], [77.87701409494643, 30.140706395534654], [77.87708706387347, 30.141392856283037], [77.87711893717861, 30.14150270467519], [77.87722662884765, 30.14187385756018], [77.8777855093514, 30.142674723803392], [77.87816091375936, 30.143325829445846], [77.8787268019449, 30.144208820038372], [77.87912523269667, 30.144928541644127], [77.8795276227313, 30.14564483692812], [77.88008181406134, 30.146379116827266], [77.88018366589868, 30.147000010605225], [77.88019399679366, 30.147546336901133], [77.88019551415704, 30.14837072371919], [77.8803427799767, 30.149221161991672], [77.88061485456521, 30.149939219903075], [77.88117308086056, 30.150781211738334], [77.88165403663733, 30.151295904986867], [77.88224417146989, 30.1518944410518], [77.88275931877222, 30.15225837250683], [77.88310715909698, 30.152479338693713], [77.8842950510305, 30.153236873679926], [77.8854504854456, 30.154277814750568], [77.88653696391454, 30.155418193435725], [77.88680660337872, 30.155618610476207], [77.88727037243906, 30.15596332161759], [77.88791146718091, 30.156356315062776], [77.88828329103671, 30.156787054790517], [77.88892503180159, 30.157368941220696], [77.88945174556946, 30.157980338419716], [77.89008575982005, 30.158785308521928], [77.89061785886872, 30.15931087698115], [77.89135965445735, 30.160282169344438], [77.89171754100293, 30.160832906780016], [77.89253710339884, 30.161873894208632], [77.89302092373316, 30.162453708506924], [77.89363649222001, 30.163409618084273], [77.89394656618852, 30.1639871702818], [77.89454423931844, 30.165066420177958], [77.89496304456205, 30.165755325056875], [77.89564071707555, 30.16678072270988], [77.89626203847604, 30.167637080469245], [77.89680297018654, 30.168344666863366], [77.89766179603878, 30.16917665431755], [77.89856593063647, 30.169902659769704], [77.89895079024521, 30.170498450922878], [77.89921202635584, 30.17115776166514], [77.89964213725302, 30.171877708878185], [77.90027699526335, 30.1726414669968], [77.90074840288126, 30.17302881170676], [77.90129173775323, 30.17359911103754], [77.9020977323053, 30.174249823346642], [77.90312221426488, 30.174910669987806], [77.90385700915334, 30.17537357935232], [77.90462114188692, 30.175974157007087], [77.90551588042167, 30.176559223187784], [77.90610883747213, 30.17700647588288], [77.90681114289423, 30.177523830424676], [77.90789710994325, 30.178015215738704], [77.90846877447618, 30.178441944590592], [77.90873975235442, 30.178644223250867], [77.90952962470168, 30.179569574144846], [77.90960272014527, 30.179664851792904], [77.91010587015477, 30.180320693404322], [77.91079004737976, 30.18120521831704], [77.9113955542499, 30.181844963518355], [77.91166791437739, 30.182168538928405], [77.91201511131274, 30.18258102033163], [77.9121786304851, 30.183191284208668], [77.91217739516134, 30.18326370407483], [77.91217123535917, 30.183624877821067], [77.91217121617264, 30.183626002607816], [77.91211740066564, 30.183997333568467], [77.91180930914811, 30.184690529801813], [77.91155118147267, 30.185256266379227], [77.91153538513545, 30.185923357118707], [77.91168129682984, 30.18646448575789], [77.91171241157275, 30.186579877912788], [77.91223328081425, 30.187635721967986], [77.91289698323077, 30.18857092735938], [77.91296758389457, 30.188670407076327], [77.9131376394227, 30.189077887594202], [77.91329376235282, 30.189536129749282], [77.9134182255651, 30.1900109746127], [77.91359934291727, 30.190266207088836], [77.91409550018898, 30.190699641457062], [77.91461878833353, 30.19114365489492], [77.91479508971653, 30.1914991217503], [77.91475118228276, 30.191877549911553], [77.9141472534805, 30.192716938706454], [77.91378195060962, 30.19315840869488], [77.91353466205238, 30.193674931200743], [77.9134488769389, 30.19404389534948], [77.91345739982607, 30.19431602207982], [77.91359230070093, 30.19456809842694], [77.9137810815418, 30.19515553429756], [77.91390103788294, 30.195499887679826], [77.91386534267801, 30.196043641974512], [77.9139300755674, 30.196520641169542], [77.91404267252868, 30.19691392236699], [77.91419579271417, 30.197258698935425], [77.91438235309684, 30.197587534071545], [77.91455337825106, 30.198049526293698], [77.91464496969344, 30.198507839565515], [77.91474245117824, 30.199009768209173], [77.91483970393367, 30.19952522894161], [77.91498730720325, 30.199804719653173], [77.915108779116, 30.199985298079], [77.91516434754912, 30.200067906512768], [77.91550146041637, 30.200452623800984], [77.91577787544985, 30.200737026552027], [77.91630739724242, 30.201271838514693], [77.91697083101295, 30.201998712639725], [77.91745456251547, 30.202383124783637], [77.91788483363997, 30.20279675618389], [77.91801855038061, 30.2031195093745], [77.91798075999293, 30.2033911257178], [77.9176850858158, 30.203629836924108], [77.91768505166054, 30.203629863924295], [77.91768501748982, 30.203629891838897], [77.91723028582601, 30.204013331323218], [77.91717213634163, 30.20445690148384], [77.91725382386717, 30.204842094892303], [77.91746050898902, 30.205152797402825], [77.91775973657165, 30.205470811754047], [77.91790026522855, 30.20567470721481], [77.91793338302944, 30.20572275836303], [77.91812000196104, 30.2060882362508], [77.917953271938, 30.206548439091737], [77.91778025837705, 30.206858013872036], [77.91773595625477, 30.207245548881552], [77.91773472534697, 30.20725631182912], [77.91802455452392, 30.207805591125336], [77.91824857952508, 30.208131145178733], [77.91836165484195, 30.20857672365715], [77.91825855487473, 30.20910479582267], [77.9182460083351, 30.209842460257804], [77.91835349032303, 30.21027169808796], [77.91863915072692, 30.21086821911501], [77.9189667353628, 30.21134949924721], [77.91900192184094, 30.211370268672262], [77.91926367777482, 30.21152477276248], [77.9196002783451, 30.211723456053015], [77.9205809357689, 30.21221098818838], [77.92148757485823, 30.212609151409996], [77.92175387738476, 30.212715478480995], [77.92271819016055, 30.213100496821415], [77.92283859542334, 30.213164705512835], [77.92314465194652, 30.213327916289515], [77.92386614135035, 30.213313039395278], [77.92398161043569, 30.213310658493423], [77.92565449694352, 30.21325804512278], [77.92637973419733, 30.213128842926924], [77.92709512331389, 30.21311944364184], [77.92736242132416, 30.2131159319608], [77.92743576211274, 30.213114968484053], [77.92796436279409, 30.213150549705524], [77.92855153396485, 30.213394932030972], [77.92919785351798, 30.21371616392403], [77.92966814040575, 30.213916702709422], [77.93032644967066, 30.213953788840655], [77.9303656311753, 30.213955995390922], [77.93116677541592, 30.213973774931947], [77.93167928551901, 30.21419506073518], [77.9316864876335, 30.214198170749185], [77.93213135654474, 30.21443797932933], [77.93245013655024, 30.214749167364822], [77.93286339750861, 30.215165368330293], [77.93310987111326, 30.215542856139365], [77.93335780255201, 30.216258218736183], [77.93353048825574, 30.217001887487555], [77.93383676825712, 30.217636133242678], [77.9341171677779, 30.218119322040888], [77.9345337322084, 30.218977216129787], [77.93479858664581, 30.219327221023818], [77.93514738353973, 30.219584420097483], [77.93523329446008, 30.219647769758627], [77.93616820637216, 30.22005684452116], [77.93722043596729, 30.22046350910312], [77.93722047571576, 30.220463525156532], [77.93729242743892, 30.220492172197197], [77.93751655125598, 30.22058140832383], [77.93792453821612, 30.220887861968432], [77.9381225725401, 30.22126763453427], [77.93817709267911, 30.22137218705512], [77.93841138844118, 30.221989710882283], [77.93846955329099, 30.222575081232048], [77.93848518151754, 30.223256335761384], [77.93847210835624, 30.223315667851555], [77.93841728853921, 30.22356446397884], [77.93837134275392, 30.22428192580161], [77.9386091607726, 30.22458615041289], [77.93861158632177, 30.224587582370457], [77.93935088583262, 30.225024116355375], [77.9398483157977, 30.225311212449963], [77.94020045328732, 30.22576465409788], [77.94030926520374, 30.22607022606394], [77.94038456673489, 30.226464546347746], [77.94059288557624, 30.22699664281928], [77.94083657760346, 30.227542267624017], [77.94108435418732, 30.227838682490425], [77.94112111122611, 30.22788265433861], [77.94141458041285, 30.2281244163029], [77.94181388386711, 30.22831660413195], [77.94277718465713, 30.22844003294772], [77.94308804474917, 30.228454903539202], [77.94320312532147, 30.228460408583476], [77.94358750535545, 30.22855410898202], [77.94394406208144, 30.228745840053033], [77.94429482876609, 30.22906910741875], [77.94471872332474, 30.229497103978716], [77.94501934184495, 30.229620813061185], [77.94543371312471, 30.22976937510015], [77.9457946141333, 30.230129349557455], [77.94601782135497, 30.230410023435475], [77.94615067621943, 30.230771406939482], [77.94629105873214, 30.231324491756904], [77.94623696993624, 30.231785943113277], [77.94617110520768, 30.232095845026834], [77.94611701096501, 30.232350362412014], [77.94615338394091, 30.232731010178995], [77.94625433497714, 30.2329866027474], [77.94627902670106, 30.233049120270913], [77.94655220856743, 30.233595957478094], [77.94692118840587, 30.234106638645418], [77.94723689283157, 30.234249092339272], [77.94724509706577, 30.234250195753607], [77.94821327028492, 30.234380340842165], [77.94890699345324, 30.23464793183896], [77.94944537300674, 30.23483316850191], [77.94984338907128, 30.235104336934853], [77.95011915404692, 30.235442735489652], [77.95034430027515, 30.235823143385364], [77.95035991632169, 30.235849527195366], [77.95057020078082, 30.236111521859122], [77.95057022553314, 30.23611155326675], [77.950959702862, 30.236408259959447], [77.95139761333313, 30.236619326131084], [77.95161798444542, 30.23709473900758], [77.95175591143173, 30.23738874370622], [77.95201971705364, 30.237705952471135], [77.95225192546997, 30.23794136378195], [77.9526938512931, 30.23837817984514], [77.95280719394987, 30.23841566709191], [77.95384369203224, 30.23875848132109], [77.95416668712689, 30.23892543584586], [77.95433558643556, 30.23926860429957], [77.95459632258124, 30.239530711019196], [77.95475033922791, 30.239979871115068], [77.95501363408297, 30.240186724494535], [77.95542062470969, 30.240111645552325], [77.95582658422043, 30.24009823895155], [77.95622832092806, 30.240337699443298], [77.95678266496806, 30.240893688717957], [77.95743120309301, 30.241650233169363], [77.95766999987887, 30.241932327305744], [77.95797959242532, 30.242219789475577], [77.95839982417688, 30.242212095421653], [77.95876902264854, 30.242080167585264], [77.95916147050762, 30.24197416966747], [77.95955390516112, 30.242041120306197], [77.9596089084858, 30.24206688147445], [77.95986429216812, 30.2421864931733], [77.96030446106155, 30.242370820318584], [77.96061208473944, 30.24239937964152], [77.96127064880604, 30.24241380752258], [77.96127070355207, 30.242413809125], [77.96169335945748, 30.242395613335106], [77.96168327974554, 30.24241940936778], [77.96157815828327, 30.242667559994207], [77.96144024450433, 30.242962970857068], [77.96140892001169, 30.243030068781497], [77.96122039377822, 30.24329332274546], [77.96084020270571, 30.243767725304348], [77.96000102131225, 30.244266161695347], [77.95932937738216, 30.244682536129712], [77.95899381418745, 30.244739290883654], [77.95857947212647, 30.24480936734162], [77.9580514868493, 30.24491494274608], [77.95761871143358, 30.24481731970829], [77.95699576896637, 30.24469626141126], [77.95683288416011, 30.245190167390234], [77.95661490607101, 30.245458944740008], [77.95636469257883, 30.245308510835006], [77.95608328093753, 30.244884157453175], [77.95470546650668, 30.244742560958638], [77.95393536207351, 30.244696785628992], [77.95317355473269, 30.245384523100732], [77.95233519068876, 30.245430054776076], [77.95151099248864, 30.245331485938298], [77.94990052832397, 30.24362249944717], [77.94987649989505, 30.243264380727382], [77.94981557642615, 30.24235637714773], [77.94779758036654, 30.24158260825556], [77.94779060692528, 30.24158050256787], [77.94647767466152, 30.241183994274316], [77.94562169347898, 30.240864562901706], [77.9453518884974, 30.2404390474394], [77.94494386630737, 30.23999832027154], [77.94445065014791, 30.240042923653107], [77.94408864090224, 30.24007566001766], [77.94412932448735, 30.23930267548994], [77.94327275709236, 30.239460148972217], [77.94228306365724, 30.239848381210717], [77.94146617246813, 30.23984202899471], [77.9409632531258, 30.240104170055698], [77.9407284944362, 30.24061418496589], [77.9407689540899, 30.24136415127736], [77.94045514614623, 30.242045495804636], [77.9397535245786, 30.242868195896133], [77.93907400659403, 30.243200228439342], [77.9384774191245, 30.2435413248148], [77.93821304075522, 30.243890646878768], [77.93820432933427, 30.24440753479325], [77.93850549004999, 30.24516280917461], [77.93854022905315, 30.245635159955427], [77.93819155889061, 30.246260944008455], [77.93732760707258, 30.24680303250058], [77.93677488237141, 30.247329034889436], [77.9365684975616, 30.24807069524842], [77.93679735172616, 30.248516746021814], [77.9367991252434, 30.248520202649654], [77.93699006884236, 30.249213384392487], [77.93535189085227, 30.249227813339807], [77.93363922159085, 30.24924289868917], [77.93277439602569, 30.249552500224794], [77.93235934863696, 30.249973142418835], [77.93212805695792, 30.250397504926745], [77.93164049408995, 30.250677099724104], [77.9312510496319, 30.2508725083117], [77.93067762275402, 30.251160228392127], [77.93019074602687, 30.251115913396408], [77.93014207468025, 30.2511152925989], [77.92915326621385, 30.251102680040376], [77.92857663579616, 30.25145734657407], [77.92650402819507, 30.25202155372531], [77.9249702927026, 30.25251640666305], [77.9238644280106, 30.253016721097755], [77.9215810518901, 30.253711543021804], [77.92077560260695, 30.253967980682084], [77.9199400695859, 30.254141519234796], [77.91979618455193, 30.254171402563408], [77.91861465783644, 30.254481020199577], [77.91782897628417, 30.25468690195844], [77.917692373004, 30.254717804158574], [77.91661054233928, 30.254962532226404], [77.91453538719107, 30.255669453646362], [77.912633640725, 30.256502427449536], [77.91089051628718, 30.257042088170035], [77.9096830404585, 30.257702949506267], [77.90898139777076, 30.2583036289366], [77.90784874820241, 30.259079761240248], [77.9072245452608, 30.259643321021095], [77.90571653888112, 30.260547973301183], [77.90459938897231, 30.261057528066374], [77.90360416446055, 30.26151672821822], [77.90359345466752, 30.261521828208153], [77.90174489878592, 30.262402037334006], [77.90062853182725, 30.26286394103893], [77.8995472000264, 30.26320244170564], [77.89845701797351, 30.263416973829653], [77.89752977976264, 30.26372887761248], [77.8959391153669, 30.264327505273315], [77.89399976272338, 30.265416981034864], [77.89275396622224, 30.26574377459245], [77.89166456959119, 30.265910635815583], [77.89034359722852, 30.266141170091213], [77.88905422134148, 30.26644831571664], [77.88809467628157, 30.266721636619558], [77.88711416658961, 30.26693751774625], [77.88650720526105, 30.267071946722943], [77.88648567799817, 30.26707671445935], [77.88574061633078, 30.267033955831575], [77.88507474625564, 30.2668252207315], [77.88487038424721, 30.266584391284105], [77.88480559921777, 30.265888100075593], [77.88464809450535, 30.265476398531007], [77.88372094103637, 30.26451164289838], [77.88307397079741, 30.263845862185534], [77.88224443895011, 30.26294905402902], [77.88165168855454, 30.26232208051738], [77.88110654337075, 30.26211490417303], [77.88022010757875, 30.2619699567847], [77.87959918775053, 30.262003607822823], [77.87905425392223, 30.26211668285066], [77.87827843822436, 30.262554303901418], [77.87730627461195, 30.262922663045103], [77.87676132624904, 30.26325872661745], [77.87647426267361, 30.26343575348439], [77.87588157185314, 30.263554419685462], [77.87577594057042, 30.263575568914934], [77.87475381597963, 30.26391815767578], [77.87381653508547, 30.2641726334941], [77.87299202634725, 30.264472973035573], [77.87296248915156, 30.264483731986523], [77.87254726100751, 30.26458470569923], [77.87199830676195, 30.264548153193854], [77.87191651332627, 30.26454270662935], [77.87112618983895, 30.26488998578087], [77.8702392759137, 30.265402321580552], [77.86932609673855, 30.266162002600087], [77.86854877655986, 30.26619600807957], [77.86798612407742, 30.266220623026804], [77.86719320534445, 30.266125056354227], [77.86714610485285, 30.266119379258573], [77.86621637944415, 30.265961314915696], [77.86566560192034, 30.26586622065843], [77.8649450754041, 30.266275922327015], [77.8641743340459, 30.267046972642664], [77.86318463043149, 30.26778655730466], [77.86207621038935, 30.26841025185621], [77.86108498375906, 30.269235541013654], [77.86059285106732, 30.26976254872984], [77.85977816895, 30.27053299578386], [77.85907526609816, 30.271130892110637], [77.85866569289244, 30.271404168942194], [77.85809961724283, 30.271120560533873], [77.85790693149312, 30.270871407401703], [77.85763812328271, 30.27052382014621], [77.85685170475726, 30.27093261192612], [77.85630088748049, 30.27104918588745], [77.8558960822012, 30.271263023359545], [77.85540356436175, 30.271523192568665], [77.85485694256259, 30.271639945916725], [77.85485016410692, 30.271639988018592], [77.85436976421217, 30.27164290481668], [77.85404391780243, 30.271448065838246], [77.85390173469274, 30.27118180608964], [77.85375700712412, 30.27091078261984], [77.85311044025252, 30.270854600883087], [77.8513195144061, 30.270964280229254], [77.8503858225406, 30.271038629180005], [77.85008853774735, 30.271062302286158], [77.8493412051707, 30.271119089695677], [77.84827364776942, 30.27128594858878], [77.84766795007556, 30.271312941318392], [77.84764127663901, 30.271314130371703], [77.84694106097872, 30.271544553002016], [77.84652140328556, 30.27169141349554], [77.84633862478572, 30.272098632552222], [77.84639423312287, 30.272680493445208], [77.84659316345542, 30.27322614714092], [77.84684686826657, 30.274401281675136], [77.84710033379056, 30.27496671139362], [77.84720729290666, 30.275749306365935], [77.84719313473735, 30.276085378687842], [77.84706171024784, 30.27662118009691], [77.846953832664, 30.2765980602687], [77.84660098263362, 30.276522440798537], [77.84612895633921, 30.27652570515229], [77.8455100834862, 30.276765184171246], [77.8450264138257, 30.276806396642193], [77.84389950749748, 30.276600906107184], [77.84329714554346, 30.276526217326897], [77.84272636136684, 30.276528161409836], [77.84216806080961, 30.276444530497066], [77.8419082285628, 30.27624101853417], [77.84145015579169, 30.275453752506422], [77.8408615239174, 30.274088582739868], [77.84074369868182, 30.273815317000455], [77.84027878760783, 30.27403776921796], [77.83985793771923, 30.274251281945006], [77.83913058624913, 30.274538558827604], [77.83907425255808, 30.274560808391943], [77.83797582845177, 30.275169359370942], [77.83744068989807, 30.275638558755034], [77.83664962245486, 30.276304404795074], [77.8362012505354, 30.27683191569039], [77.83590885789108, 30.277267292839973], [77.83585213999893, 30.277351746018624], [77.83441278673992, 30.278656211391958], [77.83405336608469, 30.279118216357254], [77.83327255597356, 30.279822284117042], [77.83282635213465, 30.28022596619147], [77.83239404762305, 30.280380891664205], [77.83228985264941, 30.28041823230695], [77.83105788661643, 30.280916833834763], [77.82903565195348, 30.28168050248558], [77.82733603386971, 30.282200773621316], [77.8249711884164, 30.283093174606837], [77.82362032986342, 30.28375144858356], [77.82332065533733, 30.2838827193319], [77.82248084608936, 30.284250594065256], [77.81973539748442, 30.284937757525167], [77.8186173257647, 30.28546574358448], [77.81780601425693, 30.286026423651343], [77.81672067816545, 30.286564360876312], [77.81549572819965, 30.28692893986114], [77.81328451735304, 30.287813705341506], [77.81191159451451, 30.288471575993984], [77.81082621075527, 30.289009472856257], [77.80988246279317, 30.28960642983344], [77.80877511046839, 30.290144014657187], [77.80746900887867, 30.29074559387067], [77.8054382231654, 30.29135642018748], [77.8043423229911, 30.29186554923593], [77.80264384913315, 30.292919038747854], [77.80167087384444, 30.29330597119895], [77.79972198882844, 30.294241723562177], [77.79750109694733, 30.295650071269595], [77.79630394765587, 30.296291135889053], [77.79516251889913, 30.296885317381925], [77.79423458865517, 30.297206131532416], [77.79325691310709, 30.29785015366155], [77.79284188878046, 30.298339872340804], [77.7918839085236, 30.299107992229874], [77.79090981734375, 30.299551997902025], [77.78980482749019, 30.300232285191306], [77.7897805540085, 30.300247228802114], [77.78830579340247, 30.30118290569999], [77.78792280138997, 30.301426080376643], [77.78682122164734, 30.302239839426903], [77.78570899685069, 30.30303439308657], [77.78452606987754, 30.304094702508312], [77.78465643635295, 30.305382493906244], [77.784244459261, 30.30570075775345], [77.78301611281101, 30.30623650178515], [77.77950506815047, 30.307931786908497], [77.77694273799379, 30.309373253887955], [77.77521414899016, 30.310245019993804], [77.77418121089035, 30.31089768249716], [77.77223200864192, 30.31182354489425], [77.77097739142962, 30.311987321784475], [77.77028141005013, 30.312103769041034], [77.77015584773103, 30.31212477750196], [77.7683919073787, 30.312912809921535], [77.76791516606036, 30.313136000625978], [77.76684051800228, 30.31366420202503], [77.76577666717108, 30.314202069971355], [77.76437828415841, 30.31562122820538], [77.76370458506456, 30.316203413311772], [77.76364539786442, 30.31625456017721], [77.76281660539081, 30.316961915018144], [77.76211844440398, 30.317816997022202], [77.76211373278669, 30.31782276790735], [77.7616870120631, 30.31808944536234], [77.76115540608896, 30.31833931517054], [77.76050618921417, 30.318416097049486], [77.75869479748789, 30.3184006351982], [77.75837542199503, 30.31835654475521], [77.75708483848764, 30.318178369196797], [77.75590037626777, 30.318214994580934], [77.75577040875957, 30.31822808152548], [77.75469932285723, 30.318335925362554], [77.75385128932459, 30.31847661184329], [77.75270197128094, 30.318879849237543], [77.75098965835065, 30.319446745163297], [77.74964815696379, 30.320109357241627], [77.74954819029806, 30.320131889348595], [77.74903144727118, 30.320248359017455], [77.74859398791149, 30.320270566504544], [77.74848619457693, 30.3202782929705], [77.74813690203322, 30.320303329156392], [77.74759453040788, 30.320154764209356], [77.74700160262977, 30.32015483829198], [77.74664402723731, 30.320357294601138], [77.74603687415477, 30.32118252982428], [77.74596022706565, 30.32124353725115], [77.7453758696678, 30.321708646634644], [77.74378575301719, 30.322366891877227], [77.74128331639875, 30.32316822500593], [77.7401107419521, 30.32354370706577], [77.73846642838981, 30.32402691372613], [77.73790543548529, 30.324367561281665], [77.73730092183892, 30.32508008857652], [77.73724143105102, 30.325150209401084], [77.73625284378049, 30.325813037627665], [77.73555726031324, 30.325917183640897], [77.73447862222683, 30.326078682352847], [77.73395800532879, 30.32630372426269], [77.7336092718611, 30.326852372271475], [77.73344574413443, 30.327109642551747], [77.7331493661721, 30.327619893942643], [77.73208775644957, 30.328136055367608], [77.73010951298741, 30.328532533548284], [77.72961103585033, 30.32863243809015], [77.72896764027331, 30.328772781232814], [77.72864467390703, 30.329025944400318], [77.72838531597539, 30.329229244618002], [77.72800809893485, 30.3294562729084], [77.72745337461689, 30.32945680978394], [77.72713737877757, 30.329477277698526], [77.7266740270529, 30.329707245972656], [77.72596484712332, 30.32978443318762], [77.72519383074422, 30.329707457728258], [77.72519271022244, 30.329707345107067], [77.72473557053121, 30.329543213018116], [77.72398729528466, 30.32966547516988], [77.72296727567024, 30.329999635316145], [77.72184346443095, 30.33025766051469], [77.72157497153158, 30.330422154238956], [77.720837301752, 30.330874083816887], [77.71904018595022, 30.332873207261], [77.7181055259396, 30.333756100364425], [77.71677969915716, 30.335098089479388], [77.71577430253636, 30.336693467146066], [77.71474799965546, 30.33735933766045], [77.7142633753154, 30.33770097015078], [77.71405537885882, 30.338594053741975], [77.71384551623646, 30.33958666601614], [77.71354210018397, 30.339955732940936], [77.71212773515173, 30.340400417551056], [77.71160408665348, 30.340627679565436], [77.71073909526764, 30.341003081856954], [77.70977026001412, 30.34166143132399], [77.70944125248799, 30.342884648053925], [77.7094038089684, 30.34319243156357], [77.70923772286949, 30.344557632728442], [77.7089606376415, 30.34505150291724], [77.70648361578435, 30.346559660289497], [77.7060713871059, 30.347117985677382], [77.70593141230827, 30.348460000129418], [77.70562209890477, 30.34965028809361], [77.70515855996744, 30.350468441912426], [77.70334651437764, 30.353666668028936], [77.70223735512539, 30.35567523707055], [77.70107214497385, 30.356746988663637], [77.69989791862936, 30.357827021378824], [77.6993457519766, 30.35838646747916], [77.69842413613841, 30.36005136882121], [77.6978319269938, 30.362034020103355], [77.69729355536293, 30.362923253102352], [77.69668653519753, 30.36392586263981], [77.69555049265136, 30.365320067573027], [77.69472984413119, 30.3658061693213], [77.69400433041079, 30.369180616081604], [77.69305699732423, 30.370710199396537], [77.69207921434648, 30.371824547922525], [77.69145704652088, 30.373358733232692], [77.69114376690985, 30.374747973274857], [77.69068530347562, 30.375511466357764], [77.69039299123212, 30.375998259880255], [77.68974032430847, 30.37670551709041], [77.68953690765989, 30.376905625431327], [77.68948179381002, 30.376945025666522], [77.68875512925123, 30.377464522548618], [77.68840874231725, 30.37771215285974], [77.68713136931935, 30.378579450021945], [77.68606314944606, 30.379304732895395], [77.68534177674069, 30.378475366679368], [77.68473346330308, 30.377775977509124], [77.68309268930967, 30.3765082333459], [77.6825212501939, 30.37625416244026], [77.68182988296635, 30.375946769976117], [77.6806638336877, 30.37542832413625], [77.68015161453549, 30.375358880418116], [77.67902241218891, 30.37520578995444], [77.6780752599725, 30.37570659785429], [77.67785176770444, 30.37607079524415], [77.6771668853512, 30.37718685321184], [77.6767003429194, 30.378534155178116], [77.67669064203405, 30.37856216802926], [77.67622599111782, 30.380375548046516], [77.67633047041515, 30.38126512853367], [77.67648950072206, 30.382619144820715], [77.67662425595087, 30.383583366392177], [77.67665357543643, 30.385060403800214], [77.67692036614714, 30.386126055108814], [77.67688420082638, 30.387021458056687], [77.67654349832952, 30.387829553614665], [77.67544096957702, 30.388444251928725], [77.67454942451619, 30.388888166201518], [77.6744445599277, 30.38894037908088], [77.67361600325766, 30.389811789201975], [77.67299396995121, 30.390317207634286], [77.67245780712587, 30.390509573101994], [77.67243684535488, 30.390517093670283], [77.67146843296051, 30.390598524642854], [77.67097840780569, 30.390636752286582], [77.66862145747734, 30.39020019474839], [77.66859108708653, 30.390195177553696], [77.66678222416235, 30.38989633583898], [77.66503646326615, 30.389810673416537], [77.66495335432022, 30.389806595588464], [77.66414462852042, 30.389833641936878], [77.6625526747927, 30.38990193255682], [77.66140282259066, 30.389984938848865], [77.65972590286918, 30.39060785283883], [77.65975117432798, 30.391786178455078], [77.65971408791428, 30.392723034415067], [77.65948726915889, 30.393513295824533], [77.65933470263047, 30.394044848066404], [77.6589360286755, 30.39485276731548], [77.65844862274105, 30.39584049293424], [77.65724472180784, 30.397241661590932], [77.656677775925, 30.398361663038447], [77.6568732146559, 30.399148394076242], [77.65729187707173, 30.39977243357584], [77.6575073189155, 30.400264965047075], [77.65723258059212, 30.40072898552411], [77.65722505978135, 30.40073231749934], [77.65664169032775, 30.400990772581796], [77.65628461155426, 30.4008946806645], [77.65615054715416, 30.40085860219578], [77.65483573784613, 30.40084859339716], [77.65266004758952, 30.401327345444997], [77.65254031986345, 30.401387822861885], [77.65204534218091, 30.401637846722174], [77.65173169834789, 30.402023196481768], [77.65127821329456, 30.402713452088065], [77.65068153551105, 30.402887327198094], [77.64977998057441, 30.402990429028236], [77.64929475561784, 30.403340110579958], [77.64859938962232, 30.4039570207887], [77.64829192279808, 30.4042297936232], [77.64797360478761, 30.40457888019084], [77.64792745689581, 30.404629487742984], [77.64731519020465, 30.404769745668062], [77.64621882346482, 30.404539897372263], [77.64566907110083, 30.404319382968392], [77.64506023895153, 30.40407517139233], [77.64298512371492, 30.403497608095634], [77.64089233489615, 30.40284510284994], [77.63972042202414, 30.40208151097282], [77.63849929806128, 30.400894132069062], [77.63698238025403, 30.39982519841331], [77.63590302271727, 30.399064593915046], [77.63381383939178, 30.398497368536344], [77.6333177695737, 30.398362681844283], [77.63293292783078, 30.39825819476274], [77.63130131331495, 30.397826232554685], [77.63100975250643, 30.397749042850606], [77.63059415447331, 30.397797680835726], [77.62924495123248, 30.39795558468927], [77.62829483954278, 30.398588767349413], [77.62661356393282, 30.400405806366802], [77.62551465104235, 30.401799969221877], [77.62526063984741, 30.40255943182823], [77.6251865218717, 30.403910486242417], [77.62508332477002, 30.404351844946554], [77.6249543051851, 30.404648464691533], [77.624310488285, 30.405156880771358], [77.624214467841, 30.405170375131753], [77.62365799388303, 30.40524858014732], [77.62288287593643, 30.405245541501074], [77.62211324319391, 30.40496054142387], [77.621766388784, 30.404629337961747], [77.6206663624198, 30.403578940079687], [77.61964505841223, 30.402950132724875], [77.61848755940612, 30.402435459045382], [77.61753492650931, 30.402366371536875], [77.61743785990816, 30.40235933135821], [77.61599912532579, 30.40244875612062], [77.61558694381745, 30.402570981387534], [77.61461303182725, 30.402859779250864], [77.61380110976974, 30.40300780366433], [77.61365963445725, 30.403033597017792], [77.61221571806809, 30.403106626395928], [77.61137883369099, 30.402837175875547], [77.61009049258786, 30.402186966884333], [77.60998129166514, 30.40213185529918], [77.60872819029258, 30.402084703171138], [77.60861278335716, 30.402080360153338], [77.60850201790228, 30.402075985695163], [77.60738479841962, 30.402031856605895], [77.60700691849131, 30.401971530311197], [77.60600691484794, 30.401817790497574], [77.60594555574588, 30.401813900665612], [77.60504556828461, 30.401756842977694], [77.6047460406459, 30.401813570760744], [77.60463165222814, 30.401835235372168], [77.6039708972904, 30.40228846095192], [77.60389058417708, 30.402378486291173], [77.60353259893087, 30.402779759902025], [77.60301141509129, 30.40300434690244], [77.6026289259993, 30.402500984761964], [77.60221790325272, 30.401988905907572], [77.60183240690536, 30.401422019369377], [77.60195852914637, 30.40106429169002], [77.6023676697662, 30.40069703507499], [77.60243109465948, 30.400391040967076], [77.6022801845018, 30.399983679726958], [77.602278390595, 30.399978835949398], [77.60203208816168, 30.39975470366892], [77.60169724472973, 30.399749762818235], [77.6011859629658, 30.39995790098613], [77.60012072489364, 30.40059751451261], [77.59965942533418, 30.40105202971506], [77.59964122681279, 30.40106996044854], [77.59950589331612, 30.401691721842152], [77.5996581039979, 30.402224875079515], [77.59977688928082, 30.402998099112573], [77.5991648131936, 30.403951319327096], [77.59830332486355, 30.404934034254286], [77.59690931119917, 30.405742966006088], [77.59600382509318, 30.40608607160703], [77.59588768318643, 30.406130079685184], [77.59489101118422, 30.40617765417013], [77.59336864618314, 30.406213192712734], [77.59189280809798, 30.406315766322425], [77.59041797706833, 30.406326914249398], [77.59041718235062, 30.406326724186233], [77.58957102929739, 30.40612374477608], [77.58841215408813, 30.40568349564787], [77.58744004758111, 30.405478278372225], [77.58646450230043, 30.405447207325143], [77.5854499764342, 30.404967603955644], [77.58350579893286, 30.40310544046116], [77.58259376151204, 30.402209518879577], [77.58238228898155, 30.40199056936242], [77.58234772486671, 30.401945400301145], [77.58192243735698, 30.401389636248343], [77.58191085520825, 30.401007876932198], [77.58230305681816, 30.400532574504034], [77.58255224493966, 30.400030261461417], [77.58216508904611, 30.39976734452125], [77.58092171818943, 30.399732253566008], [77.58033349712471, 30.39947463619323], [77.5797488943186, 30.399034570330535], [77.57866616443557, 30.398620264096035], [77.57821203142556, 30.398289892627073], [77.57757187261387, 30.39782418527848], [77.57603018589691, 30.397436873434632], [77.57580163713415, 30.397895015908354], [77.57580066613002, 30.397896962558157], [77.57579969305333, 30.397898907348456], [77.57511054823125, 30.399263993562567], [77.57482701738262, 30.399974189935396], [77.57456178181877, 30.40062851668116], [77.57391246865609, 30.40258874003793], [77.57324751932718, 30.40454908690347], [77.57261396347468, 30.406563376427993], [77.57235682380106, 30.40795818977993], [77.57233207191433, 30.40908127668741], [77.57230920947134, 30.410502069444515], [77.57240074582653, 30.411033897343305], [77.57311669672973, 30.412433438150714], [77.57399003457108, 30.41319289644759], [77.57426738570003, 30.413434080955792], [77.57554713488318, 30.414171673266942], [77.57558941931595, 30.41419304278522], [77.57707070199731, 30.414941624340702], [77.57878141300168, 30.415583593590082], [77.5800203481306, 30.416366673194396], [77.5803119582492, 30.416550986958434], [77.58112202828154, 30.417124666884398], [77.5814175913833, 30.41765672436034], [77.5817467105179, 30.418041899647143], [77.5819657432463, 30.418382843757755], [77.58340905745595, 30.41960320625063], [77.58391944551943, 30.420077640940917], [77.58444289139696, 30.42056420652484], [77.58618285078259, 30.421635223692856], [77.58838422103159, 30.422500230179303], [77.58929812055747, 30.422859336463244], [77.59095980932852, 30.42304986528995], [77.59165252294616, 30.423376253491824], [77.5917424039108, 30.42341860286226], [77.59245368950843, 30.4239844428855], [77.59318150892295, 30.425197387355887], [77.59318649548533, 30.42520515439193], [77.59345276757375, 30.425619907138223], [77.59351895154425, 30.42572299663458], [77.59456429930472, 30.426653480150765], [77.59612056185502, 30.427340089643266], [77.59841057337796, 30.428108335802126], [77.59870705023691, 30.428207798639978], [77.60275945928213, 30.42900583990316], [77.60377344909507, 30.429227844222293], [77.60446552230785, 30.429379368572317], [77.60851069905185, 30.430550425671715], [77.61034606890712, 30.4306769469211], [77.61199107026559, 30.431105785990926], [77.61284125066062, 30.43132741409442], [77.61464486228842, 30.432100416716374], [77.61905228517037, 30.433848857004723], [77.62032637887889, 30.43419636686892], [77.62110898519924, 30.434409822529467], [77.62187118234932, 30.434558415588448], [77.62267292527187, 30.434714716787337], [77.62449052328233, 30.434774456966128], [77.62594608758266, 30.43474594780457], [77.62616577577101, 30.434467441981184], [77.62657707558759, 30.433980358933823], [77.6265771419394, 30.433980310535432], [77.62661812658237, 30.433950762944743], [77.62694023580303, 30.43371853311161], [77.62697688816118, 30.433689105936352], [77.62783708883582, 30.432998461281016], [77.62946087584962, 30.43219266180309], [77.62996383345084, 30.43203974221754], [77.63086671591431, 30.43176523068103], [77.63190954743986, 30.431299321475283], [77.6327700473211, 30.431305008594418], [77.63286141253475, 30.431305611204486], [77.63410553868967, 30.431588426651064], [77.63515474335155, 30.432275567737747], [77.63575064810894, 30.43267979536516], [77.6358400685132, 30.432740453285017], [77.63646869614645, 30.433132445280858], [77.6369930970123, 30.433239603016652], [77.63732819420916, 30.433236177639653], [77.63805584784903, 30.432979718590722], [77.6392268746599, 30.432566992800222], [77.64057702883915, 30.432047426555783], [77.641534990151, 30.43184628648462], [77.64157968244811, 30.431847562878733], [77.64326017701055, 30.431895557173796], [77.64432874355064, 30.432313686734854], [77.64506526715294, 30.432601882310685], [77.64572359500802, 30.43316948024906], [77.64593873330112, 30.433354969102563], [77.64600103481335, 30.433408684727425], [77.64669021802223, 30.434790742305516], [77.64683884380815, 30.435105668032357], [77.64705658850556, 30.435567051067174], [77.6477063135117, 30.437616949863262], [77.64864888940184, 30.44036781941537], [77.64860579608728, 30.441611390067106], [77.64853666163965, 30.443486665872793], [77.64855944705408, 30.44357163596724], [77.64879386579503, 30.44444581473825], [77.64899618725057, 30.44520029456208], [77.64948868959048, 30.445969908777997], [77.64990696880298, 30.44662352987483], [77.65145550376006, 30.447740776129255], [77.65236759767194, 30.44810231160011], [77.65412288838904, 30.448426243598416], [77.65532676490673, 30.448294907884563], [77.65539637659288, 30.448287312919103], [77.65714562866059, 30.44755742040475], [77.65803345456214, 30.447188661943894], [77.65901349013113, 30.447268186352677], [77.6600216244024, 30.447349990556788], [77.6614955192257, 30.447371190603945], [77.66219542310989, 30.447240003042218], [77.66297512802173, 30.447093855317508], [77.66432771966777, 30.44644972857101], [77.6650652412348, 30.44592946700649], [77.66582575906864, 30.445708138630227], [77.6667261914542, 30.445679587682942], [77.66758757924563, 30.445660962782295], [77.66893629987756, 30.44524678631185], [77.66972216762166, 30.444815989914275], [77.67076475751375, 30.44424446064786], [77.67189315202336, 30.444423201445186], [77.67444886593614, 30.444828034636362], [77.67699554340204, 30.445309201761642], [77.67891307040762, 30.445671495641562], [77.68127320947579, 30.446139772287907], [77.68198839923362, 30.446281675455488], [77.68370031681586, 30.44662130836122], [77.68801173848688, 30.447476583522228], [77.69024063422215, 30.448072274618003], [77.69168066315271, 30.44887240069152], [77.69273599243992, 30.44976658502397], [77.69398341511709, 30.451642223693696], [77.69480555027062, 30.452791097776156], [77.69499079343159, 30.4530499598868], [77.6963967469516, 30.454645804789767], [77.69793342377056, 30.45591170940969], [77.70053007436955, 30.457325294390262], [77.70270668308694, 30.458338314082944], [77.7027762800383, 30.45837070461761], [77.70423553928457, 30.458837428451844], [77.70624216662588, 30.459048212881466], [77.7071949773054, 30.459293883403884], [77.7077775256522, 30.459882691989357], [77.70785922948504, 30.460630323332293], [77.70835400276093, 30.46181507278206], [77.70956520752176, 30.46257860757651], [77.71076101563935, 30.46314285712797], [77.71283174942059, 30.465046463779352], [77.71467684914246, 30.466731217985487], [77.71499073856656, 30.46716869639094], [77.71592726754106, 30.468473952173742], [77.71684086055079, 30.469797237694422], [77.71768037618737, 30.470986769702666], [77.71815063062557, 30.471358493424717], [77.71881266713025, 30.471881818236024], [77.71957246900138, 30.472294856364908], [77.72097388247794, 30.47305668050375], [77.7226828122002, 30.473303241974616], [77.7232657946263, 30.473387354726718], [77.72561762669153, 30.473586132943872], [77.72791048347952, 30.473866989841046], [77.72878766518713, 30.473700727280175], [77.73027435994405, 30.473418939595142], [77.7317149117936, 30.47319021091686], [77.73222475872866, 30.47334003851669], [77.73438145876025, 30.473973826059353], [77.73939848398284, 30.476067338740183], [77.74250962271203, 30.477669789389672], [77.74495162694991, 30.479213141174746], [77.74627413261452, 30.480193551913207], [77.74738389950755, 30.481287116822976], [77.74804617021333, 30.48177193373246], [77.74863108219365, 30.482200111543825], [77.74928116771184, 30.482258866659972], [77.75076849387173, 30.482946725012855], [77.75118828564267, 30.483140865350443], [77.75182595660867, 30.48350993763378], [77.75315914154257, 30.484281544067827], [77.75506408136341, 30.48570800801084], [77.75690892867196, 30.486803884339075], [77.7584121413527, 30.4878759177438], [77.76100413643776, 30.48915406889859], [77.76303735170947, 30.49021422810585], [77.76435589818755, 30.491130741154034], [77.76692683200334, 30.492360709852807], [77.76784549263692, 30.49270531707385], [77.76859287939102, 30.49298567595385], [77.76981251562532, 30.493279557014244], [77.77285335896819, 30.493560136731855], [77.7744164270185, 30.49386345903695], [77.7745091728556, 30.493881456209206], [77.77566397177159, 30.494363166256562], [77.77590847202455, 30.49462556520225], [77.77727763165218, 30.496094920335963], [77.7775068154376, 30.49634087182807], [77.77936015826435, 30.49786251099296], [77.78033121861893, 30.498515073955502], [77.78083989832602, 30.498856908281773], [77.78132701664144, 30.499202410044976], [77.78139657795322, 30.49925174799376], [77.78172766030451, 30.49964366592078], [77.78186960422433, 30.499861300475946], [77.78194712874075, 30.499980164734744], [77.78212919617168, 30.500247524878265], [77.78306715406548, 30.500630759847105], [77.78448902826655, 30.50067690671206], [77.78585852218315, 30.500677833003344], [77.78787436548237, 30.500864095203205], [77.7885845949179, 30.50084201539926], [77.7892962984712, 30.500819888544015], [77.790598531181, 30.50071701063829], [77.79183283623166, 30.50076292342351], [77.79368192466183, 30.500673839572457], [77.79490948471604, 30.500804617144702], [77.79661924445604, 30.501009428497635], [77.79765050425546, 30.501023570691498], [77.7989526585677, 30.501024278605097], [77.79985892681894, 30.50111505194625], [77.80097324859209, 30.501381755761663], [77.80216577703884, 30.501743289893497], [77.8035509980981, 30.502073230003298], [77.80509748181547, 30.50266940339223], [77.80629501056147, 30.50330601316328], [77.8073935662192, 30.50406431267272], [77.80832900096405, 30.504841722526468], [77.80881751045905, 30.50494403831942], [77.80881756515676, 30.50494404911055], [77.80926153704596, 30.504966437495547], [77.8102785995935, 30.50493165698827], [77.81131957235748, 30.504998699098092], [77.81136418980837, 30.505001572514495], [77.8124713158423, 30.50510867300126], [77.81371793171247, 30.505141376210023], [77.81422144311748, 30.505154584340044], [77.8149650804119, 30.50519769497305], [77.81601290304259, 30.5056514754777], [77.8172855319628, 30.506334621384973], [77.81760667491153, 30.506643210516508], [77.81792194571784, 30.50697046332145], [77.81809628575706, 30.507262553509786], [77.8182389149696, 30.507509703531262], [77.81836090418874, 30.507765994782886], [77.81851605584775, 30.508135072875568], [77.81851673592574, 30.508178032584553], [77.81853700478872, 30.509459245579293], [77.81863539000926, 30.51026697423417], [77.8186458027445, 30.510352465272362], [77.81862448241448, 30.51128584982186], [77.8185171314087, 30.51170312782605], [77.81838430366369, 30.51221942879408], [77.81825463810908, 30.513515500424248], [77.81825460540668, 30.513525473838744], [77.81825118107417, 30.514563240328876], [77.81857871527201, 30.51584026291332], [77.81874660641218, 30.51649483007274], [77.81899027752142, 30.5188385501784], [77.81923475176895, 30.520027588227766], [77.81951756177351, 30.521446462533827], [77.81965427467898, 30.52312952049421], [77.81969184817731, 30.523592076008146], [77.81981627029731, 30.52413255270783], [77.82021464230995, 30.525041025499167], [77.82074938817607, 30.52544349515993], [77.82173715773197, 30.525811627293884], [77.82208591566301, 30.5258235330541], [77.82341928222108, 30.525868758181026], [77.82342846086583, 30.525868777660822], [77.82443757919121, 30.525870886389217], [77.82513162688079, 30.525971821085978], [77.8258519933395, 30.526304267787292], [77.82622447422953, 30.52672728493768], [77.82648941433503, 30.527203504270247], [77.8268129679112, 30.527804465255137], [77.82733509569344, 30.529172203730138], [77.82779390813737, 30.531054404533126], [77.82776759092287, 30.53141764017867], [77.8276680525581, 30.53279151332864], [77.82708360144818, 30.53391377563872], [77.82608769684457, 30.53444768654375], [77.82559375546677, 30.53495448513249], [77.82537999273794, 30.535173812682245], [77.82502799981869, 30.536059976631094], [77.82431455209827, 30.53858099679446], [77.82426046330687, 30.539025188456048], [77.82410273621335, 30.540320469247906], [77.82382332864076, 30.541185949322934], [77.82350932662679, 30.542007498223693], [77.8233185037991, 30.54231264477758], [77.82246978846958, 30.543203544417658], [77.82198152947609, 30.543609868285262], [77.82198145982831, 30.54360992493316], [77.82197157939623, 30.543618084215176], [77.82069236948908, 30.544674296982294], [77.82034804573908, 30.54524018848624], [77.82010828898721, 30.54618477755789], [77.82009838912064, 30.54622377527298], [77.82008882815502, 30.546263012410634], [77.81993962175247, 30.54687538598363], [77.81997151030161, 30.54749334914277], [77.81999267150232, 30.547903403489293], [77.81999732314418, 30.547993532576108], [77.82031361391392, 30.54844022178533], [77.8211780214727, 30.549744903784262], [77.82178014617669, 30.55125125501798], [77.82225335832135, 30.552435089749437], [77.82234011648868, 30.55279114522935], [77.82254446413742, 30.553629787477586], [77.82256898430369, 30.5537304154461], [77.82237533216514, 30.554391837521596], [77.82177839748174, 30.555040358315832], [77.82074564067271, 30.556036612180183], [77.8202396617077, 30.556515716711477], [77.81994208978895, 30.5569536699516], [77.81921266459806, 30.55809442774], [77.81838622814337, 30.55912140987425], [77.81829735859579, 30.559421744982643], [77.81779704768435, 30.56111250844121], [77.8173835744388, 30.561346829314097], [77.8166686324749, 30.56135201718342], [77.81574157236952, 30.56095751824587], [77.81398954307014, 30.560129017708967], [77.81236951765877, 30.558856346816526], [77.81122393862405, 30.557358439851374], [77.80971313459467, 30.5565819231744], [77.80834272038994, 30.55619790158778], [77.80745201781554, 30.55551187238412], [77.80660565266713, 30.554757317500272], [77.80636877084076, 30.554546130953657], [77.80538393253981, 30.554374288185283], [77.80425269708374, 30.554878802120804], [77.80327227887858, 30.555856941293033], [77.80276857932772, 30.556546383462194], [77.80254024756394, 30.55680580812945], [77.80160850908725, 30.557461148457598], [77.80075392321599, 30.557726148084804], [77.8006551366567, 30.55772499353651], [77.79963847865375, 30.557713093972296], [77.79892465227572, 30.557509781159535], [77.79849776561808, 30.556972822989287], [77.79801905947276, 30.556007341087813], [77.79776436445866, 30.55516379138163], [77.79717105317451, 30.554112578921703], [77.79680508355942, 30.553979127070384], [77.79569671337237, 30.55357496151723], [77.79534244874482, 30.553502600342966], [77.79490520958058, 30.553413292145798], [77.79410228470898, 30.553249292530435], [77.79325794561109, 30.55343819075711], [77.79132379329192, 30.554284883812983], [77.79072955957629, 30.554482919744974], [77.79035193812523, 30.554743089248415], [77.79029999139051, 30.55477887798788], [77.79024804460869, 30.554814667621674], [77.78954584037619, 30.55529845990753], [77.78920903792458, 30.555638273385156], [77.78851829721454, 30.556335186892078], [77.7882681671163, 30.556622707671874], [77.787878991487, 30.557028421325636], [77.78780524997234, 30.557069752119723], [77.78707374372016, 30.557479752226023], [77.78677756199927, 30.557709287892152], [77.78555603639921, 30.558655932925884], [77.78449225606994, 30.559399306570846], [77.78352785306825, 30.55989172131466], [77.78272684669862, 30.56000567921034], [77.78187041718287, 30.559857507732442], [77.78030762103143, 30.559125799323574], [77.7791115993578, 30.558430482478563], [77.77903766003615, 30.558387496489527], [77.7785752355987, 30.55817861674535], [77.77796134646235, 30.557916468326066], [77.77795270119984, 30.55791277589836], [77.77794405592111, 30.55790908438389], [77.7772498422008, 30.55761262950449], [77.77545198236407, 30.557566142479196], [77.77402367049525, 30.557894288117243], [77.77377790659664, 30.558045418224232], [77.77305730086454, 30.558488545032365], [77.77278428825007, 30.558656879442985], [77.77277564563431, 30.558662644232722], [77.77178646753295, 30.559322350496092], [77.77164083719558, 30.559677015226793], [77.77146250924696, 30.56011131388999], [77.7710290628621, 30.560927291983344], [77.77060088578713, 30.561639604511694], [77.76992218746209, 30.562802624578026], [77.76901730312848, 30.563691934053935], [77.76901579426072, 30.563693416792148], [77.76816904797195, 30.56455566835772], [77.76751666092972, 30.565398515320013], [77.76745671071984, 30.565724299543884], [77.76728596172022, 30.566652194208338], [77.76723575233132, 30.567235854857607], [77.76716453205646, 30.568063742736335], [77.7672153927297, 30.569254467008225], [77.76736529742882, 30.5703370572542], [77.76713503923321, 30.571202768828265], [77.76667034492806, 30.57186995859733], [77.76601806945443, 30.57253685632502], [77.76563398465905, 30.57282989514832], [77.76485476029218, 30.573424395794238], [77.76403032576012, 30.574199415398013], [77.76343539666863, 30.574870924728895], [77.7629235576343, 30.575745458269854], [77.76249333643031, 30.57611121135618], [77.7624753393528, 30.5761209950698], [77.76166635372, 30.576560760293663], [77.76109224290437, 30.57705593489072], [77.76064483673309, 30.577627998958278], [77.76035543691333, 30.578382675304976], [77.7601032842961, 30.578694977024625], [77.75987367029511, 30.578922472126887], [77.75985213517401, 30.578943809702558], [77.75984979843889, 30.578946125364283], [77.7594790576391, 30.57937312815348], [77.7590119874057, 30.58025643673471], [77.75898688391774, 30.580303910940284], [77.75816202381412, 30.582226860866427], [77.75772943812592, 30.58320919301663], [77.75759222647095, 30.583520777509175], [77.75746194136356, 30.583854232346628], [77.7572681041828, 30.584350339359084], [77.75701713624584, 30.584864990174268], [77.75698254354724, 30.584935927677826], [77.75654317961154, 30.58574251229093], [77.7564558174303, 30.585827271607855], [77.75622568502729, 30.586050546319424], [77.75615412295699, 30.586119974272215], [77.75584813287452, 30.58629123286539], [77.75532620447552, 30.5865179427233], [77.7547676345833, 30.586642408253546], [77.75411649628363, 30.58678749917732], [77.7526819933986, 30.58752130845422], [77.75195649038746, 30.588152027106386], [77.75057879860724, 30.58929181780327], [77.74915057068854, 30.59040109608132], [77.74910912259972, 30.590460811733333], [77.74891262748199, 30.590743910039738], [77.74888985604174, 30.59077671692774], [77.74877983057763, 30.591202772582367], [77.74837496536875, 30.591507524900727], [77.74723691930876, 30.591889794201272], [77.74616126137211, 30.59200758154771], [77.74514524342358, 30.592010104400043], [77.74412554306764, 30.59221156992251], [77.74385633284751, 30.592364218190607], [77.74358310781484, 30.592519144378866], [77.74314951932077, 30.59315989660179], [77.74286740081469, 30.593902244995153], [77.74281280283806, 30.594780415568387], [77.74283344890394, 30.59560333120034], [77.74283415496164, 30.595631488133144], [77.74324636167186, 30.596212599321632], [77.74358371325208, 30.596385617195768], [77.74417685705657, 30.596689823709102], [77.74650541716795, 30.597013618132426], [77.74678934614997, 30.597516002262594], [77.74678836520498, 30.59806623144059], [77.7465733623372, 30.59858160497798], [77.74568280941429, 30.599403006048668], [77.74467144603788, 30.600089851965684], [77.74402264301169, 30.600485894658654], [77.74346884791261, 30.601016766366502], [77.74335923173697, 30.601280146421512], [77.74330969021673, 30.601399180688794], [77.74328953350542, 30.602108871482372], [77.74331275444601, 30.602429266332607], [77.7438948829176, 30.602867850655887], [77.74421143485206, 30.603056920544986], [77.74427264989598, 30.60309348268179], [77.74432913934365, 30.603119946151796], [77.74609386789841, 30.603946667379603], [77.74731867025797, 30.604063108002943], [77.74817416072051, 30.60374371198967], [77.74868927551921, 30.603551394193296], [77.74912103453669, 30.60301011690447], [77.74952698750732, 30.602546603905655], [77.74958049487265, 30.60248550916993], [77.75091715284081, 30.602019655916287], [77.75189236501241, 30.601831153632318], [77.75245997513842, 30.601959292006914], [77.75256308888656, 30.602020484674153], [77.75284666161573, 30.60218877065611], [77.75292238996084, 30.60223371156408], [77.75368680152157, 30.602861064360173], [77.75410175417373, 30.603514078304595], [77.75448916791909, 30.60412375041923], [77.7548573110178, 30.604527450451545], [77.75563068496503, 30.60474399683373], [77.75660901614869, 30.604446224861384], [77.75773761648308, 30.60346445819659], [77.75859614933465, 30.60246166609658], [77.75977191743006, 30.601353614446275], [77.76041749988558, 30.600569670365736], [77.76083168504302, 30.600004425890955], [77.76135184271023, 30.59886156030583], [77.76213216607505, 30.597546749077697], [77.76312895858737, 30.59670880300007], [77.76389576399568, 30.596247677881205], [77.76434980133479, 30.595974634217452], [77.76472828478533, 30.59586248826214], [77.76538967800988, 30.595666510728385], [77.76546163873596, 30.59564518790569], [77.76617377838998, 30.59555493222781], [77.76699787578873, 30.59553218789624], [77.7674262248439, 30.595521691500384], [77.76815082420784, 30.59567107929895], [77.76938068728577, 30.595960492319577], [77.7694638523153, 30.59598288332805], [77.77042328761077, 30.59624120198643], [77.77068684768122, 30.596392236408835], [77.77096168872397, 30.59654973680508], [77.7716685346951, 30.596954796459514], [77.77212136548393, 30.597767023394976], [77.7723809717282, 30.598709847202553], [77.77214021377164, 30.599643177212403], [77.7718160468081, 30.600535975783213], [77.77137681863204, 30.601342525360327], [77.77137179120771, 30.60135175777009], [77.77086329726536, 30.602656044733152], [77.77084082046625, 30.602715744219616], [77.7705786838214, 30.60341197186187], [77.77057011027996, 30.60343474369682], [77.77045650717503, 30.604174552215976], [77.77021065670925, 30.604954635276], [77.77020942287925, 30.606073084861485], [77.77018760596168, 30.606948073690706], [77.77043171866517, 30.60784580054621], [77.77066528090434, 30.608910340039927], [77.77083336585507, 30.60927150846037], [77.77101386402221, 30.609659346637738], [77.77106499470953, 30.61058394282589], [77.77079315679876, 30.611201636521947], [77.77040659605579, 30.611864274541546], [77.77015755076675, 30.61221587364099], [77.77013080557795, 30.612253630740703], [77.7701040625018, 30.61229138694808], [77.76984783020278, 30.61265313000567], [77.76919318281267, 30.61374241737795], [77.76918781254503, 30.61375135235463], [77.76918423270162, 30.613757309923923], [77.76904861104958, 30.613982972030662], [77.76893317445055, 30.614569169565037], [77.76932877082123, 30.615295602108677], [77.7700203345952, 30.615745034173532], [77.7700241178628, 30.615747418047572], [77.7711057008302, 30.616429040565308], [77.77155924131387, 30.61656473552888], [77.77211180311902, 30.61678612843568], [77.77248199080708, 30.616799962899826], [77.77273890520647, 30.616637828277494], [77.77310292307727, 30.616408102594068], [77.77363543621323, 30.615876309937594], [77.77378750274619, 30.61567363408561], [77.77382459884585, 30.615624189596602], [77.77382462157911, 30.61562415975106], [77.77433632890894, 30.614904238149634], [77.77438453350425, 30.614802081308834], [77.7745859801174, 30.61437516515924], [77.77510018016854, 30.614016283879376], [77.77515616832791, 30.613977207558825], [77.77642749905728, 30.613591837988267], [77.77838336889418, 30.61312422598415], [77.78024525172256, 30.61289108022047], [77.78113603333092, 30.61288404863959], [77.78121730483564, 30.612883406652404], [77.78212238403201, 30.61296909969927], [77.78314418521023, 30.61323586504786], [77.78434307397819, 30.61370580336669], [77.78557848389886, 30.614166631743203], [77.7867150868108, 30.61436137051804], [77.78744795266795, 30.614254490615526], [77.78831610989366, 30.614127879068285], [77.79069939172622, 30.613854355092922], [77.79255065929478, 30.61369311755799], [77.79451167263879, 30.613299723300802], [77.79585140728668, 30.61329433965434], [77.79625551986253, 30.61379915525672], [77.79640890929504, 30.61435853144401], [77.79611099880445, 30.615119760120272], [77.7960691334001, 30.615177603432905], [77.79563075920122, 30.615783269279806], [77.7952472938489, 30.61628639635299], [77.79495737260471, 30.616666786578325], [77.79445107082, 30.617203204335027], [77.79395008930862, 30.61770807296436], [77.79379712971199, 30.61809269074187], [77.79344220290396, 30.618985143438366], [77.79328124307844, 30.619389866726856], [77.793009219175, 30.62037292784132], [77.79254462569585, 30.62096792860924], [77.79203175512056, 30.621147542561125], [77.79163172092629, 30.621287639822906], [77.7906928713814, 30.621476409405947], [77.78993116053807, 30.621796150934934], [77.78939200150002, 30.622223428693914], [77.78904404519278, 30.62249917739749], [77.78817805178089, 30.622881919166424], [77.78707200357327, 30.62332773861569], [77.78677142238847, 30.62367742739193], [77.78649930453076, 30.62400372122682], [77.78613042202103, 30.624490229125083], [77.78612857954397, 30.62450329617423], [77.78606931316143, 30.624923619528655], [77.78605994913116, 30.62560908722142], [77.78605902476488, 30.625676761871937], [77.78607985351253, 30.626573434417043], [77.78611360719518, 30.627859744615055], [77.78611236482159, 30.629149565169286], [77.78604904445174, 30.629988398175175], [77.78652800134088, 30.630904320567332], [77.78753901258943, 30.6317799469742], [77.78876681467972, 30.632444641935777], [77.78882017424633, 30.632473529128205], [77.78963883453825, 30.63294070256346], [77.7904426397339, 30.633401035754318], [77.7905564220426, 30.634156175368062], [77.79050530888023, 30.634238231828704], [77.79048156504855, 30.634276349097856], [77.79032172385139, 30.634532957785925], [77.78978422860884, 30.634843760704037], [77.788412141933, 30.635257824943288], [77.78737896480676, 30.635856954168627], [77.78712391960951, 30.63608637123041], [77.78710412999025, 30.636104171558742], [77.78708434036523, 30.636121971884037], [77.78678440542524, 30.63639176531025], [77.7863818995257, 30.636753822392716], [77.78628329584737, 30.637019669205316], [77.78598910784785, 30.637812829673518], [77.78588519414048, 30.638092989997435], [77.78598371990488, 30.63878314121828], [77.7860818438121, 30.6397979517267], [77.78637857381408, 30.640397951984397], [77.78689196102356, 30.64143612120564], [77.78684808622008, 30.64152680728097], [77.7867373130014, 30.64175576551209], [77.7862579657463, 30.642065579539683], [77.78625148002288, 30.64206808926668], [77.78470745714645, 30.64266544849567], [77.7839922520405, 30.64333694411466], [77.78318131672023, 30.644131396280944], [77.78275748194216, 30.644546612840454], [77.78222351672989, 30.64499998635386], [77.78192280749117, 30.645453909735867], [77.7816426586222, 30.645761658809807], [77.78150149895154, 30.646089869116683], [77.7812462010339, 30.6465884517678], [77.78124472935687, 30.646591325608536], [77.78124579271608, 30.646594564749716], [77.78146384442238, 30.647258904140955], [77.78215694663376, 30.6480125994659], [77.78352762068596, 30.64925386413187], [77.78453908118414, 30.64990853021119], [77.78537796033773, 30.650923880724676], [77.78602911317893, 30.65187143133312], [77.78619784319282, 30.65234011673386], [77.78648709442119, 30.653143571649974], [77.78668411817435, 30.65445163647923], [77.78686096073211, 30.655038107728146], [77.78749687300096, 30.655674396060004], [77.78802277740984, 30.655856032668066], [77.78898835532894, 30.656189522261375], [77.79038109422818, 30.65639792072002], [77.79151310429677, 30.656448259585794], [77.79248821515156, 30.65698559420113], [77.79252913879672, 30.657301517015387], [77.79256591735913, 30.657585424576716], [77.79252322077012, 30.658740001236847], [77.79242691024238, 30.659064165150138], [77.79208378085066, 30.660219062933066], [77.7913473089689, 30.661197295089593], [77.79085344912062, 30.66155874647396], [77.7908197399857, 30.661583417984122], [77.7903644223291, 30.661889648993128], [77.78959828936021, 30.662234277601456], [77.78959815295728, 30.66223433879865], [77.78852383390075, 30.662331977932777], [77.7872304151327, 30.66184851017711], [77.78659459045295, 30.661194139348602], [77.78564056122903, 30.660386227329575], [77.78455865037137, 30.659682571891153], [77.78450261123396, 30.65964612418219], [77.78359571093674, 30.65939116400156], [77.78271472951488, 30.659419003974612], [77.78200225606868, 30.65970010168136], [77.78136681935818, 30.65995080064302], [77.78127622695752, 30.659986541499585], [77.78090412411673, 30.660253370910418], [77.78032926272755, 30.660725260692804], [77.7796382984354, 30.661294524170668], [77.7794103821049, 30.661482297084973], [77.7785175501351, 30.66218970035423], [77.77785820517771, 30.66277287136655], [77.77777012965693, 30.662850771833803], [77.77668502166907, 30.663460118928146], [77.77615138980757, 30.663705922008162], [77.77544725384263, 30.664064181835965], [77.77536296097644, 30.664136927863396], [77.77492857590778, 30.664511801832568], [77.77457596370603, 30.664816102042053], [77.7738391091043, 30.6659159526006], [77.77383853697332, 30.667213907807024], [77.77361830169129, 30.66800069576584], [77.77359780244896, 30.66803795308342], [77.77329898493116, 30.66858104569199], [77.77304698527112, 30.668761282407797], [77.7725053396932, 30.669148680670936], [77.77158084920582, 30.669469353356103], [77.77116921405084, 30.669612133822106], [77.77052465943379, 30.66959700699651], [77.770450397507, 30.669595264723103], [77.77002998716493, 30.6695855895668], [77.76874304932758, 30.669556100576607], [77.76844384839642, 30.66962049806611], [77.76804801423324, 30.669705692721028], [77.76755319368559, 30.669812190690248], [77.76596124058548, 30.67037909322287], [77.76420762278954, 30.67087824795319], [77.76397421907436, 30.67104496820385], [77.76397066838574, 30.67104750438337], [77.76396711662339, 30.67105004146185], [77.76338779630633, 30.671463843765807], [77.76290138801512, 30.671591800793138], [77.76273503710296, 30.67187373732517], [77.76241886435761, 30.672001653876947], [77.76112211279073, 30.67252628379262], [77.75974913297838, 30.673138434683334], [77.75955422359498, 30.67343764387062], [77.75947155663464, 30.673936497399485], [77.75954074820241, 30.674234766863297], [77.759648400392, 30.674698831254616], [77.7597467754095, 30.67512289989978], [77.75920192859083, 30.67576591630048], [77.75918598923833, 30.67578472960595], [77.75917966147802, 30.6757921980238], [77.75880601653206, 30.675967491483163], [77.75839417294874, 30.67613643658399], [77.75749625628913, 30.67624969830948], [77.75700727566769, 30.67631137709972], [77.75688395790041, 30.676326931653676], [77.75621943647153, 30.676429896388456], [77.75528899437725, 30.676580170021627], [77.75403617246153, 30.676989434858022], [77.75180689442612, 30.677947980557178], [77.75042504362541, 30.67847567610375], [77.74969803628208, 30.678706147227206], [77.74880402239334, 30.678989559846574], [77.74740216079525, 30.67990409572791], [77.7469021325507, 30.681372723783618], [77.74681716751019, 30.682320128018674], [77.74680847093715, 30.682417101183223], [77.74674814606028, 30.683091873623617], [77.74745300548706, 30.685139838283547], [77.74822709937241, 30.68645210433598], [77.74837299394687, 30.686699426849998], [77.74840244562468, 30.68779973179149], [77.74822710167084, 30.688148055746094], [77.7477702997659, 30.689055494484574], [77.74756459069367, 30.689464134817737], [77.74706033011219, 30.691068082045856], [77.74699364658035, 30.691504752110568], [77.74667777199512, 30.693573222413637], [77.7469301451219, 30.69448727846804], [77.74776341621464, 30.694942470398903], [77.75035669024525, 30.695659641703582], [77.75099042338212, 30.695834899750174], [77.75130584566452, 30.696007400398884], [77.75142424895786, 30.6960721539176], [77.75154265132026, 30.696136907326338], [77.75257336321505, 30.696700590203317], [77.75278619842999, 30.69790353576312], [77.75242330514878, 30.698314013743698], [77.7514308506317, 30.69884274029192], [77.75061616866553, 30.699216339493383], [77.75055312635705, 30.69947812925414], [77.7503925203663, 30.70016784864136], [77.75086731255041, 30.700627915956616], [77.75165703253742, 30.701567019674734], [77.75176697412805, 30.702220060786765], [77.75171833404008, 30.702879602889467], [77.75199431220145, 30.70325036593616], [77.75202511776523, 30.703291752245402], [77.75346048716166, 30.704226427518677], [77.75511312436406, 30.70527748276056], [77.75562194519505, 30.70560108417318], [77.7558144730395, 30.705916305866978], [77.75592303506478, 30.706596097222615], [77.75582975316657, 30.70692730057894], [77.75582255731236, 30.706952851051412], [77.75474422702099, 30.70787949798249], [77.7541913767614, 30.708267204794883], [77.75297003232811, 30.709142755194836], [77.75290415213297, 30.70920799811133], [77.75254727605065, 30.709561416079957], [77.75187567486144, 30.71022650877834], [77.75086164454457, 30.71135311636589], [77.750209461749, 30.711794260107943], [77.74959054170971, 30.71205927638579], [77.74915094713799, 30.712154516477984], [77.74861259831263, 30.712209219066676], [77.74823968121547, 30.712414688495976], [77.74745544601993, 30.712528278974688], [77.7461572607852, 30.713401597765106], [77.74571793048426, 30.713822967591103], [77.74566555222091, 30.713873203697297], [77.74544830449508, 30.714203927484135], [77.74539290947033, 30.714465831587326], [77.7454795852979, 30.7148847438159], [77.74616261785201, 30.71487374031695], [77.74662372625009, 30.714866311113987], [77.74662460841104, 30.71524294918376], [77.74688421557383, 30.716249566013026], [77.74740710587982, 30.7170277087026], [77.7475706479646, 30.718041282403224], [77.74727361458581, 30.719056781593366], [77.7465698102394, 30.71986024183002], [77.74645503074078, 30.719942373733186], [77.74580946656546, 30.720404305300985], [77.74406389383222, 30.720885824741174], [77.74149634512428, 30.72171238730366], [77.73920724932576, 30.72252619069305], [77.73848418694345, 30.72289470114435], [77.73772194163232, 30.723283180546034], [77.73764122845955, 30.7233243151623], [77.73652805834085, 30.724307897924234], [77.73647072214743, 30.72441007001245], [77.73618843553139, 30.72491310093109], [77.73601938745816, 30.725747974148142], [77.73601807404907, 30.72685043470547], [77.73631814676499, 30.72774155381857], [77.7367854639548, 30.72841117950999], [77.73718081763826, 30.728822838018154], [77.73738431571961, 30.729231834362], [77.73745166316074, 30.729738413389914], [77.73729559740673, 30.73039109661923], [77.737139181783, 30.73069472598098], [77.73683900561355, 30.730647204298467], [77.73639580871325, 30.730554273024104], [77.73622063888082, 30.730857442870427], [77.73560267865813, 30.73198392227881], [77.73499969459684, 30.733015587836864], [77.73423475439202, 30.73404820109719], [77.73357894190079, 30.735051583887216], [77.73356365975829, 30.735074963906627], [77.7330995338716, 30.73540212310657], [77.73242074521166, 30.7352754422015], [77.73183401992083, 30.735072826328693], [77.73091581054399, 30.734735485762375], [77.73082852087809, 30.734701003094358], [77.73056888944278, 30.734598439214], [77.73010558006399, 30.734404954162944], [77.72957347448114, 30.73420520843874], [77.7288158369754, 30.73412385833934], [77.72835173744068, 30.734198616158764], [77.72806092430984, 30.73441218416849], [77.72726782770046, 30.735165263897557], [77.72635752993922, 30.736320422345692], [77.72568342538567, 30.73763198630093], [77.72464521567218, 30.73914410980915], [77.72379586172148, 30.74006886794408], [77.72310635694701, 30.740731186636367], [77.72252973974786, 30.741131235474132], [77.72226606688517, 30.741267045022106], [77.72152071744769, 30.74165094857911], [77.72067622755577, 30.741845072833964], [77.72004436748452, 30.741839623620137], [77.71883061056668, 30.741521629768695], [77.71803413335928, 30.741213202669872], [77.71795790364007, 30.741183682901454], [77.71788167290043, 30.741154163080655], [77.71662603292563, 30.740667924413035], [77.71629581096606, 30.740545809959936], [77.7155643562496, 30.74021755133899], [77.71512392253571, 30.740169676301587], [77.71371692407425, 30.739845152428504], [77.71249928401296, 30.739707491948995], [77.71122522078188, 30.739696472649804], [77.70977406032215, 30.73974955829087], [77.70878734711158, 30.739772975810446], [77.70795861272556, 30.739966893791564], [77.7073976866977, 30.740384831607592], [77.70703518676416, 30.740758550676286], [77.70577046505103, 30.742062408028914], [77.70538249729333, 30.74245752427279], [77.70504481568763, 30.742801426774413], [77.7042083896294, 30.743896630130465], [77.70391728165205, 30.744277797870975], [77.70301554296998, 30.74521623077135], [77.7026682011235, 30.745574392722233], [77.70243002082569, 30.746132442626077], [77.70265673593195, 30.746859719921886], [77.70315303268565, 30.747610170396396], [77.70399346831194, 30.74900824969196], [77.70418920133704, 30.749358890198874], [77.70436896241155, 30.749664629736287], [77.70450662699935, 30.74992547354725], [77.70476561801063, 30.750343415510173], [77.70516078725773, 30.75083736816212], [77.7055184405144, 30.75117822085349], [77.7058371594989, 30.751480209578887], [77.7058433977618, 30.751486120300303], [77.7061690893508, 30.75161213271287], [77.70651417373058, 30.751668827254488], [77.70685893616431, 30.75168952622718], [77.7073032792145, 30.751620685484674], [77.70816961882593, 30.75191523867064], [77.70875794053633, 30.752271633133358], [77.7089539529502, 30.752541585150162], [77.70882063039332, 30.75286035763835], [77.7086565271301, 30.753267144490316], [77.70839794493865, 30.75411029057622], [77.70814679771418, 30.75474463412552], [77.70771178360873, 30.75535126026431], [77.707702349708, 30.75536201258017], [77.70690847490292, 30.756266525327728], [77.70659347703896, 30.75656971151364], [77.70630333791561, 30.75690286893107], [77.70623760045734, 30.756978352298965], [77.70589592414761, 30.757469936497145], [77.70583187746358, 30.75785195245338], [77.7057596370215, 30.758290657573436], [77.70578760878868, 30.759123101152905], [77.70573309492518, 30.759914293542277], [77.7055073727091, 30.760405400609123], [77.70529489444111, 30.760813580782163], [77.70511829356182, 30.761117839092986], [77.70497729563455, 30.761481593788655], [77.7049405199426, 30.76180155889528], [77.70443136892692, 30.762693233510753], [77.7042771163363, 30.762963368667112], [77.70423851389762, 30.763041640160434], [77.70383668016756, 30.76385641540815], [77.70372558088846, 30.76412271333549], [77.70371038807706, 30.76415913008489], [77.70374646607918, 30.764567969504153], [77.70376944417703, 30.76513561948896], [77.70377104812867, 30.765175234220123], [77.70404291528797, 30.76553254683178], [77.70462439330282, 30.765856765179418], [77.70508676701411, 30.766041020438195], [77.70544369560028, 30.766183254658262], [77.70694984909296, 30.76673489555613], [77.70833716714147, 30.767572830329225], [77.7083600409457, 30.767586646128944], [77.71033106431632, 30.768639010987137], [77.71249623724091, 30.769576913054035], [77.71257046096663, 30.76960906344309], [77.71455351441949, 30.77051839461652], [77.71511898498757, 30.770778248555576], [77.71678879762186, 30.771821103423758], [77.71742685836692, 30.77234770387449], [77.71947263017917, 30.774036095746563], [77.72007832087709, 30.77453597083464], [77.72135924240682, 30.77584685177723], [77.7222711689669, 30.77738464175077], [77.72261535480204, 30.778153129994678], [77.7228240225388, 30.77861903269295], [77.72384402123485, 30.780539574599626], [77.72447709150795, 30.78159272642534], [77.72526600906053, 30.78241386172426], [77.72560705579498, 30.782768834424104], [77.72750854315143, 30.7847844982704], [77.72799777884073, 30.785583905819895], [77.72806156338976, 30.78568813035073], [77.7281253491058, 30.785792354846606], [77.72875684449087, 30.78682419163324], [77.72938678073402, 30.788108164486932], [77.72954293994219, 30.788426455855802], [77.7307046086511, 30.789967627299085], [77.73148327363073, 30.79115835025248], [77.7315153029381, 30.791207328023894], [77.7318681795095, 30.791923213319112], [77.73181482123321, 30.793240272218636], [77.73153065918243, 30.79509284300182], [77.73161122854609, 30.79695047376217], [77.73205622957978, 30.798829736813488], [77.73293506093752, 30.801129410736287], [77.73418300140919, 30.80320212942719], [77.7348241826355, 30.804298834549783], [77.73489361269026, 30.804417588012765], [77.73490828510144, 30.80444268378128], [77.73659730706672, 30.805524976900085], [77.73701547554718, 30.805777496513297], [77.73791796768924, 30.806336627285738], [77.73912273987355, 30.807083015594003], [77.7407723070568, 30.808362987123285], [77.74116722256286, 30.80866941638723], [77.74229704912028, 30.81039231679228], [77.74295485983194, 30.811163881624545], [77.74417689960916, 30.812059267771264], [77.74521994419372, 30.812769840415722], [77.74559609357091, 30.81319770679071], [77.74594473837234, 30.813879401982188], [77.74596037618919, 30.81390997722163], [77.74629819139476, 30.814907364930786], [77.74629989702034, 30.814912922870345], [77.74632744353026, 30.815002686468507], [77.74656606299266, 30.815780262982546], [77.74741534807387, 30.818659486230725], [77.74786167629452, 30.81998447661915], [77.74788429113292, 30.820051609724192], [77.74818517598918, 30.82116464986206], [77.74846130863855, 30.821777904607753], [77.74962980051815, 30.821862421725992], [77.7500308415359, 30.821952905257984], [77.75061260014218, 30.822084162361758], [77.75163312946343, 30.82263764558021], [77.75189164429428, 30.82276891289196], [77.75414265084923, 30.823911913501757], [77.75580531538083, 30.824729714872646], [77.7577217219321, 30.825465809016396], [77.75964529851534, 30.825813973227213], [77.76127705681697, 30.82622909055025], [77.76066638430348, 30.828127610479694], [77.76025406537727, 30.829038204004107], [77.76024303446262, 30.82906256518948], [77.759754813466, 30.83015281799586], [77.75955158948666, 30.830606753382558], [77.75930561283157, 30.831156172549843], [77.75897257517893, 30.832036123227493], [77.7582745968701, 30.833880291286267], [77.75812976300695, 30.834262947608323], [77.75769175878122, 30.835148424586546], [77.75768293550898, 30.83516626122887], [77.75662325199893, 30.836267408456468], [77.75448803411464, 30.83771167081425], [77.75381436783162, 30.838160563883736], [77.75286868704809, 30.838789057444647], [77.75281931495537, 30.838821870123738], [77.75248633242431, 30.839049605837204], [77.75173170463474, 30.839568250798052], [77.7517176284516, 30.839577924953833], [77.7508235410779, 30.84032307773188], [77.75035078209196, 30.84097899133834], [77.74980172550224, 30.84220164107931], [77.74927809095473, 30.843235373119274], [77.74873138201824, 30.843531290526133], [77.74831419973893, 30.843757578760414], [77.74747391122884, 30.844011175986562], [77.74677442707453, 30.844440741600327], [77.74600296027872, 30.84512620819279], [77.74495730602305, 30.845776019591202], [77.74459405332964, 30.846001757977778], [77.74410372027539, 30.846546072870016], [77.74402889495954, 30.846955245531802], [77.74415732937331, 30.847280214022156], [77.74438133063242, 30.84763136276235], [77.74491928849226, 30.848144299020056], [77.74532435495286, 30.84857252731588], [77.74555504463326, 30.849081217222984], [77.74543958436367, 30.84960998841476], [77.74522210303016, 30.849844506846644], [77.74521323229578, 30.849854073100587], [77.74527621132198, 30.850155375020993], [77.74527661845707, 30.8501560830033], [77.74586202312224, 30.851173766551014], [77.74679855445017, 30.851949087602257], [77.74836712791831, 30.853346346611954], [77.74882511963355, 30.853483525598946], [77.74931506838797, 30.853679535943222], [77.75004801195146, 30.853784264198833], [77.75083087779713, 30.853935285903038], [77.7508793588628, 30.853944637631226], [77.75090303661547, 30.85394920527179], [77.75202317142852, 30.854331921639492], [77.75276306616729, 30.854654380318657], [77.75347946144333, 30.855061677494852], [77.75417836219634, 30.85552550767102], [77.75471564375486, 30.856129056344724], [77.75532735658403, 30.85732488694865], [77.75537614871446, 30.857420268646795], [77.75566951137549, 30.857892080587636], [77.75611956697004, 30.858509329590554], [77.75656870470226, 30.8591353116069], [77.75693020398734, 30.85965168742161], [77.75693368822522, 30.859656902851388], [77.75718824653602, 30.860038053669264], [77.75709529988447, 30.86060999504439], [77.75699644973638, 30.86121826671074], [77.75653455268417, 30.866037904145088], [77.7560839325292, 30.870838715849757], [77.7560905190574, 30.8722333717185], [77.75609287228376, 30.87273134590477], [77.75632070590913, 30.87346308744389], [77.75659891226509, 30.873900722601707], [77.75677718191068, 30.874322124150744], [77.75725423158676, 30.875140049131332], [77.75782609743071, 30.87604767704468], [77.75821932544083, 30.87685266462128], [77.75889235367887, 30.877322198631163], [77.76025820160137, 30.878130469268527], [77.76097438382881, 30.878510681440787], [77.76255015870382, 30.880105976183994], [77.76320197240483, 30.880455546700894], [77.76370208360967, 30.88046239441838], [77.76381469374073, 30.880463935195586], [77.76590602605117, 30.88017082695232], [77.768761160431, 30.879424470515314], [77.7705819802271, 30.87884373754933], [77.77340236876805, 30.877595319535516], [77.7748086169901, 30.876885874710823], [77.77510558261802, 30.876718195430257], [77.7754958892808, 30.876497812644022], [77.77578866603898, 30.876085453492], [77.7761291207183, 30.875465570046785], [77.77654939453619, 30.874080309130797], [77.7767933162712, 30.872739958280953], [77.77693905224443, 30.871977219212663], [77.77706020357755, 30.871343141512668], [77.77713106803144, 30.871038057163627], [77.77732329239534, 30.870197315381127], [77.77733279461097, 30.86963413088162], [77.77695224523093, 30.86801808935188], [77.77694892887557, 30.867968503981103], [77.7769124916975, 30.867423632263524], [77.77703877012958, 30.866516938795876], [77.77726902416944, 30.864964925373414], [77.77727540855764, 30.864857646484293], [77.77737348410082, 30.863209563296476], [77.7777694288486, 30.862111831079023], [77.7777724507573, 30.862106427020343], [77.77797050310824, 30.861752294464626], [77.77799342275982, 30.86171131169213], [77.77801634241266, 30.8616703279994], [77.77826535458047, 30.861225063324103], [77.7792233238466, 30.86042429603571], [77.78070558456781, 30.85974419784266], [77.78266092930414, 30.858779582266042], [77.78320706296626, 30.858510153608293], [77.7851759203552, 30.857609508497656], [77.78623623942823, 30.857207519109423], [77.78710409905517, 30.857063768239858], [77.78719825798044, 30.8570481714075], [77.78810045560894, 30.85723277649701], [77.78858261395204, 30.857258229657273], [77.79032865331988, 30.856543761345332], [77.79194101971316, 30.855941019863607], [77.79349527287273, 30.855625502349017], [77.79359619000425, 30.855612081895973], [77.79442789058504, 30.855501476718644], [77.79554571917464, 30.855554419736457], [77.79761449664393, 30.855184888122483], [77.79924854855335, 30.854647823091433], [77.79962876520526, 30.854522854203037], [77.79968642415507, 30.854503903239486], [77.80182807180584, 30.853878999486916], [77.80310453740492, 30.853650139155445], [77.80407430260236, 30.85339822053712], [77.8055332764956, 30.853305173417304], [77.80546592837356, 30.85470904225367], [77.80545421886634, 30.854770834023288], [77.80507048254289, 30.856795748915566], [77.80505583665662, 30.856873033771393], [77.80479910673195, 30.859508091123306], [77.80468876377114, 30.860673910159814], [77.80440749085312, 30.862278789528123], [77.80387842092546, 30.86363430093628], [77.80361238849716, 30.8649301115642], [77.80360107181966, 30.8649852317048], [77.80333136474813, 30.865377532962555], [77.80295958862968, 30.865593883231377], [77.80200064408157, 30.866151924659277], [77.80153541945884, 30.86642264750677], [77.79885043974998, 30.868099216164698], [77.79890596407236, 30.86866771756223], [77.79947633126696, 30.86976924907606], [77.7994773245968, 30.869771167594507], [77.79971787360954, 30.87078758190264], [77.80015078297387, 30.872620890711506], [77.8005384656238, 30.875445915517695], [77.80061803184859, 30.87668082048179], [77.80078290947618, 30.878912430581146], [77.80082098648018, 30.880445837444714], [77.80073447460455, 30.88104183232402], [77.80064552062716, 30.881654646048574], [77.80044503405828, 30.88303343593526], [77.80055747955397, 30.884094719158178], [77.80071414203475, 30.88513767035646], [77.80087528713473, 30.887145819651874], [77.80095613645838, 30.888049286402794], [77.80118557697901, 30.890613127184636], [77.80130981451002, 30.892408742299196], [77.80137692080484, 30.893378615796323], [77.80162443727457, 30.894252449867057], [77.80293836581906, 30.89440259078466], [77.80448952127765, 30.8947829953451], [77.80504269182354, 30.89494435822767], [77.80625768251691, 30.89529876542149], [77.80786750777489, 30.8960773273301], [77.80882088406, 30.89675244980601], [77.80916046082417, 30.897089857999195], [77.81011439041694, 30.89803768614068], [77.8118114886948, 30.900066338323814], [77.8133149234855, 30.901769542416893], [77.81336654326849, 30.901835350920873], [77.81426089450488, 30.90297551040131], [77.81495898389619, 30.90381748105673], [77.81527703521303, 30.904436750650746], [77.81546948358188, 30.905328725250904], [77.81564382569091, 30.907838408525098], [77.81576285586141, 30.908713658547523], [77.81590658169253, 30.909796694299484], [77.81589050516942, 30.910292273343487], [77.81524840737355, 30.911001993678493], [77.81474370949874, 30.91151641249893], [77.81384697413164, 30.912564117543972], [77.8127410706837, 30.914143097608665], [77.81186428557915, 30.915413894292644], [77.81142307208957, 30.916015978537146], [77.81116799187423, 30.916364061236596], [77.81093049175286, 30.916688153542925], [77.811607613421, 30.91808805761412], [77.81299605645083, 30.920512151864322], [77.81303351988188, 30.92056226852355], [77.81345154436391, 30.921121467057993], [77.81356763816653, 30.92137847855714], [77.8132944392296, 30.92192358394288], [77.81276063719098, 30.92231381744141], [77.81209039787025, 30.922967143709464], [77.81189944474832, 30.923210582636983], [77.8114533152318, 30.923316781861935], [77.81088798086164, 30.923310574896526], [77.80982766641357, 30.92320884098628], [77.80931182526757, 30.92315431154803], [77.80918254930386, 30.92313435685114], [77.80839114714529, 30.923012197194275], [77.80713846858674, 30.92309947059022], [77.80602415190081, 30.923425125321078], [77.80545053099624, 30.923587727784888], [77.8049249362753, 30.923646617706225], [77.80492380907496, 30.92364674410839], [77.80415549486334, 30.923589258971454], [77.80285684130997, 30.92318389042338], [77.80154619912373, 30.922835121468545], [77.80068095881278, 30.92263892824368], [77.80067513576243, 30.92263760703123], [77.79942167126225, 30.922362023750637], [77.79905402722827, 30.922281205193112], [77.79719481273288, 30.921925010049446], [77.79653694000797, 30.9218647292312], [77.7947734709002, 30.92170313230823], [77.79281688066852, 30.92187540985636], [77.79236478241788, 30.921834984428507], [77.79184912289749, 30.921788873598], [77.79183446795213, 30.92178756239626], [77.79106534358743, 30.921634137931548], [77.79023503024584, 30.92125088504337], [77.7896505412896, 30.92098109519073], [77.78912027828012, 30.9207803861567], [77.7886604907069, 30.92061076059102], [77.78862958196652, 30.920603471485144], [77.78788276373776, 30.920427339202277], [77.78744811047918, 30.920411840621526], [77.78690762568644, 30.92037721640462], [77.78678793374192, 30.92035759547646], [77.78652399970241, 30.920314329698048], [77.78613401912875, 30.920034665908858], [77.78582428829404, 30.91956685954086], [77.78536296418953, 30.918483856659012], [77.78532000319863, 30.918383001114172], [77.78513078010413, 30.917866979802216], [77.78500575278406, 30.917512090147785], [77.78472601769558, 30.917205532291934], [77.78421967245087, 30.917002483064778], [77.78264853089368, 30.9167894376386], [77.78073675172634, 30.916914874269487], [77.77842174310388, 30.9170154992065], [77.77741993956047, 30.917059033196242], [77.77671771542094, 30.917250287042684], [77.77556705079927, 30.917563668670024], [77.77504903821618, 30.917712929967067], [77.77430251658403, 30.91792802914143], [77.7741797376437, 30.91796340606989], [77.77317814388336, 30.91820607042841], [77.77276923356932, 30.917922283128156], [77.77226805860352, 30.91827821130444], [77.77185985782327, 30.9186238444057], [77.77134960009784, 30.918446879165348], [77.77098898856322, 30.91804984051182], [77.77088478284342, 30.917704109992133], [77.77058166854148, 30.917479871325842], [77.77016245414829, 30.917392147013192], [77.76965293948483, 30.917543145584453], [77.76928269926293, 30.917552667276446], [77.76911035847291, 30.91753014104857], [77.76849006422897, 30.91744906298948], [77.76816926038377, 30.91745423376158], [77.76762281477485, 30.9174554100792], [77.76753958855687, 30.917455588979973], [77.76728935896553, 30.917642887895006], [77.76724683290588, 30.91767471896189], [77.76666264969008, 30.91839784770414], [77.76593048985944, 30.919726063619837], [77.76530851586676, 30.919554257210468], [77.76453270813299, 30.919215896778788], [77.76422498214964, 30.91917304672978], [77.7636824156091, 30.91856799159687], [77.76327002777465, 30.918185878374864], [77.76279172443742, 30.918236099527444], [77.76250959828148, 30.918658006393343], [77.76235442540543, 30.919337108038356], [77.76267764845495, 30.919663222911442], [77.76295298023716, 30.920206296076753], [77.76304336432206, 30.920661682184456], [77.76311023854976, 30.921201899147835], [77.763268371559, 30.921554138838914], [77.7635349535396, 30.92191491397982], [77.76356763320199, 30.921959139510975], [77.76374843107067, 30.92230342847941], [77.76377185659659, 30.922819396016614], [77.76365273565058, 30.923328681029613], [77.76349613690799, 30.923766723528], [77.76348187239657, 30.9238066235256], [77.7634803032478, 30.92422029570846], [77.76369401534991, 30.924663300089037], [77.76386417070091, 30.924958929155704], [77.76410730060685, 30.925463706011783], [77.7642379265908, 30.9261183252185], [77.76422051715906, 30.927064220050667], [77.7641465005725, 30.92750788840404], [77.7638525153769, 30.927976932656673], [77.76379242807359, 30.928259948370496], [77.76371492686025, 30.928892793832897], [77.76376125667672, 30.929357029683818], [77.76393177163624, 30.92992628141583], [77.76395043156968, 30.929988573978097], [77.7639498357896, 30.930012705525595], [77.76393769452552, 30.930504252957412], [77.76366285681036, 30.931124934565272], [77.76333737125977, 30.931340687502995], [77.76285175417961, 30.931662586110523], [77.762088540519, 30.931983281882946], [77.76144512642848, 30.9321936632871], [77.76109977373228, 30.93225117039962], [77.75941534288144, 30.932279137730525], [77.75867197259717, 30.9322294054768], [77.75707631412236, 30.93223427585755], [77.75599979267004, 30.9323848783777], [77.75498172207539, 30.932656907037646], [77.75392068039508, 30.932789350133508], [77.75375789110176, 30.933019940206517], [77.75273562831617, 30.9338607397187], [77.7529588320532, 30.934847767293356], [77.75361956302123, 30.93591649558055], [77.75398942941152, 30.936856912395143], [77.75398845182703, 30.93770227455403], [77.75323822188135, 30.939273010604648], [77.75321456052002, 30.939313606480518], [77.7517965314624, 30.941746354564717], [77.75094543073999, 30.94320642896091], [77.75074522593924, 30.943549879202724], [77.75053017963182, 30.944493014948648], [77.75045113409053, 30.945797534355023], [77.75071417651712, 30.947296024252466], [77.7507216639703, 30.947338675788696], [77.7506306104689, 30.94855311880474], [77.75038876334533, 30.949164747398033], [77.74960864862196, 30.94979734725374], [77.74914508274178, 30.950549372483007], [77.74911133543084, 30.950616674786815], [77.74882547677268, 30.951186764918017], [77.74878406538839, 30.95223634115872], [77.7488776715754, 30.95279566225814], [77.74892500510006, 30.95307847507047], [77.74900148631627, 30.953535458284488], [77.74959170263583, 30.95485862437687], [77.75037411197634, 30.95588168664154], [77.75090428688219, 30.95689181166493], [77.75127398817521, 30.958268690493693], [77.75182782563536, 30.95978054288058], [77.75260905995525, 30.960869790765816], [77.7531960762331, 30.96177661081166], [77.7533473219869, 30.96221080344614], [77.75347753733543, 30.96258462519981], [77.75354013079432, 30.963386066364983], [77.75354433764163, 30.96343993782469], [77.75381016135091, 30.964188021363], [77.75408922885106, 30.964532431452408], [77.75464391353297, 30.96481440478309], [77.7568426528796, 30.965837931628005], [77.75845414428187, 30.966560101551305], [77.76046096041013, 30.967278209245883], [77.76189182918002, 30.96767621785674], [77.76256930705534, 30.967915849953478], [77.76285169834375, 30.96801573584893], [77.76340084570975, 30.968302329802196], [77.7641127213425, 30.96899321139123], [77.76528769098573, 30.969576896685833], [77.7665828861597, 30.970190593655488], [77.76720035253484, 30.970643661484687], [77.76747373611053, 30.971300156758243], [77.76816407114605, 30.972567802268294], [77.76850556134515, 30.9733571705319], [77.76861693519893, 30.973614612792584], [77.76876347939775, 30.974004484541705], [77.76916526524771, 30.974246472244104], [77.77088795969404, 30.97438708593028], [77.77093104779627, 30.974390602508333], [77.77237930771963, 30.97440380633827], [77.77371093748533, 30.97423273379544], [77.7764307390747, 30.973200728750857], [77.77773461546656, 30.972745437070955], [77.77933993776911, 30.972615880672137], [77.78142752761948, 30.972530689369787], [77.78528065076871, 30.971958538061067], [77.78750890336353, 30.971383243125217], [77.78824952967473, 30.971112130448773], [77.79005101036635, 30.970452663740517], [77.79366001948715, 30.96880799581782], [77.79597308640504, 30.967183623606484], [77.79790622710102, 30.965317584360896], [77.79840750985177, 30.964917535936515], [77.79879680369778, 30.96463896440963], [77.79930271403272, 30.96458901085475], [77.80004991786903, 30.96455176341412], [77.80074395540016, 30.964419193455864], [77.80158786831001, 30.963891295192642], [77.80243707550305, 30.963342934940993], [77.80247564563365, 30.963304005777516], [77.80389694447946, 30.96186939866657], [77.80527731772858, 30.95959848712772], [77.80549529280627, 30.9593043939764], [77.80592994522935, 30.95871795385558], [77.80657675577062, 30.958158996033376], [77.80763890561258, 30.957700211868442], [77.80852647077121, 30.957182318492876], [77.80904922045895, 30.95665848708962], [77.80942085222041, 30.95628608509003], [77.81008014413041, 30.955642133784362], [77.81120003136277, 30.955023265532592], [77.81217938501253, 30.95457975006849], [77.81253923025031, 30.95441678540349], [77.81397582957655, 30.95388727977877], [77.81486937832581, 30.953643786792615], [77.81617775215709, 30.953528818790016], [77.81711400293095, 30.953352107687213], [77.81849350650805, 30.95289644001641], [77.81906858457462, 30.95270648378588], [77.82019410973628, 30.952380908689815], [77.82165584272639, 30.95195404701403], [77.82173053378311, 30.951932235344476], [77.8227803140517, 30.951403071592157], [77.82435428667237, 30.950553637298583], [77.82468711624335, 30.950816879271716], [77.82469087498255, 30.95081985219298], [77.82469463267915, 30.95082282418704], [77.82592373897242, 30.95179494798204], [77.82783361036232, 30.953031299875807], [77.82861837623581, 30.95334446407189], [77.82927956410771, 30.95320187363198], [77.83126514467688, 30.952660583238245], [77.83335741712706, 30.952290974307953], [77.83472197996326, 30.95210091620089], [77.83572591402553, 30.95243587135084], [77.83758954479896, 30.95322768174118], [77.83759055904555, 30.953229092223825], [77.8383173705801, 30.954239296112647], [77.83799186820526, 30.95475112449823], [77.83768492968815, 30.95523375943776], [77.83596277263591, 30.957008487855788], [77.83571495468892, 30.95721088628437], [77.8349824661442, 30.95780911762692], [77.83434500606867, 30.95829828440966], [77.83389171932464, 30.958646120468842], [77.83302620242515, 30.959164442562273], [77.83263690690647, 30.95938649190167], [77.83256295478385, 30.959428672882], [77.83248900260975, 30.959470853824687], [77.83218330454562, 30.9596452168926], [77.83188918025317, 30.959706486309067], [77.83150013408313, 30.959787526673658], [77.83066905360899, 30.95960621440272], [77.82990671132063, 30.95931923749537], [77.82979105654921, 30.959275699473956], [77.82831327747733, 30.958742415941302], [77.82635535071685, 30.95773250248569], [77.82513086662348, 30.957322935086285], [77.82509572314808, 30.957317067418508], [77.82418096407613, 30.95716433004954], [77.8238629000965, 30.957217629488444], [77.82292573981778, 30.95737467372094], [77.81997852473637, 30.95888694085063], [77.81652535284677, 30.960449154782427], [77.81475159732707, 30.961409350959173], [77.81447691513975, 30.961719429218594], [77.81442375896683, 30.961779436031886], [77.81419923887188, 30.96282104122301], [77.81445803334502, 30.96409942891128], [77.81446978210396, 30.964157466089354], [77.81446626206665, 30.964690325912947], [77.81443166151968, 30.965766340947702], [77.81442365086858, 30.96743126309644], [77.81464401472158, 30.968607290155397], [77.81492958529856, 30.96929577547793], [77.81514908233193, 30.969824962023544], [77.81541585796568, 30.97061545188734], [77.8156077036617, 30.971183908892097], [77.81629156606907, 30.972839129192444], [77.81719301501451, 30.973995851428224], [77.81854979234872, 30.974865372649028], [77.82009726907305, 30.975510380320763], [77.82188659068481, 30.976139671564535], [77.82235325986669, 30.976537806003233], [77.8223668972261, 30.97654944022359], [77.82238248114837, 30.976562734756182], [77.82252495175355, 30.977020159915437], [77.82279429748283, 30.978176227443253], [77.8231553039112, 30.978862161146225], [77.82376877864387, 30.97998444529134], [77.8238081521368, 30.980058498874996], [77.8240586871499, 30.980529696969697], [77.8240065946535, 30.98135270546406], [77.82397802349276, 30.981475985008917], [77.82382096223854, 30.98215366174675], [77.82383240539153, 30.982740335225586], [77.8240647619092, 30.98329782378098], [77.8244429938884, 30.984205297808348], [77.82512894961968, 30.98514149966581], [77.8246519611641, 30.986024390789783], [77.8242148568689, 30.986450250747197], [77.82416519795582, 30.986498632406928], [77.82397607409375, 30.986739122788038], [77.82378904911961, 30.98699674390052], [77.82378040195405, 30.987479085663622], [77.82416878176801, 30.988477541213268], [77.82540591568781, 30.99010234104611], [77.82584237540335, 30.990675564697227], [77.82729922213862, 30.991909754956843], [77.82770285153241, 30.992251692875637], [77.82963837563996, 30.99331796401237], [77.83110770863439, 30.99381197697105], [77.83181326533416, 30.99404919449418], [77.83104561734804, 30.99460660174232], [77.83042149383098, 30.99511055755236], [77.82997461575897, 30.995471393743717], [77.82970859109906, 30.995686197205117], [77.82945361233962, 30.996007977900586], [77.82739419854927, 30.998606896433678], [77.82663485852682, 31.000027847263443], [77.82532220949014, 31.00130260932569], [77.82449841598982, 31.00200784451501], [77.82304405922443, 31.003252879498387], [77.82198688940171, 31.004349855710746], [77.82254396056037, 31.00494902352744], [77.82296549131624, 31.005679228446926], [77.82319111068512, 31.00638870882991], [77.82315862043475, 31.0066930904577], [77.8230984277368, 31.007256983437838], [77.82366403925205, 31.007771723955752], [77.82417615765527, 31.008533314268668], [77.8245688096025, 31.009311430159148], [77.82500072903794, 31.00985457338139], [77.82431408969705, 31.009833368025024], [77.82362853333346, 31.00975179050865], [77.82306595563958, 31.00969900393601], [77.82257873987835, 31.009653287345834], [77.82137367358146, 31.0096130921237], [77.81991607622484, 31.009581598554803], [77.81868362730539, 31.0095047880825], [77.81688244756323, 31.009867207920387], [77.81553372863095, 31.010018275091003], [77.81407047520307, 31.010300642247845], [77.81263416130099, 31.01064373737826], [77.8114389683671, 31.010833052226786], [77.80992119808721, 31.0111093014795], [77.80990744502847, 31.011176226027352], [77.80978892890352, 31.01175293076231], [77.80917850112857, 31.0129463583337], [77.80894367939592, 31.013915359102985], [77.80871484879773, 31.014552339819566], [77.80821454562016, 31.015469476973088], [77.80750603765598, 31.016269094777137], [77.8073473149903, 31.017293449250708], [77.8075733911058, 31.019138103732672], [77.80758447551067, 31.01957158281012], [77.80761447543692, 31.02074478565117], [77.80754428260171, 31.022301664887884], [77.8071947981612, 31.023794415900742], [77.80715083157826, 31.024675376352334], [77.8070431538644, 31.025978145181313], [77.80699984428, 31.02682288362249], [77.80745681305642, 31.027142982859054], [77.80859310715898, 31.02789483748828], [77.80948977562794, 31.028715930254254], [77.80982846148574, 31.028986133915158], [77.80996310312054, 31.029295872431597], [77.80999680939482, 31.030147674011786], [77.81013025419328, 31.03052381184852], [77.81064343459413, 31.030838612316973], [77.81122617122776, 31.031184531841905], [77.81144846253468, 31.031688653041016], [77.81250055104768, 31.032058957101405], [77.81403405417495, 31.032562482573077], [77.81547088180476, 31.03297440259197], [77.81554770145092, 31.03299642514362], [77.81670211411118, 31.033141512184102], [77.8174602875917, 31.033091246767178], [77.81838887501672, 31.032922493131593], [77.81930799416698, 31.032500014261917], [77.82009557005439, 31.031978549215015], [77.82068463910362, 31.031588516840706], [77.82142971784447, 31.030704826821914], [77.82189308913745, 31.029889836982772], [77.8222917092653, 31.02955701878257], [77.82287063618146, 31.029335279645267], [77.82352891356565, 31.029380264396178], [77.82456291065512, 31.029587227920125], [77.82506729519126, 31.029612047945893], [77.8255893811066, 31.029431810596368], [77.82623463195229, 31.029029803813863], [77.82682412553518, 31.028608936849896], [77.82776334742361, 31.028234980327014], [77.82862631007409, 31.02820416742698], [77.8292391772273, 31.02843570430454], [77.82981795679649, 31.02881537983947], [77.82891918532367, 31.02931119578024], [77.82890754175786, 31.029320485758387], [77.82828169396963, 31.029819808879505], [77.82778873547302, 31.03032014403183], [77.82778804003985, 31.03032209581636], [77.82755676913398, 31.030966770310446], [77.82737368244278, 31.031400851854677], [77.82688607845435, 31.0319933873858], [77.82600069934891, 31.033977202318606], [77.825992795243, 31.034001534034], [77.82537868947774, 31.03589197586463], [77.82468852115973, 31.03743533961234], [77.82465681909954, 31.037506231168834], [77.8241355250396, 31.038458986275387], [77.82318683195288, 31.040167750290763], [77.82292925073448, 31.04075681795472], [77.82275321963796, 31.04111591491909], [77.82194444623208, 31.041913939466202], [77.82146298812272, 31.04271795657186], [77.82173171061548, 31.043524526345426], [77.82199228716748, 31.044480382423846], [77.82201405091712, 31.045308526973464], [77.82193767023954, 31.046032521574855], [77.82193723700134, 31.046036631239467], [77.82161237139337, 31.04676966299324], [77.82126065422368, 31.04697785757854], [77.8208542886071, 31.047169552948176], [77.82012437545129, 31.047530395627422], [77.81977967160628, 31.047841538143924], [77.81932385481142, 31.04825296962706], [77.81873228468712, 31.048615818699407], [77.8187056993394, 31.04862352258499], [77.81816051606656, 31.048781480312826], [77.81729368130031, 31.04911682907019], [77.8166647377727, 31.04946323029891], [77.81603167688772, 31.050038219421257], [77.81579945903816, 31.05072893413775], [77.81564275332666, 31.051294507276836], [77.81563211001644, 31.05188568088358], [77.81586511598108, 31.052677210934082], [77.81609437645889, 31.053011925744332], [77.81672621491322, 31.05393439975853], [77.81695827309619, 31.05452486472154], [77.81707411797788, 31.054837714161792], [77.81711008059071, 31.05493483424889], [77.81714360635895, 31.05593071495479], [77.81679009063062, 31.05674594821969], [77.81625124691152, 31.05717238621497], [77.81553368063108, 31.05735203030677], [77.81470481961036, 31.05760902616847], [77.81305511192829, 31.058186183781714], [77.81207714060747, 31.058686184158407], [77.81198379074172, 31.058733909958857], [77.81151583122745, 31.059043892593287], [77.81181913894329, 31.05918449027069], [77.81281167502814, 31.05924334080256], [77.81396222525962, 31.059141858336936], [77.81404417856241, 31.059132535136776], [77.81477962395134, 31.059048870767832], [77.81585542045045, 31.058810938583324], [77.81735026202443, 31.058696850001674], [77.81876071378734, 31.05869199875395], [77.81957246214843, 31.05863090143242], [77.81960467338115, 31.058630374803407], [77.82007158194627, 31.05862273728469], [77.82103378945132, 31.05879014041144], [77.8211415498355, 31.058808888125853], [77.82217449170578, 31.058816295618133], [77.82246548964066, 31.05873707116869], [77.82296937903558, 31.058612540792815], [77.82340720757156, 31.05828415541821], [77.82366360121577, 31.058000388060872], [77.82346669712085, 31.05774547990633], [77.82297780870714, 31.057208500615406], [77.82292893319362, 31.057158303140216], [77.82273892912023, 31.056963159392485], [77.82209555498451, 31.056071579050908], [77.821995732477, 31.0555104771427], [77.82210977502697, 31.05521860346651], [77.82309994295507, 31.055217684908502], [77.82435863075554, 31.055502482314058], [77.82566688822669, 31.05608752246823], [77.827764387774, 31.057323470400256], [77.82783159103019, 31.057381379852586], [77.82892377121898, 31.05832253421461], [77.82970806335211, 31.059531311712657], [77.83030166397334, 31.060694159772954], [77.83057519560732, 31.061229991067737], [77.83147052539252, 31.062377153145416], [77.83287638364546, 31.064682123969845], [77.83438129054831, 31.06727298841249], [77.83591118204349, 31.069906713979144], [77.83602633959444, 31.070104958783645], [77.83605968144637, 31.070162357745183], [77.83710598908016, 31.071967584887837], [77.83805455269443, 31.072705424434396], [77.83949716020183, 31.072960981661588], [77.84097892974532, 31.073075137107857], [77.84393513827911, 31.073235106940917], [77.84407291390862, 31.07324755835971], [77.84587336940366, 31.073410262513168], [77.84624811423303, 31.073444126080506], [77.84790441301882, 31.0734659075832], [77.8483908887032, 31.07347230323791], [77.84989461893231, 31.073381684697697], [77.85123114397241, 31.073422885508982], [77.85218108267246, 31.07494163479029], [77.85375190738247, 31.077453004487793], [77.85510745948258, 31.079528410537097], [77.85576114645862, 31.080502916101704], [77.85632120293582, 31.081337834497386], [77.85667447245504, 31.08233973696482], [77.85724431809261, 31.083785950928764], [77.85747462781897, 31.084242663783172], [77.85748020032489, 31.084253713511973], [77.85748577284785, 31.08426476232772], [77.85789374519783, 31.085073592821434], [77.85804083044664, 31.085365200989003], [77.8588043492279, 31.086739039973715], [77.85939856694355, 31.087736062745677], [77.85997873555654, 31.088709500693355], [77.8603574235277, 31.08940896908923], [77.86081264539115, 31.090249789450635], [77.86123106901641, 31.091210046283724], [77.86153677836191, 31.091911619381925], [77.86158411006886, 31.09202023904905], [77.86243264447347, 31.093140233486274], [77.86345297589453, 31.093778399719145], [77.86376929216284, 31.094145349152708], [77.86369147115704, 31.094532589485755], [77.86338846665747, 31.09483214572016], [77.86260988037363, 31.095866529916748], [77.8619225912552, 31.09691786537776], [77.86110015619009, 31.098290119531416], [77.86086543677109, 31.098681746629882], [77.86072914587649, 31.099447142891396], [77.86074219871836, 31.099536529370667], [77.86081009116198, 31.100001473329407], [77.86080320011618, 31.100651753030082], [77.86062397959049, 31.10119937087346], [77.86048871850952, 31.10173792774881], [77.86051247206713, 31.101827349530883], [77.86061100781563, 31.102198298756136], [77.8609911115146, 31.102463409678776], [77.86162046794227, 31.10262141049359], [77.86218028848353, 31.103085945895312], [77.86259730418817, 31.10385605906722], [77.86278089147136, 31.104875387709704], [77.8631462297855, 31.106494742111188], [77.86316283476266, 31.106588096356386], [77.8633713666099, 31.107760440172175], [77.86369472905356, 31.108344570566832], [77.86375503034644, 31.108453499588453], [77.86468509586399, 31.10911770266805], [77.86580385205689, 31.109581621430255], [77.86665739510943, 31.1100184295058], [77.86779671535297, 31.110876752989814], [77.8681085519746, 31.111132573135574], [77.8688805384752, 31.111765878678266], [77.86963724233412, 31.112500961577407], [77.86986429490028, 31.112839703603868], [77.8699293344595, 31.112936737118346], [77.87071627577932, 31.11377551112119], [77.87074544124174, 31.113790890758132], [77.87134647884757, 31.114107832161483], [77.87186728484976, 31.11438246231997], [77.87323040470278, 31.115022922250514], [77.87424319149363, 31.115264676213336], [77.87519512023233, 31.115396444961156], [77.87522187088763, 31.115400147383102], [77.87596298915365, 31.115421000147517], [77.87642782093789, 31.115561038673174], [77.87704631001243, 31.115821310637685], [77.87750501864377, 31.11578784027301], [77.87780386164246, 31.115988787570966], [77.87829007925512, 31.116319262022618], [77.87858042717615, 31.11611709153538], [77.87856162040664, 31.115593242076873], [77.87854383750815, 31.115534500071583], [77.87846680087472, 31.115280025488158], [77.8780304144119, 31.115085181178348], [77.87850950995423, 31.11493372839791], [77.87934640860603, 31.11475537512122], [77.88010712697886, 31.11474157451715], [77.8805175496054, 31.114849364964826], [77.88070887373824, 31.114992953342092], [77.88078956518744, 31.115053510633288], [77.88122991900762, 31.115504985129313], [77.88135169121168, 31.115877058315622], [77.88129456108204, 31.116262585269254], [77.88124207845644, 31.11664422886999], [77.88162279034535, 31.117141835388797], [77.8822813923192, 31.117672107476906], [77.88234513592823, 31.117723430030118], [77.88352544295748, 31.11837251915573], [77.88509865639666, 31.11882119630571], [77.88513716463667, 31.11883217842601], [77.88671914575852, 31.11913110060115], [77.88732278788872, 31.11919406715748], [77.88829477733077, 31.11915142282673], [77.88858000688516, 31.11922275479734], [77.8886700281904, 31.11924526747401], [77.88914435937104, 31.119580023979168], [77.8891580235205, 31.119603708013653], [77.88928189905987, 31.11981842563695], [77.88940095555687, 31.12034811102667], [77.88953833380283, 31.120878032680984], [77.88996120982199, 31.121324920490906], [77.89040707162712, 31.12150408575415], [77.89067668581305, 31.121807105665845], [77.89088818323846, 31.122290682293393], [77.89040221640039, 31.122836220601062], [77.88999896772908, 31.123367057709547], [77.88988135523743, 31.12380697914471], [77.88970997671906, 31.124703409807747], [77.88950655481267, 31.126387698933154], [77.88933450477752, 31.12812863984649], [77.88924083412462, 31.128505717125], [77.88907586961778, 31.12885688910462], [77.88903405918383, 31.12892314383147], [77.88884903336515, 31.129216347487286], [77.88876452150653, 31.129712973120327], [77.88872072036678, 31.13063773939651], [77.88899860102238, 31.131908080369918], [77.88900056071482, 31.131958764554945], [77.8890424611679, 31.13304258891089], [77.89030403372885, 31.13321649316456], [77.89204421152236, 31.133270424757495], [77.8931721751894, 31.133531145588215], [77.89401054466725, 31.13402091580447], [77.8945233192261, 31.134555827296392], [77.8949286218497, 31.13497862711861], [77.89612949850469, 31.136539034547084], [77.89726668172763, 31.137546835646216], [77.8985545911754, 31.139376339609015], [77.89958981706506, 31.14098187502068], [77.89974492013171, 31.141213871441472], [77.90044505230532, 31.14226109734592], [77.90072954360974, 31.143144836013796], [77.90100361356136, 31.144192176437297], [77.90086254511256, 31.14475022251383], [77.90050106659908, 31.145363496550953], [77.90048352120237, 31.145393262778214], [77.90006148301418, 31.14655290368538], [77.89946443853299, 31.14821630700036], [77.89873198884455, 31.15028784461854], [77.89914306180683, 31.150542240198245], [77.90130726410216, 31.15188154091685], [77.90340883837167, 31.152595572294725], [77.90351522653698, 31.15263171874072], [77.90630007283787, 31.153600685879855], [77.9076926789641, 31.154038526749456], [77.90778033623279, 31.15406608645687], [77.90861911260231, 31.154118998836488], [77.91009459670025, 31.15399218898529], [77.91131453926218, 31.15394267051941], [77.91166086653135, 31.153908493420438], [77.9137710663041, 31.154058561245492], [77.91580776059959, 31.153942600798374], [77.91712247830908, 31.15362385253359], [77.91714879804313, 31.153616325403128], [77.91782833317724, 31.153421987013463], [77.91836815519251, 31.15321845680388], [77.91922064567588, 31.1526775303505], [77.91987289132186, 31.15205523382939], [77.92055408197866, 31.151272872482235], [77.92078921946927, 31.151101876811676], [77.92151583569141, 31.150531451323893], [77.92256922839123, 31.15034746562577], [77.92377901888777, 31.150347034171567], [77.92424264437473, 31.15041259168441], [77.92478930747974, 31.150489890962334], [77.92558473617933, 31.150870430536695], [77.92732679571573, 31.151901403946894], [77.92900757169882, 31.152766053954494], [77.93020608130881, 31.153427540476628], [77.93089077091619, 31.15358594950182], [77.93140282465369, 31.15364306954749], [77.93247982322393, 31.15398046988232], [77.93368798704626, 31.15418363243451], [77.93463423095764, 31.154548670000768], [77.93522907848508, 31.154795145632292], [77.93577793319334, 31.155148423113026], [77.93647936599086, 31.15640730214397], [77.93819656720576, 31.15783193807426], [77.94051379473873, 31.15954784583613], [77.94316018377437, 31.161315138598923], [77.94434373514437, 31.161787148084446], [77.9453671557207, 31.161973388335], [77.94574792808908, 31.161963505970046], [77.9465959245481, 31.161941498274736], [77.94797291817582, 31.161816871911338], [77.9494171519001, 31.16172724714638], [77.94969839899302, 31.16170550850635], [77.94991757708317, 31.16168856536718], [77.95002005815363, 31.161672495437934], [77.95032822166888, 31.161624169242153], [77.95064357150754, 31.161548459666875], [77.95104508153268, 31.161452063920855], [77.95148381083773, 31.161368534613683], [77.95184009869327, 31.161865252345866], [77.95239796059207, 31.163566856197814], [77.95270272499766, 31.164516501866768], [77.95361244757807, 31.16600967303868], [77.95472992790009, 31.16714285885865], [77.95626261250851, 31.168659541819103], [77.958108789034, 31.170069766787805], [77.95890013824479, 31.17097815494029], [77.95981076300151, 31.171336295288928], [77.96187004700552, 31.17207128368393], [77.96432344048759, 31.172811139608843], [77.96571026963437, 31.173198805139926], [77.96731983806197, 31.17342370256166], [77.96764530780041, 31.172634817059755], [77.96799969039526, 31.17271644339306], [77.96858544587687, 31.172554229850192], [77.96889006705698, 31.172239776561298], [77.96919278347501, 31.171927291148197], [77.96992285633146, 31.171006447921158], [77.97090292755071, 31.169898685556277], [77.97145673009199, 31.169177526729502], [77.97197137154424, 31.16820864509421], [77.9725897208092, 31.16713070405702], [77.97326729836549, 31.166210190279987], [77.97452268762329, 31.165370923586117], [77.97492564437736, 31.165277702499072], [77.97524418759443, 31.165177157330337], [77.975341043287, 31.165146586072872], [77.975341194804, 31.16514653774993], [77.97587186396538, 31.164977448299233], [77.97643546230233, 31.164702582236284], [77.97668116772697, 31.164403460308613], [77.97671112247345, 31.164366993156285], [77.97697702989679, 31.16381459529676], [77.97721056973774, 31.163582833866247], [77.97770190281351, 31.163421334702555], [77.97818383178951, 31.163359013951993], [77.97881627060276, 31.163155810644195], [77.97935558289578, 31.16298679946838], [77.979872686364, 31.162734876008113], [77.97994683167427, 31.162677660931465], [77.98028246667936, 31.16241866596104], [77.98058418892185, 31.162177332646394], [77.98104628039204, 31.161731902304382], [77.98177120190513, 31.160824429338053], [77.98265133340253, 31.159721911835327], [77.98352563115391, 31.15856090321645], [77.9839503706411, 31.158043538424277], [77.98464355636737, 31.157087269117486], [77.9858826622339, 31.157673573266134], [77.98624166396915, 31.15787768438978], [77.9883129275735, 31.158990850173435], [77.98959901267402, 31.15951960493881], [77.99029977718135, 31.15982631746432], [77.99093624775554, 31.16010488882792], [77.99197721550334, 31.160358407802157], [77.9930796983596, 31.16046710559118], [77.99366209692474, 31.16053888021264], [77.9950451431413, 31.160925636157128], [77.99588457251592, 31.161156600302952], [77.99692795744558, 31.16124817871898], [77.99803627314088, 31.161293250397442], [77.99846370298219, 31.161635426556888], [77.99899532601698, 31.161773944241002], [77.99969139694912, 31.16180608742239], [78.00025709393722, 31.161962750609398], [78.00053850471038, 31.161986047210785], [78.00067697809378, 31.16199750974683], [78.0014679099093, 31.16190658337285], [78.00222299417287, 31.161695094223887], [78.00329829608505, 31.16151903374237], [78.00440056734398, 31.16137482030279], [78.00526431317556, 31.16124346236253], [78.0061924643125, 31.161097118563276], [78.00685524785243, 31.16092389362291], [78.00725463354392, 31.160925598786157], [78.00785424478768, 31.160928159813935], [78.00862504922365, 31.16087447399513], [78.00981741944545, 31.16026628101576], [78.01038591832479, 31.15972647512265], [78.01098127148056, 31.15916116548786], [78.01215206647461, 31.1581901174656], [78.01251068576387, 31.158060832062414], [78.01331708611889, 31.157923888196027], [78.01395261110437, 31.15792252202663], [78.01402817173326, 31.157922359262948], [78.01444895973454, 31.157838308765477], [78.01481868236625, 31.1574844833558], [78.0152899365911, 31.157033488773873], [78.01617454057853, 31.15589022511946], [78.01726222588354, 31.154618988702786], [78.01751250743239, 31.154309140495215], [78.018845687076, 31.152974416832727], [78.01958909447504, 31.152401019537038], [78.02049317507283, 31.15170368912101], [78.02055422759369, 31.15165659754665], [78.02110573378907, 31.151584540275373], [78.02213756472456, 31.151532015913197], [78.02361844438552, 31.15123610610528], [78.0244884120303, 31.150926582211966], [78.02504460572403, 31.150728694522158], [78.02563541353534, 31.150703480384212], [78.02673236303313, 31.1506566649745], [78.02861265599269, 31.150934760051445], [78.02937840303161, 31.150960980154608], [78.02978772041075, 31.150974995578594], [78.03033884906553, 31.151024700200157], [78.02976968276396, 31.152215196493003], [78.02973592762123, 31.15304910194941], [78.02972001810397, 31.1534421447757], [78.02995350104896, 31.154662365082885], [78.03019909245003, 31.15588341607367], [78.03023291737901, 31.155951773844833], [78.03086757175453, 31.157234387835363], [78.03080085463867, 31.157852736352435], [78.03057661592997, 31.15827625190736], [78.02989446777141, 31.159444820820337], [78.02947621718754, 31.160322818529266], [78.02946585053145, 31.160354465881056], [78.02910583687229, 31.1614534650009], [78.02910331973244, 31.161461147493856], [78.02909317532513, 31.162501273923027], [78.02938213341228, 31.163332355525167], [78.0297077516512, 31.164163872133813], [78.03050031069309, 31.165592142057193], [78.03165395811524, 31.167363659711015], [78.03269451369239, 31.168763359798177], [78.0338332616495, 31.16976225265354], [78.03492138577462, 31.170492547175083], [78.0365140909575, 31.171197353823516], [78.03778109727232, 31.171638145014608], [78.03871817837613, 31.172074976996168], [78.03980050259695, 31.172600239710583], [78.04035790017502, 31.172709367865327], [78.04093229158848, 31.17290145731734], [78.04124548135131, 31.17337416393343], [78.0416878044201, 31.174364665832037], [78.0419665662611, 31.175266510360096], [78.04235060175232, 31.176461233655132], [78.04253606589107, 31.17746442026556], [78.04263751815583, 31.178561179694665], [78.04404350229657, 31.1789168758837], [78.04496665565412, 31.179085522437838], [78.04614161097952, 31.17955666784434], [78.04757970751083, 31.180196451288605], [78.04803721557235, 31.180249191031194], [78.04872411474172, 31.180288895961734], [78.04947808900485, 31.180148119659794], [78.05033440367393, 31.179913978936145], [78.05082996880232, 31.179880463617195], [78.05120473655838, 31.179947975570013], [78.05188555174391, 31.180365911820175], [78.05272793160385, 31.180998566086583], [78.05383510722872, 31.18169741332565], [78.05454938093524, 31.18203100913107], [78.05526365968113, 31.182364598830258], [78.0558910901132, 31.18268336269816], [78.05627936533878, 31.182766784165167], [78.05681975724264, 31.182796835695775], [78.05787842097457, 31.183093117674897], [78.05913242252473, 31.183785784797045], [78.05991259677688, 31.184299439365304], [78.0605609233896, 31.185032208473324], [78.06112441085793, 31.185338372365475], [78.06190788085647, 31.18564713403404], [78.06294447037887, 31.18617956430316], [78.06440119119638, 31.186811528793925], [78.06595310922543, 31.187223920222863], [78.06642369922531, 31.187164349338254], [78.06761397419466, 31.18701367618291], [78.06763786516463, 31.1870106515931], [78.06866387863127, 31.186948556045447], [78.07234164939578, 31.186731709816645], [78.07471299561288, 31.18692509029258], [78.07719446526055, 31.187111849144955], [78.07810644369968, 31.187084602590986], [78.07822964883783, 31.18707963196702], [78.08101050421931, 31.186967411766883], [78.08339090973743, 31.187168654432092], [78.08432601519668, 31.1871979712352], [78.08659800471362, 31.187269176049703], [78.08746012318467, 31.187291196333454], [78.08759723069548, 31.1872946982118], [78.08933727438395, 31.18700652560077], [78.08933732772338, 31.187006508883496], [78.09109493409962, 31.186457473526044], [78.09116034484815, 31.186434199757315], [78.09127153291425, 31.186394638367297], [78.0930759157808, 31.185752612264057], [78.0935723865058, 31.185476330671634], [78.09421348296104, 31.185119562686484], [78.09603995774054, 31.184399929983602], [78.09713291359859, 31.184270755407344], [78.09811191830659, 31.18439245810083], [78.0988961127466, 31.184645692456222], [78.09959990517682, 31.18487296092323], [78.10059290103989, 31.185193610779372], [78.10173696466715, 31.18531326482454], [78.1031533354045, 31.185406769853408], [78.10361894219925, 31.185437507490466], [78.10415797739343, 31.185683086645525], [78.10424346401317, 31.18572203371471], [78.10469710583475, 31.186253886661635], [78.1050348270669, 31.186620336528474], [78.10540926065288, 31.187026617874047], [78.10783050199943, 31.189049465343327], [78.10790790767213, 31.18911429247686], [78.11108335285283, 31.19177364218991], [78.11244500122649, 31.19323160738541], [78.11452326990842, 31.194595345122707], [78.11587256902082, 31.19508373458636], [78.11778959472436, 31.195618038603666], [78.11852254725628, 31.196029315341804], [78.11945290156882, 31.19655135243435], [78.12036993684443, 31.197129318500053], [78.12143702130852, 31.197889007843035], [78.12151105338194, 31.197941713386406], [78.12225683413861, 31.198427698370217], [78.12248833227017, 31.198871696382938], [78.12277141536973, 31.19953695742584], [78.12347618323098, 31.20020704441569], [78.12398611816108, 31.200433553517925], [78.12449922680231, 31.20045518642307], [78.12514074820069, 31.200426270292702], [78.12589383074085, 31.200392323407492], [78.12702883538203, 31.200515631394588], [78.12807046568942, 31.20074820071503], [78.12860093762352, 31.20083306901641], [78.12889736620991, 31.201147220549966], [78.12892957222788, 31.20118135165009], [78.12935587986294, 31.201818944740584], [78.12962213234921, 31.202389423866446], [78.12968378975827, 31.20314671430062], [78.12974593367605, 31.20387248320797], [78.13003052738281, 31.20444316804372], [78.13044638704166, 31.204826200840422], [78.13128346228113, 31.205245562332316], [78.1317372123069, 31.20555021239481], [78.13195188340899, 31.205899424211353], [78.1321937471459, 31.206863666459853], [78.1324216531709, 31.2075440306365], [78.13270845628747, 31.20797287261524], [78.13338054193264, 31.208390335700003], [78.13412937389086, 31.208588005910666], [78.1348984857103, 31.208659804054314], [78.13572357337016, 31.208669188308637], [78.13726397941763, 31.208670934799443], [78.13845577465402, 31.208684471218195], [78.13970015467167, 31.20885621383829], [78.14030231516635, 31.209052189920573], [78.14090965701354, 31.209508293769403], [78.14193678530908, 31.210095247063297], [78.14279166622362, 31.210554147464798], [78.1435776807951, 31.21072066841826], [78.14418179118226, 31.210790554580598], [78.14511980392052, 31.210612027409024], [78.14640570748014, 31.21046895058511], [78.14708484637313, 31.21042934072654], [78.14767749978898, 31.210648823046693], [78.1479660493961, 31.210967320539645], [78.14813554010809, 31.211276590773466], [78.14813711779212, 31.21177310922409], [78.14814497196751, 31.212458836784844], [78.14819493062213, 31.21338934739308], [78.14841859076837, 31.21375439475283], [78.14912394462654, 31.214400709120948], [78.15059016399475, 31.215662430694533], [78.15215074341569, 31.21675181922194], [78.15361305875149, 31.218273525566726], [78.15447396906205, 31.218945204284083], [78.15507788665664, 31.219030807044007], [78.15579434393435, 31.218952180188957], [78.15658570825347, 31.218771938784794], [78.1573762318663, 31.218646851624882], [78.15768783787796, 31.218658233305405], [78.15809586230274, 31.21896228714816], [78.15827384005784, 31.219318921081555], [78.15826994719848, 31.22017788093284], [78.15828750688347, 31.220832179973282], [78.15837769870626, 31.221534578883325], [78.15885189564848, 31.222312214641015], [78.15923477147788, 31.223065180209904], [78.15960429270815, 31.22409381862114], [78.159957159749, 31.225011936002062], [78.16022432476453, 31.225535056006663], [78.1606082238436, 31.225618170194807], [78.1615432174928, 31.22564441551464], [78.16200845729824, 31.225594844938293], [78.1622636384568, 31.225567655329368], [78.16237188168759, 31.225556122013746], [78.16369317476513, 31.22537692146596], [78.16499564048327, 31.225359979062127], [78.16549993124801, 31.2253656217713], [78.16596456204748, 31.2250749102923], [78.16604039770364, 31.2250241516163], [78.16635194382894, 31.22481562287854], [78.16680312720214, 31.224694577267524], [78.16715142671153, 31.224706351817833], [78.16802479297782, 31.22492920190017], [78.16804030177316, 31.224933159313487], [78.17136687056943, 31.22611676592319], [78.17303552532367, 31.226750054807265], [78.17380370376672, 31.226892581304785], [78.17439171360574, 31.22682032192447], [78.1752035754962, 31.22649837184214], [78.17557366050234, 31.226281832160307], [78.17619283602306, 31.22620074253815], [78.1771529833348, 31.226149663354594], [78.17779505142931, 31.22614103581992], [78.17832744774066, 31.22610755004781], [78.17871079320831, 31.22595625948074], [78.17906546867796, 31.225816282894485], [78.17975491872794, 31.22570572762558], [78.18089005970963, 31.225749619769374], [78.18091625127325, 31.225749683171646], [78.18177173774035, 31.225751742639336], [78.18263208636559, 31.225863729159634], [78.18313342398048, 31.22606630073132], [78.18365073947376, 31.226426660215743], [78.18463426228813, 31.226886745442158], [78.18545699804959, 31.227061342214057], [78.18629091252488, 31.22710209152531], [78.18702443992079, 31.227110202802493], [78.18764218677656, 31.226888493755748], [78.18791851551387, 31.226630794526336], [78.18798495915654, 31.226568829959028], [78.1885606507125, 31.22618150637142], [78.18933485469003, 31.225922115071285], [78.18977855964268, 31.22581969136853], [78.19034620403583, 31.225688655575283], [78.19044328989904, 31.225666243323886], [78.19142421793259, 31.225409289574454], [78.1921758445913, 31.224818648063255], [78.19289784216028, 31.223754837633695], [78.19415160932492, 31.222082184857477], [78.19566524372023, 31.21975980562468], [78.19808645974257, 31.217712261299784], [78.19947779850887, 31.217262579260268], [78.20064364654158, 31.217291368085473], [78.20120109548435, 31.217305134470056], [78.2026276189991, 31.217572962869244], [78.20544213699269, 31.21823425185522], [78.20707302124423, 31.218945596963312], [78.20767534194454, 31.219141320767957], [78.20844697021909, 31.219669882042727], [78.20881752250472, 31.220036443604677], [78.20915466119231, 31.220181977950194], [78.20970465992039, 31.22019586464464], [78.21030630765001, 31.220127566817908], [78.21103707093648, 31.220009448879235], [78.21198127058301, 31.21972028032773], [78.21244115137928, 31.21962678449749], [78.21285308753824, 31.21998590772506], [78.21350868390772, 31.220611687798268], [78.21401993509046, 31.220994093245775], [78.2140736438534, 31.221027870506724], [78.21466624130974, 31.221400544573836], [78.21503727920324, 31.22173557151706], [78.21517004860021, 31.2220601249613], [78.21517422335752, 31.22239903962022], [78.21511073379529, 31.222973637477796], [78.21505443833857, 31.223682284196894], [78.21501659431996, 31.224383248478947], [78.2149571552708, 31.225927203988334], [78.21542627287432, 31.227697561174093], [78.21578642010492, 31.22877323510031], [78.21625788173182, 31.22976343362775], [78.21680049836215, 31.23028156624288], [78.2176818075111, 31.230842784777003], [78.21897215649011, 31.231652734028945], [78.21965117700103, 31.232251142991426], [78.2197472917515, 31.23257528525935], [78.21975624800791, 31.23321370255089], [78.21994917524911, 31.233814709387428], [78.2203224676115, 31.23400001194178], [78.22111779437007, 31.234174129988833], [78.22224357931802, 31.23432818441501], [78.22330610315181, 31.234418503993638], [78.22450421148433, 31.23464425075751], [78.2251789573751, 31.23491160835322], [78.22576327913174, 31.23509130016303], [78.22643312988791, 31.23506702420079], [78.22711503443375, 31.23484586321408], [78.22791741203852, 31.234539319678213], [78.22877353405397, 31.234320034399847], [78.2295456610028, 31.234204358175774], [78.22962833491647, 31.234199443000968], [78.23047268485534, 31.23414924445302], [78.23230753688937, 31.234105990362682], [78.23320869221423, 31.233942331546643], [78.2344807651763, 31.233498965353515], [78.2359740473689, 31.23297916348816], [78.23708746603134, 31.23272319994022], [78.23824936383984, 31.232286499851888], [78.23891438086497, 31.231962662102323], [78.2401817110209, 31.23121186044356], [78.24046548983588, 31.230968619162997], [78.24127932394369, 31.230964633818626], [78.2424074201457, 31.22983045735419], [78.24317044941083, 31.229357791408535], [78.24347346337849, 31.229355830531663], [78.24449951022815, 31.229429861216513], [78.24568961158309, 31.229770076894486], [78.24575611288674, 31.22980668985705], [78.24695145546882, 31.23046479479431], [78.24856985576142, 31.23165377532098], [78.24906456135122, 31.23200540077342], [78.25016461898352, 31.232862216917447], [78.25070549259212, 31.23336672044221], [78.25078860656963, 31.234309655302386], [78.2507097199169, 31.23530627365837], [78.25069160907553, 31.236559830322907], [78.25058743616547, 31.237632368353545], [78.250383983199, 31.238322874082364], [78.24998197309009, 31.23936452310957], [78.24950375591287, 31.240100579115147], [78.25021297637561, 31.24011507442071], [78.25106212410056, 31.239930182434474], [78.25213866158873, 31.239629955003267], [78.25286899761471, 31.239298327921492], [78.25385089695578, 31.238851619448834], [78.25446698095145, 31.238615743004935], [78.25538665874818, 31.23857011456004], [78.25629608325535, 31.238676759502493], [78.25751000921446, 31.238911317187874], [78.25892525080104, 31.239161856330696], [78.2596803381759, 31.239349963500537], [78.26047185229716, 31.239808598323364], [78.26118297107158, 31.240813584692447], [78.26150320745505, 31.24153042995895], [78.26182225748259, 31.242330379286436], [78.26207882186554, 31.243552192246888], [78.2622746838361, 31.244510144549714], [78.26263494594345, 31.24524818417354], [78.26327863105577, 31.245899176703197], [78.26406114683212, 31.246426955147438], [78.26540346804671, 31.247272349223426], [78.26670847879102, 31.247909536235653], [78.26759082673091, 31.248223627877707], [78.26862626957569, 31.24862117166076], [78.26911445663589, 31.249638828584583], [78.26911468433245, 31.25129542961639], [78.26907875033451, 31.25160989247985], [78.26900914237142, 31.25208171432398], [78.2690834635485, 31.25237953434243], [78.26942433850867, 31.252720671511554], [78.26981274294893, 31.2530353059445], [78.27105961914503, 31.253764036316998], [78.27189968516912, 31.254366956161096], [78.2727384131255, 31.25506436773542], [78.27349588402843, 31.255949939212474], [78.27432462229339, 31.25734931201119], [78.2751777228026, 31.25869492445906], [78.2755435230512, 31.25949535134736], [78.27573493007229, 31.26040195410005], [78.27583705044407, 31.26095658269581], [78.2759751065572, 31.261471083850285], [78.27625844138063, 31.261717085331142], [78.27665772858616, 31.26182253988827], [78.2772383124607, 31.261889394458322], [78.27776533707802, 31.261854423297322], [78.27839210774042, 31.26198926381732], [78.2788850140108, 31.26214294887287], [78.27948035653371, 31.262277456217813], [78.27995611411166, 31.26253222094522], [78.2803042347153, 31.26292065567198], [78.28081516042934, 31.263466061673185], [78.28135656253652, 31.264079287534987], [78.28206681498808, 31.264977805575622], [78.28255648906635, 31.265914513741826], [78.28286581667918, 31.266268781272537], [78.28377070890018, 31.265694326595217], [78.28476672720572, 31.26546785419777], [78.28572997959353, 31.264296877294406], [78.28666750280064, 31.26315716630088], [78.28728126207429, 31.262763036625415], [78.28834166184683, 31.262505165431733], [78.28908446437799, 31.262215886221455], [78.28989316952025, 31.261711269306304], [78.29043434007056, 31.26123086291601], [78.29110446022734, 31.260522275981405], [78.29188190795745, 31.260003820813356], [78.29285450321531, 31.26013545523692], [78.29345437568765, 31.260268660344792], [78.29374757407788, 31.26033376541183], [78.29468550992465, 31.260694554650136], [78.29571774108763, 31.261056313469965], [78.29642319386905, 31.261185153728587], [78.29721045367944, 31.26108531606996], [78.29804713291453, 31.260823972807444], [78.29872874778344, 31.26041250186346], [78.29956626103403, 31.25978694953218], [78.29958004452568, 31.259776653598518], [78.30006014328039, 31.259628719421062], [78.30077029044347, 31.259313606605875], [78.30140044064343, 31.259306075841618], [78.3025510112326, 31.259074961131695], [78.30330512001264, 31.259096263417344], [78.30442009528463, 31.25916179612113], [78.3047506581036, 31.259247820831103], [78.30550061860178, 31.259442988541416], [78.30632650278018, 31.259951066219912], [78.3069469712438, 31.26053802830067], [78.30765673221715, 31.261483689750577], [78.30796765925359, 31.262290223019825], [78.30829241905963, 31.263231907035212], [78.30854608796307, 31.264199857418582], [78.30867102193776, 31.26538249771502], [78.3086972031907, 31.266321096363768], [78.30853262586557, 31.267412987881833], [78.30861852696573, 31.26801467115304], [78.30872278433739, 31.268427526460453], [78.30899652029983, 31.269085148781237], [78.30947296588175, 31.26985961574207], [78.31012568537416, 31.2703928794455], [78.31044516869095, 31.271152222422877], [78.3105141402309, 31.271841480940786], [78.31056400561957, 31.272773556693966], [78.31036561098732, 31.273473559912993], [78.31005757620359, 31.274145430499185], [78.30951586218401, 31.274666383636823], [78.30896220026617, 31.27491719391317], [78.30829700734394, 31.2752748594241], [78.30804101351795, 31.275596238514087], [78.30821451867338, 31.276678090761944], [78.308622840468, 31.277829864441067], [78.309082467628, 31.278685146462436], [78.30971480230063, 31.279555705217255], [78.31089404878821, 31.280661403128647], [78.31120180357114, 31.281137092128144], [78.31127267013365, 31.281691346064225], [78.31134296897733, 31.282286096471083], [78.31122939519372, 31.282717684595713], [78.31121856279222, 31.282758847990817], [78.31105837674073, 31.283167550083185], [78.31118010990001, 31.28308952984893], [78.31212621010435, 31.282483161447225], [78.31286606690925, 31.28240976778119], [78.31431490374862, 31.282222149145344], [78.31582961020278, 31.281819186410573], [78.3167760419113, 31.281585884965846], [78.31717273051194, 31.281319942819266], [78.31743718320682, 31.28069265878365], [78.3174593881672, 31.280639987078896], [78.3178460279032, 31.279504150367227], [78.3178520772526, 31.27948637939124], [78.31785363664612, 31.279481952183566], [78.31803053559757, 31.278979625168546], [78.31886429500643, 31.278934168226563], [78.31991893366406, 31.27883021337466], [78.32143853748563, 31.278636504934468], [78.32259823407249, 31.278324348230818], [78.32298224094954, 31.278142702478636], [78.3234922312298, 31.27790146405818], [78.3244575176217, 31.27800582832451], [78.32539137162419, 31.27810986690377], [78.32592453751008, 31.278203063640724], [78.3269916172899, 31.27833545213853], [78.32854741978794, 31.27836480859719], [78.32982273697566, 31.278215787200015], [78.33072140115252, 31.278022420916667], [78.33186590867633, 31.277669541394395], [78.33221805347439, 31.277781127649437], [78.33310639234703, 31.278336932458526], [78.33353405764899, 31.278672042597936], [78.33480883838844, 31.27970428424219], [78.3354612594713, 31.2802711795511], [78.33640352855053, 31.28090851539957], [78.33743401548867, 31.281418481780566], [78.33802627639065, 31.28178899714075], [78.338786167001, 31.281972198908264], [78.3393395099822, 31.28231531376464], [78.33990511095048, 31.282725260760763], [78.34074734446088, 31.282248553298565], [78.34135644885166, 31.281964448623185], [78.34247239273341, 31.281401951976065], [78.34348283755538, 31.28108139139003], [78.34427092678588, 31.280927337837973], [78.34517095298132, 31.28073693009431], [78.34561096683406, 31.280643840075893], [78.3465639875854, 31.28049819100409], [78.34739034657842, 31.28041876203012], [78.34901578591588, 31.28046509254294], [78.34911837356447, 31.280468016294293], [78.35098778389799, 31.28058995964762], [78.35196929298951, 31.28066057227341], [78.3523681571769, 31.280806335209455], [78.35297764659968, 31.281068965205186], [78.35331851874699, 31.28130220385114], [78.35341913608973, 31.281371050081297], [78.35342532910116, 31.28137528717475], [78.35447532637565, 31.28190752576769], [78.35599186089901, 31.282516751378502], [78.35724304384225, 31.28298829903059], [78.35880822341528, 31.283489979065433], [78.35961375557814, 31.283788294043863], [78.36108400924999, 31.28433625150699], [78.36227390891847, 31.28469239393185], [78.36318344968532, 31.284856724302657], [78.3640620132761, 31.284986988426873], [78.36503552503572, 31.285070944644655], [78.36637100703547, 31.28512474683135], [78.36713845536687, 31.285334891228036], [78.36820364053855, 31.285615494334586], [78.36984640155846, 31.286198840832736], [78.37031540008458, 31.286392503912328], [78.37093258676346, 31.28608812364579], [78.37213660760136, 31.285398050128364], [78.37262676980421, 31.28518690662263], [78.37376408822685, 31.28477966943077], [78.37428861274269, 31.284667051572065], [78.37472578498286, 31.28457318935635], [78.37568566632804, 31.284501689938413], [78.37635495091563, 31.28453227989438], [78.37639735804765, 31.28453421774143], [78.37734091742148, 31.284701535918803], [78.37805626810339, 31.28473439649554], [78.37850540580561, 31.284651083424862], [78.37946076988503, 31.284329760044162], [78.38070790208236, 31.283937057980605], [78.38206867870854, 31.28345044876344], [78.38211855642645, 31.28342342427577], [78.38282636265764, 31.283039918395204], [78.38354050984105, 31.282533936753616], [78.38392314165901, 31.282132689941566], [78.38413341793274, 31.2816892449886], [78.3845131186868, 31.280329428982444], [78.38489448512637, 31.278993241338405], [78.38490168865181, 31.27896800347661], [78.38490169758745, 31.27896797071973], [78.3853228906619, 31.277367264188726], [78.38576921337393, 31.275724572594154], [78.38591474993248, 31.274240923001642], [78.38613002967493, 31.27256091848977], [78.38613642629859, 31.272510990774414], [78.38629722840176, 31.271490520323685], [78.38679241219344, 31.272075926771805], [78.38728849922532, 31.27259383521258], [78.38800354405133, 31.273194897219135], [78.38887468200619, 31.273878492073713], [78.38951403097097, 31.274262789953156], [78.3898372222375, 31.274382190998868], [78.39064024393564, 31.274678862905052], [78.39172101623743, 31.274966225436437], [78.39259882144948, 31.275150337565815], [78.39339054595358, 31.275306598559013], [78.39441838059197, 31.27543816818194], [78.3954196013605, 31.27550196424663], [78.3960532395286, 31.275430529960023], [78.39636061539626, 31.275069014547125], [78.39642827093715, 31.27441151633602], [78.39631889190854, 31.273769161507747], [78.3962973985748, 31.27351482309401], [78.39628790123265, 31.273402435008872], [78.39627840390817, 31.27329004689237], [78.39625095124502, 31.27296520038154], [78.39621696005983, 31.2713785214905], [78.3962103631388, 31.270689913922396], [78.39618805500054, 31.27000115248871], [78.39646291696624, 31.269423298959587], [78.39670841326948, 31.26897496946196], [78.39675479488376, 31.268890265967297], [78.39708996110537, 31.26836285174129], [78.39716051261364, 31.267783000797507], [78.39728035323706, 31.267041617955794], [78.39771486147986, 31.266276305013726], [78.39816329241265, 31.265646134915254], [78.39889281230325, 31.26515371913124], [78.39984144798339, 31.264730939518], [78.4005698861486, 31.2643195111698], [78.4012697410315, 31.263691781408628], [78.40224440621145, 31.262486173785156], [78.40277351294527, 31.261694761361742], [78.40345009889322, 31.26044573747311], [78.40394989462662, 31.25949201474555], [78.40453970326571, 31.258863194949864], [78.40487682451214, 31.258326421247876], [78.40610053190662, 31.257298716895694], [78.4067996066927, 31.256724952058892], [78.40716707349014, 31.256269474683215], [78.40729847245396, 31.255838708110954], [78.40713254207658, 31.255310543473616], [78.40684870312346, 31.254828385009816], [78.40679078000075, 31.25472998922515], [78.40624300386224, 31.253996719436635], [78.40579239859059, 31.253637824102036], [78.40536690947022, 31.253335688076675], [78.40457101494081, 31.252909403240142], [78.4044153720614, 31.252508493422], [78.40429097109462, 31.25215136729161], [78.4042845229646, 31.25209806693618], [78.40421238862825, 31.251501762598362], [78.40412611518424, 31.250893356137812], [78.40396038236908, 31.250351682585347], [78.40359404214817, 31.249880709623667], [78.4032778035294, 31.249406630904037], [78.40290219493319, 31.248544092659234], [78.40282944076706, 31.247947705263417], [78.40320646062588, 31.24748037288447], [78.40376630094593, 31.246599228269595], [78.40457617187296, 31.245097123004776], [78.40566273540311, 31.24339682736406], [78.40695164746025, 31.2422456845206], [78.40891493216547, 31.24134349583955], [78.40904521237097, 31.241282412043585], [78.4102609633518, 31.240712380575886], [78.41131247811064, 31.240445504523876], [78.41194610873778, 31.240077602563684], [78.41267700605728, 31.239669080457002], [78.41345154375163, 31.239621161990307], [78.413905414721, 31.239646532649765], [78.414053066695, 31.23965478587277], [78.41522078162242, 31.23994996389154], [78.41611830718438, 31.24036037729053], [78.41694773588578, 31.24104719285131], [78.41789342286098, 31.242091843816617], [78.41844667504589, 31.242630526149977], [78.41916137452938, 31.243153446194206], [78.42033690999111, 31.243885134405236], [78.42073706009943, 31.244110638514577], [78.4213402397241, 31.24418299013781], [78.42135257237257, 31.244184469300457], [78.42286548299882, 31.244103410647273], [78.42476964281661, 31.24398317794149], [78.42584734179263, 31.244294602915897], [78.42587874033617, 31.24430367552663], [78.42664201682918, 31.245067837008193], [78.42759007885122, 31.24655920406017], [78.42799270666401, 31.247837538935233], [78.42826486604771, 31.248608985725046], [78.42872578964402, 31.249434187947447], [78.42889744591814, 31.24964410963231], [78.42897431171028, 31.249738111666822], [78.43034550486954, 31.251659399820642], [78.43115601689115, 31.252803611798445], [78.43185992301011, 31.253645091518482], [78.43248236527525, 31.254123588979002], [78.43316923958383, 31.25448118639748], [78.43425159256536, 31.2546400361111], [78.43532137291119, 31.2545557343493], [78.436014190091, 31.25445433021901], [78.4363129203505, 31.25430841887596], [78.43658355719066, 31.25417622817631], [78.43682397491024, 31.253813983379924], [78.43686237457968, 31.253274293068436], [78.43690705571655, 31.252886190653353], [78.43691743549614, 31.252796033845982], [78.43692781526028, 31.252705877018162], [78.43695087863144, 31.252505555987938], [78.43706592919614, 31.25211510978848], [78.43731060461744, 31.251720684845555], [78.43733023141706, 31.251715656508427], [78.43774824178334, 31.251608555440868], [78.43850511189142, 31.251413239793095], [78.43898122265533, 31.25105323170654], [78.43936339813025, 31.250665325088416], [78.43973279682626, 31.249895966354575], [78.44061143741752, 31.24928094117878], [78.4414438422407, 31.248499234400654], [78.44185248948317, 31.248030388591946], [78.44189365692809, 31.24798315679855], [78.44209942589353, 31.247674286917995], [78.44243095890816, 31.246970933143746], [78.44249914021236, 31.246594531344236], [78.4426739480147, 31.245629497217593], [78.44305508158659, 31.244829638717217], [78.44359262240611, 31.244405295801], [78.44422613442636, 31.244088569107173], [78.44459875299898, 31.243902274560675], [78.44558406111359, 31.243548805717705], [78.44567455374253, 31.24351634332525], [78.44667263400133, 31.243118449264472], [78.44773599674251, 31.242429184445616], [78.44774257864334, 31.242422572298373], [78.44848076581253, 31.241680983495794], [78.44936142941773, 31.240899679669877], [78.44978984830088, 31.24076273336753], [78.44989133498677, 31.240730292100732], [78.45092395583882, 31.241011417491784], [78.4517600485075, 31.241192476085725], [78.45279682340588, 31.24128632096506], [78.45285135149568, 31.241280850789447], [78.4534364895964, 31.241222146089555], [78.45382375541706, 31.24119809023279], [78.45460628126193, 31.241274730931938], [78.45469647401221, 31.241275580927372], [78.45492769880335, 31.24127775889915], [78.45505641363792, 31.24127897075485], [78.45573838192689, 31.241055428857695], [78.45612047720589, 31.240672405529608], [78.45616262116611, 31.240568784483784], [78.45631968376415, 31.240182611262814], [78.45640743975403, 31.239622381532097], [78.45688766197821, 31.238629468124277], [78.457712003748, 31.23783373161584], [78.45816883653, 31.237550343577457], [78.45862731593857, 31.23727023794618], [78.45863623167409, 31.23726758077397], [78.45944742611395, 31.237025770165534], [78.46015973308465, 31.236796952545117], [78.46101791877744, 31.2365071617741], [78.46144793377985, 31.236289543110516], [78.46174074599398, 31.23608448887721], [78.4618650651475, 31.235783334009152], [78.46190687102573, 31.235682062174455], [78.46197306469674, 31.234929912123857], [78.46206343023346, 31.234161898157836], [78.46239357768394, 31.233555443000878], [78.46300565025228, 31.232965483135775], [78.46442269094331, 31.231828920512644], [78.46529004578699, 31.230811880374667], [78.46562095687274, 31.230143081015818], [78.46584901659682, 31.229320929231797], [78.46592498852712, 31.228414229862736], [78.46622154489675, 31.227911347830357], [78.46684351325813, 31.22749116533353], [78.46749333295033, 31.227098946555444], [78.46775615094145, 31.226713500596436], [78.46866198670527, 31.22519805790353], [78.46902886451555, 31.224231725062914], [78.4695312575804, 31.222747135619947], [78.47006422000761, 31.222031711690406], [78.47161683402638, 31.220356023091572], [78.47244558466343, 31.219193092868615], [78.47285727807389, 31.218504232498894], [78.47462638872051, 31.217550923943424], [78.4753898733209, 31.217086988328727], [78.47696953294351, 31.21581324885163], [78.47831794018408, 31.21498067418989], [78.47928399806229, 31.214428545034508], [78.47979918505521, 31.213837599799778], [78.48004097535755, 31.213195626445234], [78.48030369205375, 31.212491503007925], [78.48091715198154, 31.2111325555857], [78.48128753997653, 31.209875255542773], [78.48139876476259, 31.2080752366041], [78.48125341650571, 31.206168926859903], [78.48145084549044, 31.20456365110472], [78.48166574282452, 31.204136155429673], [78.48287223888863, 31.20303897255956], [78.48361445939383, 31.202332334751418], [78.48427245544366, 31.20127162530649], [78.48436239438662, 31.200524315843506], [78.48417957608164, 31.199677499473754], [78.48400758965128, 31.19925334437588], [78.48375294465812, 31.19899468103613], [78.4850915917089, 31.19892392893576], [78.48570494069409, 31.198853394387662], [78.48749912713461, 31.198802789917856], [78.48753591910564, 31.198798308549698], [78.48851964332383, 31.198678476868153], [78.49163290885483, 31.19847162301347], [78.49398683093415, 31.198410135838753], [78.49522105797118, 31.198310632614884], [78.4969948987268, 31.198236848510664], [78.49768984754135, 31.19808389059809], [78.49866142243597, 31.19771871751372], [78.49952393468723, 31.197597039505666], [78.50279329663218, 31.19725118685981], [78.50418816039644, 31.19692233455841], [78.50517047982162, 31.19674911632763], [78.50591021713538, 31.196495705188863], [78.5068864192394, 31.19616128683815], [78.50756481616426, 31.195928354847634], [78.50813627978485, 31.196098866398238], [78.50878435671592, 31.19634712619632], [78.509466604338, 31.19654029792006], [78.50949501093002, 31.196543117728314], [78.51082729678082, 31.196675351010196], [78.51265485700216, 31.1967033260619], [78.51608385126474, 31.196836874598915], [78.51894376944253, 31.19693105209247], [78.52010898407949, 31.196964346698568], [78.52233540538718, 31.196870568212145], [78.52368631748335, 31.196882738394603], [78.52450635101474, 31.196981209570943], [78.52535758427537, 31.19669282872345], [78.52652529267513, 31.19652114968263], [78.52843052068407, 31.196697668461564], [78.53139198287467, 31.19715689751591], [78.534537261991, 31.197921539869462], [78.53567101791033, 31.198197148663432], [78.53720489267938, 31.19841579034617], [78.53779619079822, 31.19843393857834], [78.53929696260079, 31.198479987862697], [78.54133704918526, 31.19837865501338], [78.54148333757287, 31.19837138824933], [78.5435773768523, 31.198313118878424], [78.54488542847253, 31.198586614060442], [78.54686349070457, 31.199321479343737], [78.5485116907874, 31.19995092600179], [78.54951650819335, 31.20010783756062], [78.55039065194872, 31.200115567339935], [78.55153329319656, 31.199978023306972], [78.55157879990642, 31.199972545172024], [78.55197850980873, 31.200254846342208], [78.55287778387456, 31.201494953014972], [78.55312527148824, 31.201836237277934], [78.55402394343264, 31.203119392559483], [78.55536943644645, 31.204702509374467], [78.55674566021229, 31.205932918141457], [78.558620089567, 31.207600353060965], [78.5605462005789, 31.209382070307825], [78.56170857038707, 31.210781330938897], [78.56259928746529, 31.211631685084154], [78.56412636231269, 31.212442060725014], [78.56511198966119, 31.213111057437906], [78.56549113590965, 31.21353564412656], [78.56562070194498, 31.21379476326074], [78.56567885836662, 31.213911070614788], [78.56593493559043, 31.215213213102036], [78.56645499020472, 31.21716469078616], [78.56670524253998, 31.217596465912294], [78.56706518594619, 31.218217492787755], [78.56807360011392, 31.219205453150003], [78.56894331029561, 31.219600151791056], [78.57270763735661, 31.220566566507905], [78.5742467489359, 31.22100933776558], [78.57437503370284, 31.22104624145317], [78.57485870668849, 31.22127978473452], [78.57517114264569, 31.221749302529], [78.57562233756337, 31.222812063968306], [78.57632355105896, 31.223762698959582], [78.57653518562904, 31.224049608323234], [78.57824262825955, 31.225316804993536], [78.57971899383446, 31.225955789232465], [78.58213794966898, 31.22643213186152], [78.58449428004376, 31.226600494479598], [78.58703767526073, 31.226633812860886], [78.58950092483062, 31.226723328780558], [78.59103843654566, 31.226668234082943], [78.59281400692657, 31.22664932354499], [78.59396905600873, 31.226442909207993], [78.59468904563333, 31.226050596458396], [78.5950844368271, 31.225766177757173], [78.59533033871271, 31.225589293684077], [78.59593043426067, 31.22525287507225], [78.5967659445277, 31.22518032839569], [78.59735444083175, 31.22547571131893], [78.59737646517488, 31.22549300291477], [78.59821209005061, 31.22614905957757], [78.59930281211582, 31.22692119165234], [78.60018053217065, 31.227782576901284], [78.60091819393186, 31.22815319850845], [78.60229122890247, 31.228574773841743], [78.6034349016739, 31.2288308464789], [78.60392988403206, 31.228941672077134], [78.60680086356196, 31.229296254853807], [78.60713858560408, 31.229299122426788], [78.6093444533415, 31.229317842530328], [78.61071042017299, 31.22920418507931], [78.61227744946252, 31.22888728041967], [78.61296579893562, 31.228694950515933], [78.61389902650791, 31.22843420103505], [78.61469995246759, 31.228017089730127], [78.61512524179946, 31.227795603734886], [78.61695265842191, 31.22671804294377], [78.61854912173345, 31.226139466097088], [78.61913746454886, 31.225666239235558], [78.61952593482123, 31.22532465744569], [78.61975307509451, 31.225124928881833], [78.62124222928418, 31.224659272811923], [78.62238227192454, 31.224200747798825], [78.62247772859716, 31.22416235504862], [78.62313578166018, 31.223582192851772], [78.62412080709204, 31.22200789791705], [78.62456726951729, 31.221191895705022], [78.62492397006574, 31.220113275101777], [78.62516535267768, 31.218689273325616], [78.6252062877686, 31.2185843015424], [78.62528815880938, 31.21837435696171], [78.62572040287743, 31.218088809345726], [78.62596890569891, 31.21792464380714], [78.62662839026811, 31.217739396699773], [78.62801559354997, 31.217349733988765], [78.62867159002194, 31.21708464214469], [78.62950616551028, 31.216747382554477], [78.63224471618271, 31.215904948114648], [78.63654834818054, 31.214893318612354], [78.63944386522611, 31.21454082794174], [78.64005048878151, 31.214466979221854], [78.6429893752687, 31.21465072316924], [78.6446293669356, 31.21489199870246], [78.64572639421128, 31.21511738706833], [78.64624249181762, 31.215167189930387], [78.64666752039858, 31.21506822857975], [78.64704172354683, 31.2147752919881], [78.64731067254134, 31.21443969144101], [78.64780438004617, 31.213823839085478], [78.64781125535767, 31.213815400573484], [78.64858651558124, 31.212863870686466], [78.64909613732955, 31.211852428553918], [78.64911874180711, 31.211747821959282], [78.64925743524677, 31.211105981331738], [78.64927722850078, 31.211014380806922], [78.64917611600296, 31.20988569309382], [78.64938174022929, 31.20807705979859], [78.64940399824353, 31.207268856421976], [78.64911042010674, 31.205086060972736], [78.64886993456828, 31.204082127470954], [78.6487987187114, 31.20334145972525], [78.64880354461765, 31.2029088369069], [78.6490760615063, 31.202227930021294], [78.65003434255452, 31.200630409139375], [78.65061109491255, 31.199986159665563], [78.65137237972336, 31.199423124764632], [78.65231882828705, 31.198884381887197], [78.65411557281422, 31.198113507534895], [78.65500940076699, 31.19754015625222], [78.65614389066708, 31.196763824298905], [78.65732037213232, 31.1957828782041], [78.65700943577107, 31.19523532048184], [78.65697652225964, 31.19517736008601], [78.65667841602249, 31.194547922914914], [78.65651668618723, 31.193890615757315], [78.65652025082984, 31.19385520424499], [78.65654289300242, 31.193630230982304], [78.65771316023834, 31.192609371975365], [78.65936699296965, 31.191575376859827], [78.65997367801417, 31.191210286441823], [78.65984249039533, 31.190497578016767], [78.65945286362964, 31.18979983353268], [78.6589498473111, 31.18857739231402], [78.65834240949036, 31.18721745435134], [78.65797840628436, 31.186599615630055], [78.65775844245056, 31.186130975113304], [78.65776424499295, 31.185607251136595], [78.65791477499594, 31.185170110630974], [78.65841794780944, 31.185179922115765], [78.6590102321821, 31.18551497168295], [78.65957338880504, 31.18608889367965], [78.66032538009438, 31.187552488969644], [78.66091050773842, 31.18853648831404], [78.66131640180988, 31.1889610940123], [78.6617234298336, 31.18928323143739], [78.66221417018282, 31.189412847795765], [78.66256862781518, 31.189506467916893], [78.66389549193164, 31.189677436181697], [78.66389975691257, 31.189678212843926], [78.66533201639719, 31.189938892195226], [78.66617684947519, 31.190196264652194], [78.66734889669644, 31.19080926437872], [78.66791249202757, 31.191348995533588], [78.66809352403321, 31.191748982183615], [78.66833051529048, 31.193083086379612], [78.66865248051141, 31.193916887623622], [78.66918635754305, 31.194752406433157], [78.6701945340717, 31.195819490676016], [78.67070878279642, 31.19626447406619], [78.67127044828558, 31.196750482475238], [78.67190418239541, 31.196937794334122], [78.67323061537051, 31.196766356238058], [78.67471614097857, 31.19657238529338], [78.67486204465713, 31.196553332598583], [78.67679285572406, 31.1963498138967], [78.67728885984916, 31.196298162898543], [78.67882520096283, 31.196310550717325], [78.680462535846, 31.1967791777397], [78.68145241019317, 31.19722764884236], [78.68229736435396, 31.197590511331924], [78.68239235694432, 31.197613603394498], [78.68365555187543, 31.197920672693378], [78.68524513917727, 31.197910654979722], [78.68676936658247, 31.19782039715949], [78.68777890805754, 31.19755521773206], [78.68913846624298, 31.196769073599693], [78.68946377685405, 31.196573230479274], [78.69053835441765, 31.19592630872422], [78.69175145349965, 31.1952072877116], [78.69264827602133, 31.1943377144708], [78.6934537273585, 31.19334215929361], [78.69412206347329, 31.19277817956563], [78.69500217292999, 31.192227268399893], [78.69642343339876, 31.191851446003017], [78.69756411832923, 31.191701106070383], [78.6980987234024, 31.191620384392525], [78.69863870346153, 31.191538846774876], [78.69923614120214, 31.19140695647225], [78.70011365147258, 31.191095103419748], [78.7009597542202, 31.190470177017684], [78.70097814993204, 31.19045354410036], [78.70150308399892, 31.189978884481555], [78.70209043998756, 31.18955085931614], [78.70287571208952, 31.18919271695393], [78.70336718577863, 31.18905997043582], [78.70407127126927, 31.189025648004492], [78.70419971017608, 31.189037359401862], [78.70523391800154, 31.189131655577196], [78.70645086588429, 31.189277895511797], [78.7083798159337, 31.18972577974784], [78.70970393508586, 31.189758978534112], [78.71189131360438, 31.189571230275355], [78.71383068152797, 31.189039919583234], [78.71658271137234, 31.18805950025616], [78.71701992199046, 31.187955800893832], [78.71760510795352, 31.187817004138168], [78.71833349556324, 31.187822700306636], [78.71909477318574, 31.187977712246447], [78.71915026510312, 31.187989011525737], [78.72046256139993, 31.18813537371613], [78.72178654737993, 31.188179860704217], [78.7227003471915, 31.188186982532343], [78.72346738809566, 31.18829543303513], [78.72404710332472, 31.188584601885566], [78.72462586332057, 31.18896485017619], [78.7255217551545, 31.18941587749555], [78.72606908993424, 31.189636469791456], [78.72673007577033, 31.18975546579525], [78.72838618799655, 31.18970569690321], [78.73008340183013, 31.18952528778023], [78.73120946705275, 31.189499847875968], [78.73224270826253, 31.189485069713164], [78.73262689216361, 31.18947665271881], [78.73316557964064, 31.189258784737703], [78.73383800944826, 31.188916702092023], [78.73429013456553, 31.188743707758945], [78.73616569889111, 31.188604464000342], [78.73795594730741, 31.188390531605755], [78.73966459538484, 31.188380902783194], [78.74092201824114, 31.18845888389504], [78.74191410048196, 31.188580361378214], [78.7438088689898, 31.188503801156582], [78.74530833436506, 31.188230629115637], [78.74632843584736, 31.18820427500121], [78.74697736760459, 31.188209236002116], [78.7476279464347, 31.188054800942275], [78.74803589492717, 31.187828770340648], [78.74839456632947, 31.18775305199195], [78.74875080294939, 31.187790089927322], [78.74948504362499, 31.18796149078821], [78.75019302986338, 31.188007493808303], [78.75126462128937, 31.187907382836013], [78.75214688794667, 31.187846427551275], [78.75304433669187, 31.1878397218981], [78.75477668373773, 31.18778521644919], [78.7564129094916, 31.187892378990135], [78.75732769859212, 31.18773013317368], [78.75804612170106, 31.187525790057094], [78.7590721412168, 31.187262867743883], [78.75956195159354, 31.18709062524474], [78.76011590114862, 31.186817804894222], [78.7605904547109, 31.186584087479954], [78.76147588772068, 31.18621181008203], [78.76248455743995, 31.186104382586255], [78.76348417780513, 31.18611192518089], [78.76443091154219, 31.185902508526393], [78.76517962232573, 31.185813407333388], [78.76708378119449, 31.186083890485982], [78.76769490923799, 31.186170700234044], [78.76947101625966, 31.186454734593987], [78.76992657640145, 31.186552895963626], [78.771246171638, 31.186833483631375], [78.7725492066953, 31.1871951447372], [78.7740879756966, 31.187599162764595], [78.7750463379796, 31.187795811906373], [78.77587972326126, 31.18789677811335], [78.77653830347363, 31.188158851419566], [78.77740865920619, 31.18849694076024], [78.77799756610302, 31.18864344515784], [78.7791595062432, 31.188949862916232], [78.78044507359671, 31.189487276534148], [78.78157268470254, 31.19007764625915], [78.78357591663958, 31.19127002321938], [78.78490808037846, 31.191875416206436], [78.78581763913861, 31.192234051772704], [78.78660315797165, 31.192402280155253], [78.78765576714457, 31.192626617822132], [78.78861202762533, 31.193039718821694], [78.78980389936959, 31.193508689872466], [78.79176476432912, 31.19422694123278], [78.79281375792276, 31.194816645638138], [78.79402113734054, 31.195312765943367], [78.79535460814105, 31.195796270900313], [78.7967491825469, 31.1964696918272], [78.79767589695096, 31.19669303916985], [78.79858767661922, 31.196835066272946], [78.79924877078976, 31.196853441557824], [78.80008263867482, 31.19691368319122], [78.80087721735241, 31.196966868676633], [78.80146006305257, 31.196937294039703], [78.80178957294763, 31.19705136004686], [78.80213332129622, 31.197317790139508], [78.8029555129614, 31.19776365721986], [78.80413961692244, 31.198232463018464], [78.80492466381584, 31.19845473363398], [78.80541258539938, 31.198471823906218], [78.8060743555332, 31.198422506644224], [78.80665740591378, 31.198372615414105], [78.80709942887775, 31.198254024117322], [78.80744632288645, 31.198202410227225], [78.8077924193879, 31.198231995789072], [78.80821616661252, 31.19837041895933], [78.80881482872697, 31.198334166074243], [78.80991688675671, 31.198342168014882], [78.81035903934455, 31.19821003546769], [78.81143465668778, 31.197703536901898], [78.81193361381894, 31.19745930482224], [78.81241553643952, 31.197223410293073], [78.81336585142972, 31.196648318133242], [78.81458657618522, 31.195790955122796], [78.81604448774024, 31.19482701944815], [78.81640257825256, 31.19443241667802], [78.81640656365785, 31.194428024315457], [78.81654165096418, 31.19389673941369], [78.81664483334448, 31.193004215166344], [78.81674893969141, 31.192016955762796], [78.81693202320889, 31.1910031940467], [78.81716268865598, 31.190424539700032], [78.81717281380293, 31.190399140538037], [78.81719138946289, 31.19035254051497], [78.8173858976997, 31.18966655629835], [78.81724712173266, 31.189367795293293], [78.81685593539254, 31.18912135316056], [78.81630706318712, 31.188900838543493], [78.81564773019663, 31.18870659300578], [78.81483428637199, 31.188172868673067], [78.81430460706085, 31.187600586979276], [78.81380946478124, 31.18671725743876], [78.81312688398306, 31.185683686853505], [78.8116432552063, 31.182857726770784], [78.81074816621225, 31.181024044747005], [78.81047172858703, 31.180318229853597], [78.81035164490727, 31.17972182698599], [78.81027632394813, 31.179260317427712], [78.81026201269482, 31.179172626924466], [78.81026968337832, 31.178766289853325], [78.81028097261559, 31.178168202069322], [78.81025918176422, 31.178049625512383], [78.81021310050524, 31.177798871690367], [78.81000438597653, 31.1774116122379], [78.80987008010716, 31.177049393778926], [78.8098567191434, 31.177013360310042], [78.80991024267922, 31.176578531972147], [78.81020656485012, 31.176059588219907], [78.81080620946717, 31.175109724244106], [78.81120574241837, 31.174414028250098], [78.8112381999607, 31.17435751063342], [78.81126075710377, 31.173705381428174], [78.81098366899222, 31.17306722679994], [78.81073698923649, 31.172437338405565], [78.8107221192244, 31.172399368139462], [78.81072723713957, 31.17192841901191], [78.81101441340519, 31.171537987040214], [78.81166639857497, 31.170865959865584], [78.81228035294059, 31.17005830277763], [78.8128001913973, 31.16921612180508], [78.81304687744836, 31.168940436704123], [78.813818994542, 31.168858047872693], [78.81445738468392, 31.168767920232746], [78.81515126305187, 31.16863758639238], [78.8161930019717, 31.16834733963959], [78.81756580028177, 31.168005333382034], [78.81807118842146, 31.167833020697874], [78.81884784529356, 31.167283675745026], [78.8207798726949, 31.166086183570563], [78.82169272459264, 31.16528740025061], [78.82280210927652, 31.164510324785596], [78.82428882705136, 31.163776552154804], [78.82468283412838, 31.163725237234168], [78.82486221332812, 31.16351380147611], [78.82483540672362, 31.16346331121162], [78.82467260609148, 31.163156680353207], [78.82420752267456, 31.162422435131035], [78.82369667203182, 31.161538968033103], [78.82341797009977, 31.161063228095507], [78.82342207069068, 31.160640751111995], [78.82342208019695, 31.16063988148137], [78.82342250326727, 31.160596315615543], [78.82342250367489, 31.160596273639293], [78.8234472412729, 31.15966928819412], [78.82323347253988, 31.15899097996304], [78.82295779817557, 31.15820394061319], [78.82296174159951, 31.157797903681498], [78.82308147442508, 31.157579620071072], [78.82311774745412, 31.15751349100216], [78.82361857901968, 31.156611491837012], [78.82435343728174, 31.155493310704898], [78.82494060403064, 31.15499670526075], [78.82598731567136, 31.154178533039516], [78.82673276515446, 31.15358830261134], [78.826940394552, 31.15333394213657], [78.82699585902752, 31.153265995085956], [78.82733970941982, 31.152672221215653], [78.82763858197524, 31.15187575280087], [78.82796001089008, 31.151187730521652], [78.8280817980485, 31.150737101802083], [78.8281084503821, 31.150638484851886], [78.82813510268105, 31.150539866961406], [78.82823749324814, 31.15016099801796], [78.82845267749138, 31.149066136543915], [78.82871716197309, 31.14775505189379], [78.8288196910444, 31.146916561045472], [78.82901795113885, 31.145943394470365], [78.82902461837288, 31.145253110143702], [78.82917043476054, 31.14482100166242], [78.82948938972534, 31.144507523664366], [78.83004716926527, 31.14386852477642], [78.8300814959436, 31.143776329938902], [78.83023903285732, 31.143353213624454], [78.83024425688053, 31.142811810205263], [78.83035989813558, 31.14224412318343], [78.83060143027944, 31.141677333181093], [78.83093724773096, 31.14103867162681], [78.8309537008957, 31.141007380779843], [78.83120932892619, 31.140652930142256], [78.83179443852349, 31.14035930965511], [78.83252104149884, 31.140080229807744], [78.83383196124564, 31.139588729041634], [78.83512635251412, 31.139178316227454], [78.83572825744713, 31.138924780123684], [78.836264024724, 31.138699099174268], [78.83678039304687, 31.138591948967456], [78.83722560410872, 31.138501675022383], [78.83802131218566, 31.13842731153444], [78.83844181686466, 31.13806481774136], [78.83855495159713, 31.137754287583768], [78.83864076135738, 31.137010405668043], [78.83912955520621, 31.1352676971264], [78.8399088222162, 31.132769003292427], [78.84069168492026, 31.131049207574954], [78.84147225200887, 31.12976812507633], [78.84262878328906, 31.128806937289347], [78.84355893463629, 31.127949891021178], [78.8443035982287, 31.127545468168474], [78.84463737116641, 31.127364196346804], [78.84474689348191, 31.127304714035148], [78.84615511545341, 31.12640839654748], [78.84801079570315, 31.125170087384983], [78.84938873241381, 31.12461577367609], [78.85021369753504, 31.124039941943], [78.85072871062157, 31.123768825016775], [78.85082088636193, 31.12372030082314], [78.85091306202858, 31.123671776572092], [78.85163441818852, 31.12329203156748], [78.85229464344646, 31.122803158214403], [78.85294445231223, 31.122331833335647], [78.85345056113509, 31.122164858074367], [78.8534852254769, 31.122153421273715], [78.85387928850406, 31.12211269611599], [78.85421699011253, 31.122085174532295], [78.85522312513187, 31.121845456539322], [78.85674339554961, 31.121397821721022], [78.85750277953247, 31.12125330737445], [78.85854937466617, 31.121066725755565], [78.8591867515095, 31.120824415068167], [78.85995935474162, 31.120362727625093], [78.86034740942402, 31.120313984591725], [78.86120295317792, 31.12043263883341], [78.86151789193198, 31.120479178213287], [78.86205971076578, 31.120559242754336], [78.86239498429956, 31.120608785700906], [78.86324768635443, 31.120681446139027], [78.8633279820332, 31.12068828815457], [78.86405047487482, 31.12060632772182], [78.86524776011329, 31.120064565213863], [78.86586891861286, 31.119363862718018], [78.86649048196568, 31.11861909534361], [78.86798812658043, 31.11619716850696], [78.86872742344634, 31.114906815991592], [78.86959287110508, 31.114366403921625], [78.87019971152475, 31.114097398206816], [78.8705717976689, 31.113738643581723], [78.87069143814331, 31.11299038901017], [78.8708926037054, 31.112286758207386], [78.87203808665514, 31.11026771898708], [78.87289053675374, 31.108916419894495], [78.87386079637483, 31.10811231410139], [78.8748715181376, 31.107361358489626], [78.87567478231735, 31.106890979742083], [78.87605050456952, 31.106135655256168], [78.87652896691735, 31.10534577925017], [78.87696579979541, 31.104626120842752], [78.87740605591371, 31.104363039055492], [78.87794373001637, 31.104190971905417], [78.87852624548498, 31.104005398909795], [78.87855811442537, 31.103995246040224], [78.88010488270208, 31.103101926812784], [78.88101898482407, 31.10269739487477], [78.88139124787526, 31.102312170782714], [78.88170823621404, 31.101256782803212], [78.88206598521406, 31.100692144127095], [78.88209097969572, 31.100671637142675], [78.88270145662423, 31.100170752821267], [78.88348147636123, 31.09970113345608], [78.88377253058043, 31.09952589769145], [78.8854385417396, 31.098779325743333], [78.8870203408664, 31.09827892631887], [78.88796460776229, 31.09805620311552], [78.88837642451797, 31.097821046948667], [78.88999085665823, 31.09710932801057], [78.89063602924992, 31.096957887465027], [78.89064187544143, 31.096956515089346], [78.8913561735859, 31.09698500391394], [78.89262069344808, 31.097218311031238], [78.8930419639003, 31.097297938226944], [78.89311309547766, 31.09731138256623], [78.89355771804868, 31.097455060687267], [78.89475641747741, 31.097873035849798], [78.89619340745213, 31.098649458308707], [78.89876732731682, 31.099415887229966], [78.89906802721084, 31.099493819447808], [78.9001691749299, 31.099779197814957], [78.90049605457969, 31.099842949758624], [78.90144664486021, 31.099856903273103], [78.90304791777231, 31.0994622381987], [78.90411457899377, 31.09929311921756], [78.90544734125116, 31.099143396078457], [78.90582026234163, 31.099140794755144], [78.90641061188758, 31.09913667497435], [78.90673786890892, 31.099134389032603], [78.90712767461403, 31.099216064910188], [78.90717622673886, 31.099226238144073], [78.9076629424527, 31.09920804254259], [78.90771094018135, 31.099197697614397], [78.90868742932535, 31.09898722434668], [78.90877106375898, 31.099056750605442], [78.90943737375184, 31.0996106612194], [78.90992980056089, 31.099941857510615], [78.9099773489034, 31.099973837186553], [78.91002489621043, 31.10000581683925], [78.91036376613528, 31.100233733746325], [78.910682417332, 31.10047653133536], [78.91198395819103, 31.101507091705102], [78.91201728899128, 31.101571340151555], [78.91231306798369, 31.102141470005023], [78.91216020372032, 31.103198002797754], [78.91206488235785, 31.103944702499522], [78.91205731352758, 31.104003985651932], [78.91205650821635, 31.104292533401246], [78.91207006358295, 31.104778056678928], [78.91208104836849, 31.105171560520404], [78.91227291540902, 31.106618139285903], [78.91275482494422, 31.107710306604258], [78.91277525732465, 31.107724246882828], [78.91356916200371, 31.108265924312125], [78.9142443166095, 31.108421316503886], [78.9152250216765, 31.10864703399624], [78.91641565855915, 31.109149384638542], [78.91793707870856, 31.1100397610624], [78.9192026800775, 31.110541631184468], [78.92057306487985, 31.11077979596359], [78.92163870374696, 31.11073394006344], [78.92301254028918, 31.11058434783743], [78.92461403995247, 31.110171857919056], [78.9259310977465, 31.10949310381658], [78.92655122700255, 31.108862651743927], [78.92769232294867, 31.107230947838893], [78.92914685953086, 31.10489625184228], [78.9311396357933, 31.10191288962364], [78.93223560516023, 31.100739106318414], [78.93277443074503, 31.10077830647458], [78.93332736439703, 31.100818531382103], [78.93344677282546, 31.100827217010714], [78.9344076518937, 31.100850000730645], [78.93492571639759, 31.100858678939517], [78.93528654268525, 31.100864720346376], [78.93554086589796, 31.101033856270522], [78.93626924542279, 31.10149843194365], [78.9363151697548, 31.101509150746725], [78.93656444105193, 31.101567330793635], [78.93700010856526, 31.101669013085257], [78.93792212854963, 31.101639743735777], [78.9391483493601, 31.10147321413023], [78.93924679885697, 31.10144038365047], [78.94013870133026, 31.101142951112887], [78.94130696756754, 31.101062377432008], [78.94347994333938, 31.10086489613952], [78.9451206760629, 31.100628711450213], [78.9466206300011, 31.10009196075025], [78.94750748430731, 31.09939262722789], [78.94874477422448, 31.098628132937478], [78.94906464666035, 31.098430486036484], [78.94916128853502, 31.098370771869128], [78.95003816218053, 31.098167099648805], [78.95034046452015, 31.098111320246186], [78.95073506681635, 31.098038511735513], [78.95121301814096, 31.098041572170853], [78.95198194518002, 31.0980464948884], [78.95209585660864, 31.09804722398434], [78.95284426375969, 31.09813519302786], [78.95409196898744, 31.098306745862114], [78.9562368074257, 31.09899021289055], [78.95789206742168, 31.099441398525286], [78.9591819879603, 31.099502478950285], [78.96110021214174, 31.10034307383511], [78.9630794597161, 31.101236907084946], [78.96434154360483, 31.102161433207637], [78.96648155182757, 31.10342637869973], [78.96758387390763, 31.10387397265118], [78.96857929009875, 31.104849654974036], [78.97004119715383, 31.10637465856791], [78.97101901300509, 31.107015324133783], [78.97181577398943, 31.107267085731827], [78.97258847146779, 31.107941703517156], [78.97299650160701, 31.108138142110835], [78.97361071193617, 31.108177243420094], [78.97502408139796, 31.108186094662177], [78.97594598996577, 31.108343973802466], [78.97596573070733, 31.108347354673267], [78.9772959801323, 31.108411800066992], [78.97819676805906, 31.108562784204775], [78.97828949069168, 31.108585346899158], [78.978921758737, 31.108739199283892], [78.97938182768587, 31.108839007655597], [78.97992427646166, 31.10888645088124], [78.98144110971631, 31.10877251019255], [78.9818081446014, 31.10871295219666], [78.98248725799684, 31.10860275610311], [78.98363567258639, 31.10845125697674], [78.98492585058979, 31.108494507296307], [78.98562229543035, 31.108498821247405], [78.9867597296378, 31.10843535851853], [78.98759934004647, 31.108466987045823], [78.98883786578928, 31.108562766055265], [78.99004633205318, 31.108579033336586], [78.99042601480036, 31.10867065002589], [78.9904610533449, 31.108679104953826], [78.99157894469508, 31.109029111840066], [78.9922535919922, 31.10919189241818], [78.99341868153084, 31.10949868867789], [78.99378622162982, 31.10964195052382], [78.99533920219045, 31.110109743596635], [78.99595269877722, 31.110236882350105], [78.99656619771156, 31.110364018773122], [78.99731373213596, 31.11026528471871], [78.99736408055392, 31.11025041037308], [78.998023182497, 31.11005567946579], [78.99855620253301, 31.11000606143193], [78.99892644012421, 31.110440029519342], [78.99895121456937, 31.110537002024174], [78.99900706048548, 31.110755594333053], [78.9991001045666, 31.11111978718285], [78.99919845298429, 31.111613896873575], [78.9998608344001, 31.111681145644148], [78.9999293188841, 31.111727140844614], [79.00053437258819, 31.11213349743441], [79.00085172195617, 31.112346627217146], [79.00216170499046, 31.112477988213207], [79.00274134997318, 31.112409195179], [79.00343304021176, 31.112327100543876], [79.00396758253915, 31.112280856801362], [79.00476553547762, 31.112211824503436], [79.00571045606365, 31.111975216832736], [79.00634614994054, 31.111816036478917], [79.00697469939162, 31.111282806764542], [79.00756323091376, 31.11078351811217], [79.00830627996696, 31.110100628225958], [79.00892180736764, 31.10998097523573], [79.00891987534474, 31.1102174219302], [79.00891940097786, 31.110275444337965], [79.00862940796874, 31.111880163485246], [79.00855697418227, 31.11225035644261], [79.00853775215583, 31.11233628364119], [79.00825725807128, 31.113590147652012], [79.00789705319703, 31.11505086022109], [79.00738802866644, 31.116206937504344], [79.00720821177707, 31.1166153269434], [79.00694866341632, 31.11763754373071], [79.00693219845272, 31.117744727058632], [79.00680282881781, 31.118586879454753], [79.00648046836793, 31.1191753632043], [79.00598138094155, 31.119454336582002], [79.0050518004411, 31.120121754547114], [79.00501346162746, 31.120155675564924], [79.00401187559177, 31.121041841939075], [79.00366926101019, 31.12159935097597], [79.00360937579781, 31.12203079658138], [79.0036855295699, 31.122736255523254], [79.00358631882972, 31.123679793250258], [79.00352996052544, 31.12421579712719], [79.00330804474943, 31.12504281298123], [79.00281922060651, 31.12593870119437], [79.00219729699081, 31.126824962637535], [79.00177926854825, 31.127693952282343], [79.00143646524677, 31.128406549351357], [79.00114267926762, 31.1292507401107], [79.0010212144645, 31.13031628580746], [79.00072335128469, 31.131653934776942], [79.00033219765061, 31.133123191223344], [79.00010079916116, 31.133853193188376], [78.99965581988528, 31.134651812030015], [78.99962801872755, 31.13470170594342], [78.99910522893622, 31.135318750058424], [78.99855937880359, 31.13566790141145], [78.99810781540978, 31.135620969246304], [78.99808050027464, 31.135618129964726], [78.99711232287159, 31.135786091334214], [78.9971122665511, 31.135786101941033], [78.99600986234253, 31.136288665876602], [78.9953467981379, 31.13660329425761], [78.99345687413141, 31.137229079669716], [78.99237394898005, 31.13766582148087], [78.99158292383999, 31.137868798204785], [78.99084430365545, 31.138065165197297], [78.99034228427298, 31.13886572875341], [78.98978767667244, 31.13969367600126], [78.9887278031178, 31.141225162744472], [78.98820409045787, 31.142209169539647], [78.98781085702817, 31.1429999974855], [78.98758647023745, 31.143345009677166], [78.98758754567471, 31.143786662240444], [78.9884428784269, 31.144964517123793], [78.98897687164731, 31.145646749764637], [78.98956644329593, 31.146426316729436], [78.98995483046083, 31.147183855007565], [78.99034512304985, 31.14771278103877], [78.99082811868533, 31.1482290272931], [78.99082398575403, 31.148236536336128], [78.99045602149471, 31.14890506389582], [78.98999977424953, 31.150007250491218], [78.9898732230761, 31.150324323317726], [78.98983110063507, 31.1504298582037], [78.98978897918182, 31.15053539305866], [78.98928812544229, 31.151790249522723], [78.98880259507997, 31.153020410045343], [78.98835355208567, 31.15373813134624], [78.98822021812808, 31.154270749116417], [78.98824474836162, 31.155192296973816], [78.98848087244392, 31.15574116886223], [78.98860035310707, 31.156018898493137], [78.9890401005514, 31.15641649486029], [78.98927116382778, 31.1569459867265], [78.98926409024317, 31.15705141570877], [78.98923224127847, 31.15752612083119], [78.98919847156444, 31.158086402446738], [78.98922530605928, 31.158141334224833], [78.98938549351246, 31.158469237692664], [78.9899581536446, 31.159352588777594], [78.9903710966879, 31.160068688226893], [78.99047235657919, 31.160484972776086], [78.99050092420289, 31.161204357240923], [78.99050169075895, 31.16122367400267], [78.99050275567282, 31.161250486716163], [78.99041775336862, 31.16171480128974], [78.99028812669313, 31.162291964476996], [78.98983761737809, 31.163182856553053], [78.98960755100812, 31.163721795240228], [78.98954884971522, 31.16399853943292], [78.98911014009484, 31.16443920300535], [78.98895289995603, 31.16479204852407], [78.98892068525332, 31.1648643372414], [78.98910819938061, 31.165637669949998], [78.98922779887526, 31.166342871198204], [78.98922433664733, 31.166347624404978], [78.98879932339266, 31.16693122544199], [78.98820883662404, 31.167731995804512], [78.98816591005509, 31.167790208912777], [78.9877973504116, 31.168252822933493], [78.98735926282737, 31.168840552923943], [78.98732822709472, 31.16892276932091], [78.98718208532489, 31.169309907333574], [78.98707721772561, 31.16958770854437], [78.98701482727103, 31.17041707517726], [78.98698658055537, 31.17079253874932], [78.98652268791759, 31.172313724929648], [78.98641901841545, 31.172581787783617], [78.9859133020249, 31.173889424235636], [78.98466123078107, 31.1752394568463], [78.98384820077702, 31.17611420339108], [78.98328359743391, 31.176186906352772], [78.98236653972333, 31.176014957527624], [78.98132034724141, 31.175869910318546], [78.98080181030755, 31.176213059422093], [78.98024790058854, 31.1769300679432], [78.9797695329406, 31.178243301290728], [78.97952316462867, 31.178795959467138], [78.9790852844381, 31.179127479961238], [78.97845706976038, 31.179097588568], [78.97768102212831, 31.178923030694023], [78.97743706133531, 31.178980475228038], [78.97736242574939, 31.178998049535245], [78.97728779013413, 31.17901562472023], [78.97653461588372, 31.179192971010373], [78.9760342742508, 31.179286832139503], [78.97499271900905, 31.179543563320642], [78.9734518090453, 31.179776380016133], [78.97266053600167, 31.1799723162752], [78.97162596679003, 31.18035376262048], [78.97062373616471, 31.180721551095136], [78.96973088006133, 31.181491807580187], [78.96851620351367, 31.18220461332181], [78.96715790388204, 31.182750249129207], [78.96494139950417, 31.183775368576928], [78.96424564478716, 31.18410348671656], [78.96347026332522, 31.184320259258534], [78.9622110962989, 31.184575531837023], [78.96085297832822, 31.185093403883926], [78.96001146414935, 31.185503705664978], [78.95964962793111, 31.185625480155387], [78.9591955849238, 31.185710728307146], [78.95852452831363, 31.18600688495297], [78.95797389398787, 31.186322041247294], [78.95753594358439, 31.186651766267588], [78.95747800262161, 31.186912104647174], [78.95738506964514, 31.18732967921409], [78.957218795524, 31.18792436567265], [78.95712913237274, 31.18855163205432], [78.95712252032045, 31.188597888629044], [78.95714492867944, 31.189088694201402], [78.95714553443419, 31.189089720079696], [78.95738258802533, 31.189490964457757], [78.9582284502395, 31.1901401980884], [78.95831733502247, 31.190425152217628], [78.95777253299862, 31.1909966486305], [78.95701100550288, 31.191469781220317], [78.95666285868766, 31.19166152875338], [78.95611144862328, 31.19206325919441], [78.95556042151279, 31.1928875483706], [78.95480454093149, 31.193637791571792], [78.95437497065028, 31.193925992037638], [78.95328304093275, 31.19439699960081], [78.9524641112373, 31.194980576864], [78.95186046042447, 31.195828754260717], [78.95072383392593, 31.19680513535421], [78.94997895930358, 31.197209065673913], [78.94847993463542, 31.198155397986447], [78.94814907563858, 31.198440340691814], [78.94808398624023, 31.19849639766105], [78.9480779882213, 31.19850156315966], [78.94769281660918, 31.199211761601383], [78.94775669768705, 31.200271433450542], [78.94775267573681, 31.20030011022556], [78.9475797213321, 31.201531039608902], [78.94703695662211, 31.202849601764946], [78.94664449261197, 31.20349821983877], [78.9458144599911, 31.204421102252276], [78.94531595792225, 31.205214498619004], [78.94387234210022, 31.206591364879213], [78.94390703212277, 31.206640841492057], [78.94429137886088, 31.207189013821957], [78.94491229183171, 31.20807272899714], [78.9450934705065, 31.208459088272548], [78.94509249466267, 31.208477148166835], [78.94503680538367, 31.209507399881588], [78.94523888724245, 31.209801855263795], [78.94524528317251, 31.209811174475316], [78.94622071384283, 31.21052633806887], [78.94729235606086, 31.211482202223127], [78.9482507704626, 31.212485817475283], [78.94868638205483, 31.21336832044238], [78.94874028142596, 31.21425980249467], [78.94852297949765, 31.215479950138974], [78.94816404506984, 31.215976376974986], [78.9477294440153, 31.21683250981292], [78.94729749323285, 31.216455692453867], [78.94664740140098, 31.21613981242608], [78.94581790231476, 31.21606521455079], [78.94484194816431, 31.216148986716306], [78.94368135493995, 31.2161484417989], [78.94221457041077, 31.21613898768368], [78.94082946905468, 31.216005366589414], [78.94016867230314, 31.21599416941726], [78.93879841898409, 31.216006089186227], [78.93817077019071, 31.21589119728899], [78.93767073335917, 31.215929520421028], [78.9369018835048, 31.216291657478077], [78.93642450151795, 31.216503293469895], [78.93586810668002, 31.216534317099836], [78.93492486825521, 31.21656282784956], [78.93306433362044, 31.21641912615453], [78.93157648569282, 31.216056171673927], [78.93113273727273, 31.216108695632215], [78.93023663283326, 31.216276022301553], [78.92976748293538, 31.216466910471354], [78.92904518641957, 31.21703019263139], [78.92866906794674, 31.21763729148758], [78.92845492791633, 31.218155399633794], [78.9280898665759, 31.2184231573209], [78.92757081470943, 31.218786881810765], [78.9268558176951, 31.219433318321926], [78.92605172674261, 31.220127654968017], [78.92592002932501, 31.220516952911304], [78.92592779883812, 31.220630096014364], [78.9259550886676, 31.221027495592708], [78.92602621393688, 31.22191891732926], [78.92603211155112, 31.2219856396529], [78.92610455827209, 31.222805170658543], [78.92608936741127, 31.223154868125462], [78.92589809098038, 31.223364879509656], [78.92433029240695, 31.22428277743052], [78.9238454428205, 31.224421593073277], [78.92315925288743, 31.22454176857181], [78.92255982649546, 31.224904551796538], [78.92247881602495, 31.22497982066932], [78.92228650008002, 31.225158504171826], [78.92205972075432, 31.225369206524324], [78.92201116635343, 31.225658649849812], [78.92195757835484, 31.225978079190032], [78.92185347185634, 31.227506846404633], [78.92184989032705, 31.22755943768461], [78.92183299044481, 31.2291080841444], [78.92181602098066, 31.229596167678533], [78.92180048732182, 31.23004295699279], [78.92199628388596, 31.2311227465064], [78.9219863824771, 31.231691551110764], [78.92193622243018, 31.23178704732395], [78.92150355830131, 31.232610750247908], [78.92114517002567, 31.23329173218816], [78.9209295836419, 31.233701363722343], [78.92034694670316, 31.234398433105415], [78.9200545303831, 31.2347771445713], [78.92004314295907, 31.23481963679887], [78.91966566765973, 31.23622813461836], [78.91979197881061, 31.238334603547468], [78.91975733405427, 31.23883659612239], [78.91966205402773, 31.24021711968969], [78.91962365627853, 31.2405959756795], [78.91960345981455, 31.24071113737222], [78.91942302492902, 31.241739957522682], [78.91919249587185, 31.242278695846565], [78.91849182687575, 31.243105240404805], [78.917788923515, 31.2441811113253], [78.91760996824414, 31.24487266677911], [78.91759924580346, 31.244914101987156], [78.91764867936438, 31.245440774957206], [78.91761309066548, 31.245814561289674], [78.91734409848266, 31.246145247733253], [78.91700894221688, 31.246662506734562], [78.91676828783717, 31.24742973515588], [78.91644782274014, 31.248106392285372], [78.91621871427944, 31.24846986265278], [78.91620761066434, 31.24848747781478], [78.91617235744073, 31.248543405287617], [78.91578294286836, 31.248887924968674], [78.91522788363135, 31.24929657097327], [78.91460181435163, 31.24988808569783], [78.91417177391895, 31.250192673731878], [78.91377829276003, 31.250471364499017], [78.91322699895993, 31.250814024212236], [78.9126109632327, 31.25118395806462], [78.91155172285288, 31.251530169693293], [78.91104853960947, 31.251900845134564], [78.90933412550213, 31.25337858572113], [78.90823102180764, 31.25456254989762], [78.90715192697503, 31.255763976621736], [78.90609737500345, 31.256477265778983], [78.9050162223197, 31.257010291533074], [78.90253279147316, 31.257921794288336], [78.89991213911131, 31.258846192568598], [78.8983819797827, 31.259542384887737], [78.89645932591017, 31.260838490076967], [78.89423611398294, 31.262374955769523], [78.89315926689304, 31.26286636830061], [78.89242884139253, 31.263387815788978], [78.89200766295463, 31.263864459874444], [78.89196351619532, 31.263914418026094], [78.89191937152361, 31.263964376174027], [78.89173224889426, 31.264176139418424], [78.8908593208843, 31.264848988162353], [78.89027485531898, 31.265277909660263], [78.88923526125599, 31.266098528458006], [78.88747899468281, 31.26725365464685], [78.88607979657563, 31.26859471877686], [78.88585938461, 31.268877497723217], [78.88545150777831, 31.269400784563985], [78.88481036167913, 31.270726201532753], [78.8846838356964, 31.271331355367728], [78.88493803365444, 31.27218496536893], [78.88536970191097, 31.273469180400646], [78.88560827390894, 31.27470706117292], [78.88565047104426, 31.27537915259688], [78.88530919361375, 31.275943223033995], [78.88467651329145, 31.276542684653354], [78.88460732909537, 31.276652716699957], [78.88416465221765, 31.277356758361666], [78.8832861756494, 31.278495409315873], [78.88320716451263, 31.278597820215424], [78.88258503013115, 31.279454975137867], [78.88186195308847, 31.281337238872947], [78.88129494032141, 31.283355676558447], [78.88117910543139, 31.28367346820785], [78.88117372867623, 31.28425518730833], [78.88151752824179, 31.285448742053067], [78.88200189531975, 31.286743304322105], [78.8820272929336, 31.28681118619206], [78.88275430319128, 31.28687865101926], [78.88390495561733, 31.287156578953287], [78.8855308793769, 31.287493131290674], [78.88689984388267, 31.287710190906935], [78.88968833475184, 31.28790914432512], [78.89079132906012, 31.28811051943424], [78.89184198594278, 31.288520059807432], [78.8924126184002, 31.2878933901417], [78.89702630778997, 31.276879648085764], [78.89879370816264, 31.262722069500555], [78.90376921247955, 31.258889182635883], [78.91123825324496, 31.25526042366184], [78.91209933084808, 31.255154426298034], [78.92340671476867, 31.253762058767993], [78.9326926978949, 31.252941607145647], [78.93706960934774, 31.260616612569788], [78.94166313609391, 31.274212829029384], [78.94295094401942, 31.29319328291696], [78.94422461992085, 31.307931875341882], [78.9475914443109, 31.31951514706644], [78.95829617216458, 31.330449049735694], [78.96698049020274, 31.33689360852309], [78.98506178051804, 31.343352895600407], [78.98882188560304, 31.344861827414736], [78.98991312863907, 31.34529972121285], [79.01083236230983, 31.357082980627954], [79.01163988418655, 31.365001282982135], [79.01191686368956, 31.367716988599792], [79.01763011294925, 31.38555897858718], [79.02373661177288, 31.396365974077927], [79.03502861664481, 31.407920721375266], [79.0416913510736, 31.41226772797334], [79.0468523583762, 31.416031238962017], [79.05151112033818, 31.419791720377475], [79.05265736317101, 31.423100983915905], [79.05181585453441, 31.426811245770896], [79.0510960970211, 31.429984486161445], [79.05084985368191, 31.44003448482373], [79.05247036722855, 31.44693597902531], [79.05427685021817, 31.45154098476475], [79.05592459805206, 31.45499647912004], [79.05907660440228, 31.458891478927733], [79.06173762104864, 31.461347484739267], [79.06424459514461, 31.462079482778726], [79.06793386989081, 31.461526230770346], [79.07045735231189, 31.460104725551908], [79.0778843461264, 31.452680226509433], [79.0846216139396, 31.44769248962815], [79.08578589764018, 31.44710858529711], [79.09000160801938, 31.444994224532135], [79.09586860516498, 31.444308473319044], [79.09956034148321, 31.443323736932115], [79.10342736227139, 31.44133473574083], [79.1084788651738, 31.437628733002484], [79.11669410557973, 31.43638098116529], [79.11888862616763, 31.436392706333226], [79.12255536039488, 31.436412230752488], [79.12317618171382, 31.436214112574582], [79.12610608407468, 31.435279066792827], [79.12742310677561, 31.43485873066989], [79.1277054481446, 31.434679493984238], [79.13213362459047, 31.431868243970236], [79.1380171106454, 31.428740234584403], [79.13868074628145, 31.428348766421976], [79.14356660345508, 31.42546649418431], [79.14794862055248, 31.421468743725228], [79.15908061904818, 31.409894730817747], [79.16616684750743, 31.402032733922784], [79.1737458618483, 31.395465489185277], [79.18235335959389, 31.385168980239424], [79.18609310417341, 31.37671473138761], [79.19050084448097, 31.368406988131298], [79.1922118622444, 31.362814226631674], [79.19928285672978, 31.35652998078722], [79.20647826674897, 31.35059188418231], [79.21156610969429, 31.346392487504147], [79.2188872561139, 31.34220183203689], [79.22189277951149, 31.34048126679199], [79.22500284995415, 31.33870073343709], [79.22739773370938, 31.337638380504135], [79.23205061848591, 31.335574229632297], [79.24043660650493, 31.33245347394731], [79.24445961576949, 31.33132298668602], [79.24647535411503, 31.330039472464552], [79.246993357579, 31.327456735569733], [79.24650484718876, 31.325299980430614], [79.24284109660293, 31.322554235760947], [79.23935660749062, 31.317941991554747], [79.2392128489302, 31.314206730355405], [79.2434283678032, 31.308911978277877], [79.25183711392458, 31.301768734501692], [79.2657733531938, 31.2932132318677], [79.27149934124488, 31.28677498763595], [79.27185560320437, 31.283185725867714], [79.26987611306049, 31.278580232100566], [79.26104636257472, 31.272938483509222], [79.25455161799277, 31.26845597149016], [79.25239260174683, 31.266004225676355], [79.25140786747383, 31.262983244386515], [79.25026660082709, 31.258237472528904], [79.25028460812814, 31.25536448306284]]]]}}]}