{
"type": "FeatureCollection",
"name": "uttarakhand_state_boundary",
"crs": { "type": "name", "properties": { "name": "urn:ogc:def:crs:EPSG::7755" } },
"features": [
{"type":"Feature","properties":{"id":34,"objectid":34,"state":"UK","stcode":"05","shape_length":1664543.9401817052,"shape_area":51967487293.032181,"ds_name":" Administrative Boundary","src_agency":"Survey of India (SOI)","state_name":"Uttarakhand"},"geometry":{"type":"MultiPolygon","coordinates":[[[[3929406.705797333735973,4790675.533775848336518],[3929485.423997540958226,4790077.20386981125921],[3929453.937196834012866,4789667.852665761485696],[3929548.408297446556389,4789321.462662217207253],[3929721.594199033454061,4789179.7560606431216],[3930036.486302016768605,4789006.559358616359532],[3930902.467910413630307,4788754.617055280134082],[3931280.361814141273499,4788707.389454454183578],[3931539.142216651234776,4788628.437453424558043],[3932209.322223152965307,4788423.970650762319565],[3932398.428724916186184,4788287.80934922862798],[3932602.933826827444136,4788140.5606475668028],[3932807.621828556526452,4787794.168743913993239],[3933374.455733419861645,4786912.451534585095942],[3933491.742934363894165,4786654.397831900045276],[3933610.623235309962183,4786392.839229168370366],[3934051.485438671894372,4785211.983916942030191],[3934073.342338764108717,4785071.137115508317947],[3934193.204239269252867,4784298.742407646030188],[3934350.647540163248777,4783527.230099755339324],[3934257.65483853360638,4782746.13499197922647],[3934114.45623601321131,4781543.335279998369515],[3934130.052035734057426,4781059.729575108736753],[3934130.123935735784471,4781057.500675080344081],[3934282.247836993541569,4780751.169771859422326],[3934334.887437431607395,4780645.891170749440789],[3934574.489039456471801,4780206.622066104784608],[3934712.772040627896786,4779953.103563419543207],[3934807.239141179714352,4779496.477958717383444],[3934916.609241688624024,4778824.652451829053462],[3934917.033541690558195,4778822.046051805838943],[3935222.894144263118505,4778227.096245512366295],[3935670.92284828890115,4777641.198739184997976],[3935718.046848730184138,4777601.928038747049868],[3936291.295054123736918,4777124.214033405296504],[3936338.323854577261955,4777093.542633049190044],[3937083.98056172253564,4776607.239927479997277],[3937624.621967065613717,4776447.055425392463803],[3938014.53467093128711,4776331.529723894782364],[3938074.230771512724459,4776307.27842359431088],[3938275.571073489263654,4776225.484422590583563],[3938970.528880310244858,4775943.159319146536291],[3939117.433581749442965,4775883.479518420062959],[3940110.572591530159116,4775500.392613709904253],[3941083.745601117610931,4775125.006809112615883],[3941529.942905512172729,4774952.893707009963691],[3942770.685917940922081,4774711.643103573471308],[3943322.121123335789889,4774435.928300345316529],[3943632.321326023899019,4773815.547993791289628],[3943804.620726508554071,4772161.252876793034375],[3944011.422628093976527,4771471.940769594162703],[3944149.266829188447446,4771058.368565265089273],[3944406.451131686102599,4770877.603163222782314],[3944406.595231683459133,4770877.501963226124644],[3944459.451232209801674,4770851.560262915678322],[3944767.656435302924365,4770780.451461957767606],[3944907.498136709909886,4770748.187261527404189],[3945458.954342217184603,4770575.848059351556003],[3945734.654044915921986,4770403.532157386653125],[3945838.050745588261634,4769886.539252015762031],[3945665.721042939927429,4768680.284739783965051],[3945527.858540960587561,4767922.047232110053301],[3945562.318340624216944,4766991.503222528845072],[3945631.256440927274525,4766440.071016807109118],[3945734.657041636761278,4765957.549911768175662],[3946286.088647156953812,4765750.753909239545465],[3946803.064052429515868,4765681.824208147823811],[3947699.160461653955281,4765681.827407509088516],[3947878.897863547783345,4765740.120107980445027],[3948974.358075067400932,4766095.401510870084167],[3949870.436084405053407,4766267.708612027578056],[3950648.591092410963029,4766267.713111498393118],[3950808.636594060342759,4766267.714211396872997],[3951518.915801361203194,4766267.718410921283066],[3952041.740306741092354,4766267.721510577946901],[3952558.702512014191598,4766198.795609533786774],[3953110.157317681703717,4766198.780909181572497],[3953316.903719768859446,4766124.946908290497959],[3953356.992920184042305,4766133.465708350762725],[3953486.865621498320252,4766101.981007944792509],[3953501.749921629671007,4766065.740707560442388],[3953503.387921647168696,4766061.752507520839572],[3954006.245226690080017,4765854.131305070593953],[3954626.606732856947929,4765509.471101134084165],[3955109.114537009969354,4764165.344886988401413],[3955763.936043035238981,4762959.080474141053855],[3956414.319648896809667,4761503.434058701619506],[3957265.332857667002827,4761437.176957519724965],[3957336.440458396449685,4761431.640857414342463],[3957387.812958927359432,4761427.641057346947491],[3957252.054657269734889,4760990.201252894476056],[3957206.187156768981367,4760946.747952475212514],[3956965.455154141876847,4760718.687550252303481],[3956740.962951669469476,4760472.816447834484279],[3956648.687250658404082,4760371.753146838396788],[3956618.517650058493018,4759889.060841852799058],[3956769.358551513403654,4759708.050639887340367],[3957146.461355263367295,4759421.450736691243947],[3957583.89975943043828,4758772.831729706376791],[3957719.656160663813353,4758471.148326490074396],[3957764.907860977575183,4758199.633823646232486],[3958051.505763787776232,4757897.950120347552001],[3958896.217572565656155,4757882.863619708456099],[3959137.563074907287955,4757581.180316436104476],[3959303.487376366741955,4757098.487311323173344],[3959502.041678362526,4756977.14770995080471],[3959575.001379101537168,4756932.56100944802165],[3959900.888582535088062,4757010.152210074476898],[3960208.535785780288279,4757083.400710669346154],[3960630.891590156126767,4757053.231310130096972],[3960932.574193231761456,4756917.473208555951715],[3961309.677597142290324,4756887.303708042018116],[3961928.126403384841979,4756510.198503790423274],[3962259.976606669370085,4756178.346700166352093],[3962395.733307985588908,4755982.252198047935963],[3962365.564007465261966,4755574.980693817138672],[3962410.815607780590653,4755273.297690643928945],[3962438.502308062277734,4755256.68559046369046],[3962561.656709308736026,4755182.792389628477395],[3962682.330510696861893,4755439.22249224036932],[3962757.752711752429605,4755967.167297709733248],[3962942.312913774978369,4756165.923499692231417],[3962948.080113838426769,4756172.134199748747051],[3963560.617620359174907,4756444.694902285933495],[3963566.477520419284701,4756447.302402310073376],[3963843.812823434825987,4756706.287404868751764],[3964016.87812539935112,4757033.186408184468746],[3964115.328726513311267,4757219.147510081529617],[3964356.675229056738317,4757279.483310585841537],[3964884.620234565809369,4757309.650110647082329],[3965382.397239812184125,4757445.406211823225021],[3965940.511245746165514,4757716.919314394704998],[3966377.951950400136411,4757958.264116702601314],[3966996.402857002802193,4758335.366220337338746],[3967765.694365067407489,4758486.205621564760804],[3968248.388170246500522,4758878.392025428824127],[3968349.777671418618411,4759157.211128279566765],[3968369.062071642838418,4759210.242828829213977],[3968218.222370338626206,4759813.609035152941942],[3968228.50107058417052,4760132.221738453954458],[3968233.307770696934313,4760281.217339993454516],[3968384.150172428693622,4760673.404543992131948],[3968761.254076381679624,4760778.992544924840331],[3969319.367082142271101,4760733.738644226454198],[3970164.077890709973872,4760281.212239183485508],[3970948.451798649504781,4759783.43343370873481],[3971493.74290420114994,4759525.135830814950168],[3971595.798005263321102,4759529.571730824187398],[3971838.415707805193961,4759587.337131331674755],[3972094.847110609989613,4759964.44003514572978],[3972441.782914283219725,4760160.53293704520911],[3972803.802218018565327,4760115.279536440037191],[3973301.578323097899556,4759904.100234071724117],[3973693.76662726374343,4760160.529536589980125],[3974206.628032655920833,4760371.706338596530259],[3975036.25624129595235,4760507.46123971324414],[3975277.603143878281116,4760748.806842137128115],[3975790.467349622398615,4762046.041855393908918],[3976137.40475347219035,4762860.584563699550927],[3976589.930058263707906,4763237.686967451125383],[3976695.519359400961548,4763388.528068976476789],[3976997.201162388082594,4762981.255364676937461],[3977510.061067585833371,4762634.318760929629207],[3977917.331171602010727,4762000.783654256723821],[3978731.872979826293886,4761306.911146840080619],[3979320.154085871297866,4761156.068145112134516],[3979938.603992276359349,4761156.066544938832521],[3980360.960196675732732,4761246.570045759901404],[3980692.809399920981377,4760507.446338014677167],[3980994.491602991707623,4760296.267635745927691],[3981386.679207039996982,4760251.014135180972517],[3981809.035911489278078,4760522.527637888677418],[3982155.970315007027239,4760205.759734522551298],[3982668.829720193520188,4759662.729228767566383],[3983272.195226442068815,4759602.390927998349071],[3984478.92713900655508,4759813.565929927863181],[3984765.525441950187087,4759662.723628304898739],[3985414.143948711454868,4759813.563429736532271],[3986168.351356550585479,4759934.234530843794346],[3986424.782059234101325,4760039.822931890375912],[3987043.231365605257452,4759813.559029432944953],[3987797.437073348555714,4759315.780324134975672],[3988280.128678296692669,4758953.759720303118229],[3988551.641581017058343,4758305.140913521870971],[3988777.902383299078792,4757822.44760846812278],[3988898.574984517879784,4757626.353606406599283],[3988883.489584286231548,4757128.577001237310469],[3989079.581686229910702,4756464.874094291590154],[3989139.917586817406118,4756178.275091291405261],[3989486.851990388706326,4755861.507287944667041],[3989469.226790189743042,4755784.397887142375112],[3989394.744689370971173,4755458.543083753436804],[3989366.177389055490494,4755333.562482452020049],[3989336.008288696873933,4755031.879879309795797],[3989577.352491100784391,4754217.33537077344954],[3989637.687491644173861,4753598.885364302434027],[3990452.230900149792433,4753523.462563399225473],[3990738.829603143036366,4753478.209362888708711],[3991266.773808636702597,4753236.861660301685333],[3991538.288311474025249,4753206.692559951916337],[3991659.006812694482505,4752868.677856401540339],[3991697.966613094788045,4752759.589755253866315],[3991831.39831444947049,4752385.978651329874992],[3992337.743819676805288,4751668.108043753542006],[3992546.035021813120693,4751225.486239086836576],[3992579.088822153862566,4751155.246438350528479],[3992725.13082367554307,4751009.203736799769104],[3992926.02312575886026,4750808.310234672389925],[3993167.368028247263283,4750280.364629107527435],[3993191.162628481164575,4750166.678227916359901],[3993303.123729613143951,4749631.746022282168269],[3993449.432231141254306,4749525.339321152307093],[3993459.240731242578477,4749518.205821077339351],[3993921.573436111677438,4749631.744522229768336],[3994464.603441844228655,4749948.5102255102247],[3994796.454845332540572,4750039.014026439748704],[3995218.810449766926467,4749888.171624828130007],[3995626.0823540459387,4749918.338825116865337],[3996425.543362467549741,4750461.365930781699717],[3996651.804264829028398,4750023.925126175396144],[3997134.495869879145175,4749631.736122034490108],[3999020.012589691206813,4749209.375217545777559],[3999291.526692544575781,4749028.364615634083748],[3999744.048697302117944,4748168.567306589335203],[3999879.806098737288266,4748183.651206748560071],[3999928.197499242145568,4748074.654905597679317],[3999987.466499866452068,4747941.15790418908],[4000353.828403729014099,4747729.793901961296797],[4000973.826110261958092,4747574.792900333181024],[4001157.007412192411721,4747560.701200186274946],[4001354.278814281336963,4747264.792597071267664],[4001650.185417411848903,4746687.066390990279615],[4002368.817525021731853,4745869.794182380661368],[4003971.650142019614577,4744525.873568239621818],[4004214.717544594313949,4744504.736568035557866],[4004489.490147481206805,4744747.803370620124042],[4004785.399150593206286,4745054.278973877429962],[4005028.466953153721988,4745202.232275458052754],[4005183.803854801226407,4745171.164675140753388],[4005292.670555954333395,4745149.390874915756285],[4005504.03305820049718,4744948.595572809688747],[4005548.947058691177517,4744696.28087014798075],[4005463.754857805091888,4744525.897468337789178],[4005414.202457288745791,4744426.793467284180224],[4005374.571156888268888,4744133.527164181694388],[4005430.053057504352182,4743824.408760908059776],[4005810.505661555100232,4743475.65875724516809],[4006325.702167039737105,4743206.169554434716702],[4007253.055076955351979,4742302.590244937688112],[4007328.93947777338326,4742201.410543869249523],[4007609.728880787733942,4741827.022439925000072],[4008032.452885359991342,4741046.299131677486002],[4008367.609689032658935,4740087.370721517130733],[4008412.903489526361227,4739957.778720146045089],[4008740.515593043994159,4739735.846617816016078],[4009046.991596317384392,4739609.02821650262922],[4009459.235400754958391,4739229.115112505853176],[4009460.46360077150166,4739227.983312499709427],[4009920.098705722484738,4738815.437308168038726],[4010072.099707363639027,4738679.02820673212409],[4010412.257511024829,4738399.922803803347051],[4010484.256711801979691,4738340.846203185617924],[4010949.255016779527068,4738224.59550201240927],[4011234.595219815615565,4738266.867302504368126],[4011572.775723444763571,4738129.480401091277599],[4011942.661327368114144,4738266.865402616560459],[4012291.411231025122106,4738636.749806615523994],[4012671.865235045086592,4738816.40730859618634],[4013020.614238758105785,4738869.247209220193326],[4013358.795942305121571,4739175.722812548279762],[4013567.517644469160587,4739488.803515918552876],[4014011.379949203226715,4739449.171915582381189],[4014534.502754817251116,4739235.165613401681185],[4014875.326058422215283,4739377.834714986383915],[4014634.61275566322729,4740340.698625187389553],[4014574.136854970827699,4740582.604627752676606],[4014616.806355379521847,4740808.140230155549943],[4014629.620455508120358,4740875.87073087785393],[4014740.586656627710909,4741145.358133764006197],[4014946.665858800988644,4741256.323334985412657],[4015731.350967150181532,4741184.986234386451542],[4016801.375778550747782,4741058.165733278729022],[4016856.534579144790769,4741017.149932856671512],[4017110.493581887334585,4740828.307730905711651],[4017435.462885465472937,4740313.109425503760576],[4017728.727088773157448,4739504.645116971805692],[4018212.218494056724012,4738973.594411429949105],[4018693.20989933796227,4738372.351905137300491],[4018751.19249997055158,4738299.873304385691881],[4018854.810701094102114,4738242.704303799197078],[4019210.906404938083142,4738046.236501801759005],[4018933.491302086040378,4737626.15319724008441],[4018846.302901268005371,4737182.290992483496666],[4018917.636902139056474,4736754.28078792616725],[4019234.680205652024597,4736286.639183010905981],[4019694.393610682338476,4735850.701778472401202],[4020096.503415140789002,4735286.334072539582849],[4020146.180415692739189,4735216.611571805551648],[4020320.554417605977505,4735042.236569987609982],[4020502.855019561946392,4735026.383969867601991],[4020780.26932249031961,4735184.90547164529562],[4021247.911427336279303,4735739.732177718542516],[4021763.10993272671476,4736151.888582274317741],[4022015.325935389846563,4736261.436183517798781],[4022547.796041013207287,4736492.70968615077436],[4022658.761542203836143,4736468.931085931137204],[4022682.538542623165995,4735937.881380257196724],[4022793.502244025003165,4735232.457072745077312],[4022967.875646034721285,4734780.668067962862551],[4023269.067249333951622,4734558.736165680922568],[4023373.225750470533967,4734496.641265048645437],[4023527.543252148199826,4734404.643664112314582],[4023681.224553824402392,4734313.025563179515302],[4023689.149154097307473,4733742.345257056877017],[4023665.369554001372308,4733243.00025169365108],[4023582.079353197012097,4732954.263548566959798],[4023546.476852854713798,4732830.842547227628529],[4023544.237852841615677,4732794.700146844610572],[4023501.055952598340809,4732097.650939339771867],[4023490.991652548778802,4731935.192037590779364],[4023443.067652096506208,4731727.523435339331627],[4023419.655851873569191,4731626.073734247125685],[4022753.86084490083158,4731031.616827640682459],[4022452.667441782075912,4730619.459723109379411],[4022405.110441311728209,4730492.642121732234955],[4022444.738742004614323,4729604.917112174443901],[4022420.959041913971305,4729073.867706441320479],[4022365.475041447207332,4728622.079301549121737],[4022191.099939631763846,4728392.222599015571177],[4021739.31123478570953,4728281.258097681216896],[4021279.596529838163406,4728225.776496946811676],[4020407.723420489579439,4727987.995294130407274],[4020106.531117246951908,4727948.365493622608483],[4019646.816712262108922,4728011.775594177655876],[4019305.993708580732346,4728011.776594093069434],[4018893.835304179694504,4727813.624691843986511],[4018695.681602120865136,4727480.728488197550178],[4018671.902201970107853,4727068.570583736523986],[4018727.384102667216212,4726680.190979543142021],[4018640.194601929746568,4725847.949370514601469],[4018655.465402180328965,4725519.614066957496107],[4018736.833603088278323,4725432.083766028285027],[4018831.222704129759222,4725330.546564952470362],[4019440.729010912124068,4724674.882458001375198],[4020542.456223137676716,4723699.967447713948786],[4020930.834727468900383,4723303.660743519663811],[4021041.799128810409456,4722828.093838379718363],[4020994.241228417493403,4722376.305433456785977],[4020700.973725372925401,4721861.108827761374414],[4020360.150021754670888,4721544.065024213865399],[4020177.548619779758155,4721481.596723482012749],[4020058.957418497186154,4721441.026523009873927],[4020035.178418309893459,4721179.464820152148604],[4020080.031018875073642,4720900.377317124977708],[4020106.512319213710725,4720735.602115336805582],[4020224.827820552047342,4720550.411513342522085],[4020288.81212127301842,4720450.261512275785208],[4020511.459923884365708,4719813.012205382809043],[4020512.178123890887946,4719809.852305344305933],[4020550.371824354398996,4719641.797403525561094],[4021089.347030289005488,4719459.495201686397195],[4021493.578334766905755,4719253.415099553763866],[4021660.026236623059958,4719110.744798045605421],[4021739.286737572867423,4718825.404494951479137],[4021525.279435474425554,4718009.015385957434773],[4021469.794235138222575,4717065.807975614443421],[4021477.486035403329879,4716442.643468791618943],[4021477.602335407864302,4716433.21806868724525],[4022080.102542101405561,4716146.377165723592043],[4022817.230150298215449,4715773.847761857323349],[4023570.209658703301102,4715306.205156968906522],[4023807.431261376943439,4715100.916154793463647],[4023982.366663347929716,4714949.528753180988133],[4024024.651663832366467,4714878.270252414979041],[4024324.056267287582159,4714373.715146967209876],[4024410.374868283979595,4714228.251545399427414],[4024535.022369587793946,4714426.763347622938454],[4024782.904072151985019,4714909.896353014744818],[4025210.914676785934716,4715084.269755070097744],[4025559.663580629508942,4715052.564254838973284],[4025908.41208450589329,4714909.893453400582075],[4026233.383088044356555,4714997.079654470086098],[4026502.871490916702896,4715250.714757353067398],[4026624.574792187660933,4715430.065859360620379],[4026804.064994059503078,4715694.5761623326689],[4027224.14859873522073,4715512.274660479277372],[4027474.548301528673619,4715390.36875924281776],[4027826.532505457289517,4715219.006857489235699],[4028817.295716481748968,4714838.550653690472245],[4029586.128125025425106,4714592.839051296003163],[4030144.989431273192167,4714324.293748567812145],[4030196.438031850848347,4714299.571548323146999],[4030719.560037830844522,4713728.889942262321711],[4031916.400451458059251,4712658.861330991610885],[4033422.359068586491048,4711454.088218385353684],[4034159.485877017024904,4710804.144811550155282],[4034331.432078953832388,4710716.549010660499334],[4035419.736391236074269,4710162.126205049455166],[4035839.820495853200555,4710209.681805783882737],[4035912.677896681707352,4710160.453605269081891],[4036133.086199186742306,4710011.528203732334077],[4036163.095299562439322,4709916.204402700997889],[4036267.829000882804394,4709583.517599069513381],[4036529.390403836034238,4709464.625397881492972],[4037052.514109604991972,4709496.328598499298096],[4037734.160217058844864,4709654.849000593647361],[4038542.624925778713077,4710067.004805564880371],[4038859.670329111628234,4710391.974709319882095],[4039056.030431198421866,4710549.062011157162488],[4039097.454231637064368,4710582.200811543501914],[4039366.942134599201381,4710598.052511866204441],[4039422.167635257355869,4710513.089710957370698],[4039469.981235828250647,4710439.529710169881582],[4039507.0365363326855,4710256.201208165846765],[4039620.57543789036572,4709694.474702019244432],[4039639.392738115973771,4709661.858101669698954],[4039739.466639313846827,4709488.39529980905354],[4040658.894649727270007,4709028.678295220248401],[4040841.194551904220134,4708743.337692162953317],[4040864.972552234772593,4708616.519790774211287],[4041340.538557674270123,4708299.474287531338632],[4041974.626764914020896,4707919.019183673895895],[4042100.343366362620145,4707822.486282677389681],[4042418.488170026335865,4707578.194980150088668],[4042596.16917204670608,4707493.840879319235682],[4043203.172578938771039,4707205.665476479567587],[4043458.990081806201488,4707158.475276099517941],[4044019.561888076364994,4707055.067275286652148],[4044442.073392840102315,4706924.791774097830057],[4044511.033193610142916,4706925.297474140301347],[4044639.20729506528005,4706864.00827353913337],[4044970.694798808079213,4706761.798772606998682],[4045066.045899884775281,4706727.125372283160686],[4046016.940910643897951,4706381.342369033023715],[4046123.780011842492968,4706366.07946893107146],[4046705.052318343427032,4706283.038968371227384],[4046738.216918714344501,4706278.300968334078789],[4047221.709524183068424,4706119.777466889470816],[4047689.34942958317697,4705794.805663581006229],[4047809.797431000508368,4705669.539162266999483],[4048283.806436591316015,4705176.56725709605962],[4048632.554940562229604,4705025.970055651850998],[4049005.082044776529074,4704922.929654755629599],[4049177.996146854478866,4704687.136652243323624],[4049353.829848971683532,4704447.361849694512784],[4049718.429453482385725,4703773.641242443583906],[4049848.616455008275807,4703657.720841240137815],[4050297.034460270311683,4703258.442537098191679],[4050701.265165074262768,4702822.505032517015934],[4050812.65716644981876,4702621.998330353759229],[4050899.41706752916798,4702465.82942866999656],[4051097.569569843355566,4702307.30652704462409],[4051252.633771584369242,4702289.482726949267089],[4051787.141277589835227,4702228.043526635505259],[4051906.032978904433548,4702243.895626896992326],[4052064.557480068877339,4703107.841536639258265],[4052262.711581936106086,4703591.334042167291045],[4052651.092285950668156,4704027.269347296096385],[4053079.102890594862401,4704193.716749453917146],[4053467.482494895346463,4704217.494049994274974],[4053911.344799864571542,4704177.862449876964092],[4054006.458300887141377,4704225.4187504760921],[4054109.498201914597303,4704383.940752313472331],[4054640.550707005895674,4705493.59546504355967],[4054981.374410571530461,4705794.786968641914427],[4055488.646016105078161,4705929.529570514336228],[4056075.178222689777613,4705826.488769816234708],[4056669.63612949475646,4705564.92536736279726],[4057240.315336129628122,4705184.470363570377231],[4057953.663944561500102,4704542.45325698889792],[4058389.59914977196604,4704082.737452222965658],[4059000.211856903508306,4703661.623048019595444],[4059079.169757828582078,4703607.168847469612956],[4059248.842759794555604,4703512.580546551384032],[4060458.311773812863976,4702838.332240024581552],[4061227.143482826650143,4702307.280634731985629],[4061718.930188655853271,4701889.596630478277802],[4061805.748589689377695,4701815.859929729253054],[4062170.349393925163895,4701617.706127827987075],[4062447.456797086168081,4701538.532027172856033],[4063002.590803413651884,4701379.920725875534117],[4063890.315213435329497,4701253.100725218653679],[4064278.694417927414179,4701078.725223609246314],[4065134.712928112130612,4700373.29871647246182],[4066721.410047288518399,4698778.315500039607286],[4066722.888147308025509,4698776.485600018873811],[4067052.827551376540214,4698367.986795735545456],[4067655.210958555340767,4697892.41829095967114],[4068622.195769851095974,4697408.922886421903968],[4069029.986574536655098,4697288.27368545345962],[4069961.708085254766047,4697012.613683231174946],[4070714.688193978276104,4696727.27168074529618],[4071309.145801064558327,4696307.186076598241925],[4071887.750608181580901,4695665.169369942508638],[4072442.576815119944513,4694951.817662457935512],[4072823.028819946572185,4694396.988656586967409],[4073948.533234125934541,4692891.023840728215873],[4074328.985638894606382,4692423.382135826162994],[4074525.653041523881257,4692011.851031379774213],[4074524.168541516643018,4692004.552431300282478],[4074432.022840931080282,4691551.509326082654297],[4074505.765442192554474,4691126.708321357145905],[4074508.173942225053906,4691121.991621310822666],[4074693.582644684705883,4690758.897217385470867],[4075192.926750790327787,4690307.107212781906128],[4075291.568352036178112,4690185.31451150495559],[4075969.68356056837365,4689348.045402719639242],[4076083.706061953213066,4689257.930201817303896],[4076894.063471801113337,4688617.483295390382409],[4076952.519872511271387,4688571.283494925126433],[4077959.134584716986865,4687818.299987440928817],[4079227.311199800111353,4687176.281481496058404],[4080273.557212200015783,4686700.711877215653658],[4081874.630931084044278,4686082.470771941356361],[4082627.611339839641005,4685908.094170790165663],[4084141.498757315333933,4685686.159369976259768],[4085060.927667992189527,4685503.8562689460814],[4086067.543079949449748,4685067.917465148493648],[4087304.015494752675295,4684457.60345964320004],[4088111.429204299114645,4684168.150957301259041],[4088564.266709654591978,4684005.811755984090269],[4089943.410025701858103,4683744.246354664675891],[4090886.616936793085188,4683474.756152745336294],[4092203.884652381297201,4683021.026849197223783],[4093026.666262137237936,4682737.622046984732151],[4093827.203071658033878,4682436.427544557489455],[4094500.922579555306584,4682277.903743602335453],[4094921.006484420970082,4682230.345943594351411],[4095193.275487532373518,4682231.397143955342472],[4095457.215190597809851,4682193.690743865445256],[4095727.211294045206159,4681908.693440953269601],[4095796.565394936129451,4681835.486040206626058],[4096103.753199101425707,4681329.526634817011654],[4096110.407799194566905,4681318.566134701482952],[4096531.824204398319125,4681024.812031890265644],[4096979.578609784599394,4680824.499530180357397],[4097017.19571022875607,4680814.791930116713047],[4097417.906914949417114,4680711.38122946023941],[4097771.397519068326801,4680654.821929281577468],[4097983.491721703670919,4680499.28532778006047],[4098096.608423149678856,4680386.168126633390784],[4097983.49082215083763,4680159.934423892758787],[4097898.652321496978402,4679919.560721031390131],[4097835.50662143714726,4679422.297515244223177],[4097785.533121377229691,4679028.764210665598512],[4097615.856719842646271,4678717.692806865088642],[4097549.216619382146746,4678484.45430410746485],[4097531.018219259567559,4678420.760703352279961],[4097587.57652006065473,4678307.64340212661773],[4097941.066924307495356,4678166.246300972998142],[4097813.80902345571667,4677699.638895440846682],[4097856.227624092716724,4677586.521694198250771],[4097912.786024840548635,4677515.823593457229435],[4098155.421527792699635,4677391.394292352721095],[4098339.957330042496324,4677296.759791509248316],[4098464.230931552127004,4677233.029290939681232],[4098577.347533059306443,4677077.493189302273095],[4098779.663535473868251,4677010.054088799282908],[4098831.860636095982045,4676992.654888669960201],[4098899.599336953368038,4676936.205688111484051],[4099001.535938238725066,4676851.257987271994352],[4099071.601439292542636,4676664.415185214020312],[4099086.373039515689015,4676625.023684781044722],[4099190.518440767657012,4676587.152484484948218],[4099397.44474324490875,4676511.905883891507983],[4099284.326542515307665,4676087.717378867790103],[4099086.371040597558022,4675819.064775500446558],[4098718.740236569195986,4675663.529873221181333],[4098421.807633376680315,4675493.854870868846774],[4098337.58593259146437,4675350.678769112564623],[4098280.410632066894323,4675253.481567913666368],[4098308.689632579684258,4675112.085166323930025],[4098147.728930830489844,4675028.308165144175291],[4097932.327728498727083,4674916.195763564668596],[4097759.313326589763165,4674853.281862613745034],[4097750.015026481822133,4674849.900662565603852],[4097445.682022964116186,4674859.632762279361486],[4097343.279221777804196,4674862.907462178729475],[4097337.774821716360748,4674861.875362157821655],[4096233.952709261793643,4674654.911658331751823],[4095693.956103359814733,4674402.334154717624187],[4095657.934402951039374,4674401.360854664817452],[4095371.700499657075852,4674393.625354206189513],[4094948.623594677075744,4674473.034654576331377],[4094482.852489472832531,4674343.053252479061484],[4093746.283981329295784,4674061.426248298957944],[4093447.226878040935844,4673934.05104645062238],[4093161.361874893307686,4673812.294544687494636],[4092056.508962816093117,4673270.703437055461109],[4091200.789753307588398,4672967.412932495586574],[4090800.010248677805066,4672967.414032002910972],[4090247.58424240257591,4672880.760230319574475],[4089716.822336217854172,4672924.08923018258065],[4089379.070632124785334,4673083.032231609337032],[4088059.54691614722833,4673703.988737198524177],[4087225.493406019173563,4674126.434041084721684],[4087333.812906936276704,4674408.062844464555383],[4087507.124608169309795,4675057.974952160380781],[4087539.622107663191855,4675805.374460810795426],[4087527.976807459257543,4675864.248361472971737],[4087344.650804257951677,4676791.076071919873357],[4086218.135691162664443,4676910.229471968486905],[4085730.701285557821393,4676910.230771405622363],[4085449.071682653855532,4676617.77056771889329],[4085059.122778716031462,4676141.169061786495149],[4084788.324476257897913,4675567.080154862254858],[4084625.844375229906291,4674830.512846196070313],[4084322.550172457005829,4674191.43273848015815],[4083780.954367070458829,4673433.202529114671052],[4083261.022861612495035,4672945.769422899931669],[4082841.084157011006027,4672723.450619864277542],[4082841.078557013534009,4672723.447719858959317],[4082708.596355556510389,4672653.310318903066218],[4082631.971654771827161,4672567.491117825731635],[4082437.798652769997716,4672350.018115094862878],[4082383.638252573087811,4671960.070710523985326],[4082583.059455738402903,4671189.884701835922897],[4082697.759657558053732,4670746.899496836587787],[4082686.925958192441612,4670064.491188914515078],[4082714.043758744373918,4669855.931386529468],[4082806.075160226318985,4669479.569382265210152],[4082990.215762948617339,4668959.638776438310742],[4083141.861265056300908,4668645.513772966340184],[4083326.001567882485688,4668038.928166126832366],[4083282.672468066681176,4667421.511258902959526],[4083162.797266903799027,4667219.617056418210268],[4083135.682166635524482,4667173.949755858629942],[4083095.497466173954308,4667170.958655779249966],[4082899.347063912078738,4667156.358555391430855],[4082773.17246241401881,4667178.66545550711453],[4082697.814561570528895,4667155.370255147106946],[4082534.753659691195935,4667138.162354770116508],[4082339.811157665215433,4666917.982051992788911],[4082300.369257286190987,4666846.571551123633981],[4082294.131657219491899,4666842.056251060217619],[4082210.652156312018633,4666781.627050265669823],[4082145.446755609940737,4666732.550149619579315],[4082137.043155521154404,4666724.59114951826632],[4081976.725053825415671,4666572.752647573128343],[4081883.637652753852308,4666558.746147305704653],[4081729.660050910431892,4666610.850147745572031],[4081675.190950268413872,4666613.616147715598345],[4081471.935647985897958,4666537.490646608173847],[4081395.097147141583264,4666491.741145989857614],[4081256.874445518944412,4666504.616945991292596],[4081221.151445234194398,4666386.995544581674039],[4081190.290044912602752,4666352.195844138972461],[4081078.540643634740263,4666333.971443807706237],[4081073.204343572724611,4666333.101143792271614],[4080936.887542093172669,4666236.077442512847483],[4080719.71643958799541,4666209.957741972059011],[4080634.780338635202497,4666177.74134150147438],[4080595.118338189553469,4666162.69754128716886],[4080505.853237167932093,4666151.659741064533591],[4080503.858837143052369,4666151.413141055032611],[4080502.907237132079899,4666150.646441047079861],[4080415.923936195671558,4666080.56264013890177],[4080286.748934742994606,4666034.943239465355873],[4080146.818233334925026,4665825.867436877451837],[4080020.45683223567903,4665480.584532720036805],[4080034.549732494167984,4665393.355931716039777],[4080102.838733409997076,4665286.502130549401045],[4080122.724833669140935,4665255.385530203580856],[4080356.268636606168002,4665060.714828191325068],[4080401.051037166267633,4665023.3864278011024],[4080417.506037446204573,4664940.061526846140623],[4080417.238037660252303,4664741.095424530096352],[4080369.639137232210487,4664625.761623135767877],[4080363.48383724084124,4664552.949022272601724],[4080328.666936886962503,4664504.045521667227149],[4080247.182535995729268,4664445.679920895025134],[4080072.252534023951739,4664381.818219965323806],[4080011.900833413470536,4664294.238018878735602],[4079880.766531984321773,4664207.116117720492184],[4079826.962831453420222,4664117.374616611748934],[4079695.959729944355786,4664098.350716250948608],[4079516.587827992159873,4663967.12621452845633],[4079457.238927289843559,4663971.115214507095516],[4079368.36492621479556,4664007.62281484529376],[4079362.007926137652248,4664010.234114866703749],[4079220.532724455464631,4664040.849915076978505],[4079169.071423857007176,4664039.056614992208779],[4079101.037023101467639,4664001.183214480057359],[4079038.436322409193963,4663966.334514008834958],[4078822.703719898127019,4663956.28031366225332],[4078720.415618676226586,4663986.254013896919787],[4078666.143417987506837,4664035.312714415602386],[4078612.46841728547588,4664109.517815228551626],[4078502.042015836574137,4664262.181116892024875],[4078460.669415351003408,4664260.624316832050681],[4078417.510814886074513,4664229.495516424067318],[4078381.505814489908516,4664203.526316079311073],[4078177.896112062502652,4664250.780316412448883],[4078015.272010204382241,4664213.91941581107676],[4077978.956709819380194,4664173.916315311565995],[4077918.879309347365052,4663957.095012713223696],[4077872.178308865055442,4663899.810811992734671],[4077807.495508110150695,4663897.009911900386214],[4077675.726306526456028,4663943.88621230982244],[4077641.798306128475815,4663942.364612253382802],[4077562.740105271339417,4663885.030611502937973],[4077427.059803785290569,4663786.633410204201937],[4077393.701703459955752,4663728.770009497180581],[4077420.776403918396682,4663589.869707907550037],[4077355.616303264629096,4663488.623906658031046],[4077125.615700631868094,4663435.457205789163709],[4077077.791700109373778,4663399.89640532899648],[4076996.307699282187968,4663282.512303873896599],[4076940.308898659422994,4663249.52030343003571],[4076614.363194942940027,4663164.04040209390223],[4076586.036494629457593,4663144.85980184469372],[4076522.091093997005373,4663034.663500487804413],[4076313.284491793252528,4662808.104197622276843],[4076294.910491598304361,4662783.522597317583859],[4076187.133090494666249,4662637.235895501449704],[4076186.705190490931273,4662634.566795466467738],[4076160.719890348613262,4662472.463393544778228],[4076122.472589952871203,4662424.122992941178381],[4076068.456589507870376,4662246.457190804183483],[4076022.11508906353265,4662151.491889650002122],[4075974.785388554446399,4662107.700889090076089],[4075797.833886550739408,4662037.724188089370728],[4075672.174185238778591,4661883.134986151941121],[4075556.174683982972056,4661785.190384889952838],[4075531.036483780480921,4661694.753283805213869],[4075393.401382385287434,4661483.343181188218296],[4075243.77168080676347,4661314.697479064576328],[4075208.937280403450131,4661305.63617892563343],[4075138.292779559269547,4661326.958979099988937],[4075134.615979512687773,4661325.431679079309106],[4075100.760679136496037,4661311.368578880093992],[4075015.191778277046978,4661165.658677082508802],[4075048.051878782454878,4661047.866575740277767],[4075058.461878946051002,4661010.550475313328207],[4075049.614078948274255,4660905.048574074171484],[4074915.376577567774802,4660710.204371652565897],[4074815.248076472897083,4660633.270270645618439],[4074754.416675879620016,4660514.48846919182688],[4074687.021875169593841,4660435.972568206489086],[4074664.168575040530413,4660300.285066592507064],[4074628.367874671239406,4660248.473965954035521],[4074603.849174423143268,4660212.990465512499213],[4074550.343973929528147,4660073.932363823987544],[4074534.825373794417828,4660033.60006333515048],[4074410.07747241621837,4659947.558962200768292],[4074341.175371658988297,4659900.035861575044692],[4074290.62357119191438,4659768.643359989859164],[4074230.652070584706962,4659671.212858782149851],[4074127.390069546643645,4659503.452356709167361],[4074041.52246860275045,4659438.087955860421062],[4073971.13996786205098,4659352.938254788517952],[4073840.613366439938545,4659239.327153325080872],[4073720.616265058517456,4659216.786252942867577],[4073632.498364023864269,4659218.319352870807052],[4073496.689162423368543,4659220.682452759705484],[4073424.617261599283665,4659203.541252492927015],[4073389.791461219079792,4659173.491152104921639],[4073326.186160524841398,4659118.607551399618387],[4073194.882959003094584,4659100.261351057328284],[4073000.618256812915206,4659005.554049749858677],[4072849.329755069687963,4658975.957249257713556],[4072770.914554209914058,4658910.924148416146636],[4072677.906853159423918,4658873.264247883111238],[4072543.713751701638103,4658747.007646267302334],[4072425.871150355786085,4658712.791245751082897],[4072371.743049735669047,4658697.074945515953004],[4072374.325849875342101,4658585.888144213706255],[4072374.556949887890369,4658575.941744087263942],[4072342.845749607309699,4658474.629542871378362],[4072270.13664886308834,4658362.092141481116414],[4072132.823747393209487,4658214.924739612266421],[4072139.348647523671389,4658163.83903902489692],[4072215.573348519857973,4658057.097537843510509],[4072194.557748381048441,4657950.298236567527056],[4072138.619847822468728,4657850.067035333253443],[4072090.406047294847667,4657803.344334740191698],[4071912.570945316459984,4657693.197033273056149],[4071907.278845252469182,4657689.919333226978779],[4071888.449845086317509,4657636.154232572764158],[4071888.561845086049289,4657634.438732558861375],[4071925.926746080163866,4657062.37452585902065],[4071881.622045718599111,4656902.511123943142593],[4071868.052145716734231,4656733.905021943151951],[4071894.480946099385619,4656661.189521115273237],[4072009.132547634188086,4656474.012019021436572],[4072102.403748827986419,4656376.586517964489758],[4072109.873048979323357,4656305.850217139348388],[4072063.219948674086481,4656055.260214144363999],[4072071.894948904868215,4655927.944212650880218],[4072057.915548775810748,4655888.593112173490226],[4071935.688647478818893,4655738.151710283011198],[4071819.715346201788634,4655650.171309135854244],[4071711.883145119529217,4655449.421906664967537],[4071709.489545214455575,4655328.277605231851339],[4071679.641644924413413,4655261.052504410967231],[4071652.587944748811424,4655112.100202633067966],[4071555.383043760433793,4654952.387000657618046],[4071513.528943384531885,4654826.491299130022526],[4071482.390743176918477,4654660.044097131118178],[4071378.721942095085979,4654517.566695351153612],[4071352.522741883527488,4654411.606994076631963],[4071328.933941697701812,4654316.204892929643393],[4071302.129741431213915,4654264.053992289118469],[4071256.652640952728689,4654203.321391531266272],[4071107.93763932865113,4654069.578889808617532],[4071040.982238688040525,4653909.166587851941586],[4070966.017837843392044,4653865.488187261857092],[4070925.299437432549894,4653798.675986430607736],[4070831.290036416612566,4653697.380385148338974],[4070782.007235857192427,4653668.92568476498127],[4070634.086634125560522,4653656.216384474188089],[4070598.218733720015734,4653638.449484228156507],[4070476.663332402240485,4653514.651182647794485],[4070417.68143181828782,4653396.339581202715635],[4070373.363231341354549,4653348.580180594697595],[4070152.716028861235827,4653210.068378743715584],[4069950.592626459430903,4653221.655678691342473],[4069742.19472398608923,4653233.602778637781739],[4069573.955921991728246,4653243.247578592039645],[4069333.04341906728223,4653324.693579328246415],[4069263.353418244980276,4653326.936279295012355],[4069200.806817527860403,4653303.426278955303133],[4069101.41671634465456,4653310.293278942815959],[4068980.809814957436174,4653271.174078368581831],[4068847.104513389058411,4653254.844278056174517],[4068688.775611476972699,4653305.88227851036936],[4068605.801210465840995,4653332.629478751681745],[4068467.852808823809028,4653347.75327880308032],[4068434.677508433815092,4653350.466478795744479],[4068430.468708381522447,4653350.810678800567985],[4068425.757008325774223,4653351.196078799664974],[4068405.285408097784966,4653332.195878562517464],[4068403.296308081131428,4653330.349778536707163],[4068362.89900764869526,4653277.263677868060768],[4068358.468607606831938,4653266.091377737000585],[4068327.618207312654704,4653188.296276786364615],[4068177.590405740775168,4652968.553774051368237],[4068043.86610430246219,4652816.62527213525027],[4068028.606804257724434,4652667.196370357647538],[4068024.196004250552505,4652624.003269837237895],[4067836.09210222074762,4652410.579867138527334],[4067820.629802120383829,4652317.860066032968462],[4067767.585201567038894,4652234.35986499208957],[4067654.211300311610103,4652144.111563825979829],[4067455.666398035362363,4652063.115662682801485],[4067357.852597018703818,4651909.630960781127214],[4067279.936496166978031,4651828.129659743048251],[4067145.475294609554112,4651791.494459189474583],[4067108.296394198201597,4651756.026858734898269],[4066727.291190152056515,4651242.367652307264507],[4066674.054289634805173,4651114.472950747236609],[4066605.902788906823844,4651031.968349711969495],[4066536.418688110075891,4651004.479049317538738],[4066408.355086547322571,4651050.544949757866561],[4066338.00858571799472,4651043.747849608771503],[4066200.903784289956093,4650823.560046874918044],[4066050.880982558708638,4650772.748746142722666],[4065977.512981784995645,4650664.792744800448418],[4065856.288180432282388,4650571.93204359523952],[4065763.615579361096025,4650541.107943137176335],[4065696.242678617592901,4650476.557542315684259],[4065591.522177544422448,4650286.486139973625541],[4065475.289576253853738,4650191.994438751600683],[4065398.876875567249954,4649945.656235757283866],[4065269.24877412756905,4649833.219234308227897],[4065088.198872146662325,4649639.926231860183179],[4065036.3955716220662,4649536.486130586825311],[4065023.244771508034319,4649491.966130048036575],[4065007.442371475510299,4649314.263427927158773],[4065007.29937147628516,4649312.6558279087767],[4064943.570670869201422,4649136.272325756028295],[4064802.834469275549054,4649051.718024626374245],[4064766.924068864434958,4649030.143024343065917],[4064527.010766248218715,4648762.299520955421031],[4064325.977063956670463,4648655.446619505994022],[4064251.861963129136711,4648591.244418679736555],[4064195.768962488975376,4648566.501918340101838],[4064127.462961693760008,4648545.375218031927943],[4064009.131760289892554,4648539.190817856229842],[4063870.052358606830239,4648581.446018235757947],[4063771.424557421822101,4648592.680918281897902],[4063414.81105322483927,4648549.154917461797595],[4063063.492649084888399,4648506.275316656567156],[4063006.169348445255309,4648460.406416063196957],[4062927.121047533582896,4648431.070115645416081],[4062684.040644630789757,4648443.221415586769581],[4062532.501242892351002,4648373.11181462276727],[4062447.116541888564825,4648359.776414395309985],[4062265.364439732860774,4648357.847414222545922],[4062125.892138042021543,4648397.797314574941993],[4061744.82533351983875,4648393.167014204896986],[4061535.527230956126004,4648484.064415107481182],[4061438.540629746392369,4648548.287415791302919],[4061356.826728703919798,4648635.844816763885319],[4061262.431727554649115,4648673.549317136406898],[4061208.947426880244166,4648718.922517631202936],[4061094.527325474191457,4648780.678718267939985],[4060960.226923843845725,4648819.885718625038862],[4060900.961523101199418,4648866.522919134236872],[4060838.331022232305259,4649024.317320952191949],[4060761.289921214338392,4649147.474622345529497],[4060690.928020353894681,4649175.643722627311945],[4060621.628319484181702,4649234.589523267932236],[4060531.969618394039571,4649269.812823612242937],[4060486.902017849497497,4649276.755123659968376],[4060378.966716554947197,4649293.381623771972954],[4060260.991515093483031,4649371.919224604964256],[4060011.772412079852074,4649442.147625234909356],[4059911.00801087776199,4649444.122225178405643],[4059661.620907972101122,4649382.459524250589311],[4059508.118606213480234,4649300.827923153527081],[4059416.694105139002204,4649292.14622297976166],[4059223.751402810681611,4649332.561623304150999],[4058923.354099322576076,4649239.151621956378222],[4058788.42039777431637,4649167.463120997883379],[4058632.36339603504166,4649029.929119242355227],[4058603.875395709648728,4649015.149419048801064],[4058525.73949480894953,4648974.611818506382406],[4058327.954492510296404,4648914.611517635174096],[4057926.813787909690291,4648711.192914905026555],[4057791.88228630181402,4648713.969214837066829],[4057674.880484883207828,4648749.946315170265734],[4057533.176083183847368,4648766.985015260055661],[4057410.038381759542972,4648719.501914603635669],[4057276.662880240473896,4648634.857413492165506],[4057248.187379928771406,4648606.945113139227033],[4057103.721978318411857,4648465.338011344894767],[4056860.047775563783944,4648284.167109004221857],[4056694.383873719256371,4648117.920306907966733],[4056652.851473242044449,4648101.272906676866114],[4056527.945671882480383,4647937.731704634614289],[4056326.103969605173916,4647773.304002529941499],[4056259.758068872615695,4647698.992201593704522],[4056201.526468261145055,4647590.952700264751911],[4056127.54976744344458,4647507.748699219897389],[4055961.221965739037842,4647146.598194794729352],[4055633.719862246420234,4646610.82978817820549],[4055502.904960782732815,4646481.184586534276605],[4055441.909760093782097,4646439.477085993625224],[4055400.764059624169022,4646411.342385630123317],[4055333.687558889854699,4646317.585584463551641],[4055271.832658268511295,4646169.937482656911016],[4055259.240358178969473,4646080.893681585788727],[4055229.334657873958349,4646015.45728078763932],[4055117.906656668521464,4645856.823478812351823],[4055076.08175623556599,4645766.102377699688077],[4055037.582056030165404,4645421.359773563221097],[4055009.509655787143856,4645302.881872129626572],[4054900.121454593725502,4645153.821770267561078],[4054683.653652145992965,4644963.349567836150527],[4054652.053951819892973,4644898.338067040778697],[4054632.146551634185016,4644832.557266242802143],[4054620.088751627597958,4644642.177763963118196],[4054573.416851155925542,4644520.618362477049232],[4054553.999250967986882,4644464.332361789420247],[4054523.928350735921413,4644290.81945969723165],[4054374.104449136182666,4644032.864556511864066],[4054316.842548594344407,4643839.588854162953794],[4054301.972248528152704,4643693.31335240509361],[4054318.045848852023482,4643504.528250156901777],[4054239.636848124675453,4643225.435446769930422],[4054251.488448322750628,4643147.75014584697783],[4054331.283949399832636,4642971.629943799227476],[4054358.244449767749757,4642912.633743114769459],[4054379.665350097697228,4642813.446741942316294],[4054389.226250331383198,4642644.662539935670793],[4054358.140450051985681,4642519.452138412743807],[4054357.901050050742924,4642518.488038401119411],[4054358.310150060337037,4642516.765038379468024],[4054398.669650665484369,4642346.795036377385259],[4054405.716350866016001,4642189.175534493289888],[4054475.46105184359476,4641993.964032211340964],[4054500.842552351765335,4641712.271628858521581],[4054453.95295187458396,4641595.29832742549479],[4054451.569151848554611,4641591.961627383716404],[4054295.180550138000399,4641373.056724648922682],[4054255.972449803259224,4641190.025422426871955],[4054099.433848201762885,4640816.891817841678858],[4053935.123546687886119,4640190.005710205994546],[4053856.475745882838964,4640002.602207900956273],[4053776.873045007232577,4639889.881506495177746],[4053648.14674355648458,4639757.766804812476039],[4053585.365642877295613,4639658.71440358273685],[4053331.864039927721024,4639523.998701783828437],[4053273.604939299169928,4639430.215200614184141],[4053254.034439117182046,4639354.860999698750675],[4053117.846837606281042,4639177.711297476664186],[4053096.623137377202511,4639150.103897127322853],[4053025.221136606298387,4639025.773195582441986],[4053040.266436874400824,4638902.415394113399088],[4053114.078137820586562,4638820.12199318036437],[4053215.927739091683179,4638757.555092498660088],[4053428.103941685054451,4638687.231991806998849],[4053457.818742082919925,4638629.709391139447689],[4053454.466442069038749,4638599.909790773876011],[4053418.223541683517396,4638531.020589923486114],[4053153.64713865891099,4638311.048887088894844],[4052927.529136036522686,4638177.017185318283737],[4052789.91883445950225,4638072.252083965577185],[4052799.129734689835459,4637905.540381966158748],[4052787.684734603390098,4637834.324281100183725],[4052740.738534080330282,4637767.431880264542997],[4052560.640332051087171,4637583.453377922996879],[4052517.501031592022628,4637494.342276819981635],[4052503.119531444273889,4637461.590276410803199],[4052519.066331672947854,4637409.347775800153613],[4052612.671432887203991,4637282.50337434001267],[4052705.800034098792821,4637156.304672891274095],[4052707.402934196405113,4637043.176371530629694],[4052700.793934141285717,4637014.077471172437072],[4052685.29203400015831,4636945.823370339348912],[4052608.200033146422356,4636840.7552690198645],[4052542.980132392141968,4636801.308168499730527],[4052467.776731487363577,4636800.490268436260521],[4052276.732529147993773,4636852.025468919426203],[4052220.134028478059918,4636837.85636870842427],[4052006.747926092706621,4636573.960465385578573],[4051807.848823797889054,4636433.565563555806875],[4051674.333322190213948,4636431.812363443896174],[4051470.663219686131924,4636510.518964252434671],[4051327.97681795572862,4636524.510164322331548],[4051321.698117880616337,4636520.796664269641042],[4051285.12431745743379,4636499.165763981640339],[4051254.696217136457562,4636437.051763216033578],[4051209.484116748906672,4636200.064960331656039],[4051132.28151590237394,4636087.250858915969729],[4051075.135915302205831,4635960.492657347582281],[4051048.862815075088292,4635825.54095571115613],[4051059.484315305482596,4635677.227853928692639],[4051027.477014988660812,4635580.526252740994096],[4050985.549614510498941,4635540.043852224014699],[4050917.169813698157668,4635523.567851979285479],[4050866.603913084138185,4635522.520551931113005],[4050705.466711112298071,4635569.302852384746075],[4050619.283010080456734,4635555.687652163207531],[4050545.5624092919752,4635415.70625042822212],[4050403.787607683800161,4635264.197448502294719],[4050327.132506887428463,4635070.532546111382544],[4050279.702206365764141,4635000.789945237338543],[4050211.734505581669509,4634951.284744594246149],[4050025.444603337906301,4634940.575944343581796],[4049880.865601642988622,4634871.85554341878742],[4049854.008701337967068,4634845.888643089681864],[4049843.813701248727739,4634795.167942471802235],[4049887.541501877363771,4634639.25064061395824],[4049889.958601938560605,4634587.371739991009235],[4049892.30960200401023,4634536.910039385780692],[4049887.365901950746775,4634527.095839262008667],[4049852.663901579100639,4634458.206338408403099],[4049725.853600139264017,4634322.612136682495475],[4049379.555396063718945,4634159.705134485848248],[4049234.346494341269135,4634117.665733884088695],[4048964.239791102707386,4634090.003933371976018],[4048718.909888181369752,4634023.436132408678532],[4048383.133284200448543,4633916.196430891752243],[4048272.545782911591232,4633835.299329843372107],[4048190.343981996178627,4633723.509928441606462],[4048171.116881793364882,4633677.980827877297997],[4048121.804381310008466,4633504.977125760167837],[4048121.323681304231286,4633503.290525740943849],[4048079.865880838129669,4633447.777525037527084],[4047990.286179797723889,4633380.767824174836278],[4047979.70687967306003,4633375.361024098470807],[4047868.177078363485634,4633318.361323338001966],[4047742.195276909507811,4633217.999522041529417],[4047682.702976247761399,4633122.013020848855376],[4047586.669475230854005,4632896.622618061490357],[4047532.946074694395065,4632725.109115954488516],[4047407.07557329768315,4632531.203613529913127],[4047422.721273534931242,4632455.338012618944049],[4047431.6803736416623,4632448.59881254658103],[4047617.496575981378555,4632308.821510974317789],[4047631.700476215220988,4632214.947109845466912],[4047542.341575207188725,4632095.577708345837891],[4047511.338674850296229,4632072.16020804271102],[4047237.755971672013402,4631865.513905366882682],[4047206.091671327129006,4631801.196104568429291],[4047187.024371189530939,4631654.839102783240378],[4047119.713770460803062,4631523.086201144382358],[4046940.362668295390904,4631504.46340080536902],[4046935.394268264062703,4631468.210400365293026],[4046959.13126857439056,4631425.696499866433442],[4047073.954970075748861,4631256.519797889515758],[4047103.767570479772985,4631179.313196973875165],[4047105.200270546600223,4631102.071996043436229],[4047108.053870681673288,4630948.222694175317883],[4047061.529270176310092,4630857.447993045672774],[4046973.560769130475819,4630821.186092554591596],[4046866.026367832906544,4630810.862192359752953],[4046708.665965888183564,4630872.69919300917536],[4046339.92716142302379,4630874.779492802917957],[4046035.171057700645179,4630923.246693200431764],[4045967.924956893548369,4630910.372593001462519],[4045818.120655133388937,4630818.038591793738306],[4045740.117754196748137,4630807.859591624699533],[4045633.530352869536728,4630858.80289216991514],[4045539.302151653915644,4630987.360493672080338],[4045466.019450723193586,4631053.508994426578283],[4045215.945247631985694,4631159.610395562835038],[4044885.716343574225903,4631256.071096534840763],[4044377.737637262791395,4631515.505299367010593],[4044242.055535584688187,4631577.838700040243566],[4044139.558634354732931,4631559.730399764142931],[4043883.740031288005412,4631509.090898998081684],[4043791.390030163340271,4631518.843499061651528],[4043690.45192890567705,4631575.003099681809545],[4043635.120728233829141,4631584.222299761138856],[4043185.576122815720737,4631539.796898960135877],[4043069.594821461942047,4631458.18749790545553],[4042986.936220520175993,4631351.770896565169096],[4042912.353319653309882,4631284.381995712406933],[4042719.996517376508564,4631196.936994540505111],[4042486.553514560684562,4631182.592194230295718],[4042259.144511784892529,4631218.75859454087913],[4042153.869310477748513,4631271.240695115178823],[4041877.00570699525997,4631499.538097723387182],[4041776.662805636413395,4631755.946300771087408],[4041647.822803976945579,4631941.633802947588265],[4041598.807603364344686,4631967.686103232204914],[4041452.1051015984267,4631949.958002936094999],[4041404.489501037634909,4631927.230202635750175],[4041346.955000373534858,4631863.70400183647871],[4041276.787199664395303,4631622.668798878788948],[4041268.772699582390487,4631595.137998541817069],[4041238.759799234103411,4631565.627098167315125],[4041228.865699116606265,4631555.898698043078184],[4041060.407397142611444,4631446.057596621103585],[4041035.133596869185567,4631386.859095888212323],[4041016.908696722239256,4631252.877994255162776],[4041011.582596672698855,4631213.723393782041967],[4040994.479096485767514,4631187.740293456241488],[4040957.070396055467427,4631141.116392870433629],[4040849.181994796730578,4631060.240391828119755],[4040797.770694178063422,4631045.970391628332436],[4040518.187190835829824,4630968.367390535771847],[4040282.348888022359461,4630880.27398934122175],[4040093.135985740460455,4630864.417489051818848],[4039860.212082913145423,4630872.223889014683664],[4039631.332580169197172,4630814.924288199283183],[4039529.27657898934558,4630718.663486978970468],[4039492.342878570780158,4630659.73768624663353],[4039472.792178373783827,4630580.490685275755823],[4039472.732278437819332,4630459.4339838065207],[4039457.622178267687559,4630431.740983463823795],[4039328.990976742468774,4630378.610682754777372],[4039230.759975542780012,4630384.605182774364948],[4039128.133374278433621,4630429.838483266532421],[4039066.532273500226438,4630492.640383995138109],[4039041.545873149298131,4630581.985385065898299],[4038983.455772397574037,4630677.740986197255552],[4038896.959471313282847,4630737.614386878907681],[4038787.716369995381683,4630723.212486642412841],[4038783.556069983169436,4630661.902685897424817],[4038803.417370240204036,4630627.897685497999191],[4038848.373870825860649,4630550.925984589383006],[4038839.672770811710507,4630378.460182490758598],[4038823.511870624963194,4630352.777082172222435],[4038742.110569707583636,4630223.41308056563139],[4038705.173969351220876,4630048.789378425106406],[4038724.012969652656466,4629911.950676779262722],[4038751.011670009698719,4629854.764776102267206],[4038808.451070765033364,4629733.102074654772878],[4038809.945270877331495,4629548.852072415873408],[4038808.21757086366415,4629546.864172389730811],[4038777.864870510995388,4629511.940471946261823],[4038713.902069756295532,4629477.720071504823864],[4038558.495567894540727,4629421.61197073943913],[4038472.706666914746165,4629313.558069384656847],[4038463.083366844803095,4629220.171868250705302],[4038565.249268180690706,4629034.763966048136353],[4038585.082068459130824,4628964.114765197038651],[4038575.750668386463076,4628885.183964237570763],[4038542.426268018316478,4628815.593263376504183],[4038490.345167412888259,4628759.933162670582533],[4038296.741865123622119,4628643.173761152662337],[4038188.154563871212304,4628510.564159484580159],[4038115.62816306669265,4628360.690357631072402],[4038042.667462338227779,4628056.677853897213936],[4037997.547561833634973,4627964.769252754747868],[4037937.863761234562844,4627722.296849780716002],[4037910.560160929337144,4627659.219149000942707],[4037771.444959323853254,4627493.548446915112436],[4037767.889759354293346,4627357.328245252370834],[4037794.981359754223377,4627203.896443398669362],[4037915.225361323449761,4627001.249941000714898],[4037939.963961668778211,4626915.147039964795113],[4037922.560661485418677,4626856.551239243708551],[4037807.752060143277049,4626746.02273784019053],[4037796.461060013156384,4626743.039937799796462],[4037687.61115869646892,4626714.283837391994894],[4037533.955556816421449,4626738.85403761267662],[4037429.912455521989614,4626796.547338262200356],[4037340.916854386683553,4626901.017339493148029],[4037296.76565383002162,4626931.64913984015584],[4037294.502353807445616,4626933.219339863397181],[4037228.795452990569174,4626966.939140234142542],[4036866.830548633821309,4626866.175038827583194],[4036772.381547511555254,4626810.535438101738691],[4036707.18524676002562,4626725.472637037746608],[4036684.532546566799283,4626558.927335001528263],[4036719.571047103498131,4626344.18253240082413],[4036795.276048146188259,4626095.131029404699802],[4036827.17494858847931,4625990.191328142769635],[4036797.693448267877102,4625912.980127183720469],[4036664.933146677911282,4625853.015326394699514],[4036581.575545654632151,4625861.814826457761228],[4036409.131643547676504,4625880.018626594915986],[4036337.351542673073709,4625874.997226499021053],[4036203.005941060837358,4625834.64692594204098],[4036110.699939948506653,4625806.923125557601452],[4036058.625439308583736,4625813.899525618180633],[4035887.488737232983112,4625802.190525395795703],[4035821.346736423671246,4625799.51072533428669],[4035808.212736268993467,4625797.954625302925706],[4035681.874634735286236,4625782.986825061030686],[4035614.213633926119655,4625754.535824685357511],[4035442.601531830150634,4625752.12442457024008],[4035313.378630234394222,4625807.136225176975131],[4035312.589230220764875,4625808.183425193652511],[4035255.102129486389458,4625884.445726094767451],[4035201.892328822053969,4625922.745026536285877],[4035144.605628120712936,4625923.021026513539255],[4034986.18282625079155,4625802.896424974314868],[4034941.622425733134151,4625745.263524249196053],[4034878.299125005491078,4625642.871622973121703],[4034810.148624252062291,4625480.763220966793597],[4034802.124224242754281,4625299.507718752138317],[4034784.436324056703597,4625238.562218001112342],[4034810.556524495594203,4624982.167114885523915],[4034799.918624378740788,4624948.912314474582672],[4034732.773223655764014,4624739.011811889708042],[4034814.980724734719843,4624583.278510021045804],[4034987.249826920684427,4624394.391407798044384],[4035009.571627203840762,4624373.933007561601698],[4035164.479729162529111,4624231.955705905333161],[4035219.558929870370775,4624157.019705014303327],[4035238.850430148653686,4624069.105403946712613],[4035180.410529482644051,4623962.678102622739971],[4034957.048626845702529,4623766.358100119978189],[4034874.739725942723453,4623551.95669746119529],[4034853.7976258052513,4623308.260694479569793],[4034886.793926285114139,4623138.523892415687442],[4034926.810426828451455,4623030.445591115392745],[4034965.413627345114946,4622926.184089858084917],[4035029.027728168759495,4622830.95078872423619],[4035113.228529237210751,4622752.655187807045877],[4035147.330029658041894,4622738.967687658034265],[4035297.569431496784091,4622731.849287644028664],[4035553.376834633294493,4622719.728687611408532],[4035682.034736217465252,4622693.250287348404527],[4035735.785836888477206,4622672.218887127935886],[4035802.866237745154649,4622591.370886165648699],[4035840.399738226085901,4622546.133685630746186],[4035834.454338189680129,4622471.654584719799459],[4035754.175337274558842,4622334.228283000178635],[4035523.421234528068453,4622170.801180892623961],[4035480.465234027709812,4622117.334180215373635],[4035479.664834047667682,4622047.341079354286194],[4035524.904934653081,4621947.264278149232268],[4035631.535535987466574,4621880.896877392195165],[4035711.423537014983594,4621784.787976258434355],[4035717.851237120106816,4621726.587275546975434],[4035707.294037004932761,4621696.32627516426146],[4035689.723036811687052,4621645.961074544116855],[4035723.293137344531715,4621396.613971504382789],[4035786.228138222359121,4621177.209368854761124],[4035853.981339125428349,4621015.546066905371845],[4035875.806639455724508,4620885.323165319859982],[4035923.949040120933205,4620738.647263544611633],[4035952.122940483037382,4620704.638963143341243],[4036038.00874158134684,4620600.967661913484335],[4036161.977143143769354,4620514.823160918429494],[4036185.045843456871808,4620454.597860188223422],[4036174.7494433876127,4620330.492758667096496],[4036208.233443856239319,4620220.285757332108915],[4036212.423043954186141,4620122.347356135956943],[4036223.92184412619099,4620062.293855400756001],[4036255.233144584111869,4619898.768153413198888],[4036260.020144699141383,4619784.38915200997144],[4036233.921144406776875,4619728.97825132124126],[4036252.347244717180729,4619556.950949216261506],[4036242.711744706146419,4619337.936046523973346],[4036264.895545033272356,4619220.271345097571611],[4036280.518545243889093,4619189.448544725775719],[4036323.13844580296427,4619105.363043711520731],[4036375.609446476213634,4619048.704943041317165],[4036461.80534757534042,4618964.949442054145038],[4036650.165149940177798,4618864.603940919041634],[4036700.829050598666072,4618780.802839913405478],[4036703.355950632598251,4618776.623339865356684],[4036703.55165064195171,4618773.836339830420911],[4036714.246650848537683,4618621.549937963485718],[4036683.270950525533408,4618491.908736359328032],[4036606.828049676958472,4618319.562734202481806],[4036580.864749459084123,4618106.217231570743024],[4036577.379949528723955,4617884.37722884118557],[4036630.432350285816938,4617673.453826275654137],[4036662.929750715848058,4617610.652925515547395],[4036773.562352133914828,4617483.26432401034981],[4036910.235453860834241,4617394.79552298411727],[4037024.082655283156782,4617346.126522443257272],[4037189.732057388871908,4617215.0301209166646],[4037181.281357324682176,4617135.649219932965934],[4037181.280657319817692,4617135.642219936475158],[4037150.618657093029469,4616834.058716204948723],[4037184.987957644276321,4616578.306513072922826],[4037242.381458398886025,4616483.11821193434298],[4037385.066560191567987,4616419.508111221715808],[4037891.021566476207227,4616305.191810067743063],[4038044.338068405166268,4616223.270309140905738],[4038062.732668641488999,4616198.298608842305839],[4038049.43316850066185,4616161.242708379402757],[4037997.998667881824076,4616130.704007981345057],[4037975.186167619656771,4616092.691507500596344],[4037968.722067607566714,4615970.201205985620618],[4038009.432468140032142,4615894.839905074797571],[4038105.673069360200316,4615834.93360438849777],[4038215.815070709679276,4615843.351904547773302],[4038362.637572500389069,4615889.524105196818709],[4038651.05077599035576,4616007.18630678858608],[4038733.590377020183951,4615979.863606498576701],[4038794.07727779680863,4615921.840005815960467],[4038812.809878053609282,4615866.560105146840215],[4039020.013980722054839,4615640.383602468296885],[4039032.031780909746885,4615569.423601598478854],[4039020.443780822213739,4615467.065200329758227],[4039060.940081347245723,4615410.655799658969045],[4039126.920382210519165,4615318.748698562383652],[4039188.676182980649173,4615303.735698406584561],[4039350.284184942021966,4615352.469199089333415],[4039435.981285990681499,4615378.311399459838867],[4039491.868586680851877,4615375.535099451430142],[4039553.727987473830581,4615311.563198700547218],[4039673.992889020591974,4615187.191497228108346],[4039708.630289478227496,4615133.363196583464742],[4039710.899689510464668,4615124.98419648129493],[4039722.069389667827636,4615083.743995975703001],[4039725.201289761811495,4614987.432994794100523],[4039668.655289113055915,4614891.700693584047258],[4039665.103889073710889,4614885.688193507492542],[4039572.902688047848642,4614674.866890860721469],[4039537.390887721441686,4614466.367288265377283],[4039498.363187307491899,4614340.759286697022617],[4039531.221287786960602,4614196.683684937655926],[4039596.858388664666563,4614075.551083481870592],[4039677.32518970919773,4613972.465382247231901],[4039858.350492010824382,4613853.808580880053341],[4040040.304194305557758,4613759.888379817828536],[4040065.79439463512972,4613729.189379451796412],[4040070.167094693984836,4613716.609279298223555],[4040099.362595101352781,4613632.615178273059428],[4040034.524594438262284,4613379.234275115653872],[4040021.57809433247894,4613284.39587393309921],[4040021.181894328445196,4613281.493873899802566],[4040012.503794305957854,4613127.725871991366148],[4040042.916394717991352,4613052.528771081008017],[4040130.127195867244154,4612918.76686947606504],[4040136.416295948904008,4612909.120769359171391],[4040160.986996366642416,4612706.364066867157817],[4040112.454795799683779,4612642.906866057775915],[4040091.149095547851175,4612615.049065697006881],[4040008.007294606883079,4612464.339563794434071],[4039992.110994422342628,4612435.524663427844644],[4039925.936593635007739,4612375.221962650306523],[4039918.504193551372737,4612368.449162558652461],[4039857.22049280628562,4612337.828462147153914],[4039768.057391710579395,4612330.842462020926178],[4039757.205791576299816,4612331.955262023024261],[4039597.781789593864232,4612348.304662134498358],[4039439.382787638343871,4612336.903561912477016],[4039254.628985386807472,4612278.712161099538207],[4039078.558783362153918,4611995.719757504761219],[4039011.122382597997785,4611854.552055723033845],[4038952.517781957052648,4611699.259753770194948],[4038941.479581871535629,4611588.939252398908138],[4038945.599082162603736,4611138.318346824496984],[4038945.91958218626678,4611103.256546391174197],[4038888.32858151011169,4611036.133845529519022],[4038832.730080832261592,4611004.934645115397871],[4038792.372280344367027,4610982.287844811566174],[4038744.849179805722088,4610894.087743698619306],[4038732.567579705733806,4610796.60134247969836],[4038782.035680378321558,4610674.940240995958447],[4038924.416182208340615,4610554.742639585398138],[4038942.288882449734956,4610514.529439100064337],[4038951.789582604542375,4610436.326138135045767],[4038925.182982313912362,4610360.296037177555263],[4038969.817482973914593,4610163.564734760671854],[4039011.752483538817614,4610066.698433585464954],[4039029.780883851461112,4609904.579831587150693],[4039016.307983781211078,4609713.807829211466014],[4039011.165983757935464,4609640.999228306114674],[4038976.762983412947506,4609491.786926436237991],[4038988.877883689943701,4609250.287823447957635],[4038937.342583178076893,4609002.51492034830153],[4038909.413882866967469,4608936.342519507743418],[4038748.535480974707752,4608726.001716814003885],[4038601.677279287017882,4608466.834913520142436],[4038446.353577462490648,4608271.321811014786363],[4038202.900974508840591,4608131.829809156246483],[4038043.867772601544857,4607991.588407335802913],[4037843.400970239192247,4607747.357504195533693],[4037695.361768445465714,4607655.262302974238992],[4037514.397466253954917,4607542.68400148767978],[4037325.693863992579281,4607380.11289936862886],[4037279.892663516104221,4607191.942697009071708],[4037277.325463545974344,4607073.333095535635948],[4037273.535863585304469,4606898.249793356284499],[4037214.888463007286191,4606582.042189387604594],[4037093.305961593519896,4606393.25538697745651],[4037046.59436104958877,4606320.724186059087515],[4036984.740260292775929,4606288.732985623180866],[4036850.839258620049804,4606297.530085667967796],[4036663.820356301963329,4606281.176485368981957],[4036349.744352378416806,4606314.064185629598796],[4036192.461050415877253,4606330.533785756677389],[4036156.239849992096424,4606266.037384936586022],[4036135.954649821389467,4606097.382182829082012],[4036130.450549772940576,4606051.620382253080606],[4036134.225749862845987,4605966.289981194771826],[4036143.877850094344467,4605748.1248784866184],[4036174.573750536423177,4605609.012976760976017],[4036186.168850771617144,4605423.688874462619424],[4036187.96185085689649,4605306.029572997242212],[4036153.174550470896065,4605195.862271605990827],[4036064.962549392599612,4605158.76957110222429],[4035972.720648241229355,4605167.664271169342101],[4035784.131745857186615,4605239.150871969759464],[4035707.849244888871908,4605279.585272436030209],[4035473.719341911841184,4605403.688373871147633],[4035370.71884064283222,4605371.637473424896598],[4035249.419939132872969,4605365.668473294936121],[4035125.247737587895244,4605359.5581731563434],[4035002.923436049371958,4605391.872273502871394],[4034854.82103416742757,4605476.223874484188855],[4034846.85583406733349,4605480.760374530218542],[4034756.810332938563079,4605488.409274586476386],[4034672.951331892982125,4605495.532574634999037],[4034666.708431811071932,4605491.825874589383602],[4034634.605531421490014,4605472.7646743375808],[4034574.369430725462735,4605365.794972980394959],[4034581.010430927854031,4605097.274969633668661],[4034591.144731069914997,4605065.642969240434468],[4034644.834431763272732,4605012.36976860370487],[4034690.779432357754558,4604966.781168054789305],[4034753.782233200035989,4604849.172566621564329],[4034733.684533024672419,4604688.174364606849849],[4034714.870432796888053,4604665.131464305333793],[4034479.090629883576185,4604612.728663545101881],[4034429.095229268539697,4604601.616963382810354],[4034281.101327429991215,4604586.186963122338057],[4034097.131225163117051,4604523.253862257115543],[4034013.932224126067013,4604521.522362190298736],[4033855.572522138245404,4604547.47936244495213],[4033717.119020419660956,4604541.634562313556671],[4033637.691019427031279,4604538.281362229958177],[4033407.454816549085081,4604559.863462400622666],[4033291.391215102281421,4604550.989062238484621],[4033170.128113612532616,4604503.347161587327719],[4032979.532011288683861,4604380.195459962822497],[4032903.87381034065038,4604398.085260157473385],[4032812.278509203810245,4604378.835859872400761],[4032764.8170086289756,4604348.266159473918378],[4032699.914607852231711,4604268.196658444590867],[4032674.168507548514754,4604226.396857912652194],[4032713.721408076118678,4604151.69395700097084],[4032760.017408676911145,4604090.740356259047985],[4032821.567909475415945,4604034.753355588763952],[4032883.863710272591561,4603989.901255057193339],[4032893.295410391874611,4603982.123954965732992],[4032910.856010614894331,4603967.643554791808128],[4032971.478511401452124,4603906.238454050384462],[4033002.435311826877296,4603813.748552910983562],[4032969.387011455371976,4603726.144251801073551],[4032964.469311397057027,4603719.062851713970304],[4032906.647610713262111,4603635.801950647495687],[4032893.503510579001158,4603562.139549722895026],[4032850.884610069449991,4603509.092749042436481],[4032818.182909678202122,4603465.68094848562032],[4032796.80570942023769,4603443.771948198787868],[4032732.150808652862906,4603355.504847071133554],[4032594.516807033680379,4603137.621944287791848],[4032596.191907124128193,4602976.924742283299565],[4032612.65340734552592,4602932.466641736216843],[4032664.449108019005507,4602884.99594116769731],[4032772.696009378880262,4602867.96554100047797],[4032933.278511369135231,4602892.489841375499964],[4033089.454913282766938,4602974.639642473310232],[4033285.275815752334893,4602922.67034190800041],[4033365.516016790643334,4602853.829141088761389],[4033369.930716841947287,4602850.041741041466594],[4033477.466718251351267,4602715.312839407473803],[4033548.506219204049557,4602565.634237565100193],[4033581.590519632212818,4602526.159637091681361],[4033609.592019999399781,4602492.749736686237156],[4033695.150621103588492,4602420.103735817596316],[4033781.034122191835195,4602375.239435291849077],[4033822.293022715952247,4602358.800935108214617],[4033923.741023983806372,4602355.944835118949413],[4034012.675025125499815,4602292.536834366619587],[4034105.135126322042197,4602210.201933379285038],[4034129.18442663224414,4602188.786133122630417],[4034163.997527092229575,4602139.200432515703142],[4034176.958827279042453,4602087.127631871961057],[4034179.984727348200977,4602015.518530978821218],[4034166.436827203724533,4601949.065430141054094],[4034164.032127182465047,4601937.270329993218184],[4034157.112027103081346,4601913.81062969379127],[4034146.79202698962763,4601878.825129250995815],[4034139.128826900850981,4601867.35452910605818],[4034117.096126645803452,4601834.375428684055805],[4034053.707925874739885,4601787.89422807469964],[4034035.559825686272234,4601694.257426897063851],[4033961.705624825321138,4601560.441525189206004],[4033806.016822928097099,4601450.574023742228746],[4033415.693718116730452,4601291.744321579113603],[4033368.445917538367212,4601262.199521187692881],[4033358.151017414871603,4601249.82602102868259],[4033328.36081705475226,4601214.021120566874743],[4033295.458716668188572,4601166.627619956620038],[4033303.259316836018115,4601009.234217995777726],[4033305.136516861151904,4601004.047617931850255],[4033404.884618230629712,4600728.44461452588439],[4033403.585018267389387,4600617.320413131266832],[4033322.947917292825878,4600529.518511991947889],[4033256.636316515039653,4600412.752110505476594],[4033025.961013769265264,4600100.263606489636004],[4032924.995412575080991,4599926.006504260003567],[4032638.371109117753804,4599628.16150039806962],[4032574.368508329614997,4599600.409400023519993],[4032501.390407410915941,4599604.625400044023991],[4032402.628506157081574,4599639.724800441414118],[4032321.810005133971572,4599668.447100763209164],[4032101.706302280072123,4599878.237303302623332],[4032038.926001481711864,4599908.865803657099605],[4031919.203799965791404,4599947.875704101286829],[4031875.938499425072223,4599949.5629040915519],[4031815.131398659665138,4599942.366603982634842],[4031722.474097514525056,4599915.688203606754541],[4031641.296696573030204,4599738.946701356209815],[4031630.711196489166468,4599619.176899855956435],[4031625.322796450927854,4599558.208899088203907],[4031596.586696136277169,4599444.599897651933134],[4031575.562395906541497,4599361.479596596211195],[4031496.080094981938601,4599193.017894452437758],[4031445.01279436936602,4599130.266993645578623],[4031309.976292707957327,4599055.135792648419738],[4031123.768490401096642,4598983.605491672642529],[4030854.819187071640044,4598880.290490262210369],[4030551.663783329539001,4598727.874988224357367],[4030198.697278962936252,4598576.853386182337999],[4030108.32947784755379,4598521.524885456077754],[4030015.727276717312634,4598436.97538435831666],[4029924.524175634142011,4598295.177482543513179],[4029908.080775459297001,4598208.259181441739202],[4029909.359875492285937,4598168.198480942286551],[4029912.351175568532199,4598074.508179765194654],[4029930.066875815857202,4598014.531279019080102],[4030047.038977441843599,4597618.518374088220298],[4030056.249577629379928,4597449.391771965660155],[4030000.073077091015875,4597034.671466737054288],[4029959.863076630979776,4596917.630965245887637],[4029934.424076322931796,4596879.607164764776826],[4029908.3921760157682,4596840.697064260020852],[4029831.262975043617189,4596836.287864176556468],[4029658.747372856829315,4596890.876564793288708],[4029557.629271592013538,4596868.990264479070902],[4029510.9313709968701,4596895.213264787569642],[4029109.388065908104181,4596993.363665864802897],[4029012.176164668984711,4597047.007566497661173],[4028932.37596360873431,4597194.40296832472086],[4028860.378262646496296,4597327.38646996486932],[4028770.139261471107602,4597435.939471296966076],[4028729.133460953366011,4597458.646771560423076],[4028679.134560310281813,4597486.333871893584728],[4028529.644058445934206,4597462.509071540087461],[4028528.489358427468687,4597462.325071534141898],[4028406.622456942219287,4597348.544670061208308],[4028300.394755680114031,4597151.433367538265884],[4028302.477955708745867,4597145.100467462092638],[4028330.33965609036386,4597060.403166402131319],[4028341.429356293752789,4596886.206864222884178],[4028288.444855688139796,4596731.690362257882953],[4028237.927955077961087,4596657.059661305509508],[4028210.812754754442722,4596617.001260787248611],[4028128.182053796481341,4596402.117458052001894],[4028089.482053334824741,4596349.444557374343276],[4028075.177053167019039,4596317.447556969709694],[4028075.042453158646822,4596317.146556965075433],[4028074.469753158744425,4596316.230856956914067],[4028042.566052774898708,4596265.216556303203106],[4027998.396452236920595,4596209.697155586443841],[4027938.344051494728774,4596176.798655145801604],[4027806.629949856549501,4596136.183754585683346],[4027656.074947965797037,4596127.646554425358772],[4027439.34884526906535,4596029.87755311280489],[4027403.016144854947925,4595914.493351649492979],[4027393.204244745895267,4595883.333151252008975],[4027409.967945042531937,4595654.451948379166424],[4027507.189646310638636,4595529.01004683598876],[4027762.028249643277377,4595200.200642791576684],[4027841.522150709759444,4595008.147840399295092],[4027898.000051451846957,4594941.706339583732188],[4028013.484052984509617,4594727.08163692150265],[4028231.554255854804069,4594414.596633069217205],[4028293.72855667816475,4594310.91283178050071],[4028358.17935751285404,4594236.23703086655587],[4028538.802859882824123,4594006.442228036001325],[4028735.780562428757548,4593830.329125894233584],[4028813.967363460920751,4593719.299924520775676],[4028893.369364515412599,4593592.378922951407731],[4028920.608164895325899,4593487.043921632692218],[4028918.148264878895134,4593452.328221194446087],[4028881.253864436876029,4593391.32152041234076],[4028746.771662791725248,4593264.274118755944073],[4028740.36896271398291,4593258.225518676452339],[4028460.865259198006243,4593219.77811808232218],[4028429.7693588049151,4593225.072518136352301],[4028390.883058285340667,4593307.137319156900048],[4028269.810756715945899,4593410.410020414739847],[4028136.347355010919273,4593466.698221072554588],[4027896.957152023445815,4593369.741019760258496],[4027858.351951547432691,4593339.791119371540844],[4027804.609950886107981,4593298.09811882302165],[4027744.707050130702555,4593287.121818659827113],[4027627.710948692634702,4593203.363017562776804],[4027534.401947525795549,4593169.370917095802724],[4027413.498945980798453,4593211.913217589259148],[4027249.456843907944858,4593224.940317696891725],[4027134.882342468481511,4593201.469517356716096],[4027029.711241138167679,4593213.884617477655411],[4026956.358440215699375,4593194.846117209643126],[4026883.356639293488115,4593196.294717201031744],[4026788.366838082205504,4593234.425117647275329],[4026736.703537411987782,4593282.903318241238594],[4026698.094136912375689,4593327.904318795539439],[4026678.478336645755917,4593376.557619404047728],[4026662.583336428273469,4593415.98191989492625],[4026658.227636341471225,4593523.067221242003143],[4026688.847836711443961,4593549.067321584559977],[4026747.02173739252612,4593698.258723483420908],[4026751.342737445607781,4593709.340423626825213],[4026741.272537289652973,4593799.885024766437709],[4026687.181136571336538,4593888.459725866094232],[4026595.098435377236456,4593980.521926995366812],[4026342.050132194533944,4593961.802726660855114],[4026062.866228703409433,4593883.537625579163432],[4025848.526826032437384,4593785.726124269887805],[4025743.593624736182392,4593702.459223184734583],[4025711.636324355844408,4593635.435222332365811],[4025714.589724406134337,4593602.343721916899085],[4025725.069424577523023,4593484.92602043505758],[4025813.859225706197321,4593469.340120268985629],[4025880.049426548648626,4593431.564419817179441],[4026029.474828439299017,4593425.732719792984426],[4026232.776531050447375,4593283.994618073105812],[4026268.742531528230757,4593231.758117428980768],[4026277.95113167213276,4593153.177716441452503],[4026266.779931550845504,4593098.613615743815899],[4026219.083630966953933,4593045.091915054246783],[4026106.48942955955863,4593006.579414528794587],[4026077.019129187334329,4592996.499314394779503],[4025913.049827098380774,4593067.076115227304399],[4025784.160825463943183,4593071.921615241095424],[4025691.102224295493215,4593051.374614947475493],[4025675.43982411082834,4593013.731014473363757],[4025595.227123121730983,4592959.000213753432035],[4025525.00422223797068,4592940.8396135000512],[4025429.0244210222736,4592950.12091358192265],[4025121.739917123690248,4593021.880614383146167],[4024793.716612924821675,4593197.553316490724683],[4024588.799910326022655,4593218.320316688157618],[4024535.424809682182968,4593147.099715765565634],[4024508.052809370215982,4593039.54481440410018],[4024483.315509088803083,4592942.342613173648715],[4024412.475408227648586,4592848.685911963693798],[4024350.947507461067289,4592808.811511440202594],[4024282.151406596414745,4592801.986511331982911],[4024210.071405682712793,4592794.835711217485368],[4024095.442304254043847,4592755.37371067982167],[4023955.785602497402579,4592733.818110360763967],[4023805.158600594848394,4592722.292410168796778],[4023764.448300082236528,4592719.177410117350519],[4023659.588498761411756,4592724.488310156390071],[4023583.437597791664302,4592728.345010177232325],[4023469.940696365199983,4592707.511809878051281],[4023411.594795639161021,4592676.192609462887049],[4023334.064894684124738,4592603.123608516529202],[4023222.589293325319886,4592457.06180664151907],[4023200.544693052303046,4592428.177706266753376],[4023169.742792687378824,4592352.277405301108956],[4023169.115192681085318,4592350.730705277062953],[4023151.007092487998307,4592246.224703952670097],[4023151.682592494878918,4592244.293003928847611],[4023184.467192935757339,4592150.541302754543722],[4023228.038493505679071,4592085.831301951780915],[4023259.9593939143233,4592077.239601853303611],[4023355.278595145326108,4591997.17990086786449],[4023452.230596404522657,4591886.210699496790767],[4023557.841797775123268,4591765.330498001538217],[4023644.134798909071833,4591622.97249623015523],[4023667.201299254782498,4591453.70809409674257],[4023633.441598966252059,4591018.195588581264019],[4023530.623997767921537,4590703.052384559065104],[4023432.96159660583362,4590467.99508155323565],[4023361.347295755986124,4590295.631179344840348],[4023337.396295481361449,4590188.055377977900207],[4023337.578495616093278,4589765.09757262468338],[4023386.614796275738627,4589652.99267121963203],[4023441.852797002997249,4589559.873970055021346],[4023444.393197034019977,4589555.591370002366602],[4023483.237597548868507,4589495.795469257980585],[4023508.310497886966914,4589420.476068308576941],[4023513.252997991628945,4589295.802066734060645],[4023488.402297701220959,4589224.018365813419223],[4023391.389696503523737,4589109.933364336378872],[4023359.861296114977449,4589085.977864023298025],[4023197.60799409262836,4588962.697062411345541],[4023157.436493601184338,4588910.889661740511656],[4023132.3761933054775,4588841.848860858008265],[4023151.735693560913205,4588804.65416038967669],[4023173.339393851812929,4588763.148159869015217],[4023444.566097389440984,4588451.044655996374786],[4023513.802298285998404,4588387.380555208772421],[4023620.028699645306915,4588332.983154553920031],[4023727.084801035467535,4588243.708453458733857],[4023793.439401880837977,4588227.091253269463778],[4023842.392002508509904,4588214.831953125074506],[4024024.077104844152927,4588129.372152102179825],[4024239.182307600043714,4588028.192450889386237],[4024505.953911049291492,4587834.362548514269292],[4024527.589111343026161,4587779.929047830402851],[4024565.473911838606,4587741.450847354717553],[4024812.298015020787716,4587604.022345690988004],[4025133.11781917558983,4587352.721642607823014],[4025233.083920462988317,4587296.005541919730604],[4025558.377924642991275,4587154.465740237385035],[4025979.595530034508556,4587045.090538988821208],[4026124.973331907298416,4586959.666637958027422],[4026266.684433750808239,4586850.055136617273092],[4026360.011234976351261,4586723.869535041041672],[4026377.339835234452039,4586629.568733848631382],[4026367.968635129742324,4586583.797333263792098],[4026319.015434532426298,4586516.840332398191094],[4026188.503832934424281,4586338.330530081875622],[4026144.312432407867163,4586240.551628824323416],[4026143.309732394758612,4586238.333028799854219],[4026116.632232074160129,4586179.305528035387397],[4026115.047532068565488,4586150.013327666558325],[4026110.538132037967443,4586066.662526597268879],[4026163.632932768668979,4585913.493124670349061],[4026274.587434239685535,4585737.166022466495633],[4026390.976535765919834,4585609.987120891921222],[4026603.688638523686677,4585461.673219078220427],[4026645.718539074528962,4585417.075818525627255],[4026671.159239410888404,4585385.001418127678335],[4026692.413639725185931,4585263.41731658577919],[4026669.153639441821724,4585235.332616225816309],[4026620.866838843096048,4585177.030015463009477],[4026340.669435332994908,4585029.626113482750952],[4026133.532732740510255,4584888.730711619369686],[4025968.850630708504468,4584709.706809282302856],[4025951.382530514150858,4584637.570808354765177],[4025947.89073049556464,4584555.736607319675386],[4025944.139930479228497,4584467.833506196737289],[4025980.453230978455395,4584361.262804850935936],[4026035.437831735238433,4584199.895902813412249],[4026043.27543186629191,4584109.467901663854718],[4026019.768531597219408,4584029.07840062957257],[4025955.820130852982402,4583810.385497815907001],[4025958.837330935988575,4583682.892196197062731],[4025964.012131007388234,4583671.416996055282652],[4026018.994831748772413,4583549.492294517345726],[4026108.613532924093306,4583471.757293559610844],[4026231.984434519894421,4583397.524292655289173],[4026605.995339346118271,4583235.081490713171661],[4026667.573440144304186,4583208.336490390822291],[4026772.931441528256983,4583105.141089117154479],[4026782.820441854652017,4582543.185581949539483],[4026739.971441391389817,4582310.042078956030309],[4026740.550041475798935,4582087.986576121300459],[4026742.994641524273902,4582043.44047555141151],[4026743.971741566900164,4581957.275274452753365],[4026774.216842004097998,4581814.314372637309134],[4026859.293443153612316,4581639.689470436424017],[4027081.60994612891227,4581269.605365790426731],[4027178.444047413766384,4581139.197864156216383],[4027235.368548165541142,4581062.537063195370138],[4027448.498950944747776,4580920.694761462509632],[4027584.315352705772966,4580852.011160631664097],[4027786.320855357684195,4580675.297858446836472],[4027840.422756072599441,4580603.304657552391291],[4027844.081356124021113,4580598.436157487332821],[4027865.331456449814141,4580459.753955721855164],[4027828.962956027593464,4580338.832354160025716],[4027808.156055784784257,4580269.651453268714249],[4027828.174556120764464,4580056.031350544653833],[4027884.093456879723817,4579938.022249057888985],[4028092.898059657309204,4579657.439445540308952],[4028116.956359982024878,4579621.812045090831816],[4028122.698160061612725,4579613.30934498179704],[4028250.611061777919531,4579389.564842166379094],[4028292.284262334927917,4579337.58584151789546],[4028370.096663350239396,4579281.93494083546102],[4028548.175465636420995,4579271.577040771953762],[4028640.244666818995029,4579266.221840738318861],[4028652.309966976288706,4579265.520040735602379],[4028725.383967907633632,4579261.269840709865093],[4028824.586669184733182,4579254.176640655845404],[4028925.396170493680984,4579210.398340131156147],[4029472.891377525404096,4579166.06413977779448],[4029577.739078885409981,4579122.042039260268211],[4029798.792781798634678,4578919.507936752401292],[4029868.70768274879083,4578776.537634945474565],[4029983.66038427548483,4578634.409833166748285],[4030303.240188490599394,4578345.737229597754776],[4030321.389688750728965,4578289.879928886890411],[4030320.55288875894621,4578241.082028264179826],[4030319.006888771895319,4578150.921627106145024],[4030247.39478804403916,4577685.003721103072166],[4030246.824588035233319,4577681.294121054932475],[4030245.856788026168942,4577673.737820956856012],[4030233.870887910947204,4577580.160619750618935],[4030235.609487935900688,4577574.616819685325027],[4030257.368188241962343,4577505.236118800938129],[4030438.891290714964271,4577161.772214464843273],[4030473.663191206287593,4577047.339913009665906],[4030474.302791236899793,4576993.613312323577702],[4030453.385591000318527,4576918.407711348496377],[4030440.28849084675312,4576871.318410736508667],[4030370.280489983502775,4576800.04590979218483],[4030305.987489193212241,4576699.406008477322757],[4030130.807487099431455,4576313.864103456959128],[4030105.417386800982058,4576257.393002717755735],[4030065.554886319674551,4576168.733401560224593],[4029808.691283176187426,4575773.529596378095448],[4029759.364082588348538,4575670.012895027175546],[4029587.129580409731716,4575563.167193588800728],[4029468.406678883824497,4575573.168293667957187],[4029381.832877787295729,4575537.057193169370294],[4029355.914477461948991,4575506.120692760683596],[4029247.515076123643667,4575376.734291052445769],[4029170.565675200894475,4575203.452888796105981],[4029166.884375183843076,4575126.845487810671329],[4029105.339174441061914,4574990.303086027503014],[4029149.54517527949065,4574298.949777150526643],[4029150.99127544183284,4573939.715172528289258],[4029094.1703748004511,4573707.531769509427249],[4029003.183473732788116,4573434.302465953864157],[4028989.396673621144146,4573271.716863851994276],[4028980.383173540700227,4573165.421662476845086],[4028968.601573407649994,4573120.658661897294223],[4028927.964772945735604,4572966.264159895479679],[4028870.411872243974358,4572856.915558466687799],[4028835.312471803743392,4572828.210958079434931],[4028724.60867043863982,4572665.359655933454633],[4028646.252769533079118,4572400.544952490366995],[4028644.509869507979602,4572389.525852344930172],[4028631.644869379233569,4572308.19135129544884],[4028638.025269520003349,4572141.81254914496094],[4028709.577470519579947,4571954.740446760319173],[4028724.39507074188441,4571863.070545582100749],[4028722.140770773869008,4571711.11714362166822],[4028697.765170485712588,4571632.928742606192827],[4028622.95766957430169,4571499.710740854032338],[4028572.127368981949985,4571325.579538583755493],[4028576.150969105307013,4571150.971936331130564],[4028718.476271101273596,4570741.682331098243594],[4028744.358771487604827,4570604.888529338873923],[4028754.614071676973253,4570460.731927479617298],[4028735.202771487180144,4570291.177425281144679],[4028637.996470293030143,4570135.194123225286603],[4028611.600569964386523,4570092.837622666731477],[4028487.166668385267258,4570016.246021629311144],[4028440.809967798180878,4569996.671421361155808],[4028333.317866425029933,4569951.281720730476081],[4028292.44596592290327,4569882.339219829067588],[4028078.613463288638741,4569521.648215079680085],[4027899.874361043795943,4569334.602612590417266],[4027854.474460477940738,4569287.092711961828172],[4027821.774260081350803,4569217.019111040979624],[4027814.66676002368331,4569122.146609808318317],[4027850.212160541675985,4568969.90350785292685],[4028104.199263980612159,4568562.785702676512301],[4028196.099765246734023,4568359.602600079029799],[4028199.324265291914344,4568352.473599992692471],[4028218.793565555941314,4568327.672999674454331],[4028273.991666293237358,4568267.599398914724588],[4028297.481466621626168,4568201.998698074370623],[4028338.52096719481051,4568087.386296608485281],[4028342.530467255972326,4568076.188896464183927],[4028328.970967187080532,4567790.730692759156227],[4028240.988666115794331,4567610.536890388466418],[4028230.512766013853252,4567515.679889157414436],[4028165.038465240504593,4567303.286086378619075],[4028153.899065199308097,4567035.68578289821744],[4028186.366165681742132,4566875.948780842125416],[4028190.186865731608123,4566868.980780752375722],[4028204.047865923494101,4566843.701180431060493],[4028479.923569640610367,4566472.391775718890131],[4028474.300469642039388,4566283.851073266938329],[4028420.366468984168023,4566172.564571803435683],[4028347.283868068829179,4566089.879870700649917],[4028341.1177680157125,4566009.230169651098549],[4028320.747467774897814,4565963.013169041834772],[4028307.837967615574598,4565933.723868657834828],[4028280.426467283628881,4565869.732467818073928],[4028279.516167271882296,4565865.867667766287923],[4028261.550367064774036,4565789.592666769400239],[4028127.124265427235514,4565501.000262965448201],[4028055.63366453256458,4565417.666861860081553],[4027892.096962456591427,4565297.996760243549943],[4027831.770161680877209,4565265.392559796571732],[4027824.546761591453105,4565261.488559746183455],[4027720.448260243516415,4565233.984559346921742],[4027626.174359026364982,4565226.772859219461679],[4027382.299755832646042,4565290.60825995542109],[4027300.603454756550491,4565330.614860448986292],[4027198.477053388953209,4565436.130761779844761],[4027021.690850969869643,4565771.843566075898707],[4026951.319949987344444,4565966.134668576531112],[4026742.810347214341164,4566152.170770915225148],[4026626.730845657177269,4566281.990872566588223],[4026621.539945589844137,4566287.796172636561096],[4026388.681542498990893,4566471.487274936400354],[4026309.627041463274509,4566503.733275326900184],[4026059.409238221589476,4566489.216175053268671],[4025869.120335739571601,4566517.490375353954732],[4025615.775932483375072,4566434.896274193190038],[4025432.327430110424757,4566410.612073817290366],[4025430.152230082545429,4566410.544973813928664],[4025200.091127099469304,4566403.456873641349375],[4025094.034125715028495,4566417.481973793357611],[4024932.513423591852188,4566493.682074727490544],[4024818.365722071379423,4566622.784476360306144],[4024707.118520531337708,4566900.658279932104051],[4024640.562019523698837,4567350.49828574154526],[4024658.512319683562964,4567573.267888638190925],[4024643.763319444376975,4567700.692190285772085],[4024540.253718070685863,4567802.756491574458778],[4024499.790717525407672,4567868.033392399549484],[4024472.629317162092775,4567911.85139296669513],[4024438.144116703420877,4567935.405493265017867],[4024284.191814676858485,4568040.558194570243359],[4024260.123914358671755,4568056.997094774618745],[4024186.401013399939984,4568077.781095025129616],[4023897.485709650907665,4568082.813394998200238],[4023810.826908541843295,4568044.625494468957186],[4023801.952508432790637,4568035.243494347669184],[4023719.93040739512071,4567948.530193197540939],[4023686.308306983206421,4567865.254692109301686],[4023674.852406868245453,4567762.964190780185163],[4023724.196607573423535,4567556.770288124680519],[4023714.186807456891984,4567509.14338750205934],[4023709.491807397454977,4567504.059487434104085],[4023653.587706690654159,4567443.526286632753909],[4023591.444905924610794,4567331.643785164691508],[4023570.435905656777322,4567306.605684831738472],[4023413.422403681557626,4567119.47938235476613],[4023391.774203503970057,4566795.727978146634996],[4023349.541702975519001,4566728.943677267991006],[4023274.550102039705962,4566610.356075706891716],[4023055.454099349211901,4566113.663369186222553],[4023032.421099081635475,4566013.344667878001928],[4023052.185099359136075,4565941.979766959324479],[4023090.022299869917333,4565879.279066159389913],[4023111.351700160652399,4565845.018465720117092],[4023117.261500240769237,4565835.525865592062473],[4023162.219700837507844,4565794.385365080088377],[4023432.544604391790926,4565637.596863124519587],[4023713.668308114632964,4565417.003560346551239],[4023790.222509123850614,4565372.567759791389108],[4023881.078410325571895,4565319.83055913541466],[4023941.395911130588502,4565240.888058128766716],[4024020.895112186204642,4565174.029557290486991],[4024022.648612209130079,4565171.211157249286771],[4024101.936313278973103,4565043.768055623397231],[4024146.923413891810924,4564971.458154696971178],[4024283.796415738295764,4564751.455351878888905],[4024377.540816981811076,4564683.069151018746197],[4024500.879918618127704,4564593.093749890103936],[4024777.939022305421531,4564322.911546466872096],[4024796.429322568699718,4564254.986145590431988],[4024806.158122713211924,4564197.682844849303365],[4024798.87152263848111,4564154.962844288907945],[4024794.420522577129304,4564150.758744230493903],[4024705.415421449113637,4564066.689743109047413],[4024737.125521905720234,4563944.481741532683372],[4024760.107722230721265,4563855.910240386612713],[4024894.741224111057818,4563477.705335507169366],[4024905.805524277035147,4563413.753634676337242],[4024920.349324491340667,4563329.690133585594594],[4024918.514924494549632,4563250.991732564754784],[4024942.675224838312715,4563168.569031500257552],[4024911.618024464696646,4563079.779030329547822],[4024900.487624353263527,4562973.231328938156366],[4024911.164324560202658,4562757.026626128703356],[4024911.67582457093522,4562746.668725991621614],[4024761.213922679424286,4562553.36072342004627],[4024731.444322291295975,4562541.08472325373441],[4024704.846821975428611,4562457.122722149826586],[4024686.001421751454473,4562397.632421364076436],[4024696.902721903752536,4562361.158220894634724],[4024709.998922086320817,4562317.340020330622792],[4024700.093021967913955,4562278.174719817005098],[4024686.42222180776298,4562224.123619107529521],[4024684.304821815807372,4562121.122717761434615],[4024735.931522563099861,4561894.399514824151993],[4024780.740823184140027,4561798.689213588833809],[4024881.123324574902654,4561555.44271045178175],[4024904.104324879590422,4561535.190810196101665],[4025252.198429609648883,4560971.216902952641249],[4025375.513031303882599,4560718.860699700191617],[4025401.2221316578798,4560666.248599022626877],[4025713.715535877738148,4560259.523093815892935],[4025808.083337136078626,4560179.661492804996669],[4026000.061439701821655,4560017.194490754045546],[4026029.151940101757646,4559973.000390182249248],[4026119.39144135126844,4559754.947087365202606],[4026137.04054162511602,4559645.604285939596593],[4026141.366641717031598,4559542.383684593252838],[4026101.603341245092452,4559399.368682705797255],[4026037.234840431250632,4559316.602281606756151],[4026001.585939973127097,4559307.539981476031244],[4025808.163737459108233,4559258.370780761353672],[4025656.439135481603444,4559234.622180400416255],[4025510.297333566937596,4559240.580880427733064],[4025304.722030888311565,4559211.283779975958169],[4025177.424029218964279,4559222.968680083751678],[4024920.830525885801762,4559169.771779306232929],[4024462.901019986718893,4558901.208575642667711],[4024284.097817685920745,4558764.69437379296869],[4024085.57601518323645,4558484.556670070625842],[4023966.22421367932111,4558293.878267532214522],[4023961.794913630001247,4558281.245067367330194],[4023867.480712483637035,4558012.245463812723756],[4023794.520911564584821,4557883.116062100976706],[4023694.386910280678421,4557810.467161119915545],[4023594.31840897956863,4557764.96056048758328],[4023397.326806403696537,4557754.171560287475586],[4023322.658705436158925,4557722.034959845244884],[4023288.872705006506294,4557686.211459365673363],[4023183.283203656319529,4557574.254557861015201],[4023080.251702334266156,4557492.813956765457988],[4022914.495900246314704,4557216.430253087542951],[4022869.360399679746479,4557141.170652095228434],[4022493.549994830507785,4556884.715348617173731],[4022389.332493474707007,4556847.475048100575805],[4022305.75959238409996,4556838.938247963786125],[4022130.833390074316412,4556886.223048531450331],[4021921.620487326290458,4556915.180748846381903],[4021666.922683987300843,4556904.254248627461493],[4021556.803882520180196,4556990.759849736467004],[4021446.290381058584899,4557045.115050415508449],[4021148.899577165488154,4557033.49115017708391],[4021138.795277032535523,4557036.002350206486881],[4020423.376967604737729,4557213.796152338385582],[4020238.816065197344869,4557191.104951991699636],[4020091.991763260681182,4557216.269952282309532],[4019962.324761547148228,4557287.716853180900216],[4019727.110258388798684,4557569.658756810240448],[4019688.050157867372036,4557616.478157417848706],[4019676.182457700371742,4557649.31905784457922],[4019574.849856302142143,4557929.731461488641798],[4019458.03085473459214,4558057.123063123784959],[4019368.529753553681076,4558107.375363758765161],[4019200.147651338018477,4558143.738164190202951],[4018893.872847323305905,4558153.842364246025681],[4018783.361245865933597,4558217.475665053352714],[4018647.516644075978547,4558267.035365665331483],[4018569.206443039234728,4558320.285366341471672],[4018378.954740521498024,4558409.221267456188798],[4018038.764036012813449,4558666.554470744915307],[4017905.194034228567034,4558816.932372681796551],[4017804.446632897946984,4558864.895573283545673],[4017707.508831621147692,4558881.743673479184508],[4017616.896530442871153,4558881.231273451820016],[4017523.000929214060307,4558858.33967313170433],[4017378.453127363696694,4558695.236270963214338],[4017233.749625535681844,4558403.638567114248872],[4017168.857724753208458,4558132.427563553676009],[4017055.259523302782327,4557965.983661350794137],[4016972.698222237173468,4557888.284060305915773],[4016896.533821254968643,4557838.91215964499861],[4016677.775118405930698,4557740.792558312416077],[4016523.948816399555653,4557726.874158095568419],[4016307.033413556870073,4557744.528758278116584],[4016155.988211583346128,4557702.460657690651715],[4016146.440611458383501,4557695.494557599537075],[4016048.583710192237049,4557624.097456648014486],[4015936.422708750236779,4557504.159255055710673],[4015909.114408405963331,4557459.955054466612637],[4015905.726808365434408,4557422.210253966040909],[4015922.847508660517633,4557099.811049750074744],[4015879.215208122506738,4556950.774147784337401],[4015818.984407356008887,4556829.56324618589133],[4015676.126805513165891,4556672.612144099548459],[4015668.616105420980603,4556666.16744401678443],[4015604.735204592812806,4556611.352443275973201],[4015514.104403413366526,4556561.383042609319091],[4015292.721400558017194,4556322.872139431536198],[4014915.453695679083467,4556008.093435226008296],[4014752.087493557017297,4555901.408333797007799],[4014409.524789130315185,4555528.745028836652637],[4014359.871888482943177,4555490.72132832929492],[4014206.189186495263129,4555373.032726757228374],[4014176.646286107134074,4555355.718726520426571],[4014076.35778480488807,4555296.943525729700923],[4013934.837982976343483,4555139.237523633986712],[4013782.731081016361713,4554901.175320480950177],[4013691.55827984912321,4554758.480918585322797],[4013698.826279963366687,4554650.837517178617418],[4012406.046963630709797,4550741.708665492944419],[4012450.900064220186323,4550726.957365306094289],[4013146.785173440352082,4550483.827062219381332],[4013142.514073386788368,4550470.965962045826018],[4012180.46096116816625,4547574.014423608779907],[4012116.99046036042273,4547382.890621068887413],[4012584.469166570343077,4547226.248419074341655],[4012559.751266262028366,4547153.283018104732037],[4011940.071558348834515,4545324.033193766139448],[4012015.950759355444461,4545298.515993435867131],[4013066.678873354569077,4544945.165688926354051],[4013026.030372832901776,4544822.677387297153473],[4012987.320772346574813,4544706.031885741278529],[4012150.062961253337562,4544564.548983721062541],[4012029.443659713957459,4544178.873678583651781],[4011964.499658886808902,4543971.218075816519558],[4011311.892850537318736,4541884.535747973248363],[4010459.650639152154326,4542182.559551814571023],[4009732.973529449198395,4542436.674255097284913],[4009644.564128275495023,4542467.590355498716235],[4009239.885423043742776,4541249.085139230825007],[4007401.310698875691742,4538003.017095729708672],[4007346.017498148139566,4537887.998994188383222],[4007343.414698117412627,4537883.334694127552211],[4007191.787896115798503,4537611.62009047716856],[4006996.045193534810096,4537286.956486124545336],[4005611.605375210754573,4534798.811652701348066],[4005939.018279966432601,4530170.190390547737479],[4005956.616680223029107,4529892.533386807888746],[4005962.382180307526141,4529817.690985797904432],[4005981.591280587483197,4529568.337582445703447],[4006220.829784089699388,4526186.234036818146706],[4006244.837184416595846,4526150.68563634250313],[4006251.559184514917433,4526081.814835410565138],[4006216.998784048948437,4526052.954635023139417],[4006169.228183407336473,4526016.144334520213306],[4006082.11708223214373,4525947.403933584690094],[4006044.086481729056686,4525864.543232458643615],[4005983.965380927547812,4525698.831630213186145],[4005965.564680687617511,4525550.700128207914531],[4005952.063980523496866,4525351.948225517757237],[4005953.293780549429357,4525256.247224220074713],[4005906.673179920762777,4525219.447123724035919],[4005878.384879540652037,4525191.744623341597617],[4005847.782479123678058,4525161.776722935028374],[4005840.422279030550271,4525133.566322553902864],[4005841.651879053097218,4525028.055321127176285],[4005801.756278520449996,4524955.869620145298541],[4005743.490377739071846,4524852.163818743079901],[4005676.95247684372589,4524769.702117619104683],[4005652.861576523631811,4524742.888917253352702],[4005644.423776404932141,4524735.474617149680853],[4005611.008575959596783,4524706.112616753205657],[4005462.576773960143328,4524569.271714890375733],[4005341.135172321926802,4524452.670913303270936],[4005228.283770794048905,4524396.220712529495358],[4005136.282769556157291,4524356.950611993670464],[4005050.411768396850675,4524321.350511502474546],[4004975.581067382358015,4524304.170511269941926],[4005013.6112678963691,4524273.490010853856802],[4005046.731468349695206,4524216.419310081750154],[4005106.841869165655226,4524164.868709390051663],[4005186.572570249903947,4524118.228108765557408],[4005277.353571484331042,4524088.777408372610807],[4005354.634372531436384,4524093.687208442017436],[4005433.135073590558022,4524098.597008514218032],[4005461.355273976456374,4524083.866808317601681],[4005480.975374243687838,4524045.816407801583409],[4005489.565274367574602,4523972.795706812292337],[4005512.875374681316316,4523953.155306546017528],[4005570.525975463911891,4523955.615206585265696],[4005638.867676393128932,4523943.180806421674788],[4005638.901576393283904,4523943.174606420099735],[4005643.085376447532326,4523942.413406413048506],[4005689.517077077180147,4523915.104506050236523],[4005726.317177587654442,4523843.9237050851807],[4005737.357177739031613,4523797.283304454758763],[4005736.126877727452666,4523710.762403281405568],[4005745.93687786674127,4523657.991702569648623],[4005771.696978218853474,4523612.581101951189339],[4005816.237678822595626,4523565.168301312252879],[4005918.897980224341154,4523455.888999843038619],[4006013.418581515084952,4523311.917397893033922],[4006102.112382730469108,4523183.801196174696088],[4006120.469182979315519,4523157.285495811142027],[4006184.929483859799802,4523045.314094297587872],[4006209.40958420233801,4522998.513493662700057],[4006276.310085112694651,4522947.082892969250679],[4006302.976985475979745,4522866.245791877619922],[4006318.739885701797903,4522737.690690137445927],[4006334.249985914677382,4522711.570289782248437],[4006413.390586996916682,4522642.179288849234581],[4006441.950787385925651,4522614.828888478688896],[4006464.79088769806549,4522553.608387651853263],[4006494.980888119898736,4522466.257386470213532],[4006519.461088456213474,4522421.356785863637924],[4006543.121188777964562,4522393.196485484018922],[4006541.49108875496313,4522355.645984972827137],[4006533.330788657069206,4522281.355383966118097],[4006533.210288656875491,4522196.13018280826509],[4006479.479887934401631,4522160.134282313287258],[4006391.358986742794514,4522132.374281930737197],[4006357.493486283347011,4522102.984081531874835],[4006361.978286352474242,4522038.903280659578741],[4006386.458186688832939,4521942.572279351763427],[4006400.328186888247728,4521856.86147818993777],[4006387.277886712923646,4521818.081077664159238],[4006357.087486299220473,4521805.840977500192821],[4006313.027085708454251,4521786.250777222216129],[4006286.096685346681625,4521756.860776823014021],[4006267.326285094954073,4521685.020075842738152],[4006247.745784838683903,4521578.489074400626123],[4006224.490284528117627,4521472.157972951419652],[4006193.71688411058858,4521465.12217284925282],[4006139.35538337752223,4521452.693472679704428],[4006127.246283214539289,4521447.308972604572773],[4006092.723782745655626,4521431.957872395403683],[4006007.862581596709788,4521331.547271025367081],[4005971.14198111044243,4521243.386369824409485],[4005919.740980425383896,4521087.875067709945142],[4005887.100579984951764,4521046.244567139074206],[4005788.36927864421159,4520977.264166193082929],[4005705.148277518805116,4520902.983765181154013],[4005662.717676952015609,4520847.473264425061643],[4005635.792276584543288,4520805.022963843308389],[4005639.057176631875336,4520752.372463130392134],[4005701.067477485630661,4520656.041261824779212],[4005766.337878382764757,4520560.120060526765883],[4005841.408379404805601,4520462.978759211488068],[4005931.568780646193773,4520299.711857003159821],[4005932.788580669090152,4520249.916456321254373],[4005830.797479280736297,4520205.016155703924596],[4005717.951377753634006,4520161.117055092938244],[4005707.096377602778375,4520157.217955044470727],[4005633.345176603645086,4520130.726054676808417],[4005390.202573302201927,4520063.376153743825853],[4005329.001972473226488,4520037.256053384393454],[4005304.852172144223005,4520014.142253067344427],[4005244.140771320555359,4519956.035452269017696],[4005149.499570041429251,4519861.334750977344811],[4005023.847768342588097,4519713.983548963442445],[4004984.848467813339084,4519661.830348254181445],[4004943.886667265091091,4519607.052847506478429],[4004892.288866566028446,4519534.558846521191299],[4004811.704765476286411,4519421.341344969347119],[4004664.832663488574326,4519199.709341946057975],[4004539.180761789437383,4518996.847839179448783],[4004462.479660755489022,4518836.436436982825398],[4004412.708760085981339,4518760.515735948458314],[4004325.058258902747184,4518595.705333703197539],[4004324.85005890019238,4518595.313833691179752],[4004324.641858897171915,4518594.922333687543869],[4004273.996558211743832,4518499.693532389588654],[4004132.844656300265342,4518296.021829609759152],[4003981.892354258336127,4518071.120026536285877],[4003823.600052113179117,4517838.058223351836205],[4003776.39185147266835,4517769.387822413817048],[4003664.497749952599406,4517606.626320189796388],[4003499.6753477207385,4517371.93441697768867],[4003331.59294543787837,4517130.712413684464991],[4003170.850643251091242,4516891.120610406622291],[4003007.663241037167609,4516649.278407104313374],[4002897.089639532845467,4516479.860104784369469],[4002776.350037891883403,4516413.741603879258037],[4002421.523433055263013,4516244.132101548835635],[4002255.25463078962639,4516183.763900723308325],[4002022.384027612861246,4516099.186699562706053],[4002019.139027563855052,4516097.977499546483159],[4001238.768216919153929,4515807.173895561136305],[4000476.548306507989764,4515527.914891734719276],[3999849.323597943410277,4515300.749488631263375],[3999846.010697897989303,4515299.510688615962863],[3999348.055291087832302,4515113.298886070027947],[3997196.653361657168716,4514285.786574809812009],[3995841.510343095287681,4513756.881567637436092],[3995675.610240821260959,4513691.839166756719351],[3995607.388039888814092,4513668.968366449698806],[3995529.26453882874921,4513782.0968680055812],[3995488.636738273780793,4513837.900968764908612],[3995484.739838222507387,4513843.253568842075765],[3995424.702637400943786,4513904.360669677145779],[3995340.723636261187494,4513963.228870488703251],[3995262.945135200861841,4514008.190171108581126],[3995212.851134514436126,4514037.148271505720913],[3995012.629331785719842,4514200.347273754887283],[3994895.923430199269205,4514310.467475268989801],[3994847.759029540233314,4514360.484575956128538],[3994806.953228987753391,4514421.642176795750856],[3994761.722028373740613,4514511.564878029748797],[3994705.067227611318231,4514652.030879955738783],[3994691.303027423564345,4514686.157180419191718],[3994642.441826765891165,4514807.300382077693939],[3994639.895726733841002,4514813.613182163797319],[3994616.972126420587301,4514859.034082786180079],[3994597.006726155988872,4514913.579683536663651],[3994586.715426013339311,4514972.447184339165688],[3994588.773926044348627,4515006.203784801065922],[3994599.888826199341565,4515043.664885310456157],[3994645.583626835141331,4515142.463686657138169],[3994686.33862739475444,4515250.730888132937253],[3994700.803627598565072,4515286.964088630862534],[3994728.328427981119603,4515355.910489569418132],[3994809.014829093590379,4515547.333192180842161],[3994849.152429657522589,4515707.469894364476204],[3994859.238529797177762,4515785.685595433227718],[3994777.112328693270683,4515999.750498360022902],[3994709.188627774361521,4516182.117300855927169],[3994646.204826924949884,4516360.778803295455873],[3994611.213626453187317,4516438.994804365560412],[3994579.515726025681943,4516479.338004919700325],[3994529.704825347289443,4516522.562605516985059],[3994472.997224578633904,4516561.76800605468452],[3994468.00642450992018,4516565.218506098724902],[3994389.1223234385252,4516601.602306600660086],[3994303.702622271608561,4516628.090006971731782],[3994258.159621652681381,4516636.794507089070976],[3994109.488219630904496,4516670.275307563133538],[3994122.688519815448672,4516710.110708101652563],[3994114.188719703815877,4516826.107009688392282],[3994116.969019746407866,4516905.307710768654943],[3994111.869119682349265,4516971.238411667756736],[3994246.81092153256759,4517106.649413502775133],[3994306.641722356900573,4517168.089814335107803],[3994354.152123006060719,4517226.929815134033561],[3994388.412823479156941,4517269.360515711829066],[3994443.843624240253121,4517361.061416957527399],[3994507.75582512235269,4517455.214018238708377],[3994537.955025534145534,4517499.702518839389086],[3994537.995125539135188,4517542.012819414958358],[3994541.715325593948364,4517574.723219865001738],[3994550.077525709755719,4517615.203820417635143],[3994540.745725592132658,4517713.099621747620404],[3994512.835425210185349,4517727.27492194250226],[3994493.588324945420027,4517734.030922039411962],[3994485.293424832168967,4517736.942522081546485],[3994449.389924346003681,4517748.36522223521024],[3994348.814022975042462,4517784.996022744104266],[3994304.313622369430959,4517802.256222981959581],[3994227.822921330109239,4517823.976723285391927],[3994157.97222038032487,4517834.376823428086936],[3994077.801419288851321,4517853.397523701190948],[3993983.860618006438017,4517879.807924064807594],[3993843.189316099509597,4517921.768724647350609],[3993742.118414724245667,4517948.919325027614832],[3993664.897613667882979,4517970.889825333841145],[3993616.197113008704036,4517983.730225510895252],[3993522.266311733983457,4518017.280625975690782],[3993562.93701229384169,4518104.071527150459588],[3993584.907412599306554,4518186.952328283339739],[3993549.247112112585455,4518193.872428381815553],[3993506.946711540687829,4518202.032828493975103],[3993508.497011571191251,4518287.883629664778709],[3993459.066510898526758,4518301.213729846291244],[3993425.37621043715626,4518311.334129991941154],[3993400.056010097265244,4518324.394430172629654],[3993362.975809596478939,4518393.065131108276546],[3993332.545709187164903,4518469.846032160334289],[3993322.25580905424431,4518516.596432791091502],[3993324.515909088775516,4518565.296933460049331],[3993329.716109161730856,4518595.307233868166804],[3993279.545708477962762,4518608.147534045390785],[3993226.925107762683183,4518628.607934331521392],[3993206.599907485302538,4518601.697733967565],[3993160.724406858440489,4518599.397733937948942],[3993129.484106434509158,4518608.287934063002467],[3993067.592005596496165,4518647.293934600427747],[3993056.089405441191047,4518652.799734675325453],[3993019.343204939737916,4518670.388734916225076],[3993028.303705074824393,4518786.490136500447989],[3993017.303704931866378,4518858.820737482979894],[3992986.123604510445148,4518917.1516382843256],[3992961.313504179473966,4518951.122038740664721],[3992918.961103601846844,4518986.22143922559917],[3992894.453003274276853,4519006.532639508135617],[3992839.882502534426749,4519050.373340109363198],[3992802.02220201632008,4519072.793640417978168],[3992735.9231011220254,4519133.140741243958473],[3992712.552000811323524,4519152.584541509859264],[3992718.241700892802328,4519186.285041970200837],[3992734.282001112122089,4519236.445642652921379],[3992741.002301215659827,4519323.036343825981021],[3992756.292601424735039,4519360.166844334453344],[3992841.013802583795041,4519457.987545660696924],[3992888.421103237662464,4519517.754046463407576],[3992939.285103934817016,4519581.87854733504355],[3992974.255604414269328,4519619.488647844642401],[3993045.666505389846861,4519694.449248851276934],[3993133.337706598453224,4519795.469950222410262],[3993231.089007936418056,4519886.150651447474957],[3993290.631808744743466,4519933.870752086862922],[3993393.571010150946677,4520016.371353204362094],[3993485.39211141038686,4520088.111954170279205],[3993545.232912230771035,4520149.312354998663068],[3993606.533713064156473,4520196.482655625790358],[3993671.284513948485255,4520248.812956338748336],[3993810.136315847747028,4520360.488757843151689],[3993902.397217100951821,4520369.873557964339852],[3993972.338118063751608,4520450.734259059652686],[3994057.04931922070682,4520538.47476024646312],[3994130.69032022356987,4520626.475461434572935],[3994190.531221045646816,4520691.355962316505611],[3994205.786621259059757,4520744.463663030415773],[3994159.351020623464137,4520752.886763150803745],[3994097.370319781359285,4520764.017063305713236],[3994034.649818930309266,4520778.597363510169089],[3993947.328917751088738,4520790.977663684636354],[3993858.418116541579366,4520806.693263907916844],[3993765.08721527736634,4520831.748564251698554],[3993730.156914798542857,4520842.608864405192435],[3993647.286113679874688,4520872.699464820325375],[3993602.035713066346943,4520888.729565037414432],[3993505.874811757355928,4520912.940265379846096],[3993370.343509916216135,4520928.070965599268675],[3993248.117508260533214,4520937.348065732978284],[3993248.113508260343224,4520937.348465736024082],[3993235.104508079588413,4520938.645765752531588],[3993201.35190762206912,4520942.011565798893571],[3993168.641507178079337,4520951.641765933483839],[3993006.30000497540459,4520976.882366294972599],[3992942.109404105227441,4520993.182766520418227],[3992919.449003798421472,4520959.012466059997678],[3992846.497902795206755,4520820.581264186650515],[3992788.867102003656328,4520747.820663201622665],[3992754.8683015354909,4520712.537662724964321],[3992747.117401428986341,4520704.494062614627182],[3992678.055600481107831,4520633.779961659573019],[3992641.635299984365702,4520621.519961500540376],[3992507.573898167815059,4520629.760261624120176],[3992356.772396118845791,4520633.840761693194509],[3992247.051294623408467,4520629.641161649487913],[3992197.823993956204504,4520599.22426123637706],[3992222.6106942826882,4520539.500260424800217],[3992238.550794492475688,4520484.13965966925025],[3992256.670694733038545,4520395.318758460693061],[3992253.418894683010876,4520357.571757948026061],[3992253.179694676306099,4520354.795057914219797],[3992233.238194406032562,4520289.003057018853724],[3992184.419293730519712,4520212.847155991010368],[3992163.431093441322446,4520194.638855740427971],[3992162.600093430373818,4520193.917955731041729],[3992104.178392630070448,4520160.036855282261968],[3992047.837791865225881,4520152.956955187954009],[3991900.246389862615615,4520165.397355378605425],[3991825.225688842590898,4520179.977855583652854],[3991737.184887650888413,4520203.678355913609266],[3991681.864386901725084,4520240.878856424242258],[3991609.603785925544798,4520303.679657288827002],[3991520.103084717411548,4520352.470357956364751],[3991379.461882807314396,4520425.171758962795138],[3991361.281782570295036,4520454.211959359236062],[3991334.96158221270889,4520489.419559841044247],[3991295.624481677543372,4520477.485759688541293],[3991293.270681644324213,4520455.137959382496774],[3991290.24428159929812,4520426.405258991755545],[3991247.335481014568359,4520402.296958668157458],[3991238.200280885677785,4520370.196458235383034],[3991254.660881098825485,4520314.382057470269501],[3991222.588280661031604,4520296.310257228091359],[3991213.404880537651479,4520291.135857158340514],[3991196.529580307658762,4520265.440656814724207],[3991168.083979914430529,4520234.105256391689181],[3991114.808479188475758,4520213.610356118530035],[3991082.937978754285723,4520198.025055907666683],[3991053.757778350729495,4520162.259955428540707],[3991033.927478074096143,4520136.319855077192187],[3991001.230477629695088,4520113.84615477733314],[3990959.996777071617544,4520128.63985498342663],[3990922.126676559913903,4520146.145155227743089],[3990893.84117617784068,4520145.065355212427676],[3990853.975675630848855,4520131.450255033560097],[3990804.045174951665103,4520139.61035515088588],[3990767.154874454252422,4520155.630755370482802],[3990743.06467412924394,4520172.880955608561635],[3990709.864373678341508,4520180.531155719421804],[3990669.572973128873855,4520178.175855694338679],[3990661.021773010957986,4520177.260455681011081],[3990625.72347253235057,4520173.481555634178221],[3990578.222971882671118,4520151.131255334243178],[3990551.642671523150057,4520131.971255084499717],[3990523.832271141931415,4520118.961154902353883],[3990483.001970584038645,4520129.821455058641732],[3990462.141870306804776,4520186.171955827623606],[3990454.551970213185996,4520219.392456274479628],[3990449.477170157246292,4520318.29275762476027],[3990405.221869559492916,4520351.053858075290918],[3990266.790567686781287,4520422.024959055706859],[3990200.910066794604063,4520472.76565975882113],[3990159.629866242874414,4520523.726360455155373],[3990132.619665881153196,4520576.756961176171899],[3990034.565364552196115,4520618.069661756046116],[3989975.968363762367517,4520639.017962042242289],[3989844.657161983661354,4520689.568962750956416],[3989728.566060411278158,4520722.399563211016357],[3989632.645159108564258,4520740.690163474529982],[3989559.594458115287125,4520754.530663673765957],[3989478.43365701334551,4520777.971064003184438],[3989379.332855671644211,4520816.931664546020329],[3989337.8418551068753,4520781.925864076241851],[3989262.784454088658094,4520816.675664559006691],[3989251.527153939940035,4520823.209464643150568],[3989210.361253384500742,4520847.102664981968701],[3989172.240852864459157,4520862.88276519626379],[3989127.480452261399478,4520880.38306544534862],[3989077.810051588341594,4520900.603465722873807],[3988998.009750514756888,4520937.651666240766644],[3988991.203250420279801,4520940.823466283269227],[3988934.698749654460698,4520967.154566649347544],[3988887.983849021606147,4520992.162066999822855],[3988887.978449026588351,4520992.164866995997727],[3988851.689948535058647,4521025.435067449696362],[3988849.717848520260304,4521082.549868233501911],[3988841.726848415099084,4521132.686268915422261],[3988822.650548164267093,4521160.841769298538566],[3988812.128248019143939,4521176.371969509869814],[3988779.927947584073991,4521200.25736984051764],[3988754.847747252322733,4521220.457570119760931],[3988737.407647013664246,4521247.777870493009686],[3988732.892746958881617,4521285.418371002189815],[3988746.469247153494507,4521311.877771363593638],[3988761.97314736712724,4521342.093471773900092],[3988778.378447596915066,4521393.869372472167015],[3988787.383647722192109,4521422.394472858868539],[3988791.493847788311541,4521478.970073622651398],[3988755.723947305232286,4521506.555274003185332],[3988684.777946344111115,4521533.431074378080666],[3988601.662245221901685,4521573.976674939505756],[3988593.726945103146136,4521503.750973988324404],[3988541.846444407943636,4521536.021474439650774],[3988438.805643009953201,4521576.462074997834861],[3988374.392142142634839,4521598.805175315588713],[3988373.084042124450207,4521599.278575320728123],[3988311.424441286828369,4521621.592975636944175],[3988247.870940430089831,4521639.642475889064372],[3988244.953840392176062,4521640.470975900068879],[3988184.613239566329867,4521633.518575814552605],[3988159.866339223925024,4521592.086175259202719],[3988132.00853884825483,4521600.404175373725593],[3988108.982238537631929,4521606.039875455200672],[3988045.981837685219944,4521621.458875674754381],[3988028.551737453788519,4521662.684276238083839],[3987977.881136769894511,4521669.614576340653002],[3987947.000936351250857,4521665.954676293767989],[3987903.840535763185471,4521676.084776436910033],[3987874.050235359929502,4521706.903176859952509],[3987847.162835005670786,4521733.937277233228087],[3987844.436434966046363,4521736.678377272561193],[3987843.411134956404567,4521738.119077290408313],[3987806.089834457729012,4521790.55637801066041],[3987810.330034520477057,4521829.416678534820676],[3987847.979835043195635,4521935.72037997469306],[3987740.664533604402095,4522009.57998099271208],[3987735.282233526464552,4522013.2843810422346],[3987785.900534237734973,4522123.42968253325671],[3987852.236835155636072,4522227.029883926734328],[3987861.437835278455168,4522233.517984012141824],[3987885.422035607509315,4522250.43058423884213],[3987927.752536184154451,4522270.200584500096738],[3987965.122036695014685,4522313.705385083332658],[3987965.811236705165356,4522323.329985214397311],[3987967.263236735016108,4522343.61148548964411],[3987939.743836364708841,4522365.346685790456831],[3987913.642736008390784,4522385.961886077187955],[3987843.882235068827868,4522420.522586551494896],[3987807.761834586504847,4522450.582886966876686],[3987826.020434837322682,4522486.333287447690964],[3987827.251234856434166,4522488.743187479674816],[3987803.177334533538669,4522507.835487745702267],[3987750.331533817574382,4522542.673988230526447],[3987651.119932486210018,4522616.779389251023531],[3987645.539032411761582,4522620.633789299055934],[3987578.540131507907063,4522666.905689946375787],[3987520.30973073001951,4522715.696590608917177],[3987506.629830558318645,4522789.027191605418921],[3987483.56123026041314,4522920.962793395854533],[3987482.452530248090625,4522931.336993541568518],[3987475.440130169503391,4522996.949494430795312],[3987537.919631015975028,4523013.243694640696049],[3987565.5111313899979,4523020.439394738525152],[3987661.002132693305612,4523046.379495075903833],[3987812.59383475035429,4523085.279395576566458],[3987847.796635237988085,4523111.156495915725827],[3987881.034735693596303,4523147.229696406982839],[3987914.535136154852808,4523195.660097055137157],[3987996.066337277647108,4523306.050998542457819],[3988021.997937629930675,4523328.884698842652142],[3988027.867437713313848,4523334.052998914383352],[3988100.207538701128215,4523391.321599679067731],[3988158.528339494019747,4523413.411699965596199],[3988214.463240258861333,4523449.638600451871753],[3988245.209440687205642,4523510.262401266954839],[3988289.310141293797642,4523580.093002206645906],[3988304.120441503357142,4523631.243502897210419],[3988329.520841856952757,4523704.284203879535198],[3988377.731342510320246,4523691.943803708069026],[3988408.471642924007028,4523680.11370354052633],[3988481.022243903949857,4523655.443103197962046],[3988599.32334550190717,4523618.682502682320774],[3988636.213545996695757,4523607.572302524000406],[3988699.884246857836843,4523553.641401785425842],[3988702.063946875743568,4523514.03110124450177],[3988767.00634775403887,4523495.086600980721414],[3988768.769747780635953,4523494.572200971655548],[3988809.786648330744356,4523481.411300788633525],[3988842.495548777282238,4523470.850200641900301],[3988903.235949597787112,4523445.949700298719108],[3988987.586650734767318,4523409.219099785201252],[3989077.337651946116239,4523366.578799190931022],[3989077.798051945865154,4523366.360999189317226],[3989078.25865195505321,4523366.143399187363684],[3989158.738053041975945,4523328.127798659726977],[3989236.688754092901945,4523291.157198146916926],[3989276.77915463084355,4523281.766898017376661],[3989308.910155069548637,4523266.661197799257934],[3989352.269855656195432,4523246.276297522708774],[3989500.561157655902207,4523185.125296670012176],[3989587.121958826202899,4523146.424596133641899],[3989694.952860279008746,4523098.973895475268364],[3989803.773861743509769,4523052.502994838170707],[3989917.624863283708692,4523000.732294118031859],[3990021.155764684081078,4522961.271693569608033],[3990004.027364443056285,4522876.977892423979938],[3990001.596264404710382,4522865.014092263765633],[3990032.335364814847708,4522807.749891482293606],[3990059.61556517938152,4522779.67949110083282],[3990117.375965958926827,4522718.618890261277556],[3990173.916466713417321,4522677.488189696334302],[3990230.226967477239668,4522654.05778937600553],[3990295.647568359039724,4522630.877489048056304],[3990352.227969130966812,4522625.907188976183534],[3990419.388770036399364,4522625.346888954751194],[3990471.28927073860541,4522618.906888857483864],[3990559.350171936210245,4522611.686288757249713],[3990608.290572601370513,4522594.666088518686593],[3990679.611273563932627,4522574.925688238814473],[3990702.951373874209821,4522538.245087743736804],[3990743.02167441137135,4522504.754887280985713],[3990821.702375477179885,4522461.874186689965427],[3990927.433276902884245,4522410.853185986168683],[3991007.259577988181263,4522404.137785884551704],[3991104.544979310128838,4522394.692485744133592],[3991175.645580272190273,4522396.102285756729543],[3991265.196681487839669,4522400.942185806110501],[3991317.367182192392647,4522414.182085986249149],[3991404.093183374032378,4522423.321886098943651],[3991515.679384890012443,4522449.911886448040605],[3991629.120486434083432,4522479.811786841601133],[3991659.920886848587543,4522489.261986962519586],[3991741.821787969209254,4522514.391887297853827],[3991834.832789233885705,4522539.40168762113899],[3991886.013389924075454,4522549.931687767617404],[3991871.773289737757295,4522576.261988124810159],[3991846.703089396003634,4522599.662288442254066],[3991768.246888343710452,4522671.44028942193836],[3991762.791188267525285,4522678.697289519943297],[3991745.202388033270836,4522702.09368984028697],[3991702.922087465878576,4522746.664290448650718],[3991672.961987062823027,4522803.524991226382554],[3991658.251986869145185,4522854.705491922795773],[3991625.311686429195106,4522876.625792222097516],[3991579.571285809855908,4522894.876192473806441],[3991552.030985433608294,4522906.466392634436488],[3991525.235885077156126,4522932.936692996881902],[3991504.120784791652113,4522972.68719353992492],[3991481.800784496590495,4523043.557994502596557],[3991466.360784296877682,4523109.753595400601625],[3991448.554084059782326,4523133.563695725053549],[3991446.294084031600505,4523136.585595765151083],[3991430.490583815611899,4523163.659396135248244],[3991430.040683813393116,4523205.239796695299447],[3991436.7208839119412,4523248.28009728435427],[3991430.120983828324825,4523296.010697931051254],[3991422.781083731912076,4523338.090998502448201],[3991417.411183667834848,4523383.611699121072888],[3991423.371383752673864,4523443.632199929095805],[3991446.301784067414701,4523491.582600575871766],[3991503.753084857482463,4523565.55130157340318],[3991508.743684923276305,4523571.919601663947105],[3991546.543185444083065,4523620.153502306900918],[3991586.473785989452153,4523698.344303365796804],[3991626.64438654622063,4523773.095004376024008],[3991685.315387352369726,4523897.516006052494049],[3991708.005787670146674,4523958.506506875157356],[3991739.796288107521832,4524020.477007715962827],[3991791.287088807672262,4524099.887708783149719],[3991618.34118647268042,4524104.651208865456283],[3991605.2967862887308,4524105.814208883792162],[3991572.834885853342712,4524108.708308927714825],[3991511.34428502433002,4524116.388809036463499],[3991469.033884450793266,4524125.288909164257348],[3991386.143083330243826,4524135.939409317448735],[3991332.522582600358874,4524150.999709526076913],[3991250.611781496088952,4524157.720009634271264],[3991168.700980386231095,4524175.510409877635539],[3991104.74037952395156,4524181.230509963817894],[3991056.681278871838003,4524185.232710021547973],[3991003.149378144182265,4524189.690910090692341],[3990935.509977230336517,4524192.694410140626132],[3990822.08757569687441,4524197.731710224412382],[3990713.346474225632846,4524197.832010235637426],[3990573.699772333260626,4524205.591710360720754],[3990567.874372251797467,4524205.850910363718867],[3990477.924071033950895,4524209.85271042957902],[3990398.723369961604476,4524221.493110598996282],[3990321.482568916864693,4524230.663510725833476],[3990242.271867846604437,4524240.083810866810381],[3990157.160966697148979,4524255.664311085827649],[3990060.75016539124772,4524277.894711404107511],[3989998.769464552868158,4524294.43501163367182],[3989932.348863656166941,4524294.985211651772261],[3989881.66836296999827,4524298.235411705449224],[3989826.327862225938588,4524310.585711874999106],[3989822.667862175963819,4524342.076012304052711],[3989819.788062147796154,4524421.296813377179205],[3989828.656162285711616,4524525.780514794401824],[3989829.174262294080108,4524531.884914873167872],[3989825.868662257678807,4524615.148916002362967],[3989821.582662210334092,4524682.317216910421848],[3989819.446562180295587,4524684.284916941076517],[3989783.88856170559302,4524717.040017387829721],[3989737.656861083582044,4524767.093918072991073],[3989698.608060561586171,4524809.371218647807837],[3989629.630959638394415,4524885.292219685390592],[3989645.8379598679021,4524946.452820510603487],[3989678.658560323528945,4525056.633721996098757],[3989692.978860529605299,4525102.874222623184323],[3989718.822960888501257,4525182.326923687011003],[3989720.246660904958844,4525190.458823805674911],[3989729.759561044164002,4525244.795524540357292],[3989758.620161447674036,4525323.496225597336888],[3989783.060761792585254,4525423.107126943767071],[3989811.691262188367546,4525516.078128195367754],[3989751.430861378554255,4525530.898428401909769],[3989686.500160499010235,4525557.518628773279488],[3989606.57945942459628,4525596.219529304653406],[3989553.382058714516461,4525630.655529777519405],[3989546.29555861512199,4525635.242729842662811],[3989483.648457772564143,4525683.670730508863926],[3989427.6079570222646,4525737.601631244644523],[3989398.597856632899493,4525754.111731468699872],[3989345.247455916833133,4525798.692232083529234],[3989300.053555319085717,4525865.504232991486788],[3989301.549955337774009,4525871.265333069488406],[3989316.827555551193655,4525930.083733865991235],[3989318.585655584000051,4525969.990234402008355],[3989269.402154922951013,4525994.464534744620323],[3989256.887254759203643,4526023.874935138970613],[3989261.600754829589278,4526070.490335773676634],[3989200.846854011993855,4526085.435635978356004],[3989162.476453490089625,4526092.105836076661944],[3989109.355952776968479,4526113.316236373968422],[3989027.170151661615819,4526098.506336182355881],[3988946.724350577685982,4526106.326536301523447],[3988891.39384983247146,4526125.817036575637758],[3988838.023349115159363,4526139.637236767448485],[3988761.762548082042485,4526149.057536905631423],[3988692.236647138837725,4526122.057436554692686],[3988639.911146427504718,4526072.897235894575715],[3988633.200846318621188,4525995.411434845998883],[3988659.491046671289951,4525955.28603430185467],[3988693.671247134450823,4525946.030734168365598],[3988743.121747799683362,4525945.865634154528379],[3988786.792248392943293,4525947.545534180477262],[3988806.94734865706414,4525919.850233796983957],[3988799.207448543515056,4525863.74793304130435],[3988798.872048533521593,4525830.18413258716464],[3988789.039248391985893,4525776.928831866011024],[3988746.896347822621465,4525762.448731683194637],[3988709.280947315972298,4525785.244031989946961],[3988662.560546689666808,4525813.324532378464937],[3988613.25004603061825,4525832.439832644537091],[3988562.684145339764655,4525823.87463253736496],[3988484.168644270393997,4525781.994631978683174],[3988441.348243689164519,4525768.754731812514365],[3988348.209742428734899,4525749.64743156824261],[3988359.199042567517608,4525697.743530863896012],[3988399.684043109882623,4525668.544830464757979],[3988416.767643346451223,4525656.223630288615823],[3988439.247743643354625,4525621.143229815177619],[3988433.317643557209522,4525591.87292942032218],[3988380.907042848411947,4525587.983029372990131],[3988345.236742367502302,4525589.493129407986999],[3988317.656341983471066,4525561.223029023967683],[3988316.881141972728074,4525518.907528450712562],[3988359.40654254052788,4525482.212027951143682],[3988391.91174297221005,4525440.299127373844385],[3988358.101242511533201,4525395.371226775459945],[3988329.315942120738328,4525392.201126736588776],[3988285.045641522854567,4525404.781426915898919],[3988258.98534117359668,4525426.211627206765115],[3988244.495340979192406,4525452.552127565257251],[3988240.335340931545943,4525484.292427997104824],[3988254.665641130879521,4525545.043028814718127],[3988250.015741075389087,4525575.803229231387377],[3988228.64554079156369,4525607.313729662448168],[3988185.375240211375058,4525647.694330212660134],[3988123.654739381745458,4525681.704830683767796],[3988066.104238607920706,4525697.495130910538137],[3988028.213938096072525,4525690.395130817778409],[3987998.173437685705721,4525662.13483044039458],[3987953.126837064977735,4525634.320730068720877],[3987942.987736927811056,4525635.584430088289082],[3987906.997436442878097,4525640.06993015576154],[3987847.301735631655902,4525599.774829620495439],[3987822.401335290633142,4525565.35452916007489],[3987802.041035005357116,4525532.154228714294732],[3987769.555634565651417,4525524.944228618405759],[3987755.570634382311255,4525551.904528985731304],[3987755.120734380092472,4525585.61482944060117],[3987776.101134675554931,4525634.045230091549456],[3987805.431535076815635,4525672.875630619004369],[3987854.91713575553149,4525724.750931307673454],[3987888.522636212408543,4525749.31623163819313],[3987919.803136643022299,4525784.226432105526328],[3987934.103236841037869,4525821.366832603700459],[3987926.508336747065187,4525857.657133095897734],[3987900.953136404510587,4525892.247533567249775],[3987847.521435689646751,4525933.658234134316444],[3987819.504135311581194,4525955.397134432569146],[3987823.998235382605344,4525988.864934881217778],[3987844.258035661652684,4526055.534435782581568],[3987893.443436323665082,4526028.549035410396755],[3987937.96893692528829,4526021.988735308870673],[3987958.904237212613225,4526050.389035697095096],[3987953.29423714382574,4526097.629536332562566],[3987941.307436991017312,4526152.322337076999247],[3987938.725836962927133,4526164.101337233558297],[3987915.294336657039821,4526247.981238375417888],[3987873.754036098718643,4526296.231839034706354],[3987851.143935802858323,4526315.201939292252064],[3987726.832534113898873,4526281.881938862614334],[3987684.182233544997871,4526307.717339220456779],[3987696.952533721923828,4526375.41304013505578],[3987697.002533732913435,4526410.353540603071451],[3987680.95763352420181,4526459.579041271470487],[3987645.18233303911984,4526474.514241479337215],[3987591.761732316575944,4526452.324141192249954],[3987565.516331960447133,4526420.378940763883293],[3987566.001531951595098,4526357.295439907349646],[3987566.241031950339675,4526326.152939490042627],[3987547.769131693989038,4526290.38953900616616],[3987475.880030718632042,4526273.142538785003126],[3987397.979129664599895,4526251.847738507203758],[3987348.925229002255946,4526276.01523884665221],[3987307.438428458757699,4526335.863939662463963],[3987277.75842806044966,4526395.319540473632514],[3987246.518027644604445,4526400.16454054042697],[3987170.477226608898491,4526384.77484034653753],[3987136.496826150454581,4526365.1346400892362],[3987123.243825968820602,4526342.327439783141017],[3987119.515125913079828,4526335.910839699208736],[3987086.702425460331142,4526254.944838606752455],[3987055.726625035051256,4526218.565038118511438],[3987006.269524359609932,4526207.037037970498204],[3987005.423924347385764,4526207.190537978895009],[3986977.104723970405757,4526212.333538047969341],[3986946.87452356563881,4526233.043938334099948],[3986921.584423228632659,4526265.554338779300451],[3986917.450823174789548,4526299.404239233583212],[3986919.437123203184456,4526308.643839363008738],[3986924.134623275604099,4526330.494939656928182],[3986936.797723455820233,4526403.895440647378564],[3986938.401323481928557,4526413.190640769898891],[3986926.675123334862292,4526475.461441611871123],[3986890.260822844225913,4526493.114741858094931],[3986862.584422468207777,4526474.016441605053842],[3986849.987622290849686,4526429.160240999422967],[3986862.235722435638309,4526325.621839599683881],[3986862.370022438000888,4526324.486139591783285],[3986862.36612243950367,4526324.287339582107961],[3986861.583722417242825,4526284.334739044308662],[3986859.053622378967702,4526236.114238393492997],[3986842.493222143966705,4526184.473737695254385],[3986811.422721713781357,4526129.903336968272924],[3986763.122121050953865,4526073.392936206422746],[3986694.911320120096207,4526026.742635591886938],[3986656.740919598843902,4525999.732535229064524],[3986616.300319039728492,4525932.381834327243268],[3986593.379918723367155,4525903.131533936597407],[3986499.078917440026999,4525849.881333235651255],[3986455.478316846303642,4525810.331132705323398],[3986455.24921683082357,4525764.409032087773085],[3986455.245416833553463,4525763.654532073996961],[3986455.982516841497272,4525763.423732072114944],[3986503.608617486897856,4525748.510331868194044],[3986572.258418408688158,4525741.95233175996691],[3986605.659518857952207,4525716.629731410183012],[3986603.079418814741075,4525672.289230808615685],[3986564.498918292112648,4525660.349230658262968],[3986534.437017888296396,4525660.396930663846433],[3986527.327817791607231,4525660.408130665309727],[3986448.342616716399789,4525635.419330341741443],[3986434.85741652874276,4525583.283829643391073],[3986458.389916837681085,4525540.445329057984054],[3986459.462316849268973,4525539.702329045161605],[3986512.117917557712644,4525503.217828545719385],[3986550.728218075353652,4525491.357728376053274],[3986589.588818602263927,4525484.907328283414245],[3986652.819319455884397,4525487.027228298597038],[3986688.464619934558868,4525466.191928008571267],[3986693.209519994910806,4525427.686327490955591],[3986659.949119535274804,4525396.856227077543736],[3986575.928118398878723,4525386.766426951624453],[3986524.517717701382935,4525397.41672711353749],[3986458.87701682234183,4525429.24722754675895],[3986379.033315746113658,4525447.108827808871865],[3986375.794815703295171,4525447.833227811381221],[3986336.115915160160512,4525430.147627584636211],[3986317.135814900510013,4525403.367427228949964],[3986310.041014794260263,4525367.683326748199761],[3986302.025314680766314,4525327.366726201958954],[3986284.505014436785132,4525294.176425762474537],[3986223.444313604850322,4525257.356225270777941],[3986186.983813102822751,4525221.735824791714549],[3986156.903312688227743,4525170.365524105727673],[3986117.952812153380364,4525114.075023353099823],[3986075.832311579491943,4525079.444922893308103],[3986011.821510702371597,4525044.604622424580157],[3985963.603510044980794,4525032.134022271260619],[3985961.405910015106201,4525031.903322266414762],[3985912.650509359780699,4525026.784722209908068],[3985864.843008714728057,4525056.863322623074055],[3985864.840108717326075,4525056.865222620777786],[3985835.280008324421942,4525119.635923479683697],[3985811.469808010850102,4525155.346323968842626],[3985794.299807784147561,4525192.516824468970299],[3985735.289206989575177,4525217.937224827706814],[3985692.958806416485459,4525202.247224626131356],[3985661.908405993599445,4525170.556924197822809],[3985650.798205835744739,4525140.806723799556494],[3985653.918005868326873,4525083.966023030690849],[3985673.768006126396358,4525026.125522240065038],[3985704.468206535559148,4524991.885021774098277],[3985753.638707190286368,4524965.744621409103274],[3985788.328907660674304,4524963.974621382541955],[3985817.619208062533289,4524973.524521507322788],[3985846.149508448317647,4524973.484521496109664],[3985886.805608993861824,4524961.66072132717818],[3985889.843109035398811,4524960.777321317233145],[3985950.650609849952161,4524927.833720861934125],[3985971.040710124187171,4524907.133320579305291],[3985987.730810345616192,4524883.253020249307156],[3986003.430810554418713,4524847.802719764411449],[3986006.540710582397878,4524787.521918952465057],[3985991.085410367231816,4524730.471618179231882],[3985960.420009941793978,4524704.4314178340137],[3985931.1396095440723,4524700.541317791678011],[3985897.189309081993997,4524696.161417732946575],[3985836.948808277025819,4524726.501918156631291],[3985791.19830765761435,4524731.97221823874861],[3985753.797907152678818,4524725.882218164391816],[3985704.827406488824636,4524717.83221806678921],[3985635.936705549247563,4524710.792417984455824],[3985608.146505179349333,4524721.162618133239448],[3985552.84600443392992,4524758.143018637783825],[3985472.448103356175125,4524820.507719498127699],[3985445.03400298487395,4524811.714119387790561],[3985417.294602600391954,4524760.543718701228499],[3985392.654302263166755,4524729.823418287560344],[3985352.273901710286736,4524707.733217994682491],[3985319.043501261156052,4524696.713217854499817],[3985273.884600641671568,4524654.160217283293605],[3985266.656100541353226,4524646.48741718288511],[3985238.982400164008141,4524617.11261679418385],[3985232.052200060803443,4524585.382216363213956],[3985247.702200258150697,4524519.681715469807386],[3985279.332300673704594,4524437.220714350230992],[3985323.80010126112029,4524365.711313368752599],[3985327.277701308485121,4524361.172913307324052],[3985365.992801820859313,4524310.649112615734339],[3985381.172802015207708,4524255.278511862270534],[3985387.272702089976519,4524219.598111378028989],[3985367.287401815876365,4524187.800610954873264],[3985364.812401780858636,4524184.52341090887785],[3985324.661801225040108,4524131.357510199770331],[3985268.981100455392152,4524072.887009415775537],[3985256.370800277683884,4524021.246608720161021],[3985268.130800428334624,4523991.216308312490582],[3985293.441000772174448,4523965.835907957516611],[3985371.891801826655865,4523951.465607749298215],[3985413.70220239367336,4523943.535107635892928],[3985450.832402891479433,4523926.014907390810549],[3985511.943103719502687,4523907.479607124812901],[3985568.118604473769665,4523882.676706779748201],[3985574.403404543641955,4523802.593205696903169],[3985593.803404800128192,4523775.623005323112011],[3985626.523805242031813,4523776.442905331030488],[3985687.554606071673334,4523792.103105528280139],[3985739.297506781760603,4523805.914605705998838],[3985740.006506790872663,4523806.103805712424219],[3985791.935607491526753,4523797.677705581299961],[3985825.275807934813201,4523756.972205027937889],[3985833.095808034297079,4523719.81180452555418],[3985828.365607962943614,4523681.441304003819823],[3985854.38570830412209,4523636.880903393961489],[3985874.975808579009026,4523586.170202704146504],[3985869.915608500130475,4523557.690002320334315],[3985842.435208127833903,4523538.739802067168057],[3985805.034907615743577,4523530.920001963153481],[3985744.264206791296601,4523524.610101892612875],[3985674.373605845030397,4523508.960101697593927],[3985627.832905204035342,4523477.289901273325086],[3985580.596104553900659,4523423.822800562717021],[3985579.574204541742802,4523422.666200546547771],[3985541.361704017966986,4523389.089200095273554],[3985508.871303573716432,4523375.849199926480651],[3985475.870503126177937,4523365.844799793325365],[3985425.680502438452095,4523350.629299595020711],[3985353.549701458774507,4523311.858999084681273],[3985301.338900743983686,4523276.258698615245521],[3985264.618500232230872,4523228.088597968220711],[3985263.853300211951137,4523163.510297098197043],[3985299.438600689638406,4523146.367596856318414],[3985328.728901085909456,4523157.397597],[3985377.469801752828062,4523176.762497251853347],[3985419.039902317803353,4523171.04739716462791],[3985445.820102672558278,4523146.656996827572584],[3985486.380503220017999,4523125.19679653365165],[3985519.102703664451838,4523132.780696627683938],[3985547.211204056628048,4523175.787097205407917],[3985590.081704645417631,4523222.842497832141817],[3985653.442305508069694,4523231.237397937104106],[3985719.172906388062984,4523172.356497122906148],[3985744.423006712459028,4523108.595796253532171],[3985751.472806797828525,4523052.255195491015911],[3985741.072606652975082,4522998.884794771671295],[3985708.939606201369315,4522925.98169379029423],[3985708.397106190212071,4522925.119393775239587],[3985665.101405590772629,4522856.303592850454152],[3985620.460704971570522,4522772.722591723315418],[3985630.740805099252611,4522736.177591225132346],[3985682.261205798946321,4522722.697091036476195],[3985713.161606220062822,4522744.792191330343485],[3985776.726607096847147,4522800.151992070488632],[3985826.402907767798752,4522796.792392014525831],[3985862.403208247385919,4522767.71209161169827],[3985872.313208378851414,4522729.071591082960367],[3985863.528008252382278,4522691.451290578581393],[3985827.162407752592117,4522639.590789879672229],[3985796.821807322558016,4522576.160089028067887],[3985708.910806120373309,4522518.969988266006112],[3985655.455205383244902,4522463.689487519674003],[3985655.760105384513736,4522417.439086900092661],[3985742.170806541573256,4522372.548286275006831],[3985785.671107131522149,4522343.207885863259435],[3985812.841207485646009,4522287.699685106053948],[3985776.710806997492909,4522267.207184836268425],[3985736.36040644813329,4522266.767284838482738],[3985680.269805687014014,4522261.187584769912064],[3985646.299305224325508,4522250.907284639775753],[3985615.999004805460572,4522220.937184240669012],[3985592.315004473086447,4522164.811283484101295],[3985591.446304462850094,4522162.752883451990783],[3985550.857903889380395,4522074.40598226338625],[3985515.752503410447389,4522044.070681855082512],[3985453.631802564486861,4522037.76078178267926],[3985419.706502105109394,4522051.956081985495985],[3985395.1363017805852,4522079.046482359990478],[3985351.156301187351346,4522117.111882880330086],[3985266.785200049169362,4522125.227283008396626],[3985207.49469924531877,4522124.817483015358448],[3985175.054298804141581,4522144.787683287635446],[3985156.894198566209525,4522177.283183737657964],[3985185.504598962608725,4522228.658584431745112],[3985208.435099282301962,4522266.75908493809402],[3985203.805099223740399,4522301.459385409019887],[3985196.745199137832969,4522352.629886107519269],[3985198.295299175661057,4522409.710486880503595],[3985209.540599333122373,4522455.678487498313189],[3985209.551599332131445,4522455.723687502555549],[3985211.89779937081039,4522465.346587635576725],[3985223.035899529233575,4522511.031388252042234],[3985232.686099668499082,4522547.421588744036853],[3985226.336199590936303,4522586.302089272066951],[3985204.972499303054065,4522610.328589600510895],[3985164.935598762705922,4522615.755289680324495],[3985127.316198248416185,4522610.321089615114033],[3985122.47699818527326,4522607.149389578029513],[3985071.094597483053803,4522573.472389132715762],[3985035.394196992274374,4522556.062388896942139],[3985004.393896574154496,4522552.162288851104677],[3984969.609796102158725,4522568.817289086990058],[3984938.723295681644231,4522565.782689050771296],[3984871.137294759508222,4522519.507488440722227],[3984825.521894142497331,4522534.942688653245568],[3984785.996693606954068,4522550.253088870085776],[3984736.441092925611883,4522516.127888415940106],[3984746.170893042813987,4522438.862087370827794],[3984736.043292899150401,4522404.31668690033257],[3984676.510092096403241,4522407.221986955963075],[3984633.096091508399695,4522437.622487377375364],[3984597.344591029919684,4522445.467587489634752],[3984568.773990632500499,4522415.862287091091275],[3984579.92209078092128,4522384.862686667591333],[3984583.235090819187462,4522381.303386623039842],[3984607.559191145934165,4522355.171586258336902],[3984649.579591711983085,4522322.641185808926821],[3984659.754491840489209,4522295.680685441941023],[3984629.954291431233287,4522273.465785147622228],[3984562.188490513246506,4522277.240885212086141],[3984530.688190087676048,4522274.090985174290836],[3984501.387889683712274,4522251.000784867443144],[3984479.947589391376823,4522223.480784498155117],[3984480.612489386927336,4522171.45008379407227],[3984504.197489703074098,4522149.649983493611217],[3984555.858090403489769,4522148.839683474041522],[3984603.193591044284403,4522132.539283241145313],[3984615.078691198956221,4522101.64898281916976],[3984596.838190941605717,4522071.538782414980233],[3984562.107890462502837,4522038.128581966273487],[3984530.827590034343302,4522015.288481659255922],[3984500.756989621091634,4521974.248081113211811],[3984491.866389479953796,4521887.230679933913052],[3984477.191389271058142,4521828.031679132953286],[3984436.325888708699495,4521807.296478856354952],[3984406.315488305408508,4521812.016778933815658],[3984377.065387910231948,4521830.257079187780619],[3984345.355587485712022,4521846.047079405747354],[3984271.794386486057192,4521843.43757938593626],[3984226.033885865006596,4521838.08747932408005],[3984191.123485392890871,4521860.277879633940756],[3984161.903285001404583,4521897.468180141411722],[3984134.8831846434623,4521926.77878054510802],[3984108.08298428170383,4521938.128880711272359],[3984077.567583865486085,4521930.543980611488223],[3984060.52228362346068,4521876.198379874229431],[3984037.561883298680186,4521817.687779083848],[3983988.29118261905387,4521764.617578374221921],[3983965.380982303526253,4521744.227378102950752],[3983923.810581739526242,4521745.757478133775294],[3983877.620081123430282,4521792.068078774958849],[3983818.379680324811488,4521823.14867920614779],[3983754.564079462550581,4521843.898979499936104],[3983728.838779110927135,4521825.728979263454676],[3983702.678378738462925,4521765.49837845005095],[3983671.097778295632452,4521702.31767759565264],[3983646.072177952621132,4521658.719277011230588],[3983614.552077514585108,4521636.462376718409359],[3983546.566476594191045,4521659.927677050232887],[3983489.485875824000686,4521652.497876962646842],[3983408.674674707464874,4521564.417175781913102],[3983374.454374234192073,4521543.057075501419604],[3983339.414073765743524,4521559.712375732138753],[3983308.143973351456225,4521632.198176723904908],[3983295.193873192183673,4521692.738877547904849],[3983287.24907309608534,4521729.279178048484027],[3983225.499672266189009,4521789.284678875468671],[3983181.033371683675796,4521865.34097992349416],[3983154.003071323502809,4521889.981180257163942],[3983115.647670802194625,4521903.806380455382168],[3983088.327570426743478,4521891.541480296291411],[3983087.532370409462601,4521853.171079777181149],[3983115.039570767898113,4521774.460278700105846],[3983112.72227072250098,4521741.44997825473547],[3983080.181770268827677,4521693.029577605426311],[3983042.991369759663939,4521657.40917712636292],[3982977.325468859169632,4521613.570176548324525],[3982968.790268742013723,4521611.481376519426703],[3982920.88996808603406,4521599.759076372720301],[3982862.349467291962355,4521604.269276450388134],[3982787.838666288182139,4521625.029576745815575],[3982704.007965157274157,4521667.950377350673079],[3982614.807263961993158,4521740.151278348639607],[3982529.316562823951244,4521828.58257956802845],[3982465.226361975073814,4521921.163480838760734],[3982415.245561324059963,4522016.074182144366205],[3982411.634961274452507,4522021.373982213437557],[3982351.585760481189936,4522109.515783427283168],[3982301.63305981317535,4522166.374884207732975],[3982277.155259490478784,4522194.23698459379375],[3982259.795359268784523,4522271.997885650023818],[3982251.975359172094613,4522312.358186201192439],[3982227.425258849281818,4522350.278886721469462],[3982188.094958326313645,4522377.388987097889185],[3982137.434357640799135,4522384.589287210255861],[3982080.001556858886033,4522382.183287192136049],[3982034.313356234692037,4522355.449286834336817],[3982018.896356010343879,4522299.898886089213192],[3982018.549755999352783,4522292.298985982313752],[3982015.192755942232907,4522218.697984989732504],[3982025.432556063402444,4522149.067384034395218],[3982038.182656223420054,4522118.046983614563942],[3982103.793157103005797,4522067.286282909102738],[3982169.760557983536273,4522010.206882117316127],[3982169.952057986520231,4522010.041182117536664],[3982185.093558186665177,4521971.975081603042781],[3982196.083558323327452,4521909.47438074555248],[3982197.463458319194615,4521839.603579796850681],[3982167.38285790476948,4521788.233179105445743],[3982126.252257333602756,4521753.353078645654023],[3982072.626856605987996,4521755.01817868091166],[3982040.68165618320927,4521783.233579071238637],[3981984.441355437040329,4521852.184480018913746],[3981948.080954952165484,4521886.434980493970215],[3981887.090454124379903,4521899.795180686749518],[3981853.110953660216182,4521899.151280687190592],[3981814.269753138534725,4521898.415380684658885],[3981760.914252414368093,4521920.260780995711684],[3981701.978851631749421,4522001.156582109630108],[3981635.342250753659755,4522087.613383297808468],[3981632.315350712742656,4522091.540683353319764],[3981559.797949748579413,4522192.979184746742249],[3981488.104348804336041,4522304.497486280277371],[3981485.151048767380416,4522310.134486354887486],[3981453.267448352649808,4522370.991287192329764],[3981443.910448233596981,4522407.355487684719265],[3981435.157548119779676,4522441.372088153846562],[3981430.517548071686178,4522471.632388564758003],[3981432.077748106326908,4522536.083089434541762],[3981451.39834838733077,4522631.023890716955066],[3981482.988848840352148,4522711.174591795541346],[3981532.309649530798197,4522800.905293004587293],[3981612.79845064599067,4522913.459394507110119],[3981614.209550666622818,4522915.432794538326561],[3981690.271751721389592,4523001.926995690912008],[3981719.582152126356959,4523025.267295997589827],[3981807.493153333198279,4523093.287596901878715],[3981877.924054299481213,4523142.887897554785013],[3981908.214454714208841,4523165.977897861972451],[3981951.825055319350213,4523215.11829851474613],[3981981.145455726422369,4523252.718499017879367],[3982016.155956212431192,4523308.759099770337343],[3982042.929056593216956,4523367.692100564017892],[3982045.28215662157163,4523374.255900654010475],[3982054.152856749948114,4523399.000800983980298],[3982069.226856965105981,4523441.05030155275017],[3982068.526956961490214,4523472.290601977147162],[3982074.997257065959275,4523527.881102727726102],[3982109.05775754339993,4523610.991803845390677],[3982163.808558308053762,4523711.042805190198123],[3982224.919359160587192,4523789.193406231701374],[3982259.930059641133994,4523840.803806922398508],[3982328.910860596224666,4523912.794307881034911],[3982370.761361171957105,4523938.08440821710974],[3982412.82186173601076,4523934.084208152256906],[3982471.342362527735531,4523908.173707786016166],[3982494.912462833337486,4523874.563407324254513],[3982511.532463044393808,4523792.502506207674742],[3982514.165863066446036,4523730.994005376473069],[3982516.062163076829165,4523686.701304777525365],[3982543.762163436971605,4523610.650603735819459],[3982567.302263745106757,4523555.759802985936403],[3982596.532464133109897,4523520.289502498693764],[3982648.882764832116663,4523481.348901960067451],[3982693.123165425378829,4523448.078501502983272],[3982700.953265524934977,4523419.038001104258001],[3982693.763065416365862,4523377.717800543643534],[3982684.997865284327418,4523333.563899952918291],[3982681.682865239679813,4523325.959799845702946],[3982661.152464949991554,4523278.866799214854836],[3982635.711764584761113,4523197.715998122468591],[3982626.011564435437322,4523119.255197061225772],[3982629.881364478729665,4523071.774796412326396],[3982682.821565163321793,4522926.303094426169991],[3982701.66156539786607,4522852.48249342199415],[3982699.121365354862064,4522790.73179258685559],[3982677.660965053364635,4522744.76129196677357],[3982620.275164259597659,4522698.221091350540519],[3982626.880164346657693,4522669.550790959969163],[3982692.770765229593962,4522641.910390572622418],[3982730.651165744755417,4522637.430090498179197],[3982813.832066878676414,4522662.660090824589133],[3982863.052567549515516,4522676.860191004350781],[3982941.343568621668965,4522718.570291549898684],[3982977.053969113621861,4522747.060591930523515],[3983056.354870200622827,4522809.200892756693065],[3983122.135871112346649,4522885.121393768116832],[3983160.386471645440906,4522969.702194909565151],[3983198.407172184903175,4523071.493096278980374],[3983217.743972466792911,4523155.652097416110337],[3983220.450872506946325,4523167.433197574689984],[3983227.907872625160962,4523234.564598487690091],[3983232.650772718247026,4523369.012600303627551],[3983237.818772809114307,4523472.687201708555222],[3983240.878972867503762,4523550.917902774177492],[3983264.879473215900362,4523651.988904134370387],[3983291.790073595009744,4523720.099405056796968],[3983328.031674101948738,4523763.355905629694462],[3983338.152874236926436,4523772.692205753177404],[3983416.441775315906852,4523844.910406713373959],[3983468.011276023462415,4523885.194007246755064],[3983505.092776533681899,4523914.16080763284117],[3983581.213777580764145,4523990.321208646520972],[3983619.214478109497577,4524070.222009724937379],[3983640.714878417085856,4524144.982710730284452],[3983643.274978470057249,4524213.123411652632058],[3983626.039578251075,4524272.800112464465201],[3983625.453978240024298,4524273.896312481723726],[3983588.094977751839906,4524343.834813434630632],[3983582.494977684225887,4524389.355414049699903],[3983591.405177812092006,4524424.275714525021613],[3983608.905478053260595,4524452.05581489764154],[3983631.085678362287581,4524478.836015253327787],[3983670.72627890156582,4524506.58621561806649],[3983732.516979747917503,4524535.776316003873944],[3983804.647680731024593,4524566.676416403613985],[3983848.968381334096193,4524594.166516767814755],[3983880.191081762779504,4524626.069817190989852],[3983882.10328179365024,4524628.242817221209407],[3983908.339182154275477,4524658.057117621414363],[3983931.994782486464828,4524726.689818544313312],[3983932.440082498826087,4524732.87231863103807],[3983934.809782537166029,4524765.778119076043367],[3983926.769682439975441,4524821.138619820587337],[3983936.420082577038556,4524862.089020377025008],[3984007.688983555883169,4524927.375621242448688],[3984017.162983684334904,4524936.054421357810497],[3984021.795083749573678,4524940.629221417941153],[3984088.651984667871147,4525006.660122299566865],[3984125.882585182320327,4525061.22042303159833],[3984140.952885402366519,4525112.370923722162843],[3984148.953185528051108,4525206.591924990527332],[3984151.881585578434169,4525243.10322549007833],[3984156.963585655204952,4525306.46272634062916],[3984185.594086059834808,4525370.883527206256986],[3984237.97938677854836,4525443.304428173229098],[3984242.717186846304685,4525449.854428261518478],[3984336.896088146138936,4525555.434829670935869],[3984363.066588508430868,4525618.625530520454049],[3984358.436688452027738,4525653.565730999223888],[3984338.835288196802139,4525678.146731331944466],[3984299.936187667772174,4525690.056331502273679],[3984242.085586883593351,4525664.796131170354784],[3984159.798985757865012,4525610.629830460995436],[3984157.543385728728026,4525608.263630428351462],[3984085.933384745381773,4525533.14542942494154],[3983997.992383538745344,4525456.254928400740027],[3983927.361782581545413,4525437.41492816247046],[3983879.88118193205446,4525435.26512814220041],[3983799.940280855167657,4525445.945328300818801],[3983727.30607988499105,4525496.992929009720683],[3983719.572479784023017,4525506.129929134622216],[3983681.249379274435341,4525551.406829754821956],[3983604.648978262674063,4525665.168231314979494],[3983578.669077924452722,4525737.288932297378778],[3983569.169177813455462,4525809.389733275398612],[3983561.429377731867135,4525907.310634596273303],[3983553.409077632706612,4525952.755835216492414],[3983548.009377564769238,4525983.351635626517236],[3983522.019377226941288,4526049.812236531637609],[3983472.909176583401859,4526121.963237522169948],[3983444.726776203606278,4526144.050337821245193],[3983406.558675694745034,4526173.963838238269091],[3983319.497774528339505,4526196.964338568970561],[3983242.873073494061828,4526214.283938812091947],[3983235.194973392877728,4526216.019438839517534],[3983169.716372509952635,4526233.575139096006751],[3983123.275971885770559,4526273.245839644223452],[3983093.065871492493898,4526314.616340203210711],[3983081.305871341843158,4526346.616740641184151],[3983088.496071441564709,4526387.93694119527936],[3983123.466571921017021,4526417.782241596840322],[3983180.337072701659054,4526441.697341904044151],[3983225.647673319559544,4526478.047642380930483],[3983251.038073669653386,4526511.217842824757099],[3983289.304774197284132,4526557.359543441794813],[3983297.891874314285815,4526567.713943580165505],[3983369.039575292728841,4526627.918544379062951],[3983413.580075897276402,4526636.468644482083619],[3983478.280676768627018,4526633.188344428315759],[3983533.111177504528314,4526610.227944100275636],[3983566.281477945391089,4526581.647643712349236],[3983600.161678390111774,4526530.186943008564413],[3983628.601678755134344,4526452.89604195766151],[3983628.511578742414713,4526386.465441058389843],[3983640.251478889491409,4526337.244940392673016],[3983669.451479275245219,4526280.374239617027342],[3983713.921879864297807,4526235.783639007247984],[3983758.912280469201505,4526211.61333866789937],[3983811.792781177908182,4526201.952838525176048],[3983887.083582203369588,4526212.922938658855855],[3983983.814683518372476,4526243.782939052209258],[3984067.120784644968808,4526266.829139347188175],[3984073.636084731668234,4526269.065339375287294],[3984168.406686025206,4526301.592839797027409],[3984251.637587158475071,4526351.423140454106033],[3984282.678087583277375,4526381.39344085380435],[3984309.609387955162674,4526420.083341371268034],[3984326.308688184712082,4526444.073841688223183],[3984334.9687883076258,4526482.434342203661799],[3984337.503788358531892,4526545.596343060024083],[3984337.094788354355842,4526557.784243226051331],[3984335.619188345968723,4526601.755443818867207],[3984326.859488242305815,4526671.396244757808745],[3984315.10938809113577,4526715.446845358237624],[3984284.439187691081315,4526773.3073461484164],[3984259.149087355937809,4526806.797946605831385],[3984215.638686769176275,4526836.138147008605301],[3984168.928386145737022,4526859.078547329641879],[3984094.437685148790479,4526901.249447911977768],[3983998.837083877064288,4526976.17024894990027],[3983933.226583002600819,4527034.821049753576517],[3983911.16638271138072,4527090.451750508509576],[3983908.74658268596977,4527121.201950930058956],[3983895.223482529167086,4527223.701952315866947],[3983895.840182541403919,4527231.460952417925],[3983903.36708265542984,4527326.154053692705929],[3983899.573982612229884,4527359.980554152280092],[3983899.525482618715614,4527360.412554156035185],[3983865.667082181666046,4527465.945655591785908],[3983841.91718188021332,4527549.136656715534627],[3983815.917081540916115,4527607.967157520353794],[3983761.436880827415735,4527712.108458934351802],[3983679.196379741188139,4527838.190060655586421],[3983655.796379443723708,4527911.040761644951999],[3983686.588679880835116,4528008.437862950377166],[3983748.207880734000355,4528114.872564372606575],[3983791.818481334485114,4528158.362864948809147],[3983859.249182243365794,4528171.062865109182894],[3983916.24188301153481,4528150.606064820662141],[3983925.033983125351369,4528144.479764733463526],[3983954.150083519984037,4528124.192064451053739],[3984015.06038431962952,4528046.851063394919038],[3984088.51078529516235,4527962.859962246380746],[3984176.441486455965787,4527861.378760859370232],[3984264.902087636757642,4527780.067559745162725],[3984281.087187842931598,4527740.801959211938083],[3984274.04448773805052,4527692.63535855896771],[3984270.656887691002339,4527669.466458248905838],[3984323.131988375913352,4527545.034956559538841],[3984367.302188951056451,4527457.874055375345051],[3984435.400189850945026,4527372.296854203566909],[3984440.15638991445303,4527366.319854121655226],[3984533.413391161710024,4527312.992053384892642],[3984627.614292432088405,4527289.981653055176139],[3984697.234993373975158,4527289.881353039294481],[3984723.335293727461249,4527300.92145318351686],[3984767.905794336460531,4527330.131553565151989],[3984855.816895536612719,4527393.24185440223664],[3984911.777896299026906,4527447.80695512611419],[3984920.188896412029862,4527455.202355222776532],[3985036.629198007285595,4527557.583156581968069],[3985153.632699610199779,4527679.024758198298514],[3985158.150999678298831,4527727.049358841963112],[3985140.510899455286562,4527777.144759528338909],[3985104.802098982967436,4527841.513760400004685],[3985104.433398980181664,4527842.361760412342846],[3985077.45069863088429,4527904.426461251452565],[3985071.840598560869694,4527936.906861696392298],[3985086.981198780238628,4528036.767563040368259],[3985122.781799281481653,4528128.978664277121425],[3985166.422399887349457,4528195.599165168590844],[3985229.733400748576969,4528252.589565923437476],[3985290.074001571163535,4528299.989866549149156],[3985391.505202955100685,4528349.299967198632658],[3985495.426504371222109,4528420.260368134826422],[3985539.807104981504381,4528488.350969043560326],[3985559.827405265532434,4528556.471669956110418],[3985557.427605239208788,4528601.252170563675463],[3985551.077605158090591,4528632.9924709899351],[3985525.087604823987931,4528694.043071817606688],[3985469.80710408790037,4528748.003872558474541],[3985387.496502988506109,4528829.304773668758571],[3985324.32610215106979,4528869.745574230328202],[3985257.005601255688816,4528937.98657516296953],[3985201.725200519431382,4528990.957075887359679],[3985192.905200406908989,4529019.507476273924112],[3985191.465300389099866,4529049.287776672281325],[3985197.804300483316183,4529082.953577123582363],[3985200.214900517836213,4529095.755877299234271],[3985224.115900855045766,4529171.268678311258554],[3985231.416800969280303,4529229.07037909142673],[3985232.116400976665318,4529234.609879167750478],[3985232.89640099927783,4529293.530079958960414],[3985206.906400660518557,4529363.200680897571146],[3985205.256400649901479,4529410.931481543928385],[3985218.08670083200559,4529442.401681968942285],[3985263.871601456776261,4529508.135982843115926],[3985268.714501523878425,4529515.088982932269573],[3985274.126001609489322,4529582.811683850362897],[3985229.207301023881882,4529651.273784779012203],[3985202.457300674170256,4529706.664385528303683],[3985192.237500548362732,4529783.19518656656146],[3985215.207800867501646,4529849.595787458121777],[3985239.878301212564111,4529900.236188130453229],[3985239.208301211241633,4529946.246688748709857],[3985220.428600986022502,4530068.307890399359167],[3985182.398400484584272,4530145.858891448006034],[3985146.048100005369633,4530191.919392075389624],[3985089.822899266611785,4530272.330393170937896],[3985033.977498527150601,4530328.381093939766288],[3984949.556797393132001,4530365.90179445873946],[3984858.875896180514246,4530372.152094563469291],[3984813.804295569658279,4530375.618794618174434],[3984736.924594538286328,4530381.5325947124511],[3984621.233492975588888,4530362.772694483399391],[3984521.172291621565819,4530328.382694042287767],[3984459.176590773742646,4530273.455393314361572],[3984407.790990076959133,4530255.182193081825972],[3984366.940589533187449,4530250.072393019683659],[3984286.249688442330807,4530258.302593145519495],[3984209.374387410935014,4530262.097993210889399],[3984166.398386822082102,4530230.412792795337737],[3984148.608086574822664,4530179.26209211256355],[3984146.287886523641646,4530100.781491053290665],[3984162.832886738702655,4530054.260890426114202],[3984200.778087243437767,4530008.200489796698093],[3984228.53828761074692,4529972.239889304153621],[3984236.588187703862786,4529920.809388611465693],[3984227.763887576758862,4529878.912988049909472],[3984225.519987545907497,4529875.190988000482321],[3984203.507687241304666,4529838.678687514737248],[3984160.897086658515036,4529805.028587067499757],[3984085.336285634897649,4529783.978386797010899],[3984048.67608514148742,4529786.238586837425828],[3984012.025584650225937,4529790.71868690662086],[3983975.13528415793553,4529803.068887079134583],[3983921.784783442504704,4529833.159487496130168],[3983886.66458298638463,4529879.459988133981824],[3983880.804582907818258,4529910.96038855612278],[3983877.9447828871198,4529979.120989470742643],[3983870.467282796744257,4530023.908490077592432],[3983870.426082792226225,4530024.154990080744028],[3983853.494682586751878,4530101.171191123314202],[3983810.534682021010667,4530160.782991933636367],[3983776.914481581188738,4530224.553892801515758],[3983757.662381334230304,4530273.521693461574614],[3983756.536581313703209,4530274.453193480148911],[3983707.414080665912479,4530315.095094032585621],[3983685.913980381097645,4530345.77529445104301],[3983629.143479635939002,4530415.446295403875411],[3983578.993278970010579,4530468.386896124109626],[3983536.283878416754305,4530557.356497334316373],[3983531.113478348590434,4530568.127297477796674],[3983514.91307814233005,4530629.83869831264019],[3983519.633178218267858,4530687.159199085086584],[3983568.841478904243559,4530786.070100398734212],[3983570.729078927543014,4530789.560600452125072],[3983632.255079781170934,4530903.33120196685195],[3983609.645079485140741,4530937.061602422967553],[3983596.534979312215,4530963.530802788212895],[3983576.97487906133756,4531003.022403323091567],[3983568.884778955951333,4531043.132703863084316],[3983568.465078971348703,4531124.573504956439137],[3983581.585379172116518,4531218.554406221956015],[3983613.396079617552459,4531302.665307345800102],[3983534.675378559622914,4531324.135607651434839],[3983483.024777869228274,4531345.836107956245542],[3983462.574677587486804,4531305.005707406438887],[3983425.000177083536983,4531319.231907606124878],[3983334.923475877381861,4531353.336708089336753],[3983121.421473027672619,4531432.737909199669957],[3983012.460471568163484,4531473.918809779919684],[3982812.738768904004246,4531552.570210881531239],[3982689.027667253743857,4531602.371211581863463],[3982635.450066536664963,4531625.31091189943254],[3982531.866265151649714,4531669.662212521769106],[3982456.583164139185101,4531640.323112145066261],[3982452.013764071743935,4531638.542412121780217],[3982376.324563049245626,4531615.912011837586761],[3982283.793561797589064,4531592.362211539410055],[3982236.793061167933047,4531579.362211375497282],[3982135.007159782573581,4531527.896810707636178],[3982153.551960022188723,4531487.901410170830786],[3982169.544160224497318,4531430.022109382785857],[3982171.79646025551483,4531423.083409289829433],[3982180.791960368398577,4531395.37040891777724],[3982201.171960633713752,4531350.820008317008615],[3982208.741960717365146,4531274.049107276834548],[3982212.141760746017098,4531220.658506563864648],[3982049.30015856679529,4531270.23960726428777],[3981940.579257113859057,4531304.040307749062777],[3981781.187654984183609,4531355.101208472624421],[3981702.47705393563956,4531377.801808800548315],[3981548.245651867240667,4531422.452709431760013],[3981465.104950757231563,4531449.58320982195437],[3981399.174149875994772,4531462.183510004542768],[3981301.773348568473011,4531491.054110419005156],[3981200.912447219714522,4531517.454710799269378],[3981038.071045043412596,4531561.625611432828009],[3980920.989743481390178,4531599.366411972790956],[3980871.166742815170437,4531612.65701215993613],[3980779.30134158488363,4531634.676312480121851],[3980777.196241557598114,4531633.461512468755245],[3980741.388141070492566,4531612.796912196092308],[3980646.236239776946604,4531562.124111542478204],[3980640.185339691117406,4531558.871411497704685],[3980506.669137878343463,4531487.099510567262769],[3980502.927137828897685,4531485.08801054302603],[3980502.920137828681618,4531485.084210538305342],[3980502.915737829636782,4531485.0818105423823],[3980456.10473718913272,4531459.246310209855437],[3980329.593335471581668,4531395.125909376889467],[3980262.832234549801797,4531285.935107924975455],[3980198.771133650094271,4531162.974006284959614],[3980162.205833155661821,4531133.228905897587538],[3980107.1098323748447,4530989.342603972181678],[3980080.489332003518939,4530930.562003194354475],[3980054.866431641858071,4530872.973802427761257],[3980054.862431640271097,4530872.964902421459556],[3980054.858531641308218,4530872.956202425062656],[3980026.758531245402992,4530809.801001584157348],[3980000.378030877094716,4530748.31050076149404],[3979939.507030016742647,4530618.939499041065574],[3979908.216529579367489,4530556.968798213638365],[3979855.465628835372627,4530433.007696556858718],[3979816.324728273320943,4530279.77619450725615],[3979799.034428022336215,4530226.165793794207275],[3979763.27722752513364,4530147.624492738395929],[3979738.583427174482495,4530093.384492023847997],[3979705.772826716769487,4530025.023991107009351],[3979630.747225708793849,4530038.409391307272017],[3979555.665724703110754,4530064.138191672042012],[3979482.9607237377204,4530103.315392222255468],[3979424.789922930300236,4530020.22489111777395],[3979365.269522130489349,4530031.625191288068891],[3979352.956821951083839,4529997.33979083225131],[3979328.96882161218673,4529930.544289940968156],[3979241.887820442207158,4529942.224690116941929],[3979226.342620225157589,4529907.559289653785527],[3979212.397420024499297,4529876.203889234922826],[3979124.436518844682723,4529868.074189148843288],[3978944.401216422207654,4529885.453489438630641],[3978883.364115603268147,4529903.325189691968262],[3978840.08371502533555,4529921.345789951272309],[3978796.063414435833693,4529935.915890155360103],[3978684.402412941679358,4529966.316390594467521],[3978580.601311548613012,4529985.886890891939402],[3978489.360510327387601,4530012.827491283416748],[3978357.29930856032297,4530054.578291883692145],[3978262.358507292345166,4530078.31909223087132],[3978126.847305477596819,4530121.549692848697305],[3977885.335102249402553,4530197.63119394518435],[3977857.904701883904636,4530205.551294057630002],[3977732.113600198179483,4530241.872194587253034],[3977607.412498528603464,4530272.042995030991733],[3977520.021497337147593,4530228.112694464623928],[3977495.390897003002465,4530213.507394272834063],[3977427.924996087793261,4530178.556893820874393],[3977326.499194701667875,4530120.602093072608113],[3977157.107192396186292,4530031.011691923253238],[3977026.625690616667271,4529959.331390995532274],[3976958.914889693260193,4529919.441190480254591],[3976918.734189128968865,4529856.880689647048712],[3976881.793888627085835,4529830.107989299111068],[3976814.893187728244811,4529846.181089535355568],[3976684.30208598356694,4529890.391890171915293],[3976635.601485332939774,4529902.751990353688598],[3976531.280483925715089,4529901.162390363402665],[3976442.719682732596993,4529904.472690441645682],[3976336.668581303209066,4529902.142990438267589],[3976162.256878962740302,4529915.403590674512088],[3976046.469777403399348,4529922.307190801948309],[3975909.344375560060143,4529930.484590956009924],[3975943.604576006066054,4529879.13869025465101],[3975947.784476044587791,4529828.205789568834007],[3975919.191475649829954,4529805.174189265817404],[3975896.003775334451348,4529784.842988998629153],[3975890.92087525408715,4529757.772288639098406],[3975889.270175227429718,4529748.980588513426483],[3975863.604474877472967,4529723.360988183878362],[3975858.63067480456084,4529718.39618811942637],[3975854.897974755149335,4529714.457088068127632],[3975826.692774364259094,4529684.692287674173713],[3975769.482073581311852,4529638.351887064054608],[3975762.786873466335237,4529575.761286230757833],[3975799.82597395312041,4529519.207385449670255],[3975812.792074111290276,4529468.720084762200713],[3975766.181173442862928,4529341.898983073420823],[3975717.760172736365348,4529185.557580984197557],[3975680.469372191466391,4529048.866179147735238],[3975638.458571570459753,4528894.234877080656588],[3975621.967171331867576,4528829.836476216092706],[3975607.607771114911884,4528773.76367546711117],[3975578.437170681077987,4528638.782573655247688],[3975498.946269603446126,4528629.652473560534418],[3975411.845368433278054,4528625.222673521377146],[3975383.527368047274649,4528621.299073482863605],[3975351.159767605829984,4528612.972873382270336],[3975325.854067253880203,4528570.860272826626897],[3975311.714167054742575,4528539.64217240549624],[3975287.178866715636104,4528521.262172166258097],[3975245.60246615530923,4528534.9548723641783],[3975240.333266087342054,4528536.690272394567728],[3975236.133066032081842,4528537.978172410279512],[3975195.122965483460575,4528550.552772594615817],[3975154.287564933300018,4528551.897872624918818],[3975118.636264438275248,4528501.915271962992847],[3975083.771663949359208,4528455.532071348279715],[3975014.285363018512726,4528469.23597156163305],[3975013.279863001313061,4528469.579471562989056],[3974890.429861363954842,4528511.553272168152034],[3974859.409460940398276,4528505.613272096030414],[3974826.320760472677648,4528452.532271393574774],[3974799.802660105284303,4528404.062870746478438],[3974793.885460015386343,4528393.247570605017245],[3974709.352158830035478,4528250.291168701834977],[3974617.486357606947422,4528301.231869421899319],[3974575.002957050688565,4528335.07566989492625],[3974518.305656299460679,4528380.242970523424447],[3974444.590355316177011,4528416.621771035715938],[3974442.364455284085125,4528417.870771055109799],[3974271.423653015401214,4528513.785172405652702],[3974151.262551411986351,4528564.065973129123449],[3973978.030949101783335,4528642.797374251298606],[3973823.719647044781595,4528714.81857527513057],[3973727.648745763115585,4528757.159175876528025],[3973682.688145138323307,4528694.798775049857795],[3973641.627644552849233,4528613.968073982745409],[3973560.086243409197778,4528488.717172320000827],[3973518.345842824317515,4528432.746471581049263],[3973512.985542729962617,4528361.4057706175372],[3973511.305142682977021,4528287.85516962595284],[3973486.844842341262847,4528251.264769143424928],[3973456.998341926839203,4528222.74926876090467],[3973430.733441563788801,4528194.524868400767446],[3973400.233741138130426,4528161.214167954400182],[3973374.563340779859573,4528131.763867571018636],[3973388.003040946088731,4528088.543166982010007],[3973389.502740967087448,4528085.952666945755482],[3973424.453541419003159,4528025.582666116766632],[3973445.273641682695597,4527990.592165638692677],[3973449.823541730176657,4527946.04196503572166],[3973440.523341580294073,4527875.951164094731212],[3973400.252641014754772,4527817.020663313567638],[3973369.372140584513545,4527768.880262674763799],[3973327.001840004697442,4527752.030162462964654],[3973301.571339649148285,4527718.149862014688551],[3973260.120939072687179,4527677.179761476814747],[3973217.621338489465415,4527653.078461159951985],[3973215.782338470686227,4527651.497261144220829],[3973190.360038115177304,4527629.639260856434703],[3973169.589637826662511,4527591.078960346058011],[3973176.508937903679907,4527553.283259832300246],[3973176.564237901009619,4527552.980959829874337],[3973214.129938394762576,4527507.298159203492105],[3973202.689538227394223,4527463.537758608348668],[3973177.369137849193066,4527380.457057495601475],[3973144.33843736583367,4527271.06595603376627],[3973121.532937018200755,4527165.829854622483253],[3973093.957336619030684,4527084.800853538326919],[3973012.976535528432578,4527101.674653790891171],[3973004.766735439188778,4527154.835154515691102],[3973008.507135530002415,4527263.326155978254974],[3973002.557235474232584,4527333.946956935338676],[3972999.247335446998477,4527383.40755760576576],[3972973.797235123347491,4527431.708158268593252],[3972907.956534245517105,4527462.888558707199991],[3972858.526233582757413,4527470.648758832365274],[3972831.425833212211728,4527459.658658692613244],[3972782.515432556159794,4527477.749058954417706],[3972737.744931953959167,4527478.119158974848688],[3972679.474531170446426,4527492.309659191407263],[3972611.193930266890675,4527532.600259760394692],[3972483.142728553153574,4527580.931160460226238],[3972419.108127693179995,4527603.034060775302351],[3972332.231426531914622,4527633.021961214020848],[3972250.685625432990491,4527637.917361307889223],[3972179.459924472030252,4527636.392561320215464],[3972141.865623972844332,4527664.073061705566943],[3972117.266523652710021,4527679.264361918903887],[3972083.806523182895035,4527632.040261293761432],[3972019.267922271974385,4527538.672060058452189],[3971975.607221639715135,4527408.400958311744034],[3971919.576120820827782,4527253.809556250460446],[3971853.21501987054944,4527098.018054167740047],[3971791.81391898682341,4526958.686852311715484],[3971871.033020047005266,4526938.935352013446391],[3971874.291320090647787,4526938.094352003186941],[3971913.995020621456206,4526927.846151849254966],[3971873.734120024368167,4526780.094849865883589],[3971861.263919838238508,4526719.604249054566026],[3971831.363219380378723,4526583.392947227694094],[3971730.612318033818156,4526626.233647842891514],[3971670.695117233321071,4526647.841948164626956],[3971527.110515311360359,4526699.625148910097778],[3971341.768712834455073,4526759.676249790936708],[3971189.137310788035393,4526811.267150548286736],[3971116.886809822171926,4526840.247750968672335],[3970916.825007152743638,4526914.859052055515349],[3970699.633004258386791,4527019.7708535566926],[3970511.9515017606318,4527121.162354997359216],[3970476.351001258473843,4527057.781854155473411],[3970422.520400539040565,4527076.632254434749484],[3970380.519999947398901,4527013.271753597073257],[3970315.869199077133089,4527032.641953881829977],[3970272.348898491822183,4527040.882254010997713],[3970227.858497903682292,4527057.972654258832335],[3970302.60939894290641,4527131.823055225424469],[3970388.210600131656975,4527216.463656339794397],[3970432.151100744027644,4527267.764057008549571],[3970424.461200663354248,4527336.184757935814559],[3970394.781000278424472,4527365.785158345475793],[3970343.640699588228017,4527379.945558561943471],[3970241.819598220754415,4527390.315958741120994],[3970162.138797151390463,4527401.116358918137848],[3970042.897795549593866,4527432.446959391236305],[3969975.077094648499042,4527462.397359814494848],[3969808.225692422594875,4527535.678660876117647],[3969717.274891213048249,4527564.46916130091995],[3969634.154090092517436,4527577.979661514051259],[3969574.042589272372425,4527561.224261318333447],[3969565.429889177437872,4527615.251362050883472],[3969556.396289062220603,4527619.142662102356553],[3969513.523088491521776,4527637.610662367194891],[3969534.783388789277524,4527676.170962886884809],[3969582.534089477267116,4527773.711664180271327],[3969529.013788771815598,4527815.4422647645697],[3969556.224189160391688,4527868.752865479327738],[3969567.384389324579388,4527901.443165910430253],[3969534.964088895358145,4527921.703366199508309],[3969494.683888357598335,4527947.163866553455591],[3969533.402388903312385,4527995.693867197260261],[3969552.454689168836921,4528019.574367510154843],[3969571.524889448191971,4528065.409668119624257],[3969606.240589931607246,4528119.678168838843703],[3969618.091890108305961,4528157.112069341354072],[3969610.297890006098896,4528164.94886944629252],[3969520.134888831991702,4528255.606870707124472],[3969455.824587985873222,4528309.907771470025182],[3969337.233486422337592,4528395.358672671020031],[3969298.633085905108601,4528408.259072860702872],[3969217.372484833467752,4528469.499973715282977],[3969149.361983938142657,4528519.870574425905943],[3969023.5608822661452,4528581.231675303541124],[3968961.009881378151476,4528471.680673857219517],[3968895.139380494132638,4528494.24117418192327],[3968812.453479396179318,4528524.381374628283083],[3968808.571079345420003,4528525.796574644744396],[3968656.93717731628567,4528566.732575259171426],[3968592.206276398152113,4528469.731873980723321],[3968548.685875819530338,4528477.97207411006093],[3968518.085375390481204,4528445.331873680464923],[3968431.114774235524237,4528490.842574331909418],[3968321.793872784357518,4528549.443475171923637],[3968262.563271997030824,4528572.983875506557524],[3968155.407370566856116,4528612.759576094336808],[3968091.301769719924778,4528652.915076663717628],[3968068.361569407396019,4528630.095076364465058],[3967902.890267225913703,4528761.436878208070993],[3967811.878966024611145,4528814.81967896129936],[3967807.068365961313248,4528813.351678947918117],[3967777.529165558982641,4528804.337578839622438],[3967747.689565161243081,4528826.94477915763855],[3967686.728564370423555,4528886.268579980358481],[3967775.979765640571713,4529047.67018212005496],[3967842.73076659347862,4529166.810983695089817],[3967877.928267091047019,4529225.994984480552375],[3967904.521867466159165,4529270.711985073052347],[3967847.55126672051847,4529308.262585598044097],[3967772.610765720717609,4529346.353186142630875],[3967742.294765321537852,4529365.915486420504749],[3967675.349864439573139,4529409.114187029190361],[3967655.849664168898016,4529383.823886700905859],[3967612.119263587519526,4529409.774187067523599],[3967547.79876274196431,4529460.634887783788145],[3967435.957961276173592,4529542.131188929080963],[3967396.89756075758487,4529564.746589252725244],[3967337.57705997209996,4529599.726889746263623],[3967175.835657814517617,4529656.258090578019619],[3967032.564355915877968,4529717.659191469661891],[3966977.7438551816158,4529731.339391682296991],[3966931.822954496368766,4529583.59818971157074],[3966879.952453806530684,4529599.728389948606491],[3966729.017751800827682,4529657.631090795621276],[3966687.78055121563375,4529589.918789901770651],[3966634.552650494500995,4529591.58008994627744],[3966626.721250389236957,4529591.824589953757823],[3966524.198949015233666,4529603.399590160697699],[3966487.298348477110267,4529515.178688989020884],[3966372.510346936993301,4529533.891089290380478],[3966366.862146863713861,4529534.811889309436083],[3966359.970846765674651,4529524.286389162763953],[3966308.025446030776948,4529444.947388121858239],[3966273.944245545193553,4529380.613387267105281],[3966230.676644968334585,4529393.826187463477254],[3966148.904643883462995,4529431.083888006396592],[3966104.932943257503211,4529366.725787156261504],[3966080.143242911901325,4529329.645186671987176],[3966037.873042307328433,4529266.417685834690928],[3965983.290041533764452,4529175.537084633484483],[3965987.008041584398597,4529171.097184570506215],[3966003.112241789698601,4529151.866584308445454],[3965942.901440947782248,4529083.876083415932953],[3965901.45094036590308,4529042.155782874673605],[3965861.360539831686765,4529044.975982928648591],[3965823.388639329466969,4529067.917683255858719],[3965702.938837739173323,4529140.691484294831753],[3965693.598937614820898,4529146.334484373219311],[3965551.398035746067762,4529241.158685714006424],[3965425.386934081092477,4529318.749986821785569],[3965386.722533549182117,4529304.118686640635133],[3965379.078433448914438,4529299.48748658131808],[3965275.095232019666582,4529236.489685783162713],[3965209.254631143994629,4529274.800186328589916],[3965137.334230209700763,4529336.010987187735736],[3965052.663529098033905,4529413.49208827316761],[3964967.242427898570895,4529304.721186842769384],[3964924.311627300456166,4529260.418986269272864],[3964879.569026675075293,4529214.247185666114092],[3964877.395126643590629,4529212.003885639831424],[3964775.899925244506449,4529146.050184795632958],[3964726.639424572698772,4529127.980184575542808],[3964721.229024461470544,4529036.719183352775872],[3964702.158824177458882,4528988.788882707245648],[3964597.927322702016681,4528838.497580737806857],[3964574.051622369326651,4528808.232680338434875],[3964568.464122284669429,4528801.149980245158076],[3964519.836321633774787,4528801.557580273598433],[3964484.236021166667342,4528828.717880654148757],[3964415.14542024442926,4528844.64808090031147],[3964382.118819807656109,4528869.898081257008016],[3964380.272419784683734,4528872.427781295962632],[3964350.865019408985972,4528912.719181851483881],[3964334.928419210016727,4528944.64558229316026],[3964330.906619156245142,4528952.702682400122285],[3964325.464919100515544,4528982.419882797636092],[3964316.275119001511484,4529040.750583590939641],[3964305.885118897072971,4529113.851384582929313],[3964285.105118639301509,4529162.871885254979134],[3964257.445018291473389,4529212.882485946640372],[3964233.059517984744161,4529255.448886526748538],[3964227.252117907628417,4529265.586086666211486],[3964194.994617499876767,4529323.523787463083863],[3964137.014316753484309,4529399.699688511900604],[3964098.603916234336793,4529388.114688381552696],[3964099.573616225738078,4529338.784187709912658],[3964078.523415915668011,4529284.22378698643297],[3964040.112915388774127,4529274.973786882124841],[3963997.332614818122238,4529285.663987047038972],[3963941.481914065778255,4529283.354087042622268],[3963877.411113186273724,4529247.603886593133211],[3963849.050912788603455,4529221.603686256334186],[3963813.10041230218485,4529210.873686127364635],[3963752.529811475425959,4529194.303685938939452],[3963695.419310697354376,4529179.203785758465528],[3963647.348510033916682,4529144.143485309556127],[3963576.487609033472836,4529051.822884101420641],[3963533.507008424028754,4528987.232383251190186],[3963445.795607169624418,4528846.251081392168999],[3963319.75640536705032,4528634.641778601333499],[3963317.039005328435451,4528630.353878542780876],[3963217.712303918320686,4528473.628076479770243],[3963120.600802525877953,4528311.746874342672527],[3963078.360101926606148,4528249.616173529066145],[3962990.658900673966855,4528112.075171709060669],[3962926.407899752259254,4528005.474270310252905],[3962895.257299304008484,4527949.953969572670758],[3962869.026998927816749,4527893.923368826508522],[3962796.066397958435118,4527932.743969392031431],[3962748.135897321160883,4527952.064169669523835],[3962587.934595194179565,4528028.265370783396065],[3962513.243894210550934,4528066.346171336248517],[3962436.823293193243444,4528101.976671855896711],[3962383.087892474606633,4528111.226972006261349],[3962335.282391837332398,4528129.067272267304361],[3962271.651790997944772,4528163.677772765979171],[3962197.770790030714124,4528217.59827352873981],[3962126.279289082624018,4528258.38477411866188],[3962126.244889080990106,4528258.397774117998779],[3962073.794588389806449,4528278.258274409919977],[3962001.557587433606386,4528319.572575005702674],[3961963.659086923114955,4528326.879075123928487],[3961962.795486910734326,4528327.045575129799545],[3961939.148886586073786,4528304.050374824553728],[3961918.168486286420375,4528277.289974479004741],[3961913.898486209567636,4528246.299874063581228],[3961921.388286289293319,4528192.399173330515623],[3961924.728386311791837,4528153.028872797265649],[3961916.967986185569316,4528103.348372132517397],[3961874.897685613483191,4528105.188372176140547],[3961817.826984846033156,4528106.318572217598557],[3961760.006484064273536,4528104.748872229829431],[3961710.285983389709145,4528097.258772154338658],[3961627.55468221521005,4527976.427970566786826],[3961572.764181442558765,4527911.127469716593623],[3961469.412980044726282,4527905.49776969011873],[3961402.072079096920788,4527836.787168798968196],[3961314.440777854993939,4527726.796367360278964],[3961280.780477415770292,4527743.85666760802269],[3961196.819676307961345,4527791.617468296550214],[3961188.268776189070195,4527793.907868325710297],[3961114.609175207093358,4527813.637568634934723],[3961110.819075156003237,4527814.65266864746809],[3961024.608173993416131,4527817.35806873254478],[3960975.887773334980011,4527813.298168702051044],[3960918.727072546258569,4527782.458168315701187],[3960837.865971419494599,4527720.417667523957789],[3960786.265270688105375,4527649.947166595607996],[3960773.604970492888242,4527607.90686603449285],[3960813.205371025484055,4527601.896565934643149],[3960797.105170791037381,4527563.316265422850847],[3960765.534870349802077,4527531.906065010465682],[3960719.77426973124966,4527532.276365046389401],[3960641.60356868384406,4527557.81666543148458],[3960589.493167990352958,4527572.966965664178133],[3960563.442867649719119,4527585.577265848405659],[3960533.012267203070223,4527522.676865013316274],[3960480.921866509597749,4527545.446965348906815],[3960391.241165325976908,4527591.197866010479629],[3960358.517364849802107,4527530.919365217909217],[3960355.473864806815982,4527525.313165137544274],[3960290.969763890840113,4527445.816664105281234],[3960217.798162870574743,4527381.371463275514543],[3960214.197062821127474,4527376.324163211509585],[3960176.748162288218737,4527323.83556251693517],[3960124.117361530661583,4527237.615061382763088],[3960087.326861005742103,4527187.034560713917017],[3959982.395959614310414,4527235.03546142205596],[3959911.135358668398112,4527266.465861883014441],[3959868.384958105161786,4527290.93636223487556],[3959813.15465738158673,4527335.606962868012488],[3959741.663956439588219,4527378.607663488015532],[3959611.682854718063027,4527441.188764402642846],[3959533.532153685111552,4527471.649164854548872],[3959335.520551069639623,4527584.850966492667794],[3959252.029949978459626,4527645.091767352074385],[3959248.960249986033887,4527740.932768646627665],[3959214.989949552342296,4527779.273469182662666],[3959135.969348523300141,4527859.444370307959616],[3959070.718947683926672,4527932.685271328315139],[3959056.659047536086291,4528010.95617238804698],[3959046.473347455728799,4528115.136373803019524],[3959046.877347467001528,4528126.785573961213231],[3959047.929447500500828,4528157.117674370296299],[3959076.53974789660424,4528182.387674693949521],[3959139.600548766087741,4528213.218075079843402],[3959188.015949439723045,4528240.032875409349799],[3959179.251149361487478,4528322.108876527287066],[3959187.041449504438788,4528384.579477365128696],[3959189.681649575009942,4528455.180278315208852],[3959203.142049793619663,4528521.330779198557138],[3959223.472550100181252,4528582.78128002025187],[3959243.739450392313302,4528613.212380420416594],[3959259.782950620632619,4528637.301780735142529],[3959292.401451079640538,4528667.872781128622591],[3959336.35875169467181,4528709.070881658233702],[3959340.611451753880829,4528713.056581711396575],[3959367.6691521294415,4528744.470882119610906],[3959397.934752561151981,4528780.872982590459287],[3959414.764952811878175,4528821.913283139467239],[3959430.504553036764264,4528854.420183571055532],[3959455.335753403138369,4528905.703984246589243],[3959486.246153849177063,4528966.644385047256947],[3959516.746754311025143,4529056.615286245010793],[3959558.517354913055897,4529130.80588722974062],[3959601.693255533929914,4529195.877188079059124],[3959603.570655557326972,4529198.706688113510609],[3959639.213256051298231,4529223.961488435976207],[3959672.978856521658599,4529246.386688721366227],[3959736.859857411589473,4529306.497189502231777],[3959768.230257866438478,4529356.607590155676007],[3959770.870457934215665,4529423.518091056495905],[3959704.479957045055926,4529437.95839128177613],[3959707.955157154705375,4529545.349692733027041],[3959699.830457093659788,4529638.490593991242349],[3959709.130657259840518,4529714.001295004971325],[3959708.401057304348797,4529811.922296320088208],[3959702.711357272230089,4529893.748097426258028],[3959722.511557563673705,4529939.573498034849763],[3959757.562058057170361,4529981.553898582234979],[3959738.342057819478214,4530019.37429909966886],[3959751.642158025875688,4530071.624799792654812],[3959767.502458258531988,4530113.655200355686247],[3959804.863158809486777,4530195.485901433974504],[3959847.083659407217056,4530251.716102167963982],[3959866.614259705413133,4530323.897003129124641],[3959884.524459967855364,4530362.577303647063673],[3959936.445360721088946,4530460.858104936778545],[3959977.546061324886978,4530557.689006215892732],[3960019.856661941390485,4530651.56980745960027],[3960054.957362452987581,4530714.460408291779459],[3960089.077762942295521,4530776.370809104293585],[3960009.497061898000538,4530830.711709875613451],[3959973.808861434925348,4530856.566510243341327],[3959869.766160074621439,4530931.943211311474442],[3959899.916460511274636,4530982.553511979058385],[3959867.862960087601095,4531006.063412314280868],[3959881.30646028323099,4531036.899812716990709],[3959880.266460270155221,4531037.565512727946043],[3959828.305959593970329,4531070.824613206088543],[3959731.305358324665576,4531142.175614209845662],[3959640.616157126612961,4531180.64421478100121],[3959586.553956409916282,4531203.576615119352937],[3959522.203555567655712,4531248.027315752580762],[3959552.603956010192633,4531301.58781645540148],[3959577.354356371797621,4531356.388217180967331],[3959587.949456529691815,4531382.899917530827224],[3959591.442056574858725,4531391.639317645691335],[3959598.785056713502854,4531459.909218559972942],[3959602.195256802253425,4531541.099919653497636],[3959592.99535670876503,4531598.69062043260783],[3959565.659856368787587,4531639.563520992174745],[3959564.794456355739385,4531640.506221006624401],[3959528.254855886101723,4531680.301721561700106],[3959508.194855638314039,4531723.902122161351144],[3959500.703155547380447,4531744.699422443285584],[3959497.48395550949499,4531753.636022566817701],[3959447.394554864615202,4531810.173223353922367],[3959412.651954415719956,4531831.746923656202853],[3959386.689454067964107,4531844.832523852586746],[3959345.15875351568684,4531853.00402398314327],[3959289.763052763417363,4531839.37392383441329],[3959223.352251847740263,4531801.038823352195323],[3959196.454551472328603,4531768.954522932879627],[3959175.01555116660893,4531743.381522600539029],[3959131.481050571426749,4531717.253322274424136],[3959069.18044972140342,4531694.29312199819833],[3959030.769949195440859,4531685.783321909606457],[3958998.259448752272874,4531672.823121748864651],[3958974.099248417653143,4531653.452921504154801],[3958950.638948084320873,4531619.552821062505245],[3958914.868447586894035,4531582.002520572394133],[3958872.997947008814663,4531566.372420383617282],[3958829.86254644067958,4531583.087820638902485],[3958788.237345895264298,4531614.563421080820262],[3958759.037045525852591,4531645.153621506877244],[3958729.856945152860135,4531682.374122021719813],[3958720.596945041790605,4531715.124522471800447],[3958719.359145064838231,4531779.560023338533938],[3958720.41724511096254,4531836.175624099560082],[3958725.907345197629184,4531866.915924509055912],[3958746.187645490746945,4531905.736325018107891],[3958764.947945759166032,4531929.806525331921875],[3958763.308145757764578,4531962.286825772374868],[3958755.82314568804577,4532016.677426504902542],[3958776.058445969596505,4532039.25752679631114],[3958795.753846262581646,4532093.033127506263554],[3958796.152346272021532,4532094.687827534973621],[3958808.559046467766166,4532146.208428215235472],[3958807.989346492569894,4532210.669229086488485],[3958782.719046167097986,4532236.819529446773231],[3958631.40224417950958,4532317.077930608764291],[3958629.910044157411903,4532317.869330624118447],[3958533.567042887210846,4532365.161531310528517],[3958368.8955407156609,4532433.492832318879664],[3958289.474439666606486,4532462.491032753139734],[3958260.984539288561791,4532472.893332907930017],[3958116.453437380958349,4532529.364433748647571],[3958045.682736448012292,4532561.535034220665693],[3957948.851735172327608,4532606.06583487149328],[3957890.401434409432113,4532647.806535464711487],[3957854.281033931765705,4532667.576635754667222],[3957789.430533088278025,4532707.357236323878169],[3957704.92983197979629,4532760.96813708730042],[3957612.369130780454725,4532838.219238182529807],[3957482.45072909258306,4532931.795739511027932],[3957421.14302828675136,4532964.739639986306429],[3957370.156927558593452,4532893.22053905762732],[3957337.586427099537104,4532857.630338595248759],[3957295.266126532107592,4532856.500338607467711],[3957259.575626050122082,4532848.720338520593941],[3957213.630125410389155,4532811.52233805321157],[3957171.9945248211734,4532759.879737381823361],[3957138.244124358985573,4532743.479637177661061],[3957115.313824041746557,4532723.369536923244596],[3957095.78362375497818,4532688.479336467571557],[3957084.133323583286256,4532655.289036028087139],[3957068.982923342380673,4532598.738435274921358],[3957115.971323966514319,4532578.428034969605505],[3957121.107424036134034,4532576.207934943959117],[3957133.273424167186022,4532530.177434319630265],[3957168.953824654221535,4532532.78743433021009],[3957173.283824688289315,4532494.647033813409507],[3957267.209325879346579,4532373.71553213801235],[3957235.893925447016954,4532348.085431810468435],[3957213.933525138534606,4532324.275131505914032],[3957172.398324591107666,4532342.960431784391403],[3957111.672423727344722,4532262.785030737519264],[3957075.14182320702821,4532217.354730146937072],[3957036.814422677271068,4532189.301629790104926],[3957028.137922557070851,4532182.95102971419692],[3957022.836622485890985,4532179.23262965772301],[3956876.219420454464853,4532076.393728370778263],[3956791.418419277761132,4532010.923227538354695],[3956749.737818694673479,4531975.353027081117034],[3956638.913917248602957,4532048.775728127919137],[3956602.856816780287772,4532072.664428478106856],[3956561.076016172301024,4531993.063827426172793],[3956544.597315932624042,4531956.569426946341991],[3956506.1452153660357,4531871.412825824692845],[3956465.279514777008444,4531802.468224918469787],[3956569.29541613580659,4531746.011424103751779],[3956532.474815608933568,4531682.87082327529788],[3956501.661415165290236,4531632.26172261685133],[3956475.64401478599757,4531589.530122048221529],[3956412.643013883847743,4531485.859120696783066],[3956339.792012850753963,4531400.424519588239491],[3956238.65131153492257,4531471.049620596691966],[3956167.62061059800908,4531499.280121019110084],[3956132.597610102966428,4531461.616220531985164],[3956100.519709651358426,4531427.119520090520382],[3956051.409008955117315,4531372.129219378344715],[3955992.638208120595664,4531288.378518283367157],[3955932.867407261859626,4531198.237717106938362],[3955901.436706793028861,4531126.71721616666764],[3955889.021606604102999,4531079.511715536005795],[3955923.106707033701241,4531036.3662149310112],[3955978.367107759229839,4530999.325514406897128],[3956003.558808074332774,4530963.71611390914768],[3956007.878208125941455,4530957.610513826832175],[3955998.357107979711145,4530925.214813399128616],[3955931.746307043824345,4530855.014312489889562],[3955904.000806655269116,4530826.198312122374773],[3955875.505606253631413,4530796.603911738842726],[3955806.20460528600961,4530735.273510951548815],[3955720.50540409097448,4530672.423010163009167],[3955694.543303731363267,4530653.382909916341305],[3955603.102202460169792,4530587.432609083130956],[3955565.841601941268891,4530545.942308546975255],[3955519.380901262629777,4530465.861607499420643],[3955494.870500900316983,4530407.611106727272272],[3955487.855600772891194,4530349.194905944168568],[3955501.420300910715014,4530273.499804919585586],[3955510.410101003013551,4530227.229304292239249],[3955443.529300053138286,4530145.958603235892951],[3955379.09829913219437,4530061.238102135248482],[3955290.757097889203578,4529961.087200836278498],[3955248.136497272644192,4529889.596599897369742],[3955190.705696440301836,4529801.415898745879531],[3955167.475296106189489,4529758.665498185902834],[3955109.874695319216698,4529747.245598062872887],[3955042.173994398210198,4529731.92559789866209],[3955012.483493997715414,4529730.067197890952229],[3954977.953193532768637,4529727.905797885730863],[3954893.11489237472415,4529698.040697528980672],[3954838.501591607462615,4529651.735496941953897],[3954808.701291197910905,4529641.725396822206676],[3954765.830790607258677,4529617.235496523790061],[3954663.369589200709015,4529571.485195966437459],[3954600.458988342434168,4529552.205195738002658],[3954594.392488262150437,4529555.992695801891387],[3954571.963687966577709,4529569.995396004058421],[3954470.647686583921313,4529539.7453956566751],[3954390.616685486398637,4529512.635495339520276],[3954302.485784290358424,4529493.175395131111145],[3954251.275283590424806,4529479.285594972781837],[3954217.147383117582649,4529454.508294658735394],[3954209.994283020030707,4529449.315094595775008],[3954170.364182449411601,4529396.334993908181787],[3954148.053682111203671,4529328.724293007515371],[3954134.673481902107596,4529290.87389250472188],[3954119.043081665877253,4529241.703591852448881],[3954072.497681025415659,4529221.283491609618068],[3953975.681779751554132,4529268.644192303530872],[3953889.681178617756814,4529313.634892964735627],[3953847.920678071677685,4529338.345293323509395],[3953745.480076728388667,4529400.356294218450785],[3953688.209475972689688,4529423.386694569140673],[3953627.278775167185813,4529454.537195025011897],[3953615.398674992378801,4529426.027094648219645],[3953591.93427465390414,4529391.740694197826087],[3953540.297873964998871,4529402.471894378773868],[3953433.626872551161796,4529445.427595020271838],[3953359.60627156496048,4529461.117995276115835],[3953296.405670721549541,4529472.348395469598472],[3953265.435270312707871,4529483.498495640233159],[3953244.957670021802187,4529460.788295346312225],[3953241.446069972589612,4529461.568695357069373],[3953198.831969402264804,4529471.038995513692498],[3953152.744268792681396,4529479.348895654082298],[3953086.583567905705422,4529487.759095814079046],[3953054.452367433346808,4529426.342995],[3953010.392266772687435,4529325.937793678604066],[3952966.191766140516847,4529262.087192841805518],[3952945.381265818607062,4529201.856792042963207],[3952885.710765048861504,4529248.507492708042264],[3952830.980464342050254,4529301.788093463517725],[3952815.570364159531891,4529339.218293975107372],[3952785.627963775768876,4529372.1573944427073],[3952716.939662900287658,4529447.719895503483713],[3952659.52926216321066,4529511.840696401894093],[3952581.478761160280555,4529585.101697441190481],[3952558.074160853400826,4529601.429097671061754],[3952506.078160176053643,4529637.70239819586277],[3952419.407559057697654,4529710.253499226644635],[3952318.736457751598209,4529797.561400465667248],[3952317.49465773999691,4529798.519100477918983],[3952237.716156698763371,4529860.045501355081797],[3952177.505755904596299,4529885.78590174484998],[3952130.775255281943828,4529892.296201864257455],[3952041.944254081696272,4529888.096401862800121],[3952003.583853572141379,4529897.286502011120319],[3951938.723352720960975,4529932.147002523764968],[3951851.28275158116594,4529990.918003366328776],[3951822.068351214751601,4530035.548403990454972],[3951793.674750846810639,4530061.360904355533421],[3951760.118550414219499,4530086.528204717673361],[3951729.789350022561848,4530111.372605070471764],[3951678.809449333697557,4530112.341005114838481],[3951620.731148527003825,4530072.977104622870684],[3951569.106247808784246,4530034.90390414558351],[3951520.707747151143849,4530019.739303972572088],[3951482.957146652974188,4530038.776104250922799],[3951449.723646223545074,4530072.332304728217423],[3951413.586245752405375,4530086.529304939322174],[3951370.350345172919333,4530091.691905036568642],[3951312.917644397821277,4530090.401405057869852],[3951250.967743554152548,4530076.849904917180538],[3951195.470742793753743,4530059.426904712803662],[3951167.909942420665175,4530057.7045047134161],[3951162.413442345801741,4530057.361004712991416],[3951162.409242349676788,4530057.360604712739587],[3951072.861541136167943,4530049.747604665346444],[3951002.522640186361969,4530046.521304668858647],[3950943.15403938991949,4530045.23080469109118],[3950830.224537872709334,4530058.782804945483804],[3950724.39343645889312,4530069.108105158433318],[3950672.123035751283169,4530067.817605174146593],[3950632.113835206255317,4530056.202005043625832],[3950601.784034787677228,4530044.586504906415939],[3950524.991933729499578,4530005.222704423591495],[3950425.613932378590107,4529983.282404199242592],[3950392.702831934671849,4529982.637104210443795],[3950334.625031160190701,4530002.642204515635967],[3950288.162530535366386,4530001.996904540807009],[3950254.606230080593377,4529996.834504496306181],[3950232.020329759921879,4529972.312804176472127],[3950204.271829360630363,4529929.722303620539606],[3950140.901928457897156,4529860.674102732911706],[3950110.056228045374155,4529860.028902746737003],[3950079.081227635964751,4529874.225802955217659],[3950054.559327320195735,4529892.294703220948577],[3950025.520426938775927,4529911.654003497213125],[3949988.725126454606652,4529926.743103727698326],[3949951.470925956498832,4529928.2711037741974],[3949927.110425601247698,4529886.809903227724135],[3949923.582725525368005,4529844.461802658624947],[3949929.412325597833842,4529836.63800255395472],[3949942.27502575982362,4529819.374802308157086],[3949958.407525952905416,4529781.946701794862747],[3949968.087126061320305,4529749.035601343028247],[3949988.091726311482489,4529725.804401021450758],[3949978.412026151549071,4529684.504500471055508],[3949937.75722558517009,4529654.175000089220703],[3949912.374925230629742,4529630.943999787792563],[3949939.047725566662848,4529600.291599361225963],[3949968.086525940336287,4529572.22029896825552],[3949975.823926015291363,4529523.236798296682537],[3949970.647625937126577,4529516.719298214651644],[3949960.671525795478374,4529504.15829805098474],[3949950.662925648968667,4529491.556397886946797],[3949944.855025554541498,4529463.162697513587773],[3949932.916725369635969,4529424.444096993654966],[3949911.502025070600212,4529411.13789683021605],[3949899.683124901726842,4529403.794096741825342],[3949894.520524814259261,4529370.237996290437877],[3949886.776724679861218,4529325.066195687279105],[3949858.059724278748035,4529303.448095415718853],[3949815.469623688608408,4529287.315795228816569],[3949805.467123537324369,4529259.244694855064154],[3949805.467023506760597,4529216.654094282537699],[3949730.610822502989322,4529216.654294333420694],[3949604.129820805508643,4529224.398494519293308],[3949462.161318899132311,4529239.886394824832678],[3949352.600017436314374,4529263.297095220535994],[3949311.158516883850098,4529272.152295362204313],[3949167.899314979556948,4529310.871495983563364],[3949033.674713217187673,4529383.146797046996653],[3948939.459611992817372,4529445.09709794819355],[3948834.97871063137427,4529509.820098886266351],[3948831.166310583706945,4529512.59279893245548],[3948782.003709942102432,4529548.347499444149435],[3948752.097809548489749,4529564.235099676996469],[3948746.400909479707479,4529567.261599725112319],[3948712.310209019575268,4529567.707099755294621],[3948664.803108363412321,4529546.156599490903318],[3948663.758408344816417,4529545.255999486893415],[3948628.419507847167552,4529514.791799097321928],[3948588.410207286011428,4529482.52619868889451],[3948538.075706583447754,4529447.679598256014287],[3948485.160105868242681,4529436.064098136499524],[3948423.210205032490194,4529437.354798194020987],[3948374.202004378195852,4529451.680398417636752],[3948339.319803919643164,4529461.876998579129577],[3948306.868903493508697,4529483.137998891063035],[3948264.463702943641692,4529510.92079929728061],[3948179.282701830845326,4529562.546000053174794],[3948056.673600214067847,4529612.880700812675059],[3947835.977397305425256,4529703.224902182817459],[3947651.418594872578979,4529786.470903432928026],[3947587.537894037086517,4529820.472203937359154],[3947581.082793951965868,4529823.908003989607096],[3947511.342593047302216,4529870.685704666189849],[3947441.047292135190219,4529919.405805370770395],[3947386.841291439719498,4529967.804306057281792],[3947357.157091055531055,4529995.875406457111239],[3947344.250790866557509,4529965.868406064808369],[3947332.392790681682527,4529933.719305641017854],[3947282.836490012239665,4529930.131405629217625],[3947282.736590011045337,4529930.124205627478659],[3947222.609489207621664,4529936.507205758243799],[3947179.373488608747721,4529914.56660548876971],[3947168.080388431437314,4529878.752005020156503],[3947179.586988562252373,4529844.129704542458057],[3947183.349988605361432,4529837.90120445471257],[3947194.537888741586357,4529819.383204199373722],[3947208.930488903541118,4529773.758403573185205],[3947209.771388914436102,4529767.497803490608931],[3947213.897088945377618,4529736.783303074538708],[3947207.443788826465607,4529689.675402442924678],[3947208.249988817609847,4529666.296702122315764],[3947208.492188818287104,4529659.272002030164003],[3947221.640488964971155,4529616.110001439228654],[3947216.800488878041506,4529580.295200961641967],[3947188.72938847495243,4529551.57880059350282],[3947162.916988120414317,4529538.027300426736474],[3947131.941887693945318,4529530.283700346946716],[3947081.607587015256286,4529525.121300309896469],[3947012.559186080470681,4529518.668600272387266],[3946968.677885487675667,4529518.668600304052234],[3946941.574885128065944,4529527.057700441218913],[3946917.05308481445536,4529545.126600700430572],[3946892.776284501422197,4529565.107600982300937],[3946861.879084092564881,4529579.97360120434314],[3946826.556083612609655,4529572.692501133307815],[3946821.239983537234366,4529568.637901078909636],[3946793.798583153635263,4529547.708200821653008],[3946770.638282820116729,4529519.915900460444391],[3946755.201282599475235,4529501.391500224359334],[3946751.677682551555336,4529497.163200167939067],[3946726.685882170218974,4529436.714799369685352],[3946726.685682128183544,4529383.799298658035696],[3946725.394982055295259,4529299.908897534944117],[3946736.81938216695562,4529238.630696697160602],[3946738.482882180251181,4529229.708396577276289],[3946744.753982229158282,4529179.880695899017155],[3946718.295981846749783,4529139.87149538192898],[3946655.8428809880279,4529121.611595177091658],[3946646.950680867303163,4529120.129595160484314],[3946626.016280583105981,4529116.640395130962133],[3946561.485179708804935,4529107.606295054778457],[3946543.416279452387244,4529085.665794773958623],[3946519.926879100967199,4529045.656594247557223],[3946473.72257848829031,4529052.109794370830059],[3946440.166278029326349,4529040.494294236414135],[3946418.22557771159336,4529013.39129388704896],[3946416.934877664782107,4528977.253793403506279],[3946413.062877591233701,4528938.53519288264215],[3946396.284777340013534,4528912.722692545503378],[3946349.82227671565488,4528912.722692579962313],[3946263.000475552864373,4528925.439292812719941],[3946251.0346753988415,4528929.12109287083149],[3946157.519674158655107,4528957.895293327979743],[3946006.516872184351087,4529046.948794635012746],[3945954.892071520909667,4529086.958195212297142],[3945877.454770490992814,4529112.77089561149478],[3945780.895369204692543,4529132.624495953321457],[3945739.358168654609472,4529141.165096097625792],[3945690.269767998717725,4529158.34609636478126],[3945679.625567861367017,4529162.071496422402561],[3945668.981267720926553,4529165.797096479684114],[3945610.296066947281361,4529186.337196802720428],[3945414.121564358007163,4529267.646998037584126],[3945371.144763787277043,4529281.712398260831833],[3945272.153262479230762,4529314.109998766332865],[3945130.184760632924736,4529399.291600023396313],[3945054.683359642047435,4529438.010500596836209],[3944986.280458728317171,4529453.498200858011842],[3944916.586857789661735,4529451.562500885687768],[3944876.577457239851356,4529441.237700775265694],[3944840.555256763938814,4529449.123500907793641],[3944835.277756726834923,4529499.961101595312357],[3944826.88875663978979,4529532.872202049009502],[3944802.387256338261068,4529576.167502644471824],[3944784.298456131480634,4529623.86110330093652],[3944779.910456108860672,4529667.355203890241683],[3944779.073656134773046,4529720.804004609584808],[3944778.974956136662513,4529727.110904697328806],[3944786.880156280007213,4529772.282805300317705],[3944798.495856463443488,4529809.065605787560344],[3944802.367956535425037,4529841.976506231352687],[3944795.439956453628838,4529851.803706365637481],[3944772.683656168635935,4529884.083106813952327],[3944769.457256152760237,4529926.512307390570641],[3944826.244656916707754,4529925.22160733025521],[3944824.308956958819181,4530016.21040855627507],[3944778.491956369951367,4530046.540309000760317],[3944784.945356522686779,4530144.627610312774777],[3944798.766856777481735,4530233.66421150136739],[3944800.972456811461598,4530238.810511567629874],[3944819.792657094541937,4530282.72421214543283],[3944876.911257871426642,4530288.668212193995714],[3944903.038058266043663,4530345.964412936009467],[3944933.831458761356771,4530459.909714447334409],[3944960.470959172584116,4530532.781015413813293],[3944985.477159526199102,4530554.722615689970553],[3945031.455660137347877,4530543.429415500722826],[3945072.755560693796724,4530539.557515424676239],[3945074.046460786834359,4530644.098016825504601],[3945068.884360779542476,4530731.860318012535572],[3945059.850060703698546,4530793.810318848118186],[3945076.628360967617482,4530841.563419483602047],[3945139.869261897634715,4530956.428720980882645],[3945216.016563057433814,4531135.825023340061307],[3945290.873064169660211,4531279.08392521739006],[3945305.715464420616627,4531350.068226154893637],[3945310.232864521909505,4531411.372826972976327],[3945334.109564876183867,4531457.189927576109767],[3945352.178465153090656,4531497.84452810883522],[3945377.668465543538332,4531560.439528932794929],[3945366.574465405661613,4531581.944429233670235],[3945355.911765279248357,4531602.613429517485201],[3945366.375765450764447,4531641.748930034227669],[3945367.989165492355824,4531673.853330466896296],[3945359.955065386835486,4531681.738630574196577],[3945341.854065160267055,4531699.504530827514827],[3945337.337165128439665,4531743.708231422118843],[3945297.973064623307437,4531768.230231787078083],[3945257.963964094407856,4531786.944332064129412],[3945250.488864018581808,4531814.272432436235249],[3945250.757564020343125,4531818.369332493282855],[3945252.801464069634676,4531849.53963290899992],[3945265.812364275567234,4531885.105333377607167],[3945267.852864306420088,4531889.696333439089358],[3945284.4221645523794,4531926.976933928206563],[3945308.298864913638681,4531983.764334676787257],[3945301.845664855558425,4532019.901835164055228],[3945248.930364176630974,4532059.911135741509497],[3945145.680562813766301,4532098.630136338062584],[3945113.019362383056432,4532112.919536555185914],[3945083.730762002058327,4532125.733536746352911],[3945064.45866177463904,4532172.090137381106615],[3945064.545861780177802,4532177.146837454289198],[3945065.662361840717494,4532241.889538320712745],[3945078.568862066138536,4532306.420839183032513],[3945066.953261933289468,4532334.814539570361376],[3945015.328361249528825,4532355.464639887213707],[3944962.681160528678447,4532332.50193961430341],[3944953.91516040218994,4532323.735939505510032],[3944932.728360098786652,4532302.549339232034981],[3944905.625259717926383,4532272.865138852968812],[3944877.231359330005944,4532262.540338737890124],[3944846.256558920256793,4532279.318438984453678],[3944825.606658674776554,4532318.037239521741867],[3944799.794358370359987,4532370.952740252949297],[3944768.819557971321046,4532401.927840689197183],[3944737.844557569827884,4532423.868541005067527],[3944700.416357044130564,4532391.60304060485214],[3944662.342956512235105,4532362.5641402406618],[3944626.85085604339838,4532373.534640413708985],[3944615.880655914545059,4532400.960240789689124],[3944649.436856389977038,4532428.385841134935617],[3944669.441756681539118,4532456.77974150236696],[3944694.608957041054964,4532488.399741907604039],[3944711.387157299090177,4532530.990542466752231],[3944706.224857266992331,4532589.068443251773715],[3944689.446857079397887,4532635.530843886546791],[3944680.420156996231526,4532683.940744543448091],[3944698.325457263272256,4532722.295345046557486],[3944721.712757593952119,4532745.233745337463915],[3944755.914458077400923,4532775.563245720230043],[3944772.692558319773525,4532798.794446018524468],[3944772.375558335799724,4532829.419246430508792],[3944753.978758113458753,4532858.4858468323946],[3944740.427357958164066,4532902.044447429478168],[3944743.008558021392673,4532936.891347893513739],[3944726.230757827404886,4532980.127148483879864],[3944667.507357059046626,4533002.713348833844066],[3944625.562156491912901,4533004.003948883153498],[3944592.65125606674701,4533020.137149124406278],[3944566.838955739978701,4533053.370649591088295],[3944566.839055754244328,4533070.729349822737277],[3944566.839155766181648,4533084.667950006201863],[3944550.124555558897555,4533113.127750405110419],[3944543.592555481474847,4533124.249550556764007],[3944541.541455455590039,4533127.741750608198345],[3944542.199255469255149,4533129.300050629302859],[3944557.332455696072429,4533165.150851095095277],[3944568.773455873131752,4533196.387151511386037],[3944550.162055644206703,4533225.241351909004152],[3944549.981255643069744,4533225.521651908755302],[3944545.329155602026731,4533260.40805238392204],[3944579.507656074594706,4533273.286452529020607],[3944598.782156360801309,4533313.80955306161195],[3944598.867956363130361,4533316.053053091280162],[3944600.39605641271919,4533356.021653627976775],[3944615.23825663421303,4533381.726553960703313],[3944598.49305642163381,4533399.030054207891226],[3944579.746356187853962,4533418.401854477822781],[3944614.593256670050323,4533447.333254843950272],[3944661.055657307151705,4533458.303354957140982],[3944710.640757991466671,4533481.74115523416549],[3944726.232258231844753,4533524.124855789355934],[3944741.074658454395831,4533556.713156216777861],[3944759.122058698441833,4533562.45225628092885],[3944783.181259023956954,4533570.103156360797584],[3944812.398459447082132,4533608.047856854274869],[3944835.290459781419486,4533648.024257373064756],[3944839.69845986366272,4533680.510457808151841],[3944817.867059588897973,4533704.166458141058683],[3944788.828159208875149,4533710.619958249852061],[3944765.919658914208412,4533729.656558519229293],[3944771.404959018342197,4533774.183059113100171],[3944804.315859484486282,4533802.899259470403194],[3944834.000359894242138,4533816.45075963344425],[3944848.197260114829987,4533863.23556024953723],[3944834.000559946522117,4533893.242960661649704],[3944801.089659526012838,4533917.11956100910902],[3944757.85395896807313,4533951.3211615011096],[3944743.011758797802031,4533986.168061979115009],[3944745.91595886554569,4534031.662462583743036],[3944773.987159274984151,4534078.447463193908334],[3944813.351259833667427,4534117.488763684406877],[3944857.877860443666577,4534130.717263831757009],[3944889.498060875106603,4534139.106363924220204],[3944915.310561238322407,4534162.337664217688143],[3944932.734261490404606,4534190.731164583936334],[3944940.80066162860021,4534232.99896514415741],[3944947.253861747216433,4534270.42716564424336],[3944975.002362138591707,4534300.756666028872132],[3944991.457962387241423,4534336.894066501408815],[3944960.482961973641068,4534341.734066587872803],[3944931.121361578349024,4534335.926466528326273],[3944896.919961127918214,4534351.736566765233874],[3944861.105060658417642,4534361.093766922131181],[3944826.742360214702785,4534384.647767262533307],[3944831.743660317268223,4534434.014067919924855],[3944872.720960876904428,4534452.727868142537773],[3944909.503761362750083,4534438.531067918986082],[3944951.448861923534423,4534433.04576781578362],[3944982.642362357582897,4534458.616168135777116],[3944989.038362445309758,4534463.859268204309046],[3945032.112963032443076,4534471.441468274220824],[3945066.959763508755714,4534484.347568426281214],[3945068.25046354578808,4534517.258368859998882],[3945038.566263170447201,4534543.716169237159193],[3945010.817962811794132,4534562.43046950828284],[3944973.389862312469631,4534561.785269528627396],[3944942.414761886466295,4534552.750969429500401],[3944916.602361530996859,4534537.908969248645008],[3944861.734460797160864,4534538.28236929140985],[3944844.0049605849199,4534576.950669824145734],[3944831.098860438913107,4534610.829270286485553],[3944816.256760264281183,4534646.321670781821012],[3944838.842760586179793,4534668.262171054258943],[3944861.105860852170736,4534626.962070484645665],[3944881.351561107672751,4534602.553070141933858],[3944898.692761340644211,4534611.46777025051415],[3944916.279661586042494,4534620.508770356886089],[3944950.696462051011622,4534625.025870393030345],[3944967.904962280765176,4534627.284470410086215],[3944996.298762684687972,4534650.192770695313811],[3944991.889262644108385,4534680.522671106271446],[3944953.708462138660252,4534686.007871209643781],[3944914.483961620368063,4534697.780871391296387],[3944899.179561431054026,4534724.404071762226522],[3944856.911660872399807,4534731.825271889567375],[3944816.579660322517157,4534723.113671809434891],[3944794.316460037138313,4534740.859872064553201],[3944792.703260050155222,4534779.578472578898072],[3944825.291660500690341,4534799.905772826634347],[3944859.170460949186236,4534795.38857274223119],[3944888.209461327176541,4534783.450072561390698],[3944905.747161569539458,4534787.170172592625022],[3944920.152161765377969,4534790.225772625766695],[3944951.423062171321362,4534776.03787241410464],[3944967.582662369124591,4534745.699171997606754],[3944999.686962799634784,4534746.021671979688108],[3945002.752262861467898,4534779.900572433136404],[3944979.84366257628426,4534803.777172766625881],[3944947.410862158983946,4534830.708673152141273],[3944910.150261662434787,4534835.397573242895305],[3944881.433861287310719,4534845.722673398442566],[3944859.815961007494479,4534867.663373714312911],[3944805.093760313466191,4534919.288374441675842],[3944814.644460469949991,4534955.748574928380549],[3944842.39286085171625,4534965.428075035102665],[3944861.429561082739383,4534938.647674659267068],[3944891.436461478471756,4534924.12807444576174],[3944913.630961777642369,4534927.196674470789731],[3944941.609462157357484,4534931.064974501729012],[3944957.903462353628129,4534901.864674100652337],[3944968.613662467338145,4534866.098873606882989],[3945002.752562935464084,4534874.761373706161976],[3945011.464363082312047,4534923.805074350908399],[3945009.851363093126565,4534965.427574910223484],[3945009.792963119689375,4534999.417175370268524],[3945004.912563057616353,4535006.031875461339951],[3944983.608662790153176,4535034.906175863929093],[3945021.823563311714679,4535046.032475984655321],[3945061.15376384370029,4535049.640776003710926],[3945091.913764276076108,4535081.260776400566101],[3945072.546864025760442,4535089.019076518714428],[3945055.668763804715127,4535095.780376622453332],[3945045.798663695342839,4535127.07957705296576],[3945061.228463929146528,4535169.040877604857087],[3945096.646464451681823,4535225.810678338631988],[3945093.419964429922402,4535262.593378834426403],[3945055.730863930191845,4535264.786878891289234],[3945016.627963408827782,4535267.110878948122263],[3945015.337363412138075,4535296.795279349200428],[3945025.043263562954962,4535328.020979758352041],[3945027.598463631235063,4535369.069880309514701],[3945024.074963603168726,4535399.122480714693666],[3945001.384763319976628,4535429.071881131269038],[3944964.974162864498794,4535471.754481727257371],[3944961.917762828990817,4535480.027781840413809],[3944946.289762652013451,4535522.33178242482245],[3944915.742562249768525,4535534.909682610072196],[3944884.339861831162125,4535537.496882666833699],[3944855.946261465083808,4535559.437582981772721],[3944851.094961432740092,4535594.999983463436365],[3944818.51836101943627,4535626.550083911046386],[3944750.689960136078298,4535661.319484427571297],[3944746.208160073496401,4535663.616884457878768],[3944477.149156581610441,4535815.627286698669195],[3944146.75015230756253,4536012.448389575816691],[3943997.924550379626453,4536096.058890809305012],[3943986.188350223004818,4536102.652290900237858],[3943940.896049646660686,4536144.737791500985622],[3944011.235450650565326,4536226.692292543128133],[3944042.210451104678214,4536277.026493194513023],[3944053.180851280223578,4536317.681193732656538],[3944061.570051424670964,4536358.980994276702404],[3944125.441152381710708,4536493.952996036969125],[3944127.707252412103117,4536498.74179610144347],[3944146.491352700162679,4536542.759996673092246],[3944176.436253152322024,4536613.878897603601217],[3944201.525853514205664,4536643.014897977001965],[3944208.985753619112074,4536651.677998084574938],[3944236.450554023496807,4536700.995698719285429],[3944243.549154160544276,4536757.137699472717941],[3944245.485254225321114,4536810.698600185103714],[3944244.840054244268686,4536846.190700660459697],[3944232.579254116397351,4536901.042301399633288],[3944220.741253989282995,4536941.176601951941848],[3944206.121853827964514,4536990.740702621638775],[3944193.86105370381847,4537039.784403288736939],[3944192.570653742644936,4537112.704604260623455],[3944186.76335379248485,4537285.648206576704979],[3944196.443253977224231,4537362.440207596868277],[3944220.470454331021756,4537408.597208198159933],[3944220.717954338062555,4537409.072608205489814],[3944221.110354347620159,4537409.743408213369548],[3944249.68175475904718,4537458.591508844867349],[3944229.999754525255412,4537492.793209314346313],[3944195.372054067905992,4537501.917509465478361],[3944167.081853663548827,4537469.239509053528309],[3944132.557853198144585,4537459.882408947683871],[3944081.416752531658858,4537487.308409352786839],[3944097.065752774942666,4537527.962909887544811],[3944113.521353019867092,4537560.873810313642025],[3944094.807552792131901,4537587.331610682420433],[3944058.992652322165668,4537603.787110928446054],[3944026.727051893714815,4537612.176411068998277],[3943988.653551377356052,4537603.142310967668891],[3943931.220850622281432,4537609.918011106550694],[3943918.314850470982492,4537643.797011568211019],[3943918.3150504976511,4537673.481411964632571],[3943923.47745059337467,4537709.618912443518639],[3943936.383850784040987,4537740.593612847849727],[3943947.999550962820649,4537773.504413276910782],[3943947.354350987356156,4537817.385613865219057],[3943947.354551035445184,4537875.72631464432925],[3943947.354551038239151,4537880.112114703282714],[3943881.982450231444091,4537972.943115997128189],[3943859.592549955006689,4538003.235616417601705],[3943765.76794878160581,4538103.904517833143473],[3943762.286648733541369,4538107.7763178832829],[3943631.153047095984221,4538253.617219933308661],[3943511.125445598270744,4538402.039522003382444],[3943362.303643749561161,4538586.579424583353102],[3943356.050843676552176,4538594.332924695685506],[3943347.207043565809727,4538605.086624842137098],[3943295.054142914712429,4538668.502425724640489],[3943202.667541765142232,4538772.449127186089754],[3943149.752241081092507,4538807.296127689071],[3943091.67414032202214,4538822.783827941864729],[3943063.417439937125891,4538815.457927864976227],[3943021.980539370328188,4538804.715127750299871],[3942997.458639024756849,4538777.612327409908175],[3942966.483438594732434,4538752.445327092893422],[3942949.705338345374912,4538718.889126661233604],[3942957.771738425362855,4538683.719526189379394],[3942962.575238452292979,4538639.254125589504838],[3942963.828638466075063,4538627.651525435969234],[3942989.714438807684928,4538626.286725399084389],[3943025.851939303800464,4538641.612725572660565],[3943039.403239445760846,4538594.343724932521582],[3943031.336739308666438,4538555.302324413321912],[3942992.618038781918585,4538541.750924261286855],[3942958.093838325701654,4538548.526924377307296],[3942933.249538010451943,4538571.758124710060656],[3942896.566337548661977,4538601.686625133268535],[3942895.697537531144917,4538602.395425143651664],[3942894.875537522602826,4538602.371025147847831],[3942841.937936813104898,4538600.797425168566406],[3942834.839436698704958,4538573.049024801701307],[3942855.456836944445968,4538536.92542430665344],[3942856.700836962554604,4538535.341524283401668],[3942889.045337360352278,4538494.159623704850674],[3942856.779736920259893,4538475.606923481449485],[3942830.322136569302529,4538486.577423652634025],[3942806.006936275865883,4538519.117724108509719],[3942797.178836161736399,4538528.427424234338105],[3942779.342635940294713,4538547.236724501475692],[3942734.030535349156708,4538567.275724806822836],[3942693.516134802717716,4538556.486524688079953],[3942693.540234785526991,4538537.076124431565404],[3942693.56493477197364,4538517.151724164374173],[3942669.91333444789052,4538510.665524093434215],[3942657.378534277901053,4538507.22792405821383],[3942645.527434105984867,4538487.689623803831637],[3942633.501933930907398,4538467.863923551514745],[3942603.172233521472663,4538463.34682351257652],[3942576.069133181590587,4538494.321823951788247],[3942552.089132884051651,4538519.444024302065372],[3942550.527732860762626,4538521.079824327491224],[3942514.119432388804853,4538535.622024549171329],[3942484.43503198819235,4538530.459624499082565],[3942420.549231112003326,4538504.97002421412617],[3942331.496129911392927,4538488.192024057731032],[3942173.263727779034525,4538463.021323840133846],[3942162.16232762625441,4538461.081323822960258],[3942051.430726138409227,4538441.730723650194705],[3941960.007524892687798,4538414.58902335818857],[3941803.630922771058977,4538368.165822862647474],[3941555.571019397582859,4538291.38602202385664],[3941544.085419239476323,4538287.831021987833083],[3941469.359218257945031,4538308.798122328706086],[3941389.231917226687074,4538360.890323083847761],[3941386.541817194782197,4538365.229223149828613],[3941351.912816775497049,4538421.082723920233548],[3941319.647516388446093,4538475.289024666883051],[3941215.10711504239589,4538537.239125576801598],[3941176.388714597560465,4538631.454826867207885],[3941110.567113768309355,4538690.823627706617117],[3941033.636012786999345,4538754.375828622840345],[3941027.575212710071355,4538759.382628692314029],[3941068.233513318933547,4538838.155629711225629],[3941071.910513374488801,4538843.961329786106944],[3941119.602214066777378,4538919.264030756428838],[3941072.17591349221766,4538989.237631726078689],[3941040.874613106716424,4539035.420432367362082],[3940980.215712411794811,4539181.261134357191622],[3940905.360011524986476,4539325.810836348682642],[3940879.547911263071001,4539430.351637766696513],[3940843.410710845608264,4539510.370238862000406],[3940811.145310487598181,4539600.714040090329945],[3940768.555410041473806,4539756.879542207345366],[3940740.161809728015214,4539833.026343245990574],[3940719.512009509839118,4539907.882844256237149],[3940719.512309563346207,4539978.867045207880437],[3940719.512509620282799,4540045.979446103796363],[3940701.444009442813694,4540132.451147273182869],[3940685.043709277641028,4540196.326548133976758],[3940676.922409190796316,4540227.957448560744524],[3940676.922509232535958,4540278.291549230925739],[3940696.282109528314322,4540326.044549855403602],[3940702.735409647226334,4540368.635050419718027],[3940701.232009675353765,4540426.522551187314093],[3940700.154409691691399,4540468.013151743449271],[3940702.736009811982512,4540573.844353153370321],[3940700.155009850859642,4540665.478554376401007],[3940683.363109681289643,4540736.161455331370234],[3940676.896009595599025,4540739.731855379417539],[3940565.93060817103833,4540800.994256284087896],[3940359.431105476338416,4540871.979457400739193],[3940248.437604024540633,4540908.11705796699971],[3940262.521504247095436,4540954.329158573411405],[3940289.737904686015099,4541043.632459741085768],[3940310.388305063825101,4541175.275961480103433],[3940312.970005211420357,4541321.116563416086137],[3940302.645305121317506,4541377.903764180839062],[3940180.036303553264588,4541455.341565310955048],[3940158.095803287811577,4541487.607165756635368],[3940121.958602885715663,4541593.438367197290063],[3940094.855802583508193,4541661.841668128035963],[3940060.009202158544213,4541714.757168856449425],[3940038.221501932479441,4541791.371769892051816],[3940034.502101887948811,4541802.165470041334629],[3940020.754801737610251,4541842.059970584698021],[3940009.029901609290391,4541876.085371050983667],[3939943.208600850775838,4542022.57127305213362],[3939880.613800128921866,4542155.505674867890775],[3939839.959399661049247,4542253.269976203329861],[3939799.305099201388657,4542351.035377534106374],[3939775.910198945552111,4542421.220478487201035],[3939759.69399877358228,4542478.222279259935021],[3939760.091698788572103,4542485.381179359741509],[3939762.522898855153471,4542529.141479931771755],[3939783.81829917198047,4542571.086680476553738],[3939798.01529939007014,4542610.450480988249183],[3939797.370099417399615,4542653.686481561511755],[3939765.104599000886083,4542663.366381716914475],[3939723.563898421823978,4542633.542281358502805],[3939719.167098363861442,4542630.385581320151687],[3939634.751397213898599,4542600.126280980184674],[3939516.01409562677145,4542592.382680973038077],[3939448.901694736909121,4542589.801680994220078],[3939353.39559345273301,4542581.412980958819389],[3939306.932892789132893,4542517.527080144733191],[3939194.648391216527671,4542424.602679005824029],[3939164.067690788302571,4542399.755878697149456],[3939132.698290355503559,4542374.268478386104107],[3939105.826389957219362,4542324.029877737164497],[3939104.420089935418218,4542321.40077770780772],[3939073.329289468936622,4542259.403376903384924],[3939027.711988838855177,4542226.665876507759094],[3938981.694888200145215,4542201.325376206077635],[3938961.044787894003093,4542163.897575726732612],[3938936.522787529975176,4542117.434975125826895],[3938897.803986984305084,4542081.297674681060016],[3938839.72588618658483,4542045.160674247890711],[3938811.331985781900585,4542011.604273826815188],[3938808.750685724895447,4541981.920073425397277],[3938799.716185569763184,4541942.556072914041579],[3938795.198885475285351,4541903.837272399105132],[3938791.972285406198353,4541870.281371956691146],[3938799.070485460571945,4541820.26957128662616],[3938792.752085350919515,4541792.034370915032923],[3938788.745485282503068,4541774.129870682023466],[3938809.072885542176664,4541752.18907037563622],[3938834.903085866943002,4541736.423570136539638],[3938838.860385908279568,4541721.603369938209653],[3938852.792286052834243,4541669.42776923161],[3938866.550586231984198,4541666.284369178116322],[3938895.866786620113999,4541659.586569065228105],[3938899.738486637827009,4541623.44896858651191],[3938878.443186324089766,4541585.053268090821803],[3938858.438386035617441,4541557.950267744250596],[3938835.91178570734337,4541517.852967232465744],[3938831.042185630183667,4541509.185267118737102],[3938810.123585289809853,4541434.590866141021252],[3938809.74938528938219,4541432.800166117958724],[3938801.650485145393759,4541394.041265608742833],[3938805.522185157053173,4541341.125564896501601],[3938804.876685087569058,4541272.077463977970183],[3938797.132684946991503,4541219.484263284131885],[3938784.871684757992625,4541187.864362878724933],[3938762.930984441190958,4541160.43856252823025],[3938706.143483647610992,4541117.202662000432611],[3938695.173083478584886,4541086.873161603696644],[3938694.527683424763381,4541035.248360918834805],[3938699.044583438895643,4540974.589060103520751],[3938718.124983666930348,4540945.619559704326093],[3938748.088184076827019,4540955.874759817495942],[3938792.614784664940089,4540955.229259772226214],[3938812.941984921693802,4540934.25665947329253],[3938809.788684858940542,4540910.86405916325748],[3938806.663084802217782,4540887.676758855581284],[3938827.13868503831327,4540845.526158280670643],[3938872.632985636591911,4540835.846358113922179],[3938904.781486078165472,4540848.518158258870244],[3938917.021886243019253,4540858.534658379852772],[3938944.101486628875136,4540880.695258652791381],[3938972.333786984439939,4540857.786758326925337],[3938970.075086926110089,4540821.649157848209143],[3939001.695387335494161,4540812.614857698790729],[3939043.963287921622396,4540834.555257957428694],[3939090.264488541986793,4540844.718858053907752],[3939094.620088567957282,4540806.161457536742091],[3939051.907087954692543,4540752.386556856334209],[3939074.214188228361309,4540716.47905636113137],[3939105.106188618112355,4540693.231756029650569],[3939070.83008813066408,4540658.175655582919717],[3939061.063387968111783,4540617.114255046471953],[3939059.388887907844037,4540566.189554368145764],[3938719.04798335256055,4540546.747454388998449],[3938438.482679594308138,4540526.442954348400235],[3938326.698478098958731,4540518.354854331351817],[3938265.18767728144303,4540515.471554347313941],[3938236.365976899396628,4540517.525454396381974],[3938228.633376795332879,4540520.567854443565011],[3938165.370675973594189,4540545.458354827947915],[3938121.401675408706069,4540567.637255161069334],[3938019.53047409048304,4540619.02435592841357],[3937765.278070806059986,4540746.796757840551436],[3937676.225169650278986,4540776.481458312831819],[3937600.484968647360802,4540791.277458566240966],[3937484.89396712789312,4540813.857958968728781],[3937445.026566605549306,4540821.646059107035398],[3937398.741265994962305,4540830.688559263944626],[3937087.701261896640062,4540884.895660243928432],[3936667.65455637127161,4540969.361961727030575],[3936612.752255648840219,4540980.403161923401058],[3936419.158853090368211,4541006.216262428089976],[3935974.846847156528383,4540988.112762568518519],[3935970.637247099541128,4540988.076762567274272],[3935662.515842993743718,4540985.442762801423669],[3935585.23654196690768,4540984.783162853680551],[3935526.047541175037622,4540984.278362901881337],[3935487.794740662444383,4540983.977262928150594],[3935033.029434602707624,4540980.407963277772069],[3934906.548332914710045,4540977.826963355764747],[3934787.887431390117854,4541038.585264265537262],[3934630.355529403313994,4541170.130866153165698],[3934581.699628785718232,4541207.471066691912711],[3934453.37942716665566,4541305.949768114835024],[3934370.8606261247769,4541367.537669008597732],[3934361.099725993350148,4541373.2867690930143],[3934277.950524929445237,4541422.261169820092618],[3934181.219623694662005,4541479.236470663920045],[3934136.539023115765303,4541500.605570986866951],[3934096.361322594806552,4541514.728871213272214],[3934059.255822111386806,4541523.118071354925632],[3934015.052121548447758,4541550.382571756839752],[3933983.216721123084426,4541549.14577176515013],[3933975.204020981676877,4541517.471871353685856],[3933980.527721027377993,4541485.367670918814838],[3933984.399521045852453,4541449.229970440268517],[3933963.964620756451041,4541431.376470217481256],[3933944.067720516584814,4541456.973970574326813],[3933908.3065200522542,4541466.411670732311904],[3933898.734319882467389,4541417.771470093168318],[3933911.237019997090101,4541367.356469410471618],[3933945.788120454642922,4541362.650869320146739],[3933946.655420469585806,4541363.182269320823252],[3933991.255721087567508,4541390.506769648753107],[3934035.701521668117493,4541379.21346946246922],[3934064.593522022478282,4541339.01636889949441],[3934047.268721758387983,4541310.010568528436124],[3934014.728621303103864,4541277.899768126197159],[3933989.23872093623504,4541246.924867738038301],[3933959.554320528171957,4541232.082867562770844],[3933923.416820043232292,4541230.792267587035894],[3933888.570019570179284,4541220.467367473989725],[3933865.661319230683148,4541186.265967041254044],[3933867.274519220925868,4541148.837766542099416],[3933868.565019202884287,4541109.473766015842557],[3933850.496118926908821,4541065.59276544302702],[3933825.974118561949581,4541022.356964888982475],[3933802.097618222236633,4541001.061764631420374],[3933797.257718126755208,4540968.796064199879766],[3933825.974118512589484,4540966.214864141307771],[3933861.14351900992915,4540999.448064557276666],[3933898.464119521901011,4541012.677064696326852],[3933896.892519470769912,4540984.86006432864815],[3933896.313019456341863,4540974.603664191439748],[3933919.221419735345989,4540944.596563776955009],[3933936.32211992982775,4540908.620363280177116],[3933937.299019904341549,4540860.752162640914321],[3933973.34502039803192,4540879.99546286277473],[3934006.779020877555013,4540919.550863365642726],[3934040.217321331612766,4540929.915363470092416],[3934069.256321691442281,4540895.068462978117168],[3934065.223021588753909,4540844.73416231572628],[3934064.828521588351578,4540843.557162295095623],[3934052.155221379827708,4540805.746661809273064],[3934051.832521381787956,4540805.008761799894273],[3934037.462421154137701,4540772.148161369375885],[3934033.118521092925221,4540762.214961242862046],[3934032.150421039201319,4540719.866460679098964],[3934051.134621284436435,4540710.142660532146692],[3934058.6081213792786,4540706.314860476180911],[3934061.51182139152661,4540674.901960054412484],[3934020.373220830690116,4540660.175259890966117],[3933984.397120364941657,4540673.565460102632642],[3933965.03782012918964,4540700.507360481657088],[3933956.165020037908107,4540732.127360909245908],[3933938.902919837739319,4540761.005261308513582],[3933904.83871939452365,4540779.97236158978194],[3933877.275719012133777,4540756.165661298669875],[3933864.725118816830218,4540724.325760884210467],[3933839.975118461064994,4540694.538660510443151],[3933815.385618128813803,4540691.742260494269431],[3933795.318617856595665,4540689.460160482674837],[3933791.181217772420496,4540657.683260063640773],[3933820.487918133847415,4540626.135659614577889],[3933839.201718357391655,4540590.320859123021364],[3933829.522018200717866,4540561.604358745738864],[3933784.350117589812726,4540548.053058611229062],[3933746.921917059458792,4540519.336658259853721],[3933715.301716629881412,4540510.947558175772429],[3933673.033716047182679,4540488.039357906207442],[3933635.543815559707582,4540502.419858132489026],[3933605.193615184631199,4540532.94025856629014],[3933605.190815181937069,4540532.943058562465012],[3933562.793214637320489,4540550.742558840662241],[3933550.747314450331032,4540523.209058485925198],[3933554.977114476263523,4540487.505458006635308],[3933556.984114469494671,4540451.012257519178092],[3933545.455414278432727,4540410.279756979085505],[3933507.582113781478256,4540421.146657161414623],[3933288.105711036361754,4540618.070859983563423],[3933257.169510653242469,4540651.609060455113649],[3933200.223609948996454,4540713.345061331056058],[3933150.00960932765156,4540767.783562099561095],[3932909.954306311439723,4540969.121464995667338],[3932738.3018041360192,4541096.893666856922209],[3932653.120703044813126,4541140.775267519056797],[3932499.536701031960547,4541175.622468113899231],[3932341.675798937678337,4541184.840968384407461],[3932334.093998830299824,4541185.283768393099308],[3932210.797197198029608,4541189.587968563660979],[3932163.974696570076048,4541191.111068626865745],[3932113.640395921189338,4541210.470468931831419],[3931980.706494238227606,4541305.977070325054228],[3931718.419790955726057,4541540.762373684905469],[3931428.321087245363742,4541708.045076183974743],[3931385.592886698432267,4541728.37277649063617],[3931283.256985407788306,4541806.416377624496818],[3931226.984284700360149,4541849.331778245978057],[3931181.196084102615714,4541867.79457853641361],[3930986.928681591991335,4541946.1291797561571],[3930946.187081071548164,4541968.333180088549852],[3930728.804378284141421,4542086.807881865650415],[3930395.824374070391059,4542317.830585250630975],[3930137.700170780066401,4542472.705987549386919],[3929876.994767463766038,4542632.744289924390614],[3929740.630665712058544,4542700.539590951986611],[3929471.739962324500084,4542897.323093821294606],[3929092.297357499599457,4543134.798997337929904],[3929032.09585674572736,4543182.224498027935624],[3929004.996256403625011,4543203.573098334483802],[3928939.477955585345626,4543255.187299087643623],[3928896.242255054879934,4543306.812499810010195],[3928790.088753732852638,4543397.317801116965711],[3928721.244352915789932,4543496.820002501830459],[3928628.319951799698174,4543622.656004262156785],[3928588.828751323744655,4543673.554804977029562],[3928534.558350666891783,4543743.502405958250165],[3928465.820949842222035,4543832.097307202406228],[3928350.310648412909359,4543945.027308811433613],[3928241.134147036354989,4544021.459709930233657],[3928191.080246401950717,4544048.973410343751311],[3928169.139946142677218,4544085.721110853366554],[3928142.036945848260075,4544154.159411787055433],[3928085.566845144610852,4544202.878712491132319],[3928010.393644204828888,4544267.734613424167037],[3927953.023143512196839,4544337.88221440743655],[3927886.494242702145129,4544410.994215443730354],[3927854.228942318819463,4544454.875516057945788],[3927854.22904236940667,4544514.244216846302152],[3927883.034142802469432,4544565.307417495176196],[3927939.410643650684506,4544665.246918768621981],[3927996.198244485072792,4544753.009019881486893],[3928019.429744868073612,4544831.736820899881423],[3928055.567545444238931,4544931.114822180941701],[3928193.976847416721284,4545073.23902393784374],[3928212.378847723361105,4545136.323524758219719],[3928201.085947612766176,4545173.348625254817307],[3928171.724347250070423,4545205.371925714425743],[3928114.937046518549323,4545225.376826031133533],[3928010.396445123944432,4545220.214626065455377],[3927931.023244048003107,4545194.402325799688697],[3927829.096142680384219,4545182.510125738568604],[3927660.65544046042487,4545191.079226012341678],[3927589.282139512710273,4545191.079726084135473],[3927414.465937247034162,4545249.873027031309903],[3927412.118737218435854,4545250.985427047125995],[3927201.012334516271949,4545351.029128583148122],[3927072.540732879191637,4545422.435029655694962],[3926932.649431075900793,4545476.703530505299568],[3926838.437029896769673,4545545.2531315125525],[3926712.820328291039914,4545608.090232465416193],[3926650.01202748902142,4545642.364932982251048],[3926570.074126451741904,4545665.215033363550901],[3926447.312324884347618,4545725.196034284308553],[3926398.778524256777018,4545739.477334522642195],[3926307.420723054092377,4545748.046234716661274],[3926047.62281976127997,4545899.426536984741688],[3925767.840216184500605,4546033.669739045202732],[3925590.834813920781016,4546119.356940350495279],[3925470.928112403489649,4546190.762841418385506],[3925396.700011451728642,4546225.037441946566105],[3925336.011510700453073,4546273.299042649567127],[3925285.358110066037625,4546313.580743232741952],[3925176.871008742600679,4546424.973644818179309],[3925042.689807061571628,4546519.229346201755106],[3924908.508405386004597,4546622.05344769731164],[3924865.684704881161451,4546687.746748608537018],[3924825.715804394334555,4546733.44634925480932],[3924800.02150409296155,4546767.721149734221399],[3924782.892103920225054,4546821.989250472746789],[3924725.793603198137134,4546853.407850946299732],[3924674.405202599707991,4546939.094452132470906],[3924628.726402024272829,4546970.513052594847977],[3924557.353401115629822,4547001.93175308033824],[3924500.254800383001566,4547024.781553441658616],[3924474.560600072145462,4547056.200053886510432],[3924414.607299339026213,4547116.180754736065865],[3924334.669298294465989,4547130.462255011312664],[3924286.135397640522569,4547119.037454904057086],[3924260.44099726434797,4547081.906754438765347],[3924243.311096964869648,4547010.501353512518108],[3924220.471696624066681,4546973.370653043501079],[3924169.082895920146257,4546953.377252832986414],[3924143.388395531568676,4546904.821552215144038],[3924077.724894601851702,4546841.984851446934044],[3923946.397692781873047,4546764.867350559681654],[3923892.154192049521953,4546753.442750469781458],[3923857.894891561940312,4546713.455749966204166],[3923846.474991360679269,4546664.900149337016046],[3923835.055091148242354,4546604.919448554515839],[3923817.925290838815272,4546530.65784758515656],[3923743.696889753919095,4546430.69034633692354],[3923712.292589307297021,4546396.416045917198062],[3923635.209488266613334,4546376.422645731829107],[3923521.012286747340113,4546370.710645770654082],[3923355.426484561990947,4546379.279746055603027],[3923312.602383988443762,4546376.423646058887243],[3923255.503883210942149,4546353.57404581643641],[3923225.373582816217095,4546358.743045916780829],[3923195.243182419799268,4546363.912246017716825],[3923167.542982071172446,4546380.433346260339022],[3923134.856081675272435,4546413.351246733218431],[3923076.185480928048491,4546447.583847242407501],[3923037.03218041639775,4546449.182847306132317],[3923006.135679979342967,4546428.398347062990069],[3922928.36157888174057,4546362.314046268351376],[3922822.887077395338565,4546275.978445234708488],[3922784.532676877919585,4546268.51724517531693],[3922734.459076221566647,4546269.583245240151882],[3922708.889675895683467,4546287.703145507723093],[3922679.542775529902428,4546311.495345848612487],[3922678.767975525930524,4546312.123445862904191],[3922656.419075271580368,4546351.389646402560174],[3922644.848175169434398,4546400.566247070208192],[3922639.881275126710534,4546428.93634744733572],[3922637.469775110017508,4546442.710847632959485],[3922617.446874894667417,4546491.146348295733333],[3922600.433074715081602,4546531.096848843619227],[3922580.190774486865848,4546573.199049429967999],[3922556.752174218650907,4546611.037949950434268],[3922530.650173906702548,4546649.142850479111075],[3922480.043673248961568,4546660.068450674414635],[3922401.736972200684249,4546648.876950607635081],[3922358.588471584487706,4546601.978550034575164],[3922338.878271278459579,4546562.008149525150657],[3922336.214771177619696,4546495.017648634500802],[3922335.681771127507091,4546453.981348096393049],[3922343.672471170779318,4546394.824847303330898],[3922373.034371467772871,4546303.716546065174043],[3922386.820371610112488,4546266.919645562767982],[3922410.791471840813756,4546187.51174449082464],[3922455.537972378544509,4546133.205143718980253],[3922527.984773270785809,4546067.120642768219113],[3922628.664474544115365,4546005.832141852006316],[3922709.101575512904674,4545910.968940512277186],[3922717.091875575017184,4545869.399839953519404],[3922712.563675486017019,4545841.765039592050016],[3922712.084375477395952,4545838.840239555574954],[3922691.522075187414885,4545819.30353931710124],[3922663.152374793309718,4545808.316739201545715],[3922660.823674762621522,4545807.414939185604453],[3922613.748274140991271,4545804.381439197808504],[3922564.740073486696929,4545804.381639248691499],[3922523.722272953949869,4545811.842839393764734],[3922472.245872298255563,4545840.243739819154143],[3922461.760772163979709,4545846.028639909811318],[3922270.371469728183001,4545940.441941355355084],[3922237.876869310624897,4545958.028841624036431],[3922175.01866850303486,4545981.478542000986636],[3922098.843067532870919,4546018.78434257209301],[3922061.021467056591064,4546040.634942902252078],[3922020.536466527264565,4546047.563343035057187],[3921935.83746540453285,4546047.56364312581718],[3921875.109764581546187,4546033.707143005914986],[3921806.391663647256792,4546007.593542735092342],[3921717.111362412106246,4545956.751542152836919],[3921620.69266104651615,4545875.745141172781587],[3921578.609460433013737,4545822.451340514235198],[3921563.161060179118067,4545774.060539891943336],[3921555.014059993904084,4545700.459338924847543],[3921551.661459940019995,4545692.40953881945461],[3921537.05855971109122,4545657.34693836607039],[3921490.713258981704712,4545551.292337010614574],[3921452.891758462414145,4545530.507736776024103],[3921360.911957250908017,4545539.309136987663805],[3921349.485757101792842,4545543.377937054261565],[3921310.444956600666046,4545557.279937280341983],[3921264.100456000771374,4545576.998937593773007],[3921193.784255086444318,4545589.256837828084826],[3921141.047154380939901,4545588.723837877623737],[3921069.132953427731991,4545582.329037869349122],[3921028.843352876603603,4545566.283637698739767],[3920980.811452216468751,4545547.155337493866682],[3920838.581050286535174,4545509.316937146708369],[3920725.648848749697208,4545473.077536783181131],[3920647.577247695066035,4545452.421236588619649],[3920596.735747007187456,4545438.969736464321613],[3920496.322145672980696,4545434.706736516207457],[3920493.925045681651682,4545474.143937041051686],[3920524.289046112447977,4545500.258137354627252],[3920690.491148419678211,4545596.186638451181352],[3920812.064250113908201,4545673.264539343304932],[3920899.523451328743249,4545730.283040008507669],[3920932.727151810191572,4545763.867440422065556],[3920962.91375228902325,4545838.566241376101971],[3920898.990151519887149,4545915.41634246148169],[3920874.844751219265163,4545936.195842763409019],[3920799.908650295808911,4546000.686843696050346],[3920782.839550104457885,4546033.436844151467085],[3920761.021849859971553,4546075.2982447296381],[3920714.996749266050756,4546090.647044979967177],[3920667.053948629647493,4546089.581445014104247],[3920638.021948210895061,4546056.006344600580633],[3920577.560547392815351,4546042.149944484233856],[3920530.683046776335686,4546043.748944553546607],[3920500.852246424183249,4546089.315545188263059],[3920466.759545998647809,4546110.899445513263345],[3920344.238844358362257,4546095.977745442651212],[3920307.102043883409351,4546110.460245680063963],[3920286.175243682228029,4546187.110246712341905],[3920247.821043241769075,4546249.597547589801252],[3920214.483642792794853,4546239.897447489202023],[3920150.33714189985767,4546198.302447009831667],[3920125.300041474401951,4546111.966345891356468],[3920097.066941071301699,4546082.121945524588227],[3920069.366540683433414,4546065.60084533598274],[3920010.769839897286147,4546054.409445246681571],[3919972.415539384819567,4546057.607145334593952],[3919949.509639115538448,4546084.254245711490512],[3919945.780939106829464,4546126.889146282337606],[3919960.696539382450283,4546197.770047206431627],[3919982.823739728424698,4546246.866847828961909],[3920002.247340030968189,4546286.237748331390321],[3920015.564740235451609,4546311.285848650150001],[3920009.971740199718624,4546349.124449159950018],[3919980.407039829529822,4546369.909149462357163],[3919950.256339437328279,4546379.18244961835444],[3919828.26853787433356,4546431.410850439220667],[3919819.212937835603952,4546502.611551391892135],[3919792.178737519308925,4546546.046151993796229],[3919788.40103747183457,4546547.887752028182149],[3919755.555737056769431,4546563.899752276018262],[3919750.228837021626532,4546594.543552682735026],[3919760.616637189872563,4546622.522953048348427],[3919747.83193705836311,4546663.292753603309393],[3919688.169736286159605,4546677.415953853167593],[3919676.98323617130518,4546706.727354251779616],[3919662.925136048346758,4546764.609655032865703],[3919661.220936173573136,4546903.120456871576607],[3919675.071336429566145,4546969.73775773961097],[3919686.790936687961221,4547065.901258995756507],[3919686.790936688892543,4547067.201659013517201],[3919686.791536896955222,4547265.412261637859046],[3919680.399336874019355,4547322.969662407413125],[3919690.520637056790292,4547364.538762946613133],[3919706.679337305948138,4547400.95626341085881],[3919758.706137949600816,4547359.209362802095711],[3919768.472138041630387,4547321.903462301939726],[3919769.086438046302646,4547320.807862285524607],[3919792.976138320285827,4547278.202361694537103],[3919834.262838853057474,4547269.930761539377272],[3919834.82733886456117,4547270.01246153563261],[3919895.076639667153358,4547278.735061594285071],[3919926.505240091588348,4547281.399561589583755],[3919957.402340531349182,4547315.241162010468543],[3919954.739040550310165,4547365.603962677530944],[3919940.702540419064462,4547416.504163364879787],[3919915.85234014224261,4547463.131864010356367],[3919893.478939862456173,4547480.718964264728129],[3919872.171239630784839,4547521.488664831034839],[3919870.573139642365277,4547557.995265316218138],[3919884.849939936306328,4547650.193466521799564],[3919918.94264038419351,4547649.926766479387879],[3919964.221740944776684,4547612.620865937322378],[3919992.454741287045181,4547587.572665577754378],[3920046.240841968916357,4547558.927465142682195],[3920048.888042006175965,4547559.060965137556195],[3920106.984642775263637,4547561.991465112194419],[3920145.110843318980187,4547593.282365486957133],[3920177.072643799707294,4547646.04326615575701],[3920192.521144047379494,4547687.079266678541899],[3920227.442244627978653,4547799.852368135936558],[3920250.479245012160391,4547874.247569095343351],[3920271.787445349153131,4547924.343569733202457],[3920303.21684583555907,4547993.625670619308949],[3920306.945745930075645,4548034.661671151407063],[3920304.282645978964865,4548118.333272263407707],[3920300.021045966073871,4548154.573172751814127],[3920274.527845685835928,4548211.726973535493016],[3920259.308045522775501,4548243.094273961149156],[3920239.522245293948799,4548275.984374416992068],[3920229.37564519001171,4548305.6257748240605],[3920254.74224554002285,4548320.141974987462163],[3920295.836146085523069,4548319.532874934375286],[3920352.454346819780767,4548308.873974738642573],[3920416.460547687951475,4548328.306574923917651],[3920419.891447736416012,4548330.685574950650334],[3920443.773948069196194,4548347.245375144295394],[3920489.190648727118969,4548402.914475833065808],[3920501.823248928412795,4548432.301976206712425],[3920500.758048979565501,4548495.455377041362226],[3920456.341548423282802,4548520.275177422910929],[3920382.499347496312112,4548569.267678144387901],[3920351.070147114805877,4548601.777078606188297],[3920336.687446963042021,4548634.819179059937596],[3920329.229746895376593,4548663.064979445189238],[3920331.360646952874959,4548694.508579855784774],[3920338.552247107960284,4548748.548480562865734],[3920381.434447702951729,4548773.329980845563114],[3920410.200248082634062,4548773.329780814237893],[3920415.793548157438636,4548773.329780811443925],[3920461.87184875831008,4548766.934280674904585],[3920497.738149223849177,4548757.711180517449975],[3920501.109849264845252,4548757.547980505041778],[3920527.393749610986561,4548756.275380465202034],[3920572.673050211276859,4548761.07158047799021],[3920614.22365079075098,4548789.317480809055269],[3920650.180851323530078,4548838.880581423640251],[3920643.522351279854774,4548880.449881982989609],[3920612.625950907822698,4548919.887382536195219],[3920572.407450425904244,4548962.122983138076961],[3920573.739150489680469,4549008.888283752836287],[3920610.140451021492481,4549051.167984272353351],[3920659.397251677699387,4549059.94368433766067],[3920704.410252280998975,4549063.673984338529408],[3920739.035652779974043,4549103.111384823918343],[3920780.852753373794258,4549146.945485359057784],[3920845.060954221058637,4549144.620285259559751],[3920849.757354284171015,4549144.450185254216194],[3920850.59205429116264,4549144.652185254730284],[3920881.532554713543504,4549152.141185318119824],[3920901.775255005806684,4549179.587685659527779],[3920839.449854237958789,4549227.285786361433566],[3920815.344353931955993,4549243.568086594343185],[3920744.174553039018065,4549287.282387252897024],[3920627.852551543153822,4549323.117387850768864],[3920614.951551377773285,4549327.815887922421098],[3920587.963251028675586,4549337.644888083450496],[3920507.526050023268908,4549394.136688912287354],[3920463.848349484615028,4549427.709489406086504],[3920463.845949488226324,4549427.711289404891431],[3920415.103148841299117,4549430.110189490020275],[3920390.865248499438167,4549405.861589193344116],[3920363.079248093534261,4549368.097888726741076],[3920310.931947365403175,4549336.130888354964554],[3920233.718946309294552,4549301.939087985083461],[3920170.860645500011742,4549321.657888313755393],[3920137.30084509588778,4549357.364988829009235],[3920099.585844628047198,4549382.093589185737073],[3920073.19524428807199,4549393.786189374513924],[3920067.746144216973335,4549396.200489410199225],[3920038.63674385054037,4549411.213789639063179],[3920029.280143731273711,4549416.03948971349746],[3919987.727443193551153,4549424.790389874950051],[3919981.343043107073754,4549424.851789883337915],[3919938.711242548190057,4549425.261989933438599],[3919860.937241514679044,4549423.663389997556806],[3919825.779041059315205,4549427.927190084941685],[3919775.705640402622521,4549437.520090267062187],[3919710.183839558623731,4549454.041490560397506],[3919680.352639167103916,4549459.90389066375792],[3919651.054338801652193,4549478.556790944188833],[3919631.877238576766104,4549500.940291265025735],[3919601.51353821484372,4549538.779191797599196],[3919555.595237686764449,4549614.349992843344808],[3919537.483737497590482,4549656.985193422995508],[3919519.371937286574394,4549683.632093791849911],[3919483.681336841080338,4549707.614294148050249],[3919410.701735900714993,4549733.728594575077295],[3919349.97423513000831,4549761.974595011211932],[3919293.774734454229474,4549824.861495902761817],[3919267.642934180796146,4549887.927096765488386],[3919245.992133934982121,4549928.67829732876271],[3919205.507033437956125,4549957.989897755905986],[3919128.798832466825843,4549996.894698350690305],[3919070.202031712513417,4550014.481798649765551],[3919042.915131366811693,4550033.769498934969306],[3919032.054531237576157,4550041.446199042722583],[3918995.091830786783248,4550077.901699568144977],[3918980.709030630066991,4550106.147499958984554],[3918974.849230581894517,4550136.525000363588333],[3918958.86863039759919,4550160.1876006918028],[3918931.015830063726753,4550188.053101094439626],[3918925.962930000387132,4550193.108301160857081],[3918878.964029432740062,4550245.458001906983554],[3918868.842929330188781,4550274.236702295951545],[3918845.138029061257839,4550311.542602814733982],[3918824.582628831267357,4550348.692903330549598],[3918772.95752815483138,4550355.243703467771411],[3918725.547427538316697,4550362.172003608196974],[3918681.333426966331899,4550374.27010381873697],[3918645.11002651322633,4550393.988804121501744],[3918619.008026190567762,4550419.57000448461622],[3918596.634725932963192,4550454.744004976004362],[3918571.065325621049851,4550476.061505285091698],[3918535.907325172331184,4550489.385205499827862],[3918480.506624445784837,4550489.385205555707216],[3918405.662723480258137,4550512.035505935549736],[3918369.705623047892004,4550554.937206545844674],[3918364.869723024312407,4550585.247206948697567],[3918358.253222979605198,4550629.81410754378885],[3918334.547922700177878,4550656.089007918722928],[3918286.871722127776593,4550710.182508682832122],[3918268.493821987416595,4550800.782209895551205],[3918268.801422037184238,4550843.335510458797216],[3918270.624922095332295,4550875.127010872587562],[3918266.363422099035233,4550929.753311602398753],[3918247.719021882861853,4550957.732911990024149],[3918222.682421567384154,4550973.188012221828103],[3918186.406721092760563,4550978.611512330360711],[3918180.839521022513509,4550979.443812352605164],[3918140.646820501424372,4550986.671512488275766],[3918106.554220051504672,4550989.602812565863132],[3918064.781819518655539,4551004.747212805785239],[3918076.190619713626802,4551047.107013359665871],[3918111.350520250853151,4551111.407314161770046],[3918124.133620457723737,4551145.913914606906474],[3918123.956220496445894,4551183.041815096512437],[3918109.218420329038054,4551210.399315470829606],[3918077.789219921920449,4551217.860615604557097],[3918034.21761936461553,4551231.232415827922523],[3918034.214019363746047,4551231.233515827916563],[3918032.189219341613352,4551231.815715839155018],[3917947.278318244963884,4551256.232716257683933],[3917901.999017672147602,4551274.885716554708779],[3917866.841117250267416,4551312.191517082042992],[3917845.000516992993653,4551345.766617549583316],[3917830.617816843558103,4551378.276017990894616],[3917814.636916663032025,4551410.19911843072623],[3917802.385016552172601,4551451.768318995833397],[3917805.581516698002815,4551549.296120274811983],[3917814.637716932222247,4551648.955421576276422],[3917834.081417308188975,4551757.780922993086278],[3917851.927117586135864,4551800.150223530828953],[3917922.404918601270765,4551875.496224449947476],[3917924.165118621662259,4551878.363224480301142],[3917962.19591919099912,4551940.312825258821249],[3917970.719219374004751,4552005.331326101906598],[3917969.654019399080426,4552035.175926499068737],[3917961.66361932689324,4552067.152126925066113],[3917912.098018732387573,4552120.872927687130868],[3917908.115218685474247,4552125.189627752639353],[3917866.843718225602061,4552200.387228790670633],[3917842.36151794437319,4552242.216629365459085],[3917835.051217917352915,4552305.312230204232037],[3917836.229417940601707,4552312.730830301530659],[3917842.34011806640774,4552351.208730799145997],[3917846.601918217726052,4552438.556631947867572],[3917846.069418247789145,4552471.066832372918725],[3917817.303817913401872,4552514.76793297752738],[3917775.220917399972677,4552547.277233459055424],[3917748.58601708849892,4552586.182133996859193],[3917742.726417046040297,4552618.158334425650537],[3917749.917917180340737,4552652.7993348762393],[3917757.747917295433581,4552665.573935030028224],[3917767.230517440009862,4552681.044735228642821],[3917796.795617893803865,4552740.467535979114473],[3917796.794517909642309,4552758.213136208243668],[3917796.791417958214879,4552802.43033679202199],[3917813.575818208046257,4552828.029337108135223],[3917831.687818481586874,4552856.274937458336353],[3917846.070618714205921,4552897.844037991948426],[3917834.884118615183979,4552939.413538554683328],[3917813.576418378390372,4552979.916939107701182],[3917797.595518216025084,4553020.953239669092],[3917778.254418022930622,4553076.501740423962474],[3917802.599918424151838,4553150.7585413698107],[3917805.140218457207084,4553152.79164139740169],[3917832.687418845016509,4553174.839241656474769],[3917858.789719196967781,4553186.264041777700186],[3917901.205819765105844,4553192.792541815899312],[3917906.100119860377163,4553222.170642195269465],[3917900.507119880057871,4553308.906543345190585],[3917930.338320322334766,4553350.875543862581253],[3917930.826620385982096,4553406.457644594833255],[3917903.304220067337155,4553445.072345132008195],[3917907.499320179224014,4553495.761445797048509],[3917890.253520044498146,4553576.295246873050928],[3917895.380720148794353,4553608.937647298909724],[3917988.136921383440495,4553628.522747452370822],[3918038.942922074347734,4553648.108147657476366],[3918066.443722507916391,4553714.325848496519029],[3918070.172722609248012,4553760.025249096564949],[3918102.800723080988973,4553800.128849581815302],[3918146.615223688073456,4553825.310049870982766],[3918175.969324104953557,4553856.678550247102976],[3918217.357724700588733,4553900.90735078509897],[3918274.356725559569895,4554002.165452056564391],[3918318.5708262110129,4554063.986052823252976],[3918357.99062674632296,4554081.03995300270617],[3918386.756427131593227,4554087.968253061175346],[3918466.161328197922558,4554108.852453251369298],[3918533.048729128204286,4554154.55165378190577],[3918552.625429436098784,4554198.619154331274331],[3918545.882429393939674,4554242.469154918566346],[3918544.359829382505268,4554252.370555050671101],[3918518.366729125380516,4554332.453556133434176],[3918524.89252928039059,4554391.209856894798577],[3918541.206529559101909,4554454.862757717259228],[3918567.308829948306084,4554494.033758200705051],[3918619.513330647256225,4554508.722658336162567],[3918657.035331156570464,4554523.411658486351371],[3918686.400331574957818,4554551.157758823595941],[3918687.38893166417256,4554620.34925972763449],[3918655.959931293036789,4554657.654860249720514],[3918613.87673077872023,4554692.829160766676068],[3918545.691729931160808,4554739.727861452847719],[3918466.249128938186914,4554782.872062109410763],[3918431.694628545548767,4554845.250162963755429],[3918399.200128176715225,4554895.29326365608722],[3918381.887627990916371,4554933.398464178666472],[3918385.083828069269657,4554968.838864641264081],[3918418.910328549798578,4555002.946865050122142],[3918470.049429251346737,4555029.593465342186391],[3918503.237629700917751,4555038.056965418159962],[3918511.696429809555411,4555040.214065442793071],[3918598.962330959737301,4555042.383665370754898],[3918676.736332001164556,4555057.305765484459698],[3918728.408132699783891,4555080.754965737462044],[3918766.762533230241388,4555103.404665991663933],[3918832.284634185489267,4555189.207667047157884],[3918848.265534427016973,4555221.183867447078228],[3918853.859234562609345,4555279.806968213990331],[3918822.987734213471413,4555330.809368916787207],[3918764.257733446545899,4555332.674969005398452],[3918675.696932307444513,4555355.058469394221902],[3918631.882531761657447,4555384.903369840234518],[3918625.357131723314524,4555425.939670383930206],[3918630.950631854590029,4555475.369671028107405],[3918661.713932315353304,4555526.664971662685275],[3918703.198132916353643,4555585.421372393146157],[3918696.922432874795049,4555617.680572818033397],[3918689.681132818106562,4555654.903273315168917],[3918700.867833011783659,4555697.338473858311772],[3918735.700733514968306,4555737.239774346351624],[3918761.270333879161626,4555769.749074744991958],[3918780.447734160814434,4555796.92867507878691],[3918782.578334230463952,4555829.43817550316453],[3918767.501134072896093,4555870.008176052011549],[3918734.160533651709557,4555883.319276263937354],[3918713.146433399990201,4555905.276276572607458],[3918706.669633320067078,4555912.043576674535871],[3918701.076033293735236,4555953.613077225163579],[3918728.510233713779598,4556012.236177960410714],[3918733.957833796739578,4556023.175478102639318],[3918750.617434056010097,4556056.630178519524634],[3918761.613234230782837,4556088.003678924404085],[3918765.533134312834591,4556116.052479283884168],[3918743.773134058341384,4556143.304579666815698],[3918691.488233415875584,4556184.802080268040299],[3918679.768933313898742,4556227.43708083871752],[3918692.329933514818549,4556263.578781300224364],[3918712.546933815348893,4556295.794781699776649],[3918713.68433383340016,4556297.607181723229587],[3918737.034434165339917,4556324.698282052762806],[3918743.205634262412786,4556340.379382254555821],[3918753.725734435487539,4556367.11128259357065],[3918722.918234059587121,4556398.456983037292957],[3918709.414133897982538,4556407.540883167646825],[3918695.271933721844107,4556417.053983308374882],[3918690.778633668087423,4556420.076483353972435],[3918673.82123348582536,4556457.826583871617913],[3918672.844733510632068,4556496.997584386728704],[3918709.867434033192694,4556527.108484737575054],[3918759.341834713239223,4556556.952885075472295],[3918836.783335769083351,4556593.533485469408333],[3918869.814436243381351,4556634.184085970744491],[3918891.484536577016115,4556676.097686494700611],[3918880.065036467276514,4556713.63648699503392],[3918836.017535912804306,4556734.854287322610617],[3918806.652535543777049,4556751.175587572157383],[3918770.762135113589466,4556788.714588105678558],[3918684.299034114461392,4556912.756289821118116],[3918648.40873373253271,4556992.73059091065079],[3918571.176132822874933,4557090.610192277468741],[3918516.574632116127759,4557095.406592395156622],[3918210.028728283941746,4557268.142994997091591],[3918201.542628182563931,4557272.924895068630576],[3918201.539428180549294,4557272.926695069298148],[3918201.532228177413344,4557272.93059506919235],[3918168.620227765291929,4557290.636795338243246],[3918168.617527771275491,4557290.638195335865021],[3918162.012227687519044,4557294.210195397026837],[3918138.280327391345054,4557307.044095584191382],[3918134.124727335758507,4557309.291395621374249],[3918128.959827270824462,4557309.795595632866025],[3918095.903626843821257,4557313.022195710800588],[3918054.88552628736943,4557296.700595538131893],[3918044.642126144375652,4557288.724395448341966],[3918017.989925765898079,4557267.971195203252137],[3918016.524325747508556,4557267.578695202246308],[3917973.782325176522136,4557256.131095100194216],[3917935.09522467572242,4557262.659995228983462],[3917887.085824106354266,4557313.022795937955379],[3917843.271723568905145,4557350.328696477226913],[3917782.677522843237966,4557412.815797360613942],[3917716.489922023843974,4557457.583098018541932],[3917678.268921562470496,4557488.360398469492793],[3917675.472321561537683,4557525.665798960253596],[3917698.777921906672418,4557560.173799383454025],[3917740.72802249668166,4557599.344799852930009],[3917781.689923086669296,4557644.59620039910078],[3917789.670023230835795,4557682.815900892019272],[3917781.373323156032711,4557713.873001310043037],[3917674.16802184889093,4557797.811102526262403],[3917635.014821355231106,4557816.464102813974023],[3917565.098320477642119,4557852.837403366342187],[3917507.300619756337255,4557880.816903794184327],[3917427.129718732554466,4557905.998604213818908],[3917343.229817654006183,4557928.382204599678516],[3917210.796316014137119,4558013.777705867774785],[3917202.231816000770777,4558099.464307],[3917125.873115071095526,4558162.942507913336158],[3917007.181513592600822,4558233.124308964237571],[3916828.560411357320845,4558326.323910382576287],[3916701.972609777469188,4558392.373911385424435],[3916605.721008597873151,4558469.084012499079108],[3916581.250108295120299,4558483.77331272047013],[3916550.604907917324454,4558503.819713016040623],[3916544.719507846981287,4558507.66961307451129],[3916531.381807681638747,4558517.484213215298951],[3916495.395007240120322,4558543.965213598683476],[3916484.582707108464092,4558550.297113697044551],[3916439.319606540724635,4558576.804814094677567],[3916347.962205407675356,4558633.929514944553375],[3916310.440304943360388,4558655.147415263578296],[3916222.345503824297339,4558681.261715704575181],[3916160.352702995762229,4558670.244915628805757],[3916124.461902441456914,4558594.759214682504535],[3916099.990802014246583,4558501.728213491849601],[3916098.359101889189333,4558403.800612213090062],[3916077.151001548860222,4558353.204911576583982],[3916041.260401059407741,4558331.987211334519088],[3916034.734700934030116,4558299.344910915009677],[3916021.683500717394054,4558253.645210334099829],[3915944.192399623338133,4558188.36070956569165],[3915907.485899105202407,4558149.189909096807241],[3915923.799699262250215,4558099.409908424131572],[3915933.429699365049601,4558083.131208199076355],[3915947.454599526710808,4558059.422807875089347],[3915918.905299121513963,4558031.676707543432713],[3915869.963698466308415,4558021.884207468479872],[3915790.025597417727113,4558021.884607556276023],[3915726.401396579109132,4558012.418407505378127],[3915685.616595965344459,4557942.237006636336446],[3915667.671195690985769,4557906.330306187272072],[3915624.23249509325251,4557886.334905972704291],[3915522.477693830151111,4557947.134006883949041],[3915387.072792143095285,4558022.211908017285168],[3915247.58939039055258,4558089.945809064432979],[3915183.149689596146345,4558133.197309704497457],[3915117.894288756884634,4558141.358109887689352],[3915077.925388219766319,4558132.381609809584916],[3915018.419287387747318,4558085.227509261108935],[3914910.708086023107171,4558123.405309884808958],[3914844.438985225744545,4558187.879310810007155],[3914814.594684866257012,4558216.915411219932139],[3914732.88718389114365,4558296.411012345924973],[3914473.165780722629279,4558499.560515306890011],[3914259.602778052445501,4558609.304516988806427],[3914114.261076233349741,4558683.991618130356073],[3913942.171474094036967,4558779.762519584037364],[3913907.992773675359786,4558803.647419933229685],[3913737.405971632804722,4558969.572422300465405],[3913685.122571008745581,4559020.427823030389845],[3913619.730970242992043,4559096.416124099865556],[3913614.933670185972005,4559104.321124205365777],[3913592.833069941960275,4559140.738924710080028],[3913471.644668535329401,4559295.558126875199378],[3913440.21336817741394,4559340.76422750018537],[3913435.158068114891648,4559348.035027607344091],[3913346.00166704505682,4559426.697828736156225],[3913175.293764978647232,4559571.612630827352405],[3913084.024063876830041,4559649.093331948854029],[3912990.424662746489048,4559728.553033096715808],[3912877.890961383003742,4559824.088234473951161],[3912745.573559750337154,4559907.89123572409153],[3912704.788859250489622,4559935.637536134570837],[3912564.489957537967712,4560040.093737664632499],[3912452.549856157507747,4560109.111738700419664],[3912424.190855809487402,4560126.597038961946964],[3912337.727454745676368,4560182.089339783415198],[3912256.158153736032546,4560232.685540543869138],[3912096.282351733185351,4560304.499541665427387],[3911935.339249749667943,4560404.003343161195517],[3911817.764748296700418,4560476.693844245746732],[3911787.707647928968072,4560495.276844525709748],[3911627.365845948923379,4560596.002946028485894],[3911547.199544955044985,4560640.756546704098582],[3911423.601243420504034,4560709.75814775750041],[3911379.803142882883549,4560734.209748127497733],[3911332.103942273650318,4560749.603448384441435],[3911202.797740636859089,4560791.334749085828662],[3911043.553438589442521,4560818.207349622622132],[3910965.838837593328208,4560831.322449891828001],[3910663.216633715201169,4560897.016251106746495],[3910491.436631549615413,4560962.021352158859372],[3910260.789128676522523,4561078.64485395886004],[3910074.616426265332848,4561091.062454346567392],[3909989.5093252081424,4561137.183955050073564],[3909902.628624096978456,4561156.696755409240723],[3909838.798123243264854,4561138.958155252970755],[3909812.201822872739285,4561117.671655011363328],[3909759.009622128214687,4561080.4201545920223],[3909693.406021337490529,4561131.862955338321626],[3909640.213920644950122,4561135.410955445840955],[3909581.702519883401692,4561137.185055543668568],[3909553.333219472784549,4561103.481355140917003],[3909459.360418222844601,4561085.742755018174648],[3909360.707416960503906,4561105.005755389109254],[3909357.778116932604462,4561115.843055536039174],[3909350.321816870942712,4561143.42845590505749],[3909338.802116729784757,4561149.6711559984833],[3909307.768116342835128,4561166.489056260325015],[3909276.734115956816822,4561183.30705651640892],[3909214.676615186035633,4561213.463256984949112],[3909150.846314429305494,4561279.097257922403514],[3909049.781213169451803,4561326.992358666844666],[3909003.681712664663792,4561406.817559761926532],[3908934.532111849635839,4561477.773160773329437],[3908931.745911850593984,4561504.254261125810444],[3908931.365911846514791,4561507.865661166608334],[3908893.75161143951118,4561573.563162077218294],[3908815.736710525117815,4561664.031263352371752],[3908705.806809328962117,4561857.385366006754339],[3908618.013908362947404,4562001.119867990724742],[3908618.006108357571065,4562001.137267987243831],[3908563.961907804943621,4562121.694869628176093],[3908430.9617062183097,4562246.014571412466466],[3908321.051504911389202,4562348.752972886897624],[3908257.221204138826579,4562393.100373545661569],[3908106.510402335319668,4562524.368175441399217],[3908016.098501232452691,4562591.096376419998705],[3908005.015201103873551,4562599.276476538740098],[3907918.565000021830201,4562634.349677103571594],[3907889.270499643404037,4562638.604077193886042],[3907808.634498606901616,4562650.314977448433638],[3907743.030997799709439,4562689.340878036804497],[3907671.096296863630414,4562695.098278197459877],[3907664.408696783240885,4562695.633478216826916],[3907512.531494786962867,4562682.245878227986395],[3907383.096993046347052,4562639.672977830283344],[3907297.989391875453293,4562593.552377340383828],[3907228.839490891434252,4562524.370876524597406],[3907140.185289595276117,4562412.61647517606616],[3907067.489188536070287,4562320.374574065208435],[3907014.296587727963924,4562231.680472972802818],[3907007.203987509012222,4562127.021371617913246],[3907023.343087601009756,4562031.755270354449749],[3907023.979587605688721,4562027.997970301657915],[3907051.530387867707759,4561953.180269293487072],[3907094.083788291551173,4561844.973167828284204],[3907154.367888954933733,4561749.18316650763154],[3907257.205790151376277,4561628.558764804154634],[3907313.943990831729025,4561578.88956409227103],[3907409.68989206943661,4561571.793863874860108],[3907542.689093822147697,4561584.210663869045675],[3907549.800193910486996,4561584.210663863457739],[3907618.912394812330604,4561584.210363778285682],[3907711.112096020486206,4561584.209963661618531],[3907806.858197254128754,4561577.114263456314802],[3907876.832798161078244,4561570.28416327945888],[3907878.193598177284002,4561570.151263270527124],[3907945.157799025066197,4561545.183862864039838],[3907984.165199472103268,4561495.514762169681489],[3907982.391799386125058,4561445.846261526457965],[3907968.207299141213298,4561397.951160918921232],[3907916.787898394279182,4561335.865360167808831],[3907874.662497766315937,4561272.009959390386939],[3907858.276297525502741,4561247.171259084716439],[3907837.984097214881331,4561215.450058695860207],[3907773.168296247255057,4561114.130157449282706],[3907679.195094869006425,4560991.732255968265235],[3907652.598794431891292,4560917.22915502730757],[3907663.236994482111186,4560846.27375409193337],[3907691.605894740670919,4560754.031552853062749],[3907730.612895058467984,4560599.703350788913667],[3907769.620195452589542,4560509.23524955380708],[3907803.307995645329356,4560310.55964692402631],[3907824.584295721724629,4560142.040744695812464],[3907818.94179556472227,4560073.49514380376786],[3907813.299195472151041,4560063.487943680025637],[3907785.576395054347813,4560014.321043069474399],[3907689.314493708312511,4559943.582942260429263],[3907683.479493630118668,4559942.026242254301906],[3907588.765092359855771,4559916.75774204172194],[3907517.842191455885768,4559934.496942359954119],[3907462.876990782096982,4559969.974742892198265],[3907420.879790267441422,4560001.487243358045816],[3907340.566589293070138,4560059.634644211269915],[3907331.732489182148129,4560064.147844281978905],[3907182.73208732996136,4560140.268745463341475],[3907056.844285825267434,4560253.797747101634741],[3906964.015784749761224,4560366.461748692207038],[3906956.351484666578472,4560375.76374881900847],[3906868.89928369037807,4560511.011850693263113],[3906808.615183024201542,4560605.027952001430094],[3906744.982082336209714,4560722.559153616428375],[3906742.223982303403318,4560727.653453685343266],[3906700.458681978750974,4560903.041156022809446],[3906657.905281541869044,4561000.60505735874176],[3906558.613680425100029,4561140.742059308104217],[3906493.010079631581903,4561193.958860084414482],[3906393.718078380450606,4561225.889160624705255],[3906285.560676975175738,4561234.759060877375305],[3906143.714875132311136,4561240.080961127765477],[3906062.835274050012231,4561220.880660973489285],[3906050.969473897013813,4561218.06376095302403],[3906000.095673172269017,4561170.899960403330624],[3905938.038072271738201,4561098.170759526081383],[3905916.760871885344386,4561011.250458421185613],[3905916.760671799536794,4560945.616657569073141],[3905923.191371825058013,4560901.294756982475519],[3905932.71797186974436,4560835.635556107386947],[3905977.04457231098786,4560725.654554621316493],[3906046.193973086774349,4560622.769153187982738],[3906069.600973364897072,4560602.07425288669765],[3906122.435873995535076,4560555.36135220900178],[3906180.94697466539219,4560479.083851139992476],[3906204.445374872535467,4560403.112650117836893],[3906219.260174938943237,4560299.852548748254776],[3906226.66737486794591,4560165.959746990352869],[3906226.173474821727723,4560134.833446586504579],[3906218.703974633011967,4560060.043745616450906],[3906197.151974196080118,4559937.483944039791822],[3906130.984573165420443,4559807.737242427654564],[3906071.352672230452299,4559681.71874085534364],[3905987.522470961324871,4559545.109339175745845],[3905929.619070039130747,4559411.093337497673929],[3905845.788768731988966,4559246.815535455010831],[3905808.626968171913177,4559185.427634699270129],[3905731.710767020005733,4559073.891933335922658],[3905678.992866241838783,4559003.857832485809922],[3905633.476165477186441,4558869.610030787065625],[3905626.181465337052941,4558831.566130298189819],[3905626.952565333805978,4558820.9580301605165],[3905628.867165324743837,4558794.619929812848568],[3905643.126765439752489,4558738.41962905600667],[3905700.59726608870551,4558657.145227923057973],[3905744.672666595317423,4558600.080127120018005],[3905783.970867030788213,4558539.363326273858547],[3905812.946067356970161,4558494.596325657330453],[3905933.937068800441921,4558384.789024059660733],[3906019.063169857021421,4558336.370023322291672],[3906089.76037081098184,4558358.620023526251316],[3906124.930471280124038,4558369.225123615935445],[3906189.540272169280797,4558400.366723948158324],[3906198.839672293514013,4558406.4342240113765],[3906239.872472866903991,4558433.206624308601022],[3906299.503773673437536,4558451.363524476997554],[3906372.962974654044956,4558470.385124632157385],[3906490.497576259076595,4558520.532525139860809],[3906563.956777262501419,4558557.711025535129011],[3906627.045278136618435,4558595.754225955344737],[3906701.368579171597958,4558642.443426473066211],[3906745.444179779384285,4558669.246426770463586],[3906779.148780225310475,4558673.569526785984635],[3906806.731380586978048,4558670.503326712176204],[3906808.496580606326461,4558670.307026704773307],[3906847.854681105818599,4558659.735426514409482],[3906885.448281574528664,4558637.2552261762321],[3906926.930882048793137,4558585.377925446256995],[3906978.784182643983513,4558513.614024441689253],[3907058.292283565271646,4558421.96432314068079],[3907102.367584076244384,4558367.492922375909984],[3907138.664984489791095,4558319.938821710646152],[3907162.070984758902341,4558287.41502125095576],[3907185.332885023672134,4558255.092220802791417],[3907232.000785553827882,4558193.704019944183528],[3907276.940286126919091,4558177.275919668376446],[3907335.707486897241324,4558177.275719591416419],[3907370.346987351775169,4558178.470719570294023],[3907378.173787449952215,4558178.740619557909667],[3907556.084789799991995,4558190.24441949184984],[3907660.655691175721586,4558194.567319420166314],[3907784.239792767912149,4558179.003719058819115],[3907901.774294311180711,4558180.732418940402567],[3908015.851595783606172,4558165.169018596410751],[3908079.588196583557874,4558133.826418107375503],[3908057.334196221083403,4558076.977517393417656],[3908036.995095858350396,4558001.134016422554851],[3908028.81449571903795,4557970.629416031762958],[3907995.973695167806,4557873.792014804668725],[3907928.563994169235229,4557779.548613655380905],[3907872.389193351380527,4557713.837612863630056],[3907839.068192841019481,4557655.74691214133054],[3907785.102092017885298,4557561.664810979738832],[3907734.976791263092309,4557480.390609972178936],[3907647.689789904747158,4557306.602307803928852],[3907556.702588531654328,4557160.360005998983979],[3907549.478288425598294,4557148.748605853877962],[3907492.992787571623921,4557056.727504720911384],[3907465.337687191553414,4557045.487604603171349],[3907359.037885691970587,4556960.755203625187278],[3907175.337983075994998,4556794.523101671598852],[3907051.373281313106418,4556682.348500357940793],[3906940.752379759214818,4556597.615899379365146],[3906829.267178210429847,4556531.040398649871349],[3906799.041177799925208,4556516.20049849525094],[3906724.096676778048277,4556484.02599816583097],[3906674.670576121192425,4556478.396298152394593],[3906623.31157543649897,4556472.679298142902553],[3906557.144474586937577,4556485.918998399749398],[3906506.857573987916112,4556533.581399086862803],[3906412.961272801738232,4556571.806999704800546],[3906410.827772781252861,4556573.758499732241035],[3906321.590171707328409,4556655.385300911962986],[3906207.782770284917206,4556708.343701752834022],[3906035.748468140140176,4556795.724903116002679],[3905847.834165806416422,4556901.641304739750922],[3905662.566163431387395,4556944.008305530995131],[3905540.818761845119298,4556951.9522057864815],[3905488.132061132695526,4556936.694105654023588],[3905441.852260511368513,4556923.291505536064506],[3905441.048460499383509,4556923.058705538511276],[3905384.66405970742926,4556883.107605081051588],[3905268.209558051079512,4556779.839803870767355],[3905234.201057558879256,4556744.407103450037539],[3905190.353056928608567,4556698.722702910192311],[3905167.195156596135348,4556674.595302624627948],[3905111.496755789034069,4556612.955801887437701],[3905055.412654930260032,4556516.448000689037144],[3904993.720554023981094,4556442.383699796162546],[3904953.90125351306051,4556447.994999919086695],[3904920.812153161503375,4556516.44840086158365],[3904911.838953131809831,4556586.024001787416637],[3904908.474153196904808,4556670.188102891668677],[3904906.65995331434533,4556780.613504341803491],[3904904.845553305465728,4556794.531504532322288],[3904898.379753281828016,4556844.127105187624693],[3904888.284853248856962,4556920.435706201009452],[3904857.999852912966162,4556965.323206827044487],[3904836.803852693643421,4557013.026607478037477],[3904786.498752176295966,4557126.243309029377997],[3904783.762152152135968,4557132.402209114283323],[3904756.2405518097803,4557147.755209348164499],[3904724.617751410230994,4557159.486109541729093],[3904682.836450881324708,4557174.985409799031913],[3904593.206549745053053,4557205.512110314331949],[3904591.892749728634953,4557205.959510322660208],[3904517.950748803094029,4557241.755910881794989],[3904492.596548524685204,4557282.522711449302733],[3904462.989048196002841,4557330.128312114626169],[3904434.400047873612493,4557372.623012704774737],[3904405.78574755648151,4557415.155713296495378],[3904401.18624750431627,4557421.992413395084441],[3904378.583847311791033,4557500.981314465403557],[3904349.140047018881887,4557575.607115473598242],[3904345.214647084008902,4557669.870616715401411],[3904374.006947521585971,4557716.350617290474474],[3904377.281247570179403,4557719.626317324116826],[3904427.657648296561092,4557770.025717923417687],[3904476.731048985384405,4557807.338218351826072],[3904562.419050173368305,4557858.036718900315464],[3904588.217550549656153,4557887.213219251483679],[3904605.04275080980733,4557919.756619658321142],[3904594.947850733064115,4557960.716620204038918],[3904571.392650447785854,4557981.477120507508516],[3904544.472650116775185,4557999.432220778428018],[3904481.21214931178838,4558017.190121091902256],[3904469.54844916285947,4558019.237421130761504],[3904428.940448637120426,4558026.365121278911829],[3904330.233447391074151,4558058.908821830525994],[3904201.241245774086565,4558117.262722759507596],[3904061.066144069191068,4558218.169824261218309],[3904028.800743695814162,4558256.243324800394475],[3903951.627242810558528,4558354.766826187260449],[3903948.449042773805559,4558357.985726241022348],[3903893.872342128306627,4558413.262327032163739],[3903869.919941847678274,4558437.522227375768125],[3903827.477041288744658,4558436.433927417732775],[3903791.665240807458758,4558423.437927290797234],[3903760.003540374804288,4558411.947827186435461],[3903641.380938815884292,4558404.330327237956226],[3903556.495337719097733,4558416.301727508194745],[3903505.346237062942237,4558430.993627759627998],[3903407.401135839521885,4558472.348528429865837],[3903371.246135392226279,4558493.118628750555217],[3903363.749135297723114,4558497.425428818911314],[3903339.947935009840876,4558517.841129112057388],[3903310.816534669604152,4558546.623929532244802],[3903291.771734488196671,4558597.773130222223699],[3903296.125034626107663,4558661.437431051395833],[3903305.919734808150679,4558706.057031624019146],[3903302.654934806283563,4558735.984532015398145],[3903283.610234589781612,4558758.294432333670557],[3903274.359934504609555,4558790.126532760448754],[3903293.74153481470421,4558833.658933309838176],[3903333.671435402706265,4558879.909533861093223],[3903297.075534967705607,4558913.437334348447621],[3903261.300934514496475,4558929.970634604804218],[3903282.522534877061844,4558993.362935408949852],[3903296.055735081899911,4559018.108935717493296],[3903298.811735129915178,4559023.14833577722311],[3903319.534135492052883,4559091.690036646090448],[3903319.543735491577536,4559092.072136658243835],[3903321.157035590149462,4559156.060537487268448],[3903311.906935532111675,4559200.13583807926625],[3903294.507935347501189,4559236.314638576470315],[3903277.626235170289874,4559271.418339053168893],[3903261.82793501438573,4559308.605439558625221],[3903261.07353500649333,4559310.381239589303732],[3903244.978234865237027,4559361.201540268026292],[3903224.845234734937549,4559464.588241647928953],[3903190.092734312172979,4559493.208042067475617],[3903132.341633622534573,4559540.76784276496619],[3903046.775432591326535,4559610.702443785965443],[3903019.161032259929925,4559633.272044122219086],[3902932.098831204231828,4559693.127945018932223],[3902801.505429582670331,4559760.601546065881848],[3902679.753428041003644,4559802.321146775968373],[3902645.881727617699653,4559813.927846969105303],[3902509.846725892275572,4559857.459347716532648],[3902470.66862536361441,4559843.311847578734159],[3902446.726525011938065,4559816.105047259479761],[3902441.968524905387312,4559777.452646756544709],[3902477.844325330108404,4559744.685746279545128],[3902505.493225658778101,4559723.056745961308479],[3902477.19792526261881,4559702.923845740035176],[3902437.600224746856838,4559704.259445803239942],[3902432.64312468515709,4559703.199745796620846],[3902381.394223996903747,4559692.24434572365135],[3902349.461123570799828,4559686.191745687276125],[3902332.906123377382755,4559703.394845936447382],[3902311.616123129148036,4559725.518246248364449],[3902275.049922645557672,4559718.160446201451123],[3902254.916722340043634,4559689.321045852266252],[3902242.547322148922831,4559662.430945515632629],[3902239.345522094052285,4559655.470645423047245],[3902236.014322044327855,4559648.036045329645276],[3902224.036621849983931,4559621.303644998930395],[3902193.138621408492327,4559594.072144685313106],[3902171.109721081797034,4559562.601844303309917],[3902165.944921002257615,4559555.22334421146661],[3902149.881920752115548,4559525.337643844075501],[3902137.459320562426001,4559499.682443520985544],[3902136.60442054644227,4559497.916943499818444],[3902135.749720533844084,4559496.151543478481472],[3902103.101020019035786,4559428.678542641922832],[3902073.445219587069005,4559394.669742237776518],[3902041.977619148790836,4559376.356142041273415],[3902014.54201877117157,4559360.389141865074635],[3901992.194118476938456,4559361.836641913279891],[3901981.508618343155831,4559362.528741935268044],[3902004.274118580389768,4559321.379041366279125],[3902004.588818583637476,4559320.810141358524561],[3902004.818418592214584,4559320.499841356649995],[3902035.899318941868842,4559278.495840762741864],[3902050.685419096145779,4559248.923340359702706],[3902051.726419108919799,4559246.841240329667926],[3902061.464419178664684,4559205.390239775180817],[3902051.39791899221018,4559163.67323924228549],[3902025.560118633788079,4559151.167239111848176],[3901980.318018049001694,4559150.888239169493318],[3901973.165517951827496,4559151.15313917864114],[3901943.395117562264204,4559152.255939236842096],[3901915.867617214098573,4559158.373239346779883],[3901910.042317138519138,4559159.667639374732971],[3901867.215516581200063,4559164.227139489725232],[3901827.229216038715094,4559149.355239349417388],[3901791.579715538304299,4559121.51203903183341],[3901769.814215208869427,4559088.047838628292084],[3901769.814015170559287,4559055.943638201802969],[3901773.371415170375258,4559023.926737777888775],[3901774.041315170470625,4559017.8975376971066],[3901792.667815352790058,4558967.792937021702528],[3901795.932515334803611,4558925.894136464223266],[3901783.417015120852739,4558882.907135918736458],[3901754.577614672947675,4558829.581435259431601],[3901743.51971449283883,4558806.16503497119993],[3901739.798114438075572,4558798.284234870225191],[3901724.649514162912965,4558743.33533417340368],[3901736.076314256992191,4558697.355633553117514],[3901755.966014475561678,4558669.03783315885812],[3901762.073214548639953,4558660.342833035625517],[3901786.914914780296385,4558593.322832126170397],[3901777.884814635384828,4558569.150231819599867],[3901766.801114449743181,4558539.480231447145343],[3901765.421914411708713,4558526.890231285244226],[3901758.92371424799785,4558467.569030514918268],[3901754.280314129311591,4558421.596629919484258],[3901701.849713315721601,4558321.285928678698838],[3901643.888412372674793,4558181.560126921162009],[3901641.357112330850214,4558175.45802684687078],[3901638.305512279737741,4558168.101726753637195],[3901579.061911404132843,4558095.437525878660381],[3901544.53731093974784,4558085.154025789350271],[3901515.227010573726147,4558099.044426012784243],[3901468.620409998111427,4558126.722626435570419],[3901417.317609327845275,4558126.94212650321424],[3901416.282709318213165,4558126.946526506915689],[3901381.207708884496242,4558148.100226831622422],[3901330.14550827909261,4558197.805827546864748],[3901269.994907538406551,4558228.676328035071492],[3901203.013706692028791,4558252.945628438144922],[3901191.779006547760218,4558257.016228506341577],[3901071.043205041904002,4558312.017829383723438],[3901006.22210422065109,4558336.341529790312052],[3901004.769804205279797,4558336.886529799550772],[3901003.317304186522961,4558337.431529808789492],[3900972.33230379736051,4558349.058530003763735],[3900922.981903170701116,4558364.488830270245671],[3900870.419902523979545,4558395.106530738994479],[3900835.688802108168602,4558424.510531172156334],[3900805.358301747590303,4558451.660831565968692],[3900762.506901243701577,4558497.102432215586305],[3900708.336800452321768,4558431.631331434473395],[3900662.339399741496891,4558350.599430435337126],[3900632.169399291742593,4558310.726229951716959],[3900580.598298529163003,4558242.568629128858447],[3900455.676296616438776,4558038.847026628442109],[3900422.552296112757176,4557984.742725961841643],[3900373.815095368772745,4557905.1359249856323],[3900337.566994791850448,4557827.109524006955326],[3900321.644294534809887,4557792.834923578426242],[3900238.338493262883276,4557656.278421902097762],[3900158.265692036598921,4557525.021320289000869],[3900155.813691998831928,4557521.002120242454112],[3900122.107191495597363,4557476.030719698406756],[3900114.712291392032057,4557466.341319581493735],[3900083.78129093023017,4557425.813319091685116],[3900080.975890889763832,4557422.137519046664238],[3900010.139689864125103,4557348.601518174633384],[3899972.389089401811361,4557374.888218574225903],[3899857.078587994910777,4557455.183019779622555],[3899474.865583332255483,4557712.226823660545051],[3899424.889482732862234,4557751.682024247944355],[3899279.734080984722823,4557866.27882594242692],[3899206.851780084427446,4557904.133626533672214],[3899196.747579953633249,4557909.38162661716342],[3899115.533878958318383,4557956.825827347114682],[3899033.322177952155471,4558009.521128149703145],[3898883.238476138561964,4558123.407929841428995],[3898799.866975129581988,4558184.247730756178498],[3898774.695474784355611,4558170.885330607183278],[3898748.650674391072243,4558131.530130132101476],[3898728.151374071836472,4558095.58092968724668],[3898728.144974074326456,4558095.557329689152539],[3898715.053273834753782,4558047.25472907256335],[3898558.307771871332079,4558111.383730125613511],[3898464.226870704907924,4558159.224330879747868],[3898418.26127012539655,4558179.668431211262941],[3898368.831569516099989,4558203.539331592619419],[3898356.716769360471517,4558210.813531704246998],[3898303.835568718146533,4558242.565832192078233],[3898259.861068166326731,4558260.378332484513521],[3898249.458068031352013,4558264.592332551255822],[3898189.704867295920849,4558295.03653302974999],[3898152.664766838308424,4558315.942933354526758],[3898146.533266756683588,4558319.403733411803842],[3898139.576666675508022,4558323.330233471468091],[3898083.907565988600254,4558355.214433962479234],[3898040.724965458270162,4558379.947134347632527],[3898035.174165387172252,4558383.057634395547211],[3897969.162964576855302,4558420.048634969629347],[3897922.686463960912079,4558418.085135007277131],[3897880.423063354101032,4558375.439234509132802],[3897807.230762218590826,4558245.65733290836215],[3897659.16866001393646,4558051.195830566808581],[3897571.197358692996204,4557927.534729063510895],[3897542.156758180819452,4557832.563827861100435],[3897499.778857517056167,4557756.948026929050684],[3897454.335356814321131,4557675.862625923939049],[3897420.664956293068826,4557618.752225225791335],[3897403.469556025229394,4557587.238924832083285],[3897281.612754124216735,4557363.92012207955122],[3897219.538653135299683,4557238.729120519943535],[3897177.283852497581393,4557176.502719760872424],[3897139.44355199392885,4557172.129119760356843],[3897139.256151992827654,4557172.189619759097695],[3897094.250251420773566,4557186.719020016491413],[3896999.109450213611126,4557216.009520528838038],[3896952.726649637334049,4557236.982620865106583],[3896846.888148315250874,4557284.840621639043093],[3896602.766145240981132,4557376.622323178686202],[3896427.529543038923293,4557442.507224289700389],[3896377.282342397607863,4557457.927524554543197],[3896249.703140810597688,4557519.164825541898608],[3896198.492140177637339,4557543.27582591958344],[3896197.194740156177431,4557543.886625931598246],[3896195.897340142168105,4557544.497525940649211],[3896150.172239577863365,4557566.025526289828122],[3896097.461838926188648,4557594.586026735603809],[3896025.75103799207136,4557598.246426882222295],[3895879.470536150503904,4557653.551527814008296],[3895876.631136114243418,4557654.66562782600522],[3895807.659235246479511,4557681.727928278967738],[3895694.958133835811168,4557728.588729054667056],[3895646.657733236439526,4557749.099029389210045],[3895604.207532705273479,4557772.529429754242301],[3895573.467132321093231,4557781.319529913365841],[3895522.236631679814309,4557806.209930309094489],[3895487.106331249698997,4557828.180230649188161],[3895453.44613084057346,4557850.150530983693898],[3895402.215630189981312,4557863.331031230278313],[3895343.665229443926364,4557880.911331537179649],[3895270.123928518034518,4557907.256431988440454],[3895211.511527817230672,4557951.653832651674747],[3895200.506927725858986,4557991.44263318926096],[3895202.274227827787399,4558046.213433903641999],[3895215.786028085742146,4558105.238134657032788],[3895216.957428107503802,4558107.172734677791595],[3895245.454928542021662,4558154.234535254538059],[3895273.454328950494528,4558181.281935573555529],[3895281.814929065760225,4558189.358235667459667],[3895348.455630000215024,4558229.377136092633009],[3895390.106330577284098,4558255.520736383274198],[3895479.857931837905198,4558313.175137008540332],[3895544.726432732306421,4558349.529837392270565],[3895550.84263281757012,4558352.957637432962656],[3895632.756433944217861,4558390.941837813705206],[3895694.326734794303775,4558419.009438100270927],[3895694.340334794018418,4558419.015638095326722],[3895743.832135484088212,4558452.392938465811312],[3895753.363735618535429,4558460.440638556145132],[3895931.693238167092204,4558611.006840277463198],[3896020.197139464318752,4558710.998041462153196],[3896102.669540635310113,4558775.718542194925249],[3896138.335941150318831,4558810.078142599202693],[3896172.474741632118821,4558838.845042924396694],[3896287.232543274294585,4558935.723644038662314],[3896346.294344119727612,4558991.762044683098793],[3896357.662144291214645,4559004.348344834521413],[3896391.61724478751421,4559041.943145276978612],[3896410.261545083951205,4559080.865145758725703],[3896386.775144834071398,4559123.025546345859766],[3896325.172744066920131,4559154.672146841883659],[3896325.170044074300677,4559154.673646843060851],[3896294.745643698610365,4559172.532647122628987],[3896263.487443318590522,4559196.604347479529679],[3896230.891942942980677,4559233.011848005466163],[3896186.876042459160089,4559294.415548868477345],[3896162.49514220841229,4559345.853949574753642],[3896157.965242212172598,4559390.743250167928636],[3896169.341742396354675,4559419.648450528271496],[3896187.899642698001117,4559459.245651020668447],[3896209.658643025904894,4559493.313351434655488],[3896217.941343192942441,4559533.730251952074468],[3896219.210143215954304,4559539.921552027575672],[3896218.747843217104673,4559541.864452061243355],[3896208.749843141064048,4559583.881152617745101],[3896164.086742657702416,4559653.74845359288156],[3896115.198542077094316,4559695.847054216079414],[3896054.465941344853491,4559742.481354910880327],[3896053.873441335745156,4559742.815554911270738],[3895970.247240310534835,4559789.97845564968884],[3895911.646839593071491,4559825.478856192901731],[3895862.296439004596323,4559867.139356805942953],[3895790.42773812962696,4559911.453157489188015],[3895753.071337686851621,4559942.66925795096904],[3895724.962937351781875,4559967.984358315356076],[3895692.478837008588016,4560025.077159107662737],[3895680.892636907286942,4560060.03655958455056],[3895680.373936960939318,4560106.204460185021162],[3895688.035537109244615,4560140.272860616445541],[3895708.085837420541793,4560174.222961033694446],[3895725.056137705687433,4560222.063361637294292],[3895743.556538013741374,4560269.893762235529721],[3895749.941138151101768,4560304.386762677691877],[3895761.23033835971728,4560347.853263230063021],[3895779.994238651357591,4560383.510863671079278],[3895810.943139096256346,4560412.910964013077319],[3895865.360739846713841,4560442.248664315789938],[3895913.18884050520137,4560464.334964537993073],[3895944.822740946896374,4560483.241964744403958],[3895987.636841536965221,4560507.49906500056386],[3896022.789142027962953,4560529.840365245938301],[3896065.750842662062496,4560582.761365870013833],[3896067.264242688193917,4560584.625565895810723],[3896068.222442703321576,4560586.257165912538767],[3896110.220743344631046,4560657.772866788320243],[3896123.906443567946553,4560690.655867204070091],[3896122.911743628792465,4560743.647267897613347],[3896119.108843686524779,4560815.972768847830594],[3896113.662143759895116,4560919.559170204214752],[3896099.782243643887341,4560967.399670854210854],[3896061.232143223285675,4561030.670371732674539],[3896016.511742724571377,4561090.851272579282522],[3895989.092542397323996,4561110.253072871826589],[3895984.232242335099727,4561113.692172923125327],[3895974.07384221162647,4561120.189573023468256],[3895963.863742085639387,4561126.720073118805885],[3895942.702841831371188,4561140.2548733279109],[3895876.734440970700234,4561142.431773442775011],[3895754.850339362863451,4561128.495173438452184],[3895696.647438585292548,4561116.19587335921824],[3895641.567137826699764,4561089.81577309127897],[3895612.88233741838485,4561065.336972805671394],[3895570.847136806230992,4561019.861772272735834],[3895518.127836036495864,4560962.78827160038054],[3895465.228135277051479,4560908.775370970368385],[3895403.750134405680001,4560859.552670413628221],[3895361.588333807885647,4560829.821270084008574],[3895345.87613359419629,4560824.695270037278533],[3895311.750833136029541,4560813.562169945798814],[3895303.484133034013212,4560817.100070000626147],[3895273.223532655742019,4560830.050870212726295],[3895239.502532257698476,4560860.863170660100877],[3895225.096432119142264,4560894.67347112018615],[3895222.416432094294578,4560900.963071207515895],[3895222.144432091619819,4560901.601571218110621],[3895214.074332057498395,4560954.289371916092932],[3895221.369332195725292,4560983.443272289820015],[3895247.391632596962154,4561029.41387284733355],[3895251.376132653094828,4561033.757772902026772],[3895282.166833106428385,4561067.326173297129571],[3895305.173233433626592,4561089.135173549875617],[3895307.704033470246941,4561091.534273577854037],[3895375.595134478062391,4561175.439274576492608],[3895375.59733447805047,4561175.441874578595161],[3895401.128934854641557,4561206.904474953189492],[3895403.945734893903136,4561210.375674999319017],[3895404.927834912203252,4561212.017675017938018],[3895459.816935757175088,4561303.794876134954393],[3895486.640736238565296,4561399.923177351243794],[3895487.268836250528693,4561402.173977380618453],[3895489.176936288364232,4561410.183377481997013],[3895505.938436605967581,4561480.540578380227089],[3895507.196336633525789,4561488.902178485877812],[3895513.129536767955869,4561528.339678994379938],[3895524.135637002065778,4561593.358479825779796],[3895524.340637004002929,4561594.56967984046787],[3895522.552836994640529,4561603.240279956720769],[3895518.156136963516474,4561624.563280243426561],[3895516.627736958209425,4561631.975780337117612],[3895507.531136862933636,4561651.051980598829687],[3895495.700336745474488,4561675.861880945041776],[3895503.539236892480403,4561707.685781349427998],[3895504.831136918161064,4561712.930581414140761],[3895505.306136921048164,4561714.859181435778737],[3895504.6369369183667,4561715.619481445290148],[3895437.307136143557727,4561792.111482540145516],[3895437.30493614403531,4561792.113782541826367],[3895412.728135880548507,4561830.275383072905242],[3895496.531437200494111,4561996.906585128046572],[3895501.651637282222509,4562007.087385255843401],[3895504.984337334521115,4562013.713985336944461],[3895506.640037368517369,4562019.165585405193269],[3895519.95993760228157,4562063.022485957480967],[3895502.354237506166101,4562159.195087239146233],[3895489.289337392896414,4562196.814087745733559],[3895465.979837126098573,4562225.054188152775168],[3895339.528735572937876,4562292.955389211885631],[3895293.26823499193415,4562313.015389535576105],[3895293.256434993352741,4562313.019389536231756],[3895293.244634994771332,4562313.023089535534382],[3895259.016334566287696,4562323.982189727015793],[3895258.69453456113115,4562324.14838972967118],[3895211.537833979353309,4562348.506190112791955],[3895169.907433477696031,4562379.366690574213862],[3895142.147233153693378,4562407.146890975534916],[3895092.680732601787895,4562472.855191898532212],[3895035.857532025314867,4562585.913993452675641],[3895004.9262316939421,4562642.442994232289493],[3895003.878331684973091,4562644.357894259504974],[3894969.573931310791522,4562693.811694956384599],[3894941.254330962896347,4562709.953795205801725],[3894908.06993055716157,4562728.869295496493578],[3894878.445730199571699,4562749.73129581194371],[3894804.425129318144172,4562808.362096683122218],[3894838.148329818621278,4562851.614297196269035],[3894916.055030974559486,4562951.068798381835222],[3895012.495232378132641,4563054.911199601367116],[3895016.979832443408668,4563059.739999660290778],[3895017.764832452405244,4563061.325099674984813],[3895038.136832777410746,4563102.460500190034509],[3895041.229432880412787,4563145.348600736819208],[3895062.235333202406764,4563182.590701195411384],[3895072.264733348973095,4563194.845501337200403],[3895096.711433716118336,4563224.716701694764197],[3895173.084134843200445,4563320.116002828814089],[3895193.234935134649277,4563343.463803106918931],[3895285.817936495877802,4563450.736704370938241],[3895377.214137814007699,4563546.436705492436886],[3895409.672838276252151,4563573.872205804102123],[3895457.349738954566419,4563614.865506266243756],[3895465.974439084064215,4563625.846506403759122],[3895482.70083933416754,4563647.143106657080352],[3895491.407039495650679,4563683.600407118909061],[3895494.271239578723907,4563714.152907511219382],[3895495.055639594327658,4563722.520407618954778],[3895495.427139605395496,4563726.482707670889795],[3895495.384939605370164,4563726.913407674059272],[3895489.551039616111666,4563786.463008457794785],[3895480.782339543569833,4563819.446108900010586],[3895455.78323926217854,4563850.02530933264643],[3895455.177539261523634,4563850.542309346608818],[3895434.592739012092352,4563868.113309598527849],[3895434.055139010772109,4563868.572209605947137],[3895433.053238995373249,4563868.877309612929821],[3895373.464038247708231,4563887.021009935066104],[3895334.91383777372539,4563907.081110248342156],[3895297.250737333670259,4563946.624110816046596],[3895243.93303663097322,4563939.492010796442628],[3895197.110336001031101,4563925.859310681931674],[3895156.321735454723239,4563912.852010573260486],[3895156.316335453186184,4563912.850010574795306],[3895101.634434710722417,4563892.612010387703776],[3895071.331634218338877,4563822.901509522460401],[3895032.036433647852391,4563779.637309015728533],[3894994.661233128979802,4563753.712808724492788],[3894968.507632819004357,4563775.483809052035213],[3894952.709132652264088,4563803.857009436935186],[3894945.50093262270093,4563850.554710059426725],[3894949.719432680401951,4563855.353510113433003],[3894978.816933110356331,4563888.453710502944887],[3894998.836033414583653,4563922.652910917066038],[3894991.020633391104639,4563976.533111634664237],[3894973.613133215811104,4564012.203012119978666],[3894950.645732959266752,4564042.068212537094951],[3894909.437332392204553,4564022.948112351819873],[3894858.35043177427724,4564053.245912821032107],[3894818.57943128561601,4564077.831713195890188],[3894699.764229844789952,4564148.342514280229807],[3894648.130429208744317,4564173.683814684860408],[3894647.891429206356406,4564173.801114683970809],[3894611.687128700781614,4564150.145614428445697],[3894551.741227895952761,4564133.820814301259816],[3894521.240427520126104,4564147.292914517223835],[3894514.605627435259521,4564150.223414569161832],[3894505.718127334490418,4564163.29721474647522],[3894477.328927030786872,4564205.058615336194634],[3894497.210827325470746,4564233.01771566644311],[3894496.302327314391732,4564234.099515682086349],[3894446.116326749324799,4564293.856416538357735],[3894408.201826272998005,4564309.751616795547307],[3894406.908226256258786,4564310.499016802757978],[3894349.850125560536981,4564343.464417312294245],[3894286.576524829491973,4564406.780918228439987],[3894254.618624457158148,4564438.952118692919612],[3894254.575524456333369,4564438.996218689717352],[3894220.843224076088518,4564478.592719253152609],[3894160.283123398665339,4564554.293220326304436],[3894138.134123145136982,4564581.9796207183972],[3894117.457022946327925,4564628.231521347537637],[3894137.701323255430907,4564665.410221804864705],[3894216.569624313618988,4564684.277521936222911],[3894302.735425414051861,4564671.378621645271778],[3894337.524625828024,4564643.264321229420602],[3894378.132726275827736,4564588.723520465195179],[3894387.385026380419731,4564576.296720288693905],[3894406.213826585095376,4564547.924419892951846],[3894424.715326803270727,4564530.093519637361169],[3894427.345726829022169,4564527.558319597505033],[3894431.52402687817812,4564523.531419540755451],[3894458.632327211555094,4564509.607919321395457],[3894485.301127574406564,4564517.836819392628968],[3894490.124427635688335,4564519.325119402259588],[3894493.906527686398476,4564520.407619407400489],[3894536.944928265642375,4564532.726319510489702],[3894571.269328720401973,4564538.44681953638792],[3894597.013229073956609,4564550.705919661559165],[3894599.89862910984084,4564552.079919673502445],[3894604.629629173781723,4564554.332719694823027],[3894633.301429601851851,4564591.772520148195326],[3894643.096129813231528,4564653.260220929048955],[3894638.743329890072346,4564746.308122147805989],[3894632.717729867901653,4564787.060622686520219],[3894624.115729840938002,4564845.238923457451165],[3894615.737229797057807,4564891.716624070890248],[3894613.407929773908108,4564897.28112414944917],[3894598.477629632223397,4564932.948324635624886],[3894545.81282903579995,4564998.094225550070405],[3894537.721428947523236,4565008.107325691729784],[3894470.061028182506561,4565091.837626880966127],[3894431.971527829766273,4565188.694628188386559],[3894384.087627348490059,4565289.90462957881391],[3894330.147326807957143,4565405.904831157065928],[3894312.778326621744782,4565430.490731501020491],[3894278.410426135640591,4565406.825331244617701],[3894239.98962557176128,4565361.256030707620084],[3894216.546525215730071,4565323.72393025457859],[3894212.247425153851509,4565317.820730184204876],[3894193.917424874380231,4565292.651429883204401],[3894189.152824809774756,4565286.109029801562428],[3894142.671924165915698,4565261.402429547160864],[3894107.867823699023575,4565250.298829452134669],[3894099.909123591613024,4565249.326229450292885],[3894071.690323219634593,4565245.87732944637537],[3894069.272123193833977,4565245.581829442642629],[3894025.844222623389214,4565242.582329465076327],[3893985.777022099122405,4565243.109729531221092],[3893952.54892169078812,4565255.958229744806886],[3893948.757721638772637,4565257.424129771068692],[3893901.65332105755806,4565275.02603005990386],[3893848.73432037467137,4565283.59343025367707],[3893809.339219868183136,4565285.803530335426331],[3893738.844218956772238,4565288.19213046412915],[3893696.494118420872837,4565300.723730690777302],[3893667.044818074442446,4565324.422431042417884],[3893598.35001730453223,4565409.617832246236503],[3893558.315616857726127,4565462.020732981152833],[3893531.421116556506604,4565497.224433479830623],[3893501.221416199114174,4565520.350733825005591],[3893443.814715504646301,4565556.808234385214746],[3893422.973115253727883,4565571.49653459712863],[3893419.110315205529332,4565574.21893463935703],[3893395.001814937684685,4565603.889335062354803],[3893388.409314889460802,4565630.868835417553782],[3893387.293914880137891,4565635.433335481211543],[3893389.479014919139445,4565640.050535537302494],[3893407.472915201447904,4565678.072136011905968],[3893444.631515728309751,4565707.53503633569926],[3893510.737616632133722,4565738.625936646014452],[3893521.079916771501303,4565743.024336688220501],[3893523.783116812817752,4565744.173936696723104],[3893593.726017759181559,4565773.919536990113556],[3893669.905818799044937,4565806.567837303504348],[3893723.022019527386874,4565833.423937575891614],[3893775.243320244830102,4565862.607137880288064],[3893783.723920364864171,4565869.674237962812185],[3893802.353120633400977,4565885.198438136838377],[3893807.411920702084899,4565889.414138179272413],[3893836.23892114777118,4565939.742538798600435],[3893838.785621196497232,4565950.486438930034637],[3893851.104821432381868,4566002.457439593039453],[3893856.780421560164541,4566040.671740075573325],[3893858.023721585981548,4566049.043540190905333],[3893856.546521649695933,4566108.020340956747532],[3893837.493321491871029,4566170.613941794261336],[3893832.587521442212164,4566180.425741930492222],[3893822.486921343021095,4566200.626642210409045],[3893820.439621319063008,4566204.721242260187864],[3893803.517821134999394,4566231.837442637421191],[3893773.293620797805488,4566267.453843139111996],[3893737.528420359827578,4566288.375143467448652],[3893733.98022031923756,4566289.955043490976095],[3893731.974320291075855,4566290.848243503831327],[3893672.083919551689178,4566317.514843937009573],[3893590.833718564826995,4566362.391844632104039],[3893560.488218192011118,4566377.829244878143072],[3893560.484818186610937,4566377.830944881774485],[3893466.399217033758759,4566423.6228456068784],[3893394.626516151707619,4566461.212946199811995],[3893389.927416098769754,4566463.374046236276627],[3893344.092115534469485,4566484.452946572564542],[3893297.341814931016415,4566490.588246716186404],[3893250.281214294023812,4566470.868946527130902],[3893201.403113580774516,4566415.461645882576704],[3893178.428713247179985,4566390.238845586776733],[3893099.749212105758488,4566305.303344593383372],[3893047.776411341968924,4566245.062543883919716],[3893019.842510934453458,4566212.685143508017063],[3893019.795910934917629,4566212.631143504753709],[3893002.267810666467994,4566188.421143213286996],[3892969.350610199384391,4566160.283242896199226],[3892965.310310145374388,4566156.829542857594788],[3892963.921610125340521,4566156.21604285761714],[3892915.184709460008889,4566134.686242643743753],[3892882.913309046067297,4566136.270942706614733],[3892879.134408991783857,4566136.456442716531456],[3892849.570608613546938,4566140.099742805585265],[3892797.92640798073262,4566164.198543194681406],[3892744.313007335644215,4566198.568943716585636],[3892737.888007253408432,4566202.687843779101968],[3892735.398107223212719,4566204.445943804457784],[3892714.026906972751021,4566219.536244037561119],[3892674.675406495574862,4566246.779844446107745],[3892650.777706223540008,4566271.22064479906112],[3892612.934205782134086,4566308.063645331189036],[3892522.503904793877155,4566435.375047112815082],[3892407.543203521054238,4566587.227049248293042],[3892355.355902933049947,4566652.234050169587135],[3892301.396802322473377,4566714.741251056082547],[3892273.101802040822804,4566770.243551821447909],[3892272.013602086808532,4566813.774752386845648],[3892282.1171022686176,4566847.820552814751863],[3892282.366302273701876,4566848.660352825187147],[3892283.276202280074358,4566848.979652827605605],[3892339.998703049030155,4566868.884753000922501],[3892341.934503077529371,4566869.564053008332849],[3892343.749903096351773,4566869.001953000202775],[3892402.607303834054619,4566850.775852678343654],[3892463.550804581958801,4566822.480552222579718],[3892516.396105254534632,4566810.724451994523406],[3892557.76530579989776,4566817.298752025701106],[3892596.089106330182403,4566841.951952285133302],[3892629.948606878519058,4566913.539953164756298],[3892650.381707212422043,4566961.106253756210208],[3892655.365007293410599,4566972.706853891722858],[3892655.579607293475419,4566973.082553901709616],[3892691.370507847517729,4567035.727254662662745],[3892722.105908330064267,4567094.664255382493138],[3892779.836209184490144,4567166.863556237891316],[3892780.996809200383723,4567168.315056254155934],[3892831.388409946113825,4567233.25755702611059],[3892840.478510083630681,4567243.552657147869468],[3892874.994010581634939,4567282.643857602961361],[3892876.613510609138757,4567284.478057622909546],[3892878.292610632255673,4567285.91555764246732],[3892909.547811074182391,4567312.672757946886122],[3892939.15571148134768,4567327.74925809726119],[3893022.928212608676404,4567355.191858337260783],[3893070.307013256475329,4567380.284358588978648],[3893072.681813334580511,4567410.198258977383375],[3893048.903313068207353,4567438.790659384801984],[3893020.208012728020549,4567464.563759756274521],[3892982.327112284954637,4567495.790160213597119],[3892942.889911799225956,4567514.586660514585674],[3892912.806811425369233,4567525.286560694687068],[3892856.660510714631528,4567539.745060965418816],[3892828.562810382805765,4567561.862361292354763],[3892828.476810386404395,4567561.930061288177967],[3892826.395510361529887,4567567.673761368729174],[3892813.752810245379806,4567602.564161838032305],[3892809.049810209777206,4567615.543062016367912],[3892796.022810077760369,4567643.586562398821115],[3892767.004109752364457,4567675.832162858918309],[3892708.79010901786387,4567691.088863140903413],[3892680.945808644406497,4567683.561363083310425],[3892646.384608192369342,4567681.404663107357919],[3892624.074907954316586,4567715.141463574022055],[3892613.029907875228673,4567761.184264186769724],[3892608.349007888231426,4567812.768464863300323],[3892589.616207721177489,4567864.612165562808514],[3892592.934207768645138,4567870.325065625831485],[3892604.648107948713005,4567890.49416587408632],[3892644.438608548138291,4567948.835766574367881],[3892644.957808561157435,4567949.59706658218056],[3892645.515308565925807,4567950.04706659168005],[3892676.457609002944082,4567975.022366867400706],[3892723.653209613170475,4567971.975066763348877],[3892762.984810096677393,4567956.949566511437297],[3892800.809610607568175,4567971.235566639341414],[3892815.042210837826133,4568000.267366996966302],[3892812.203010881785303,4568055.002767713740468],[3892780.788310527801514,4568093.046068248338997],[3892746.235610117204487,4568117.532568618655205],[3892728.830509920604527,4568140.421968936920166],[3892724.552109906915575,4568172.049469355493784],[3892713.723409820813686,4568208.539969844743609],[3892687.196709504816681,4568226.632770110853016],[3892640.098708897363394,4568226.551070179790258],[3892628.235108739696443,4568224.545270171016455],[3892577.824408073909581,4568216.022170132957399],[3892510.623307188041508,4568205.955670104362071],[3892464.915506594348699,4568205.411970155313611],[3892421.162206030450761,4568209.888870276510715],[3892414.954405951779336,4568211.917170315049589],[3892372.411805421579629,4568225.817470556125045],[3892342.910305081866682,4568252.46407094784081],[3892321.806904837023467,4568271.525271224789321],[3892272.290504271164536,4568325.395371989347041],[3892252.698204071260989,4568361.792972491122782],[3892220.357003754004836,4568433.655973468907177],[3892187.347203389275819,4568478.275874092243612],[3892146.466502905357629,4568509.407074561342597],[3892116.262702533975244,4568523.555974782444537],[3892070.705801972653717,4568545.546875132247806],[3892011.172701257746667,4568585.075575730763376],[3892003.945901181548834,4568594.097875858657062],[3891986.07520098099485,4568616.40837617777288],[3891966.215200803708285,4568671.43897691834718],[3891973.855400941800326,4568700.479277282953262],[3892000.860601334832609,4568726.379477575421333],[3892005.68830140074715,4568731.009577636606991],[3892077.121302331332117,4568735.71777758654207],[3892078.572802348993719,4568735.813477588817477],[3892149.862203282769769,4568740.400377539917827],[3892198.347803954500705,4568769.119277850724757],[3892270.891004923265427,4568794.301078067161143],[3892272.925704957451671,4568794.933478073216975],[3892325.579305663239211,4568811.299378209747374],[3892368.751406253315508,4568832.883078427985311],[3892405.280206770636141,4568866.519478807225823],[3892432.295607191044837,4568915.75237940903753],[3892439.778907351661474,4568959.69167996942997],[3892415.673307115212083,4569011.555080673657358],[3892364.116206482518464,4569034.273081042803824],[3892335.311006105039269,4569033.672781074419618],[3892305.757105710916221,4569022.84648098051548],[3892262.868805156089365,4569024.28308105841279],[3892234.882904830854386,4569050.053681433200836],[3892222.764304718002677,4569082.819081876426935],[3892222.524904716294259,4569083.516981882043183],[3892215.55420465907082,4569103.834182154387236],[3892202.779204541817307,4569141.068082661367953],[3892210.29780470719561,4569186.945783241651952],[3892210.749704723246396,4569189.702983274124563],[3892211.839804737828672,4569192.141983306035399],[3892226.251904973294586,4569224.388183704577386],[3892228.394905007444322,4569229.183083762414753],[3892241.925605221651495,4569257.393984107300639],[3892231.849005160853267,4569306.398984760977328],[3892231.046105155255646,4569310.303784810006618],[3892228.268405210692436,4569373.123885626904666],[3892251.344405564945191,4569413.674886117689312],[3892249.359205594286323,4569448.776786576956511],[3892207.722505086101592,4569473.233986950479448],[3892192.302704896312207,4569478.306987042538822],[3892163.030204530339688,4569487.937287208624184],[3892117.372803934849799,4569482.961887207813561],[3892086.610603518318385,4569468.979987075552344],[3892053.461203031241894,4569431.332886629737914],[3892056.990003013517708,4569385.107786032371223],[3892034.208002656232566,4569345.650885545648634],[3892036.096202667802572,4569336.518285429105163],[3892042.018202700652182,4569307.873385050334036],[3892060.460902883671224,4569264.309384460560977],[3892069.349702954292297,4569236.86978408601135],[3892070.359602965880185,4569233.75238405354321],[3892071.630302976816893,4569229.347983989864588],[3892083.088103068061173,4569189.633883462287486],[3892071.623102876823395,4569161.908183115534484],[3892068.086402830202132,4569158.920983084477484],[3892037.315402389504015,4569132.930882793851197],[3892007.387401998508722,4569127.472482766956091],[3892001.605201920960099,4569126.417882760055363],[3891923.081200886517763,4569117.033682750537992],[3891910.410800727084279,4569120.853782821446657],[3891882.034000378102064,4569129.409682973288],[3891881.517500368878245,4569129.565382974222302],[3891879.775300347711891,4569132.476183013059199],[3891863.567300180904567,4569159.555383392609656],[3891845.560899986885488,4569189.639483808539808],[3891827.935899776872247,4569202.282883991487324],[3891804.9381995042786,4569218.780384236015379],[3891804.344999500084668,4569219.205884247086942],[3891803.690799489617348,4569220.132584256120026],[3891789.157199336681515,4569240.718484546989202],[3891780.992499245796353,4569252.283184707164764],[3891755.680398903787136,4569243.243384630419314],[3891742.514598729554564,4569238.541484587825835],[3891718.190898404922336,4569234.232584566809237],[3891701.157298177015036,4569231.215184553526342],[3891676.402897832449526,4569214.462284367531538],[3891674.830097815487534,4569213.398084360174835],[3891667.969497716985643,4569208.754984307102859],[3891666.297397695016116,4569208.218184303492308],[3891640.833497354295105,4569200.042984233237803],[3891635.857097286265343,4569200.263084244914353],[3891599.633196821901947,4569201.865484316833317],[3891556.862896325066686,4569241.606084893457592],[3891499.38759565167129,4569289.387285597622395],[3891460.564595174510032,4569306.571185880340636],[3891422.518594706431031,4569320.519086113199592],[3891395.436394384596497,4569344.873786466196179],[3891384.113694251514971,4569355.056086614727974],[3891356.409493938088417,4569385.015387046150863],[3891328.108493616804481,4569415.62008748203516],[3891285.720993096940219,4569432.668887762352824],[3891207.820192108396441,4569449.489088092930615],[3891172.196591681800783,4569472.420288444496691],[3891154.257791517302394,4569518.203389059752226],[3891153.5857915119268,4569519.918389081954956],[3891154.152691522613168,4569522.167489113286138],[3891162.456991681829095,4569555.113489527255297],[3891171.234191844239831,4569590.323189973831177],[3891171.695391851942986,4569592.173289992846549],[3891170.66179191460833,4569646.410790697671473],[3891136.252791466657072,4569645.888890740461648],[3891136.075991467107087,4569645.886190744116902],[3891135.675091462675482,4569645.426690733060241],[3891124.592991304583848,4569632.724990586750209],[3891113.512991136871278,4569620.025690441019833],[3891082.157490711193532,4569605.128390287049115],[3891051.291290332563221,4569619.331490522250533],[3891031.20309011079371,4569648.023190920241177],[3891024.00859006261453,4569678.022591321729124],[3891022.596690083388239,4569703.386491649784148],[3891021.69299009302631,4569719.619491864927113],[3890994.623989770188928,4569737.526792133226991],[3890955.399289266671985,4569737.700392191298306],[3890913.761788746342063,4569752.36309244018048],[3890908.571988680399954,4569754.355592475272715],[3890880.073888329789042,4569765.296792658045888],[3890850.915587960742414,4569768.768192749470472],[3890817.130687518510967,4569766.730692768469453],[3890816.09238750487566,4569766.668092773295939],[3890785.752787099219859,4569760.576492734253407],[3890726.695186364464462,4569780.793893083930016],[3890738.991986603941768,4569833.402393747121096],[3890739.138586606830359,4569834.029593755491078],[3890739.345986612141132,4569834.46449375897646],[3890755.110286860261112,4569867.524794165045023],[3890772.229987110942602,4569888.012094408273697],[3890774.257387143094093,4569890.438294432125986],[3890789.994187390897423,4569920.187394793145359],[3890803.013387606013566,4569954.304995213635266],[3890814.121287792921066,4569983.463395575992763],[3890820.369787925854325,4570016.092795993201435],[3890851.957988384179771,4570052.540496420115232],[3890913.786989241838455,4570090.378796814009547],[3890958.871689879335463,4570129.948497262783349],[3890978.657790194731206,4570170.56159776262939],[3890979.438690267968923,4570212.621298298239708],[3890979.525090273004025,4570214.414698324166238],[3890980.93079033261165,4570243.579598701559007],[3890982.843390403781086,4570273.019999078474939],[3890983.557490415405482,4570277.589999138377607],[3890989.071890535764396,4570312.881699583493173],[3891009.899290844798088,4570335.791699852794409],[3891020.31299102306366,4570366.338400227949023],[3891055.719691554550081,4570416.323700826615095],[3891075.889891866128892,4570452.948501272127032],[3891078.995491914451122,4570458.587501338683069],[3891075.500091953668743,4570513.977002056315541],[3891008.387691137846559,4570551.40530264377594],[3890859.653689387254417,4570667.864704363048077],[3890852.84878930170089,4570673.193004444241524],[3890824.481388964690268,4570692.662004735320807],[3890763.951288206968457,4570711.332805063575506],[3890718.730487648397684,4570727.70890534017235],[3890690.677387243136764,4570696.175504975952208],[3890672.490986973512918,4570675.732904738746583],[3890666.325886886101216,4570670.316904677078128],[3890562.209885408636183,4570578.850903650745749],[3890539.699285078793764,4570552.709703344851732],[3890530.606684942729771,4570542.150703221559525],[3890522.12258481932804,4570532.298303104937077],[3890520.905584801454097,4570530.884903090074658],[3890494.736284420825541,4570500.494902730919421],[3890431.071683406829834,4570369.901601135730743],[3890378.834082692861557,4570342.69470086414367],[3890344.431482235901058,4570338.040500855073333],[3890336.961482138838619,4570337.029900854453444],[3890329.491482041310519,4570336.019300847314298],[3890308.39898176304996,4570333.165700842626393],[3890304.029881708323956,4570332.574600839987397],[3890299.58638165332377,4570331.97340084053576],[3890167.163679980672896,4570360.652001405134797],[3890057.471578367054462,4570230.852599886246026],[3890055.701078343670815,4570228.936299864202738],[3890052.937078305054456,4570225.94469983316958],[3890034.838978043291718,4570206.356199603527784],[3890026.181877918541431,4570196.986299498006701],[3889986.035477155819535,4570035.420597467571497],[3889984.867477136664093,4570030.72029740922153],[3889959.499076715204865,4569967.631696628406644],[3889929.795776288490742,4569938.22549629304558],[3889890.914575717877597,4569892.497595756314695],[3889872.732075380627066,4569826.303394926711917],[3889871.065975351259112,4569818.113294824026525],[3889856.617875059135258,4569747.092493925243616],[3889820.226574646309018,4569786.916994494386017],[3889820.212174648419023,4569786.932794492691755],[3889788.440874307882041,4569837.19089519418776],[3889738.377573745325208,4569893.512295994907618],[3889732.937473684549332,4569899.632496081292629],[3889650.229772757738829,4569996.624297461472452],[3889583.923772047273815,4570096.956398857757449],[3889558.057571760844439,4570129.608299320563674],[3889496.908571037929505,4570178.343700040131807],[3889461.549170544371009,4570151.880899745039642],[3889444.066170281730592,4570129.152899479493499],[3889404.432769699953496,4570082.626598933711648],[3889370.120569271501154,4570089.892799077555537],[3889370.114369270857424,4570089.894299080595374],[3889340.155668837018311,4570059.185098733752966],[3889273.546867872588336,4569990.907997941598296],[3889224.555867304094136,4570032.799498556181788],[3889150.259766277391464,4569987.076298073865473],[3889021.91156476456672,4570087.721399569883943],[3889020.598064747173339,4570088.916399587877095],[3888930.836463704705238,4570170.575000773184001],[3888913.963163532316685,4570201.528401201590896],[3888922.745463662780821,4570211.008501313626766],[3888977.028964452911168,4570269.605601988732815],[3888982.656764536630362,4570275.680602056905627],[3889015.491665004752576,4570305.15350239071995],[3889042.849065417423844,4570345.188602868467569],[3889045.091065451037139,4570348.469502905383706],[3889083.423066027928144,4570401.37620353512466],[3889046.410965599585325,4570438.388304065912962],[3889045.235065588727593,4570439.564304083585739],[3889066.743665922433138,4570478.747104560025036],[3889079.33936613611877,4570511.408704960718751],[3889074.080766069237143,4570514.15600501280278],[3889002.514565203338861,4570551.543605599552393],[3888999.853865169920027,4570552.933605615980923],[3888997.193165136966854,4570554.323605636134744],[3888951.034964573103935,4570578.437606015242636],[3888941.781864460557699,4570583.27150609716773],[3888932.52866435283795,4570588.105606176890433],[3888909.145564066246152,4570600.321306364610791],[3888837.895463197957724,4570637.543606957420707],[3888811.012262873817235,4570651.588007178157568],[3888806.186862813308835,4570654.108907211571932],[3888797.912862716242671,4570658.431507281027734],[3888805.536462929099798,4570736.23800827562809],[3888845.44946351647377,4570782.63660881575197],[3888792.967462891712785,4570818.596809366717935],[3888789.824962848331779,4570820.750009395182133],[3888744.593062198720872,4570777.066308892332017],[3888737.102862092200667,4570768.909308802336454],[3888718.027761817909777,4570748.135908563621342],[3888712.632761735469103,4570742.260708491317928],[3888712.625761736184359,4570742.253008492290974],[3888645.531960759311914,4570669.703507654368877],[3888606.027460183948278,4570627.013407158665359],[3888571.483459667768329,4570580.485206609591842],[3888511.35865877289325,4570499.501205655746162],[3888505.367158686276525,4570491.431105559691787],[3888465.555558103136718,4570451.02770509570837],[3888400.341957171913236,4570388.681004386395216],[3888304.573055831249803,4570320.119603645987809],[3888286.630255551543087,4570288.202003257349133],[3888260.650255142711103,4570241.986702697351575],[3888217.670554524287581,4570200.081002221442759],[3888189.686654179822654,4570208.52720237057656],[3888185.972354133613408,4570209.648302394896746],[3888176.895554016809911,4570212.3878024360165],[3888171.274153949692845,4570214.961802483536303],[3888141.659053583629429,4570228.52270270138979],[3888136.223853518255055,4570231.01140274759382],[3888092.703952983487397,4570250.949603067710996],[3888092.697052986361086,4570250.952803064137697],[3888051.472052411641926,4570224.592902788892388],[3888033.310652161948383,4570212.980302659794688],[3888016.081251936033368,4570212.604102683253586],[3887999.157951719593257,4570212.234602708369493],[3887979.511951435822994,4570191.282602464780211],[3887979.508051429409534,4570191.278202462010086],[3887951.580451026558876,4570160.917002110742033],[3887952.463351025711745,4570153.176102008670568],[3887955.567151023540646,4570125.964701658114791],[3887906.891350402496755,4570129.086901768110693],[3887873.232149989809841,4570147.085402052849531],[3887865.600949896033853,4570151.166002116166055],[3887812.2617490850389,4570069.272601138800383],[3887800.332948884461075,4570039.323800766840577],[3887795.919848835095763,4570042.387800814583898],[3887719.42394792009145,4570095.497601617127657],[3887719.087147922255099,4570095.542201614938676],[3887689.161047539673746,4570099.501901710405946],[3887676.974147380329669,4570101.114401754923165],[3887659.454147191252559,4570124.06230207812041],[3887655.192647144664079,4570129.644002159126103],[3887615.99384661950171,4570115.793602037243545],[3887583.194046203047037,4570121.78780216164887],[3887591.613846261054277,4570089.692801732569933],[3887624.619546656496823,4570068.715501410886645],[3887629.745846717152745,4570065.457401359453797],[3887620.883046547416598,4570029.558100912719965],[3887568.238845897372812,4570048.990501245483756],[3887509.584845168981701,4570068.578201582655311],[3887426.466544014867395,4570014.859801012091339],[3887363.165543098933995,4569949.990000270307064],[3887362.511143083218485,4569949.166600265540183],[3887334.597542671021074,4569914.04629984870553],[3887306.627042321953923,4569922.334900001063943],[3887290.455142063554376,4569887.66139957215637],[3887287.851742016617209,4569878.60419945884496],[3887276.299741805996746,4569838.417198956944048],[3887275.04014177666977,4569834.035298902541399],[3887274.87674177903682,4569833.466898893006146],[3887232.010541236028075,4569840.824699052609503],[3887217.459741048514843,4569843.32229911070317],[3887210.948840955272317,4569836.34759902767837],[3887194.175340707879514,4569818.379198824986815],[3887184.166140586137772,4569822.957498895935714],[3887145.84504011971876,4569840.486099179834127],[3887137.954040021169931,4569844.095599238760769],[3887030.604238681960851,4569875.83319981675595],[3887034.956838644109666,4569812.717998987063766],[3887034.957538640126586,4569812.713098989799619],[3887034.958538643084466,4569812.707398989237845],[3887048.080138727091253,4569754.694698217324913],[3887053.926138738170266,4569716.483997719362378],[3887052.218238713219762,4569711.670697653666139],[3887043.663038563448936,4569687.560897359624505],[3887007.468338113278151,4569696.962097533047199],[3887004.616338072344661,4569697.702797544188797],[3886962.79563755588606,4569712.56999780330807],[3886890.006936655379832,4569739.29329825937748],[3886819.042335789185017,4569776.955698853358626],[3886658.985833851620555,4569861.903100193478167],[3886606.048133214004338,4569894.735900701954961],[3886568.500932743772864,4569901.63370084296912],[3886566.780232720077038,4569902.389200857840478],[3886404.733530730009079,4569973.542902029119432],[3886207.26842829817906,4570052.916803353466094],[3886168.762327821925282,4570066.530103587545455],[3886079.49692671559751,4570098.089104132726789],[3885993.025225626770407,4570121.643304565921426],[3885858.800523996353149,4570188.433205635286868],[3885834.278823705390096,4570207.147605918347836],[3885845.89452391397208,4570246.188806405290961],[3885727.802722514607012,4570327.821007641963661],[3885688.660822049248964,4570356.023908063769341],[3885580.02682076767087,4570434.29800924193114],[3885542.755320327356458,4570460.201809640973806],[3885501.174519828986377,4570489.100510073825717],[3885467.112019424792379,4570512.774210437200963],[3885458.47041932400316,4570518.780110523104668],[3885410.955418732948601,4570534.321710798889399],[3885372.204818319063634,4570592.512611608952284],[3885352.472118099220097,4570614.616211930289865],[3885314.159017625730485,4570629.828012183308601],[3885198.003216279670596,4570731.142513670027256],[3885125.919215442612767,4570792.32561457157135],[3885131.536715594120324,4570844.072315233759582],[3885117.412015549372882,4570930.518216371536255],[3885084.955715153831989,4570948.863116659224033],[3885076.153515049722046,4570953.838416730985045],[3885013.869714315980673,4570999.386917421594262],[3885013.713714311830699,4570999.693317417986691],[3884983.553914012387395,4571058.935718239285052],[3884882.994712654966861,4571018.51401786878705],[3884879.808512611314654,4571017.233317860402167],[3884878.402312593534589,4571016.708017846569419],[3884845.257612140383571,4571004.326317744329572],[3884781.677911343052983,4571020.84651805460453],[3884606.253709200304002,4571100.262519350275397],[3884573.395508803427219,4571117.335419623181224],[3884498.743307790718973,4571085.557219331152737],[3884494.274107729550451,4571083.654719314537942],[3884429.249006958678365,4571128.931719994172454],[3884410.952206739690155,4571141.671720188111067],[3884311.992205624002963,4571247.39432170893997],[3884237.760204806458205,4571339.548623016104102],[3884177.139904145617038,4571414.805624080821872],[3884218.676004719454795,4571438.583324322476983],[3884267.624405404552817,4571473.768624701537192],[3884324.058006225619465,4571532.339525368995965],[3884246.669705318287015,4571593.387826276943088],[3884246.667305314913392,4571593.389626278541982],[3884238.926205225288868,4571599.209626365453005],[3884217.134804969187826,4571615.593026610091329],[3884233.669505241792649,4571654.414127091877162],[3884230.545405221637338,4571667.021927254274487],[3884224.038205182179809,4571693.283027603290975],[3884294.85920625878498,4571800.763828880153596],[3884366.770307374186814,4571921.034830324351788],[3884310.172406740486622,4571981.447131192311645],[3884305.061106682755053,4571985.724431255832314],[3884268.109606254845858,4572016.646131713874638],[3884244.059505997225642,4572055.006732244044542],[3884217.977405751589686,4572111.23233300819993],[3884172.569205306470394,4572204.553334287367761],[3884138.344004889484495,4572218.748534522950649],[3884104.3685044022277,4572188.878234189003706],[3884090.168204142246395,4572140.007933579385281],[3884072.207903821952641,4572082.057432861998677],[3884046.397503449581563,4572057.897232589311898],[3884011.788202987518162,4572044.959632476791739],[3884011.062702975235879,4572044.68843247462064],[3883974.156902499496937,4572044.717432530596852],[3883928.906301921699196,4572050.767532681114972],[3883869.564201151952147,4572045.47273270599544],[3883862.472501060459763,4572046.637832728214562],[3883832.40540068410337,4572051.577932842075825],[3883765.384799847379327,4572074.298133239150047],[3883714.954399205278605,4572079.148533379659057],[3883673.073298724368215,4572117.275333939120173],[3883648.993898445740342,4572139.76933426130563],[3883605.733597949612886,4572176.819734808057547],[3883561.253197433892637,4572216.090435383841395],[3883483.082696542143822,4572288.631336443126202],[3883430.982295931782573,4572329.201737048104405],[3883390.68209547130391,4572367.692337613552809],[3883346.601794965565205,4572409.922838220372796],[3883358.476795160211623,4572436.854338554665446],[3883361.110495209228247,4572442.827438628301024],[3883327.901794845238328,4572484.913739218376577],[3883212.250893502030522,4572579.685040621086955],[3883156.2305928459391,4572622.505641265772283],[3883125.092992480378598,4572648.43634164519608],[3883089.613992051687092,4572664.265141905285418],[3883088.418692031875253,4572664.922041916288435],[3883047.469691538251936,4572687.426642275415361],[3882997.489290943369269,4572716.647042728960514],[3882934.364090202841908,4572766.243543466553092],[3882931.561390171758831,4572768.445643498562276],[3882895.703489752020687,4572796.190743908286095],[3882825.047988931648433,4572850.788944732397795],[3882745.217287978623062,4572901.439745510928333],[3882706.136987529695034,4572938.450046049430966],[3882647.536586864385754,4572996.790946891531348],[3882636.011686773505062,4573031.601247359998524],[3882652.511387020815164,4573051.732547594234347],[3882673.727387332823128,4573077.618247893638909],[3882601.606686524115503,4573156.212749015539885],[3882525.046185636892915,4573216.683549923822284],[3882494.314185275696218,4573239.782950265333056],[3882418.385384384542704,4573296.854551120661199],[3882377.04068392328918,4573343.037951778620481],[3882384.87638403614983,4573352.130651883780956],[3882411.965684441383928,4573383.565352246165276],[3882458.656185117550194,4573431.185952790081501],[3882430.944984796922654,4573454.312653134576976],[3882425.730484734289348,4573458.664453197270632],[3882357.625383936800063,4573508.836953956633806],[3882304.073583309538662,4573551.607954581268132],[3882304.332183317281306,4573552.068354589864612],[3882328.30538369435817,4573594.757955105043948],[3882362.554984216578305,4573645.676855705678463],[3882369.634184324648231,4573656.195655828341842],[3882395.340584715362638,4573694.392156285233796],[3882421.046785103157163,4573732.588956736959517],[3882453.517185614444315,4573787.959457397460938],[3882485.657586100511253,4573833.729757936671376],[3882523.258186660706997,4573883.889958526007831],[3882561.588787234853953,4573934.280359113588929],[3882597.354587779846042,4573988.982459761202335],[3882578.263587582390755,4574017.876760165207088],[3882548.789087255951017,4574052.07176065351814],[3882520.529086956288666,4574096.559061267413199],[3882514.613986901007593,4574105.870761400088668],[3882465.788686411455274,4574195.063462621532381],[3882411.436385789886117,4574246.949763377197087],[3882409.104185764677823,4574248.415963397361338],[3882359.397785173263401,4574279.664663881063461],[3882291.277184355072677,4574317.415064477361739],[3882266.857084076385945,4574341.995364831760526],[3882226.516883609350771,4574375.075965316966176],[3882176.97648305632174,4574427.676566077396274],[3882130.326182522345334,4574472.877266732975841],[3882101.63598222611472,4574514.977567320689559],[3882068.265781864523888,4574558.338067929260433],[3882043.005681604146957,4574599.168768499046564],[3882005.255481192376465,4574648.239269183017313],[3881946.52268058527261,4574742.456070491112769],[3881893.625080007128417,4574809.456271437928081],[3881890.071879968978465,4574813.599671497009695],[3881820.694579203147441,4574894.50227265059948],[3881772.27267864625901,4574935.137073248624802],[3881686.958677658811212,4575006.533774299547076],[3881685.9834776497446,4575007.153974309563637],[3881651.453177241142839,4575029.114174645394087],[3881623.220176911447197,4575052.029974986799061],[3881576.372576369903982,4575090.05507555231452],[3881457.20167497266084,4575177.226276864297688],[3881426.687674609012902,4575194.031477129086852],[3881401.703774312976748,4575207.809577344916761],[3881401.585574307944626,4575207.892777342349291],[3881229.019872278440744,4575329.55837918817997],[3881156.371671411208808,4575370.281479827128351],[3881100.608870742376894,4575401.539680318906903],[3881044.048470072448254,4575439.190180891193449],[3880984.564469407312572,4575500.501081773079932],[3880978.180469332262874,4575507.081081872805953],[3880971.796469265595078,4575513.661181966774166],[3880883.18736827140674,4575604.992283280938864],[3880853.214967938140035,4575638.55688376352191],[3880848.311867884360254,4575644.047483836300671],[3880843.408867833204567,4575649.53818391263485],[3880823.532167606521398,4575671.797084234654903],[3880803.666867386549711,4575694.043384552001953],[3880748.546566782519221,4575756.054185438901186],[3880717.652766385581344,4575760.181385540403426],[3880713.482166335918009,4575760.738485555164516],[3880678.595765906386077,4575772.141985758207738],[3880551.294764331076294,4575810.145286448299885],[3880463.143963238224387,4575838.705786956474185],[3880432.368862935341895,4575897.186587762087584],[3880365.613062100019306,4575907.448887998238206],[3880365.54816209571436,4575907.457987998612225],[3880328.695361650083214,4575922.764788253232837],[3880306.432761391159147,4575942.930388546548784],[3880257.227160823065788,4575983.585589152760804],[3880203.126560214906931,4576036.195889917202294],[3880203.11876021604985,4576036.203489913605154],[3880198.275460161734372,4576040.913389983586967],[3880198.208160162437707,4576040.969689983874559],[3880127.358659345656633,4576100.225990856066346],[3879966.031157445628196,4576208.961492517963052],[3879932.605957051739097,4576231.945392863824964],[3879658.21815382828936,4576420.624595734290779],[3879604.23155318479985,4576453.847096248529851],[3879531.365252325776964,4576498.688496940769255],[3879531.362352321390063,4576498.690296938642859],[3879520.984652196988463,4576505.076697041280568],[3879315.146349795162678,4576653.588099280372262],[3879264.898249227087945,4576700.403699961490929],[3879204.565248538739979,4576756.833400781266391],[3879134.720847715158015,4576800.061101451516151],[3879121.66314755519852,4576805.215501543134451],[3879074.212646971456707,4576823.94630186073482],[3879047.109446687158197,4576860.729102374054492],[3879030.836046549025923,4576905.437902975827456],[3879031.340546566992998,4576911.428103051148355],[3879035.494246702175587,4576960.752403676509857],[3879038.721046836581081,4577021.41160445753485],[3879014.673446585889906,4577057.799204958602786],[3878966.446446042973548,4577104.011705630458891],[3878922.565245524048805,4577131.760406059212983],[3878854.484744583256543,4577090.783105647191405],[3878822.219144143629819,4577072.069305453449488],[3878790.598843739368021,4577074.973205544054508],[3878756.39744330663234,4577081.426605683751404],[3878719.614742855541408,4577091.751605872996151],[3878688.639742479193956,4577105.625906103290617],[3878652.50234203832224,4577121.113406361080706],[3878595.069541218224913,4577072.070105821825564],[3878565.062540844548494,4577078.523105952888727],[3878524.408040356356651,4577099.173206287436187],[3878492.474439902696759,4577068.808105950243771],[3878455.331739368848503,4577035.164605577476323],[3878426.643039006274194,4577042.063605713658035],[3878384.121838508639485,4577068.250506119802594],[3878378.924738441128284,4577071.451206170022488],[3878339.203637980856001,4577098.851106588728726],[3878305.307737491559237,4577067.845806241035461],[3878258.455536817666143,4577024.989005764946342],[3878257.206936801318079,4577023.846905757673085],[3878200.210535979829729,4576967.64550512470305],[3878173.228935602586716,4576950.155104944482446],[3878168.905335560441017,4576955.042805016040802],[3878152.291735377628356,4576973.823305281810462],[3878126.484035092405975,4577002.997605702839792],[3878126.044635085854679,4577003.494305709376931],[3878077.892634544055909,4577051.956706408411264],[3878038.165433987509459,4577020.124106061644852],[3877974.899433245416731,4577065.022706746123731],[3877948.144832929130644,4577084.010207031853497],[3877903.295632409397513,4577115.308107503689826],[3877841.991231691092253,4577160.480008188635111],[3877790.366230954416096,4577114.985707686282694],[3877716.605630129110068,4577189.980008771643043],[3877693.892329877242446,4577213.073309106752276],[3877593.869428747799248,4577307.289210481569171],[3877614.519529093056917,4577356.332611074671149],[3877570.961228633765131,4577414.733711899258196],[3877544.248228337615728,4577448.086412366479635],[3877543.095728328917176,4577449.110112384893],[3877479.0045275981538,4577506.045613219961524],[3877433.18752707215026,4577545.40961379930377],[3877386.947626509703696,4577564.248314117081463],[3877383.932526477612555,4577565.476714139804244],[3877402.85812679445371,4577609.940814682282507],[3877411.8926269733347,4577651.563515203073621],[3877404.165626939851791,4577690.579415713436902],[3877402.051826934330165,4577701.252415850758553],[3877421.67742724576965,4577740.768416327424347],[3877456.742127720266581,4577755.781116462312639],[3877471.984728004783392,4577808.822617119178176],[3877460.936927929520607,4577847.092717630788684],[3877428.994127590674907,4577890.973918246105313],[3877405.117727327160537,4577917.754618622362614],[3877453.216428008396178,4577955.786719030700624],[3877494.170728514902294,4577942.921318802982569],[3877519.983128804713488,4577918.72211845126003],[3877551.603329203091562,4577914.20471833832562],[3877572.253329429775476,4577891.618718019686639],[3877580.800229484215379,4577860.165717598050833],[3877583.076829503290355,4577851.787617486901581],[3877585.16212951624766,4577844.113417386077344],[3877612.907529763877392,4577775.785316464491189],[3877649.367530120536685,4577711.89931558817625],[3877672.598630366846919,4577679.956315138377249],[3877711.639830787666142,4577628.331214410252869],[3877754.875731373671442,4577647.045114575885236],[3877775.525531588122249,4577618.974114179611206],[3877799.401931853499264,4577593.161613811738789],[3877822.633132108021528,4577565.413113418966532],[3877901.376533180475235,4577602.568513767793775],[3877905.140833226963878,4577604.344713790342212],[3877908.905033281072974,4577606.120913804508746],[3877943.517733751330525,4577622.45311395637691],[3877944.714233771432191,4577623.017713963985443],[3877945.910633781924844,4577623.582313963212073],[3877971.700334134045988,4577635.751614080742002],[3878068.497135419864208,4577660.273114236071706],[3878159.486236697528511,4577726.74001494422555],[3878217.942037529777735,4577778.514615507796407],[3878222.593137598596513,4577782.634115550667048],[3878252.390037948731333,4577765.014415284618735],[3878361.791239202022552,4577670.43581388797611],[3878433.420640051364899,4577627.199613217264414],[3878556.675041566602886,4577585.899312486872077],[3878605.758242177311331,4577573.433612247928977],[3878678.638843080494553,4577554.924111891537905],[3878822.65524483518675,4577496.121410898864269],[3878886.428945639170706,4577487.165710678324103],[3878919.339846078306437,4577500.071810795925558],[3878932.246246341615915,4577558.149911521933973],[3878935.473146454431117,4577604.61231211386621],[3878950.960846826434135,4577711.08851345255971],[3878978.064047266263515,4577765.940014111809433],[3878996.132847601547837,4577827.889814879745245],[3878992.261247653979808,4577892.421015708707273],[3878917.727946774102747,4577937.915716415271163],[3878880.622646363917738,4577980.183817017823458],[3878847.711946031078696,4578035.035517781972885],[3878807.057445620186627,4578104.08371872920543],[3878805.767245735041797,4578186.361019784584641],[3878794.797045737504959,4578270.896620887331665],[3878765.113045488018543,4578352.206221980974078],[3878722.464545069728047,4578433.818323096260428],[3878717.653845024295151,4578443.024123226292431],[3878689.899244797881693,4578525.101124322041869],[3878672.51154465181753,4578571.289924938231707],[3878657.346744514070451,4578603.232725374400616],[3878634.438444282393903,4578644.855325944721699],[3878643.472944484557956,4578696.157726586796343],[3878666.704244820401073,4578721.969926881603897],[3878682.819445064291358,4578741.402827109210193],[3878685.732145104557276,4578744.915227143093944],[3878705.423045393545181,4578768.432327413931489],[3878714.134945559315383,4578799.407427798956633],[3878701.874045484699309,4578849.902928461320698],[3878676.778945204801857,4578875.562328835017979],[3878644.441544840112329,4578908.626529309898615],[3878657.670645100064576,4578962.025829976424575],[3878673.480845370795578,4579004.616430493071675],[3878680.256745527964085,4579048.820231045596302],[3878699.616345838177949,4579087.054931511171162],[3878740.109646409284323,4579119.804431866854429],[3878783.184146963059902,4579120.449531804770231],[3878818.353647395037115,4579107.865831583738327],[3878860.621447903104126,4579085.279731223359704],[3878897.055048349779099,4579076.736731056123972],[3878902.230848417617381,4579075.523131028749049],[3878939.3896489078179,4579084.612231088802218],[3878939.752448914106935,4579084.912731090560555],[3878970.969749353826046,4579110.769231374375522],[3878986.780049602501094,4579139.162931709550321],[3879011.947249959222972,4579160.780931946821511],[3879053.731350548099726,4579191.271632269024849],[3879060.668550710193813,4579234.879432818852365],[3879046.794450583402067,4579271.129033304750919],[3879019.368750272784382,4579292.747033623978496],[3878977.369349778629839,4579322.55563407484442],[3878975.379149757325649,4579324.131834099069238],[3878939.027649341151118,4579352.922634527087212],[3878925.139749201014638,4579377.396634863689542],[3878919.651949144434184,4579387.067434996366501],[3878913.538049121852964,4579420.841835441999137],[3878911.602249160408974,4579460.689735949039459],[3878890.629748981911689,4579513.605236663483083],[3878863.591648701578379,4579557.043837266042829],[3878898.696349177975208,4579574.264637433923781],[3878941.932149711996317,4579558.454137153923512],[3878979.037550158333033,4579543.289336897432804],[3879007.091950488742441,4579522.017036586999893],[3879007.745650490745902,4579521.521436577662826],[3879034.78585081640631,4579507.215336349792778],[3879058.883151097688824,4579489.953036086633801],[3879061.066851125564426,4579488.388636062853038],[3879101.323851596098393,4579461.011735649779439],[3879153.593952226452529,4579438.425735274329782],[3879207.119652887340635,4579420.872434962540865],[3879250.319553426001221,4579415.580434828065336],[3879297.498454027343541,4579411.32213469594717],[3879354.608654788695276,4579428.100234818644822],[3879388.162655208725482,4579423.20163469389081],[3879415.267655534669757,4579412.612334520556033],[3879449.469155963510275,4579402.932534342631698],[3879492.059756513684988,4579406.320434317924082],[3879535.42145705036819,4579395.220434108749032],[3879558.778257299214602,4579365.890433693304658],[3879570.464957381598651,4579323.55903312843293],[3879571.755257314071059,4579268.707432423718274],[3879564.656657126266509,4579208.693331665359437],[3879567.998757111374289,4579176.226731246337295],[3879568.586257115937769,4579170.51933116838336],[3879583.693057211581618,4579112.219330401159823],[3879592.146457285154611,4579089.441730095073581],[3879593.727557292208076,4579085.181630037724972],[3879622.734257589094341,4579037.685829381458461],[3879539.811456454917789,4578991.546328927390277],[3879503.374356033746153,4579020.247629350982606],[3879496.621455949731171,4579019.910029357299209],[3879471.40855561895296,4579018.649529381655157],[3879469.472555520012975,4578970.896428771317005],[3879509.481655958108604,4578925.72432813141495],[3879539.775656295474619,4578894.620027679949999],[3879614.102157251909375,4578897.499827596358955],[3879638.102657561190426,4578898.429827565327287],[3879646.317557669244707,4578898.285027557052672],[3879651.595257735345513,4578898.191927544772625],[3879696.873458315152675,4578897.393727459944785],[3879742.761658906470984,4578899.26612741407007],[3879764.680459234397858,4578930.578227778896689],[3879787.933759589679539,4578963.797128166072071],[3879846.334560427814722,4579021.229628809727728],[3879869.243260782212019,4579056.076429217122495],[3879918.226561422925442,4579063.937929240986705],[3879922.007861484307796,4579071.374429333023727],[3879935.065061692614108,4579097.05352964065969],[3879950.5528619363904,4579128.351030019111931],[3880026.054162901826203,4579127.705629885196686],[3880053.320063210558146,4579101.557129509747028],[3880100.26486377324909,4579074.789729091338813],[3880152.212364418897778,4579063.496628861874342],[3880181.896864841226488,4579088.340929131954908],[3880244.814665623940527,4579072.853228831663728],[3880282.702866103034467,4579068.464728716760874],[3880285.186166134662926,4579067.587628702633083],[3880344.90256686322391,4579046.495228335261345],[3880404.714167629368603,4579046.534428238868713],[3880411.162267715670168,4579048.399428247474134],[3880422.927867868449539,4579051.802528275176883],[3880451.123968246858567,4579059.957828336395323],[3880487.534268755465746,4579085.508028603158891],[3880486.499068814329803,4579130.661429188214242],[3880486.385268817190081,4579135.623129251413047],[3880467.80436863610521,4579170.608829725533724],[3880430.63666824111715,4579221.169330437667668],[3880394.304067861288786,4579273.160031164065003],[3880355.473767420276999,4579310.910531701520085],[3880347.4738674396649,4579385.331332674250007],[3880367.644668024033308,4579589.033335247077048],[3880383.365268410183489,4579703.394436687231064],[3880401.181268705055118,4579745.311337199062109],[3880401.188368706963956,4579745.327937198802829],[3880508.546870219055563,4579833.585238150320947],[3880606.307271626777947,4579932.451839262619615],[3880682.609172726050019,4580009.156340121291578],[3880720.079573267605156,4580044.056640515103936],[3880757.730173839256167,4580099.877241168171167],[3880784.549274289980531,4580166.619341980665922],[3880785.164174317382276,4580178.818542131222785],[3880786.410674365237355,4580203.548042449168861],[3880762.842174141667783,4580250.48304308578372],[3880728.360473780892789,4580297.839243748225272],[3880700.22537349537015,4580349.164744452573359],[3880706.300573659595102,4580399.220345079898834],[3880723.59107392700389,4580428.272145426832139],[3880725.902773957233876,4580432.336345473304391],[3880749.021174318157136,4580472.980945956893265],[3880781.8156748265028,4580528.344846609979868],[3880794.145075054373592,4580570.329747132025659],[3880794.148475052323192,4580570.340647130273283],[3880842.32247570110485,4580589.151747293770313],[3880970.893877403344959,4580623.29154753126204],[3881044.737678379286081,4580642.503647658973932],[3881083.665078886784613,4580652.631647720932961],[3881225.566680768039078,4580691.581547994166613],[3881372.588082699570805,4580725.31134819239378],[3881469.569183981046081,4580750.851348365657032],[3881556.160185172688216,4580799.861648854799569],[3881634.691086262464523,4580857.072049457579851],[3881711.522087341174483,4580917.732250114902854],[3881794.073188504204154,4580984.512650838121772],[3881854.583889408502728,4581065.253351775929332],[3881889.134389908984303,4581103.873552212491632],[3881972.065491104498506,4581186.89405314438045],[3882023.120391830801964,4581234.423053671605885],[3882023.153291829861701,4581234.453753671608865],[3882037.376191950403154,4581193.984053134918213],[3882054.35609207674861,4581134.993252354674041],[3882080.322192371822894,4581111.568552009761333],[3882132.628692962229252,4581064.371551328338683],[3882132.855592967942357,4581064.166351323015988],[3882194.777893668506294,4581008.1508505102247],[3882195.408593674190342,4581007.560150499455631],[3882231.277394079603255,4580973.961150014773011],[3882314.517995060887188,4580917.61034916061908],[3882347.233995432965457,4580889.914048753678799],[3882396.178595995530486,4580848.479448148049414],[3882468.18919684458524,4580802.818747453391552],[3882544.950097907334566,4580854.869147997349501],[3882615.720798695925623,4580780.774046935141087],[3882686.152299485169351,4580707.736445892602205],[3882695.543699585832655,4580698.605545760132372],[3882741.978000114206225,4580653.458845105953515],[3882751.00970021635294,4580644.677544984035194],[3882744.849000090733171,4580615.171744615770876],[3882742.956000053323805,4580606.105544501915574],[3882766.421900268644094,4580554.803743806667626],[3882780.763600406236947,4580523.449543386697769],[3882780.675700382795185,4580512.863843246363103],[3882779.991100248880684,4580430.38404219597578],[3882696.729998990893364,4580308.953140773810446],[3882680.617098748683929,4580283.764840474352241],[3882668.607098538428545,4580251.782040086574852],[3882674.164798603393137,4580247.261340013705194],[3882905.891201277729124,4580058.770137236453593],[3883028.452102692332119,4579963.688835829496384],[3883057.642403050325811,4579951.128635626286268],[3883150.332504343241453,4580019.874636361375451],[3883152.091504371259362,4580020.690236367285252],[3883186.143804830033332,4580036.478936513885856],[3883226.371305322274566,4580022.082236269488931],[3883233.158405398018658,4580013.875536155886948],[3883262.234405713155866,4579978.7181356549263],[3883293.30450602946803,4579925.517634926363826],[3883344.405106658115983,4579911.297334665432572],[3883450.646208039950579,4579926.167134689167142],[3883510.182708869688213,4579969.289035148918629],[3883571.287609723862261,4580013.547635624185205],[3883616.658210361842066,4580050.587836022488773],[3883677.157711123116314,4580042.470635828562081],[3883760.869412240106612,4580071.39843606390059],[3883761.35921224579215,4580071.73923606891185],[3883801.980112814810127,4580100.007636371999979],[3883852.440513411536813,4580068.30733588617295],[3883895.960713898297399,4580023.005135236307979],[3883906.310514017008245,4580015.403635120019317],[3883948.011214502621442,4579984.776034664362669],[3884005.472015301696956,4580025.656335101462901],[3884057.362616093829274,4580105.737036040984094],[3884086.729416610207409,4580198.894937189295888],[3884089.99551666341722,4580203.63213724642992],[3884137.304117375984788,4580272.248338053002954],[3884190.55461811600253,4580309.228538444265723],[3884236.285218780394644,4580359.80883901938796],[3884258.375519135035574,4580410.839239635504782],[3884309.066919883713126,4580471.171040330082178],[3884309.091619878076017,4580471.20044032856822],[3884374.806720624677837,4580407.14883941039443],[3884432.439821272622794,4580351.651738611981273],[3884522.087722286116332,4580265.327137370593846],[3884587.068123027216643,4580204.20623648352921],[3884621.903423402924091,4580159.720735860057175],[3884590.012422938831151,4580125.177835467271507],[3884551.687422362156212,4580066.865134782157838],[3884613.577723032794893,4579989.524033694528043],[3884687.958323897793889,4579933.753232869319618],[3884769.723524833098054,4579858.955331774428487],[3884719.528324086219072,4579794.121731027960777],[3884695.577923725824803,4579756.161430578678846],[3884660.037423210218549,4579716.821330125443637],[3884617.526722543407232,4579639.130529196932912],[3884540.015621330123395,4579497.959527511149645],[3884512.455220933072269,4579470.859227206557989],[3884491.624820596538484,4579424.24892663769424],[3884460.054520139005035,4579388.318526230752468],[3884419.533819548785686,4579342.378325700759888],[3884300.35221778601408,4579193.677223985083401],[3884274.181817354168743,4579127.416623175144196],[3884261.031617119908333,4579085.676122661679983],[3884268.741417139302939,4579036.615822022780776],[3884255.191116893664002,4578991.295321454294026],[3884233.790816559456289,4578950.234920969232917],[3884221.742416349239647,4578913.961520518176258],[3884221.30961633939296,4578912.658620500937104],[3884213.180416172835976,4578870.144219972193241],[3884200.110115950461477,4578838.734019588679075],[3884202.270015923772007,4578802.523619121871889],[3884321.872017346322536,4578731.69781802687794],[3884322.163017350714654,4578731.553018026985228],[3884454.962118955329061,4578665.481516974046826],[3884545.372820033226162,4578612.520516153424978],[3884640.033521126024425,4578538.349615056067705],[3884725.499822112731636,4578465.518113994039595],[3884725.507922116201371,4578465.511113991960883],[3884730.180622164625674,4578461.529213936068118],[3884806.838623075746,4578414.791113210842013],[3884806.292523074895144,4578417.714413254521787],[3884787.114922991022468,4578520.368914598599076],[3884769.786422921344638,4578620.389615912921727],[3884763.87512289499864,4578654.510416354984045],[3884765.765423047356308,4578733.771217368543148],[3884793.665923509281129,4578801.741718200966716],[3884816.396823848597705,4578835.390718594193459],[3884858.49682448618114,4578897.712419327348471],[3884916.497725391760468,4579002.113420580513775],[3884996.318926648702472,4579155.074622415937483],[3885032.899527188856155,4579200.814922943711281],[3885108.778728228528053,4579246.850323416292667],[3885115.587028320413083,4579247.915323418565094],[3885181.111129174008965,4579258.165123451501131],[3885234.221529840491712,4579249.844923265278339],[3885287.262130496092141,4579232.654322961345315],[3885360.852731387130916,4579199.534022422507405],[3885519.784433444030583,4579213.953422364778817],[3885609.771134610753506,4579218.994322288781404],[3885656.977935220114887,4579222.295322259888053],[3885656.720235214568675,4579222.937322271987796],[3885629.041234967764467,4579291.898123193532228],[3885618.165634867269546,4579318.994423558935523],[3885517.275333899538964,4579530.116726419888437],[3885440.434933132957667,4579674.308328381739557],[3885389.57483264291659,4579774.449629742652178],[3885363.644732384011149,4579823.42013041023165],[3885325.944531987886876,4579878.890931180678308],[3885337.274832219816744,4579938.38123192358762],[3885330.744832201395184,4579981.28183248732239],[3885316.444732059724629,4580007.742132843472064],[3885314.78483210131526,4580044.942633326165378],[3885319.318232200108469,4580072.168433660641313],[3885320.551632221322507,4580079.575633756816387],[3885349.5705326651223,4580126.633134313859046],[3885397.455933282151818,4580126.232934236526489],[3885447.838633914478123,4580119.994634083472192],[3885481.576834386680275,4580145.472834351472557],[3885478.279434402938932,4580182.329134833067656],[3885478.967034486122429,4580229.573835434392095],[3885493.962334739044309,4580272.98743596393615],[3885494.611734753008932,4580274.586335988715291],[3885510.322635015007108,4580313.269436457194388],[3885500.04773493623361,4580350.414736952632666],[3885464.167534557636827,4580401.625537661835551],[3885470.637634720653296,4580453.825938314199448],[3885488.443035052157938,4580522.006439166143537],[3885476.306734962854534,4580563.685339717194438],[3885449.477934679947793,4580602.477640252560377],[3885423.407834392040968,4580634.217940696515143],[3885391.270834034774452,4580670.326241210103035],[3885390.173534022178501,4580671.559141229838133],[3885372.307433848734945,4580706.788641708903015],[3885361.565233750268817,4580733.603342070244253],[3885361.442933752667159,4580734.96754208765924],[3885358.815933766774833,4580764.274342460557818],[3885358.451733764726669,4580768.336842514574528],[3885346.717533657792956,4580796.869842895306647],[3885324.98983343411237,4580829.072943342849612],[3885320.898633390199393,4580835.136543426662683],[3885293.189233066048473,4580853.917343712411821],[3885210.478732074145228,4580898.453144405968487],[3885210.452632071916014,4580898.467244406230748],[3885238.736932476051152,4580926.311344718560576],[3885342.818133932538331,4581005.701845577917993],[3885543.660936656408012,4581106.836946561001241],[3885543.75573666067794,4581106.884646554477513],[3885723.332439084537327,4581193.812647401355207],[3885821.013840395957232,4581234.229047768749297],[3885852.804040825460106,4581247.382647884078324],[3885970.475242415908724,4581303.022748415358365],[3886076.346443860325962,4581360.733148992061615],[3886168.677545122802258,4581418.553349588066339],[3886199.288045573513955,4581457.078650034032762],[3886229.898346027825028,4581495.604050486348569],[3886307.049547203816473,4581622.005151979625225],[3886364.66044811764732,4581738.725953386165202],[3886425.186349070165306,4581857.070554804056883],[3886442.271649345289916,4581890.477255207486451],[3886503.862750314176083,4582010.368256647139788],[3886567.21365126548335,4582107.338957784697413],[3886630.594452227465808,4582206.51985895819962],[3886657.49745268188417,4582281.777159876190126],[3886674.475352977402508,4582329.270860457792878],[3886740.116454015951604,4582463.651962074451149],[3886811.417455084621906,4582567.692863293923438],[3886883.322056169155985,4582676.696864582598209],[3886900.597556429449469,4582702.885664887726307],[3886924.159056782256812,4582738.604165309108794],[3886947.939057158771902,4582786.119165875017643],[3886968.87975749373436,4582829.45966640021652],[3887028.678458403330296,4582928.074967568740249],[3887057.391058840788901,4582974.355968113988638],[3887081.97235923120752,4583021.778268683701754],[3887148.252660269849002,4583149.64757021330297],[3887190.853160929866135,4583229.700371172279119],[3887246.084061795379966,4583333.489072412252426],[3887325.985363055020571,4583494.100274339318275],[3887361.02586360508576,4583561.760875152423978],[3887358.335963614284992,4583593.061275552026927],[3887357.856163705233485,4583653.141876322217286],[3887351.401263694278896,4583702.785276963375509],[3887347.026463742367923,4583769.212977821938694],[3887367.106764063239098,4583815.333478374406695],[3887385.197064360138029,4583858.27367889881134],[3887419.837664879858494,4583907.224179471842945],[3887439.957865202333778,4583956.054680063389242],[3887449.328165416140109,4584017.045180823653936],[3887443.228365481831133,4584110.166082020848989],[3887460.318765764124691,4584151.636382524855435],[3887499.48936639726162,4584241.677283614873886],[3887540.38996701175347,4584303.137684337794781],[3887562.470367362722754,4584351.20808491203934],[3887600.216767931357026,4584409.333085594698787],[3887607.663968042936176,4584420.800885732285678],[3887668.731768916826695,4584484.019086446613073],[3887718.932369593065232,4584508.959186693653464],[3887766.262970206327736,4584515.449086701497436],[3887839.903571151662618,4584517.788886617869139],[3887899.591571898199618,4584507.276186394505203],[3887902.082871923688799,4584506.837386379949749],[3887952.824672569520772,4584505.008486289530993],[3888025.825473562348634,4584547.728586722165346],[3888071.266074165236205,4584563.108586848713458],[3888117.476374738849699,4584553.848486663773656],[3888144.556575040798634,4584524.067986242473125],[3888119.656374672427773,4584491.037785857915878],[3888089.109174252487719,4584467.045185597613454],[3888050.495373710524291,4584436.717385269701481],[3887929.104072077199817,4584379.627384725958109],[3887807.878770514391363,4584367.468484753742814],[3887800.595770421437919,4584366.738084755837917],[3887738.902069546282291,4584308.597184107638896],[3887721.741569255013019,4584258.516683490946889],[3887733.181569332256913,4584214.096282911486924],[3887804.572070153430104,4584153.655482036061585],[3887860.012470776215196,4584099.994781259447336],[3887886.292571057099849,4584062.594380743801594],[3887882.842470929492265,4584004.513780009932816],[3887865.49197059776634,4583933.002979126758873],[3887814.971369902603328,4583897.972878754138947],[3887773.651069342624396,4583874.682778519578278],[3887761.570669137872756,4583844.252478151582181],[3887765.220669130329043,4583809.012177690863609],[3887791.410969439893961,4583791.061977429315448],[3887829.939069916028529,4583781.85827724635601],[3887833.066869955509901,4583779.844777226448059],[3887864.03147031692788,4583759.911376918666065],[3887913.471870855428278,4583695.480476027354598],[3887943.611971163656563,4583648.189975373446941],[3887952.788571233395487,4583615.966374952346087],[3887952.980271239299327,4583615.293174939230084],[3887920.24167069606483,4583531.632873922586441],[3887916.657170636579394,4583522.599673811346292],[3887904.871170435566455,4583492.898473458364606],[3887874.87066998006776,4583439.967972824349999],[3887874.47046990133822,4583392.93777222558856],[3887907.330570209305733,4583317.806871216744184],[3887910.720370152499527,4583253.016170381568372],[3887906.260070005897433,4583191.995469613000751],[3887846.48926912015304,4583111.984968679025769],[3887838.209168948233128,4583064.774568093940616],[3887863.439169198274612,4583019.254067475907505],[3887912.409669775981456,4582987.323566991835833],[3887992.540270727593452,4582941.582866284996271],[3888039.200471213553101,4582868.311965281143785],[3888175.331272729672492,4582719.660063178278506],[3888214.657073221169412,4582711.596263021230698],[3888334.372774713672698,4582687.049162521027029],[3888475.804276489652693,4582670.08876209706068],[3888544.634977392852306,4582684.778462182730436],[3888654.495678678154945,4582603.577560980804265],[3888690.625279083848,4582569.346760492771864],[3888822.066780577879399,4582444.815258702263236],[3888935.147581857163459,4582335.763957139104605],[3889041.938182993326336,4582181.462055012583733],[3889078.75838336115703,4582110.481354052200913],[3889135.243184048682451,4582089.666453705169261],[3889324.184986356645823,4582020.042552525177598],[3889411.851287436205894,4581987.73905199021101],[3889468.985988129861653,4581963.088951587677002],[3889555.908289180137217,4581925.58775098156184],[3889588.242789572570473,4581911.637650756165385],[3889662.773490511346608,4581903.127450534142554],[3889706.216691073961556,4581908.918850552290678],[3889758.072391747497022,4581915.831950561143458],[3889769.612591900397092,4581917.370450560934842],[3889777.305992003530264,4581918.396150560118258],[3889855.545593013521284,4581928.827150577679276],[3889917.576093805022538,4581926.326850456185639],[3889998.756994916591793,4581976.607050978578627],[3890185.619297513738275,4582118.077952514402568],[3890288.450498936697841,4582195.018353341147304],[3890408.600800628308207,4582299.623054502531886],[3890411.3815006762743,4582309.43015462718904],[3890439.732701184693724,4582409.420055861584842],[3890452.323001478798687,4582499.680756996385753],[3890524.243802403565496,4582503.010656932368875],[3890582.203603149391711,4582508.738856917247176],[3890520.099702401086688,4582539.830657406710088],[3890408.410301073919982,4582603.816758384928107],[3890380.997000779490918,4582642.112758917734027],[3890302.982499936129898,4582745.453660348430276],[3890258.652299495879561,4582832.264661524444818],[3890211.341999056749046,4582944.205863019451499],[3890195.891998910810798,4582980.776263513602316],[3890158.621998593211174,4583085.247664904221892],[3890128.581998297479004,4583144.358165701851249],[3890119.041998222470284,4583180.388566176407039],[3890111.62709820875898,4583233.547166861593723],[3890106.972098196391016,4583266.919567296281457],[3890110.722498381510377,4583360.450368478894234],[3890133.092798790894449,4583443.241269508376718],[3890174.723699541762471,4583590.38257131818682],[3890209.614300098735839,4583668.633272268809378],[3890250.194800649769604,4583691.92327250353992],[3890347.917901868466288,4583673.920472133904696],[3890348.101801876910031,4583673.88667212985456],[3890407.186202593613416,4583649.962471740320325],[3890489.316803576890379,4583607.901771084405482],[3890585.307704755105078,4583574.58117051795125],[3890639.15810538828373,4583536.940469963476062],[3890723.101606375072151,4583481.757969129830599],[3890727.040206417441368,4583479.168769095093012],[3890830.869707685895264,4583437.309068405069411],[3890936.791709028184414,4583432.329768189229071],[3891009.801509956363589,4583428.898268041200936],[3891108.302511258050799,4583458.098268265835941],[3891132.880111578386277,4583466.640168338082731],[3891141.336611692793667,4583469.579268366098404],[3891235.764012991450727,4583534.578669058158994],[3891329.635114285163581,4583599.529169750399888],[3891429.566515680402517,4583681.409470651298761],[3891513.387316807638854,4583722.799671057611704],[3891649.09891858510673,4583755.869571272283792],[3891721.525219508446753,4583752.458071125671268],[3891802.19022053014487,4583748.659070966765285],[3891957.911922571714967,4583788.699071248993278],[3892043.86712373001501,4583830.107671651057899],[3892102.053624509833753,4583858.139271928928792],[3892279.215726941358298,4583975.809773169457912],[3892336.816427718382329,4584006.649973479099572],[3892382.677428357768804,4584043.408773880451918],[3892393.682328512426466,4584052.229573974385858],[3892467.507829514797777,4584097.270374447107315],[3892561.799030805937946,4584161.570775126107037],[3892639.98993188329041,4584213.191175678744912],[3892731.631033103447407,4584251.911276035010815],[3892776.071433695964515,4584267.331276170909405],[3892812.80193421849981,4584305.96137660741806],[3892846.732434735633433,4584365.051877316087484],[3892878.523035243619233,4584435.242578162811697],[3892890.998635517433286,4584517.550879192538559],[3892889.903935520444065,4584530.278879356570542],[3892887.113435531966388,4584562.723879774101079],[3892861.533435308374465,4584633.334580710157752],[3892801.7329346020706,4584670.225281270220876],[3892734.132333759684116,4584686.245481569319963],[3892670.059332968201488,4584702.730981874279678],[3892640.50153259979561,4584710.336182015016675],[3892578.090931831859052,4584728.776282336562872],[3892552.150731530971825,4584749.896682639606297],[3892515.877531175501645,4584822.152483619749546],[3892515.524431171827018,4584823.957483638077974],[3892496.310731071978807,4584922.188684920780361],[3892496.550831164699048,4584987.189185746945441],[3892520.401331560686231,4585049.809786511585116],[3892583.552132478449494,4585130.100487442687154],[3892633.442933198064566,4585184.390688058920205],[3892696.643434093333781,4585249.084488791413605],[3892767.974535020533949,4585260.89098884165287],[3892818.474935667123646,4585264.450888812541962],[3892902.97803674871102,4585267.917688737623394],[3892902.981136749032885,4585267.917788731865585],[3892908.668636821210384,4585268.024888727813959],[3892972.166537633165717,4585269.220588649623096],[3893021.798238250892609,4585262.77058850042522],[3893049.021138577256352,4585246.49048824980855],[3893049.557538580615073,4585246.1696882462129],[3893092.157439075876027,4585212.979487767443061],[3893123.347739460878074,4585202.409287586808205],[3893190.878440283704549,4585178.25908718071878],[3893268.608941208105534,4585133.848286505788565],[3893338.809642059728503,4585104.51768602989614],[3893447.940443364903331,4585044.116785107180476],[3893558.436444737017155,4585019.651284634135664],[3893606.797145372256637,4585030.330384697765112],[3893606.942145369481295,4585030.53448471147567],[3893628.47064569266513,4585060.841485061682761],[3893667.372846264857799,4585115.606885705143213],[3893737.186347330454737,4585238.1814871635288],[3893753.104347644839436,4585318.538588166236877],[3893825.215448786038905,4585478.299890095368028],[3893870.126349520403892,4585589.270991442725062],[3893898.186649922747165,4585621.311091813258827],[3893918.786950215231627,4585643.076292060315609],[3893939.387250507250428,4585664.841292307712138],[3893993.948051277082413,4585717.121792892925441],[3894025.79845174588263,4585761.702193416655064],[3894044.99875203659758,4585793.812393801286817],[3894054.238952222745866,4585843.482994417659938],[3894075.029252551030368,4585890.113294979557395],[3894107.5096530104056,4585920.653295326977968],[3894139.930153456516564,4585942.323595552705228],[3894178.050553975626826,4585968.393795830197632],[3894219.361054541543126,4585994.423796103335917],[3894249.971354942768812,4586004.543896187096834],[3894284.105455396696925,4586020.772596345283091],[3894291.789255504030734,4586023.901296374388039],[3894329.272255997173488,4586039.163896517828107],[3894369.056556513998657,4586046.887496558018029],[3894401.283056937623769,4586053.143796592950821],[3894468.873257813975215,4586065.113296652212739],[3894475.744357904419303,4586066.330196656286716],[3894575.797259205020964,4586084.860096748918295],[3894640.715560043696314,4586097.65369682200253],[3894717.936961073894054,4586130.75559713318944],[3894727.478461202699691,4586135.067997178994119],[3894787.717062008101493,4586162.293797438032925],[3894820.50776244699955,4586180.977497627027333],[3894832.052762606181204,4586187.555797697044909],[3894908.18846364505589,4586236.244198208674788],[3894975.471464555710554,4586275.649598614312708],[3894981.895464638713747,4586279.411998650059104],[3895036.840065392199904,4586318.024599067866802],[3895073.820565921254456,4586355.664799494668841],[3895100.500966323073953,4586401.025000034831464],[3895121.2813666514121,4586446.175500578247011],[3895162.394467297941446,4586534.280701640993357],[3895167.727267383597791,4586546.565901787951589],[3895189.13236772082746,4586595.876902387477458],[3895230.593168355990201,4586673.127503306604922],[3895273.743669008370489,4586747.4180041924119],[3895316.594269649591297,4586813.088604969903827],[3895338.664669957477599,4586833.358605191111565],[3895375.44497044198215,4586846.378705308772624],[3895411.945370915811509,4586853.498605349101126],[3895490.45627195155248,4586881.468705589883029],[3895555.31707284366712,4586926.288906073197722],[3895615.847873696591705,4586985.919406745582819],[3895645.258274133317173,4587033.9698073156178],[3895685.378874730318785,4587096.700208057649434],[3895722.229275229852647,4587118.340408283285797],[3895770.025675866287202,4587136.85770845040679],[3895777.617875962983817,4587139.799108474515378],[3895842.450676813721657,4587158.560408625751734],[3895885.781077405903488,4587189.510508961044252],[3895927.241577997338027,4587234.750809469260275],[3895962.482078498695046,4587271.181209885515273],[3895984.148478813935071,4587298.741510204039514],[3896002.512679074890912,4587322.101610475219786],[3896022.038679417222738,4587389.426211304031312],[3896009.275779334828258,4587448.064612069167197],[3896003.608479285612702,4587459.866812224499881],[3895987.052979123778641,4587494.343212686479092],[3895945.022878690157086,4587569.264013696461916],[3895923.562878502998501,4587630.994914509356022],[3895912.317778501659632,4587731.220815800130367],[3895910.217178616207093,4587830.760017067193985],[3895912.15097864670679,4587836.373217133805156],[3895921.793278810102493,4587864.36151747405529],[3895937.983879081439227,4587911.357618054375052],[3895987.144579826388508,4587997.418319074437022],[3896041.935380635317415,4588080.488920053467155],[3896122.566281719598919,4588126.669120527803898],[3896171.256782377604395,4588151.179120771586895],[3896246.237583350390196,4588170.055020909756422],[3896248.687483385205269,4588171.260820917785168],[3896323.128584382124245,4588207.899321281351149],[3896411.239585540257394,4588235.069321503862739],[3896477.210186411160976,4588263.869421779178083],[3896591.066487945616245,4588325.319622399285436],[3896608.282188365235925,4588470.231024216860533],[3896625.312688771635294,4588606.282325915060937],[3896645.023389247711748,4588770.873927981592715],[3896640.540489289909601,4588843.262028899043798],[3896639.997089294716716,4588849.634128981269896],[3896631.583789325319231,4588948.275730245746672],[3896641.034289551433176,4589027.246431233361363],[3896661.124489876441658,4589079.056931863538921],[3896707.125390588305891,4589171.057632968761027],[3896779.806291650049388,4589272.948234159499407],[3896825.626892329659313,4589341.559134965762496],[3896896.287993312813342,4589405.299435675144196],[3896912.118193565867841,4589447.039836183190346],[3896897.788193467073143,4589505.760336944833398],[3896882.238293359987438,4589567.191137745976448],[3896912.398893898818642,4589681.222039148211479],[3896960.559594626072794,4589765.082740146666765],[3896999.140095188748091,4589819.213240781798959],[3897044.840795840136707,4589871.573441378772259],[3897095.01139655103907,4589928.323942029848695],[3897135.712097140960395,4589981.688742648810148],[3897141.972197230905294,4589989.896642743609846],[3897175.179197798483074,4590095.134244033135474],[3897175.81589780934155,4590099.273644083179533],[3897188.273098084609956,4590180.276145094074309],[3897184.903398192021996,4590288.657146470621228],[3897209.713998629711568,4590379.82814759388566],[3897245.30449918936938,4590461.80874857865274],[3897262.004799484275281,4590521.529249312356114],[3897261.005099555943161,4590584.57985011395067],[3897281.415599949657917,4590678.990751280449331],[3897296.33580020815134,4590731.571251926012337],[3897320.316200578119606,4590776.701552459970117],[3897343.926500911358744,4590804.351952780038118],[3897395.517301634885371,4590853.952253338880837],[3897446.977802324108779,4590885.582253662869334],[3897514.468703228514642,4590920.292454013600945],[3897569.68920398177579,4590960.262754444032907],[3897597.739704377017915,4590990.832954788580537],[3897622.930004756897688,4591032.993355290964246],[3897662.900505320634693,4591075.30365577340126],[3897711.411205982323736,4591108.42365612462163],[3897782.061906955670565,4591169.454156800173223],[3897870.483108165673912,4591236.264457522891462],[3897916.703508788254112,4591260.054557761177421],[3897972.49420951353386,4591277.114657898433506],[3898022.274610151536763,4591282.654457901604474],[3898080.905210894532502,4591285.164457851089537],[3898127.83581151580438,4591303.774458026513457],[3898174.876312157604843,4591337.154458387754858],[3898211.806912670377642,4591369.134658736176789],[3898242.717213129624724,4591418.645259322598577],[3898266.647613483481109,4591456.63555976934731],[3898298.988213950768113,4591500.225760279223323],[3898348.278714624699205,4591537.046060681343079],[3898433.639715779572725,4591590.576361239887774],[3898530.850817082449794,4591646.976461817510426],[3898623.282018309924752,4591691.586662256158888],[3898664.282418848946691,4591707.286762401461601],[3898700.972819316666573,4591707.006762345321476],[3898740.633119821082801,4591708.186562303453684],[3898805.230120627209544,4591703.409262157976627],[3898811.48642070684582,4591702.022162129171193],[3898846.015321130398661,4591694.36666198913008],[3898849.534821176435798,4591693.586361972615123],[3898880.874421565793455,4591691.125861898995936],[3898916.10482201911509,4591693.805861887522042],[3898990.905522998888046,4591718.115962089970708],[3898972.47572285681963,4591788.436563006602228],[3898892.729421833530068,4591774.937062945216894],[3898891.547121817711741,4591774.736962943337858],[3898819.639320916030556,4591777.970463082194328],[3898716.366119612939656,4591783.723263290710747],[3898716.409219612833112,4591784.459263304248452],[3898720.283319752197713,4591850.67806414142251],[3898724.533519909717143,4591925.018765070475638],[3898729.455520077608526,4592004.044266061857343],[3898731.263920137658715,4592033.079666424542665],[3898793.220220980234444,4592072.289266836829484],[3898908.267022522632033,4592141.113167554140091],[3898856.055521884467453,4592154.77066779974848],[3898787.584521010518074,4592149.714767822995782],[3898775.523920856416225,4592146.688767801038921],[3898702.434019906911999,4592128.350767671130598],[3898603.833118642214686,4592116.051067650318146],[3898513.942017508670688,4592115.981267772614956],[3898436.950616541784257,4592123.14336796477437],[3898435.999816534575075,4592123.075167963281274],[3898388.130915924441069,4592119.641667989082634],[3898343.528515338432044,4592107.111567890271544],[3898341.11661530751735,4592106.081467882730067],[3898276.259614448994398,4592078.381767618469894],[3898210.499013570137322,4592043.411467261612415],[3898175.418413104955107,4592028.651567125692964],[3898146.058112727012485,4592021.491467078216374],[3898081.307411870453507,4591990.951366781257093],[3898030.866811195854098,4591964.241166513413191],[3897993.166410668753088,4591929.551066127605736],[3897894.87530937185511,4591891.630965780466795],[3897754.773807562422007,4591862.401165601797402],[3897643.682706108316779,4591825.801065288484097],[3897540.101404729299247,4591773.880864774808288],[3897431.310303270351142,4591715.350564187392592],[3897355.139402245637029,4591672.09046374540776],[3897291.588701400905848,4591637.600163395516574],[3897251.698200894985348,4591637.900463453494012],[3897215.362200452014804,4591652.305063686333597],[3897209.465000385418534,4591654.642863723449409],[3897140.577299564611167,4591696.111364345066249],[3897095.506798999849707,4591695.221364396624267],[3897020.679998042993248,4591690.488164441660047],[3897012.88299794588238,4591689.994964440353215],[3896937.190496979281306,4591685.394164488650858],[3896883.353796301409602,4591688.041364594362676],[3896877.431096233893186,4591689.264664620161057],[3896835.804195716977119,4591697.862264787778258],[3896772.623794917482883,4591697.052364865317941],[3896718.443194221239537,4591691.012564864940941],[3896678.26269371015951,4591689.56316489726305],[3896668.692593586631119,4591689.217964901588857],[3896609.112092882860452,4591724.073265433311462],[3896539.005992116872221,4591811.908566638827324],[3896487.031291532330215,4591861.074867334216833],[3896379.130490241572261,4591912.185768127441406],[3896285.229589085094631,4591938.686368593946099],[3896215.738988230936229,4591954.686768894083798],[3896096.817886788863689,4591997.267369597218931],[3895971.20968523574993,4592021.50037007778883],[3895964.503185152541846,4592022.794270109385252],[3895875.36598403332755,4592032.528470348566771],[3895801.875183111988008,4592032.99867046251893],[3895703.264181883540004,4592047.459270781837404],[3895637.513581074308604,4592064.569571090862155],[3895513.972479579970241,4592109.530371831730008],[3895394.531578131020069,4592156.901172599755228],[3895259.680376508738846,4592214.992273524403572],[3895149.877275200560689,4592270.017174368724227],[3895144.005075126420707,4592273.701374431140721],[3895058.408674119971693,4592327.403875223360956],[3894993.041573383845389,4592385.652976051904261],[3894975.459973180200905,4592401.320276278071105],[3894970.788973123300821,4592405.482676337473094],[3894895.017572290729731,4592491.715877537615597],[3894856.757371813524514,4592497.716277656145394],[3894731.356170252431184,4592511.696678014472127],[3894579.784568336326629,4592514.46727826539427],[3894460.923566862009466,4592530.03767863381654],[3894368.512565722223371,4592553.558279054239392],[3894252.99156430317089,4592580.518879560753703],[3894118.831362622790039,4592590.672979886643589],[3894114.230862563010305,4592591.021179893054068],[3894042.819661668967456,4592593.4995800210163],[3893989.748960975557566,4592580.039779925718904],[3893890.187959695234895,4592562.839779856614769],[3893800.617158579174429,4592573.300180111080408],[3893741.996657851152122,4592580.26038028858602],[3893621.675556383095682,4592620.301280963234603],[3893407.593453730456531,4592653.702281688340008],[3893287.122452236246318,4592674.172782122157514],[3893158.491150633897632,4592691.44338252581656],[3893049.440249290782958,4592713.453782957047224],[3893010.459848820697516,4592731.684283247217536],[3892881.1385472365655,4592765.784983861260116],[3892844.9983468092978,4592784.365284147672355],[3892744.677445603068918,4592827.115984827280045],[3892569.356143527198583,4592922.957486294209957],[3892433.014941914472729,4593000.578587469644845],[3892354.594340980984271,4593037.009188044816256],[3892309.643840422853827,4593047.149488236755133],[3892190.072838972322643,4593089.54028894752264],[3892049.321537256240845,4593132.111189688555896],[3891945.7906360225752,4593178.551890422590077],[3891822.589734536595643,4593228.612691231071949],[3891781.849334043916315,4593244.962991496548057],[3891745.959033602848649,4593251.913291642442346],[3891705.898633110336959,4593262.113391825929284],[3891659.818232546560466,4593273.338692039251328],[3891614.157832014374435,4593305.24409250728786],[3891586.702631715685129,4593334.049592910334468],[3891540.732631184626371,4593372.489893456920981],[3891493.726830622646958,4593390.495393754914403],[3891455.65653015486896,4593402.885593966580927],[3891416.816229675430804,4593410.85589412599802],[3891305.315228325780481,4593446.526594736613333],[3891186.576226895209402,4593494.048695512115955],[3891019.566824881825596,4593560.891896596178412],[3891009.039624757599086,4593565.105296671390533],[3890879.767323216423392,4593625.637497616931796],[3890879.659423214383423,4593625.688397618941963],[3890727.404221360106021,4593675.99629847612232],[3890714.738021209370345,4593679.752198545262218],[3890656.303120495285839,4593697.079598844051361],[3890646.940920382738113,4593699.855698897503316],[3890637.578620267566293,4593702.631898948922753],[3890585.309019634500146,4593718.131399219855666],[3890419.187617644201964,4593789.972600367851555],[3890361.634916950017214,4593814.956900770775974],[3890304.606516269501299,4593839.71350116841495],[3890147.927414369769394,4593891.522202048450708],[3890147.920214366633445,4593891.524402047507465],[3890105.024413847830147,4593907.839802315458655],[3889974.643812283407897,4593960.715703180059791],[3889838.752610664349049,4594024.676804184913635],[3889717.761709221173078,4594082.95670510083437],[3889630.420808168593794,4594113.128305610269308],[3889561.020207300316542,4594119.13860578648746],[3889494.001006454695016,4594117.163605865091085],[3889485.265206338372082,4594116.90620587207377],[3889454.879205958917737,4594119.04890594445169],[3889390.23860521428287,4594164.169506610371172],[3889350.00430475268513,4594196.781507078558207],[3889343.096304674167186,4594202.380707162432373],[3889266.933803771622479,4594243.004507787525654],[3889175.196902660652995,4594274.601208319887519],[3889123.735602031461895,4594283.630108511075377],[3889123.6460020262748,4594283.645808509550989],[3889043.405701038427651,4594300.101908834651113],[3889007.515400598756969,4594307.302008986473083],[3888945.684599812142551,4594305.852309059351683],[3888872.933898879680783,4594293.422409011051059],[3888831.703598360996693,4594295.862509099766612],[3888790.473097846843302,4594298.30270919110626],[3888694.932096643839031,4594300.342909359373152],[3888582.446395250502974,4594314.581509708426893],[3888579.278695211280137,4594314.982509721070528],[3888417.899593198206276,4594331.744110172614455],[3888241.767891012132168,4594356.144810745492578],[3888188.637490350287408,4594362.995210909284651],[3888145.096989810001105,4594368.785211045295],[3888058.686288776341826,4594402.265911598689854],[3887911.204987007193267,4594464.587012608535588],[3887829.574185999110341,4594480.05741292051971],[3887745.013484962750226,4594499.237913297489285],[3887664.44998396653682,4594514.150813606567681],[3887655.92128386721015,4594515.729613634757698],[3887509.231382059399039,4594545.559014231897891],[3887412.740380899049342,4594580.11971481423825],[3887332.679679930675775,4594606.900115274824202],[3887308.939579653553665,4594624.340515530668199],[3887275.909279277082533,4594650.48091590963304],[3887232.858978786040097,4594685.561416413635015],[3887203.888878479599953,4594724.971816953271627],[3887171.538578145205975,4594773.022317613475025],[3887145.978477881290019,4594808.692818099632859],[3887092.35827730409801,4594874.413619010709226],[3887057.837976904585958,4594898.594019367359579],[3886987.677276068832725,4594931.694519890472293],[3886893.626474929973483,4594963.765020436607301],[3886769.135473430622369,4595008.156021184287965],[3886684.954672424122691,4595042.606521748937666],[3886594.493871359620243,4595091.887222507037222],[3886496.263170214369893,4595153.548223431222141],[3886413.112569227349013,4595194.388724071905017],[3886350.501968470867723,4595216.589224453084171],[3886310.309767976403236,4595223.220524594187737],[3886306.454167929012328,4595223.037224594503641],[3886237.490767056122422,4595219.759524664841592],[3886150.059965947642922,4595219.759724792093039],[3886038.998764511663467,4595191.140024605207145],[3885831.546561833936721,4595151.520124421454966],[3885643.604659415781498,4595118.370424288325012],[3885489.473057434894145,4595093.810724219307303],[3885387.594956141430885,4595087.360524291172624],[3885385.308556114323437,4595087.21572429407388],[3885319.632155284751207,4595089.696024425327778],[3885267.27095466805622,4595116.121724838390946],[3885222.970654158387333,4595149.25202533043921],[3885132.413153117522597,4595212.700526263564825],[3885025.879251890815794,4595287.344027374871075],[3884837.017649700865149,4595408.375729191116989],[3884641.979347412940115,4595517.704130871221423],[3884582.335646709892899,4595551.138031379319727],[3884409.704244721215218,4595668.83963312767446],[3884173.04254201380536,4595846.422135731205344],[3884078.608340934384614,4595913.994936728850007],[3883984.291039844974875,4595981.484037728980184],[3883957.831039543263614,4595997.768337971530855],[3883720.168936776928604,4596144.036540186032653],[3883568.097835019696504,4596247.517941724509001],[3883356.616132559720427,4596373.659843639470637],[3883209.004930865950882,4596481.291445229202509],[3883129.354529983829707,4596556.832346305251122],[3883058.194029185920954,4596617.273247177712619],[3882974.48322823131457,4596679.544048093259335],[3882874.152527086436749,4596756.235049214214087],[3882644.900824488606304,4596936.957651849836111],[3882519.989923098590225,4597049.819153462536633],[3882346.688721163198352,4597206.181255703791976],[3882230.457919840700924,4597296.062357015907764],[3882042.166517729870975,4597457.964659350924194],[3881948.305916688870639,4597542.485860561020672],[3881919.255716373678297,4597574.256061000749469],[3881877.625415942166001,4597631.986861797980964],[3881848.735315655358136,4597682.227462476119399],[3881826.82521542860195,4597711.717762880027294],[3881799.104915098752826,4597725.988063110038638],[3881730.994414309505373,4597767.688663737848401],[3881664.163913548924029,4597817.259264464490116],[3881581.113312587141991,4597868.930065242573619],[3881511.469611797947437,4597920.394166005775332],[3881504.374011716805398,4597926.296566086821258],[3881450.932411113288254,4597970.751566734164953],[3881419.802210798952729,4598017.562167369760573],[3881400.63201061449945,4598051.462467828765512],[3881400.89721066178754,4598081.627868203446269],[3881400.912310663610697,4598081.752968205139041],[3881405.505710784345865,4598119.81696867570281],[3881405.984410793986171,4598123.783368725329638],[3881395.15231072390452,4598163.073769237846136],[3881370.58221047045663,4598199.234069731086493],[3881332.922010093927383,4598260.144670555368066],[3881274.951709486078471,4598337.715571619570255],[3881218.111408875323832,4598403.456472538411617],[3881137.590807962696999,4598464.467373436316848],[3881052.360106983222067,4598521.828274288214743],[3880978.869506138842553,4598568.988874999806285],[3880936.859105633106083,4598581.408975223079324],[3880894.548905107192695,4598588.159375376068056],[3880835.888204368297011,4598582.249475391581655],[3880750.977303262799978,4598560.049375251866877],[3880651.126201989594847,4598546.849775244481862],[3880586.79920115834102,4598531.628175158984959],[3880585.767401142511517,4598531.38397515937686],[3880516.375200317241251,4598560.226375629194081],[3880457.766799670644104,4598617.332176441326737],[3880356.152198718395084,4598815.572079095989466],[3880311.988698298111558,4598901.732080245390534],[3880255.981497775763273,4599010.999381701461971],[3880253.50539774633944,4599015.830081767402589],[3880202.469297156203538,4599046.634782237932086],[3880121.789796214085072,4599089.78948290925473],[3879959.489094253629446,4599137.87908377032727],[3879752.104491647332907,4599134.874184070155025],[3879634.886990092694759,4599083.779583617113531],[3879526.686288659460843,4599037.193783208727837],[3879469.580387936905026,4599031.182783223688602],[3879326.81588623765856,4599088.289084175601602],[3879181.045784507878125,4599148.401085163466632],[3879005.219982424750924,4599225.04368640948087],[3878949.6169817391783,4599232.557786594145],[3878922.566681348718703,4599202.502086258493364],[3878850.432580263353884,4599089.793284965679049],[3878743.734678868670017,4599058.235084738582373],[3878614.495177296921611,4599089.794085348024964],[3878452.194375303573906,4599113.839285917580128],[3878224.522272520698607,4599159.674886861816049],[3878041.182570280972868,4599195.742387615144253],[3877952.51826920453459,4599219.035788053646684],[3877826.694967680145055,4599250.180488644167781],[3877813.715967520140111,4599253.393188711255789],[3877742.439966640435159,4599262.555788940750062],[3877691.784865966532379,4599240.827088750898838],[3877661.729165552183986,4599216.031088489107788],[3877570.81026430753991,4599152.162987839430571],[3877449.835962710902095,4599107.079787469469011],[3877359.445261559449136,4599094.789687466807663],[3877278.518060521688312,4599083.787087462842464],[3877195.864959511905909,4599100.318087805062532],[3877141.764658849686384,4599109.334888005629182],[3877049.929857679642737,4599097.309088005684316],[3877015.53055723849684,4599092.804688008502126],[3876925.051256068982184,4599071.766387891024351],[3876893.05355567112565,4599073.268587966449559],[3876865.251855335198343,4599083.036888133734465],[3876780.344554349780083,4599128.872288847342134],[3876682.989053221419454,4599188.359289756044745],[3876610.549352383241057,4599231.223290420137346],[3876599.458952257875353,4599236.788290498778224],[3876495.567051038146019,4599288.919791330583394],[3876421.930650184862316,4599330.998191980645061],[3876379.243849700782448,4599364.092392468824983],[3876288.182948680128902,4599434.690693499520421],[3876190.539547578897327,4599508.156094585545361],[3876124.645346828270704,4599556.526495302096009],[3876118.899346761871129,4599559.641895348206162],[3876005.65984544204548,4599621.037096304818988],[3875862.895243730861694,4599669.126697149127722],[3875801.28104304894805,4599721.724597910419106],[3875741.771942439023405,4599801.767099012620747],[3875593.146040852181613,4599967.430601340718567],[3875429.037839086726308,4600146.092603857629001],[3875347.441238216590136,4600234.927505105733871],[3875190.400536499917507,4600387.460807278752327],[3874987.071134250145406,4600562.58610981144011],[3874985.114434222690761,4600564.139209840446711],[3874774.129831861238927,4600731.600212289951742],[3874472.822128583211452,4601022.39011643640697],[3874163.24902524240315,4601340.981920949183404],[3873892.83072229847312,4601602.958724684081972],[3873768.778620945755392,4601723.142126400023699],[3873530.615018411073834,4601984.006830068305135],[3873529.148218397516757,4601985.341030080802739],[3873396.058616934344172,4602106.394031825475395],[3873108.296313780825585,4602368.139635587111115],[3872905.952611560933292,4602550.232938209548593],[3872861.840011110063642,4602608.586239016614854],[3872702.545209384523332,4602763.373641227371991],[3872559.897807787172496,4602871.199642811901867],[3872558.51190776610747,4602872.327442832291126],[3872523.454707377124578,4602900.855743248946965],[3872375.689905738923699,4603021.102545000612736],[3872238.472104178741574,4603110.68264636117965],[3872176.571203475818038,4603151.094146968796849],[3871994.734601468779147,4603308.887349256314337],[3871850.12509988900274,4603439.584951137192547],[3871773.819999085739255,4603527.975952371023595],[3871601.005797273945063,4603728.165955168195069],[3871393.981994994450361,4603906.131057744845748],[3871364.274894677568227,4603935.295058159157634],[3871339.521694408729672,4603959.595958511345088],[3871138.671692161820829,4604110.782160741277039],[3871138.652392161544412,4604110.790760740637779],[3871063.009591280482709,4604144.439461295492947],[3870963.825790102593601,4604182.009361933916807],[3870923.596789611037821,4604189.193262101151049],[3870879.66978908283636,4604197.037562269717455],[3870792.508287996053696,4604197.037862420082092],[3870708.352286934386939,4604192.529662511311471],[3870636.218586097937077,4604228.596863086335361],[3870562.582085188943893,4604234.608063288033009],[3870472.393884031102061,4604219.257163251750171],[3870428.626483475789428,4604211.80756323132664],[3870424.973283428233117,4604211.185763237066567],[3870287.572081713471562,4604209.061663448810577],[3870185.267680456861854,4604222.757563798688352],[3870095.215479308273643,4604207.559463767334819],[3870048.62897867616266,4604180.509363509714603],[3869997.534278060309589,4604194.03476376645267],[3869875.808876742143184,4604305.241365361958742],[3869842.474076366517693,4604331.048865746706724],[3869750.027475340757519,4604402.621166797354817],[3869660.910974282771349,4604432.978867333382368],[3869507.431572649627924,4604594.706569623202085],[3869484.895672406069934,4604618.453969961032271],[3869129.482968431897461,4604878.747573830187321],[3868877.961165573913604,4605035.598576229065657],[3868789.296864604577422,4605113.743777357041836],[3868714.909463881514966,4605230.961278950795531],[3868645.781463117804378,4605285.813079752027988],[3868579.678862310480326,4605295.673579995520413],[3868466.89046090003103,4605294.560880184173584],[3868462.469060848932713,4605294.517280186526477],[3868330.386459214612842,4605304.114180540665984],[3868262.774458417668939,4605327.5640809526667],[3868181.035057457629591,4605361.115381514653563],[3868025.543855684809387,4605454.466782948933542],[3867924.983154577203095,4605536.577884157188237],[3867871.042753991205245,4605587.458384883590043],[3867693.431552049703896,4605738.950687089934945],[3867628.701051350217313,4605802.171387990936637],[3867508.273950052913278,4605913.769889594987035],[3867505.882050023414195,4605915.98638963047415],[3867457.249949508346617,4605967.543590357527137],[3867422.576149133965373,4605999.030790809541941],[3867290.428747701458633,4606119.035592543892562],[3867238.0384471276775,4606162.216093172319233],[3867081.997245425358415,4606299.827895170077682],[3867026.626344841904938,4606358.149395988322794],[3867025.350544831715524,4606359.493196008726954],[3866892.05604338971898,4606482.160297773778439],[3866692.864541221875697,4606656.782600305043161],[3866608.103940289933234,4606726.173601318150759],[3866509.083339225500822,4606819.074602651409805],[3866433.572738401591778,4606883.835603593848646],[3866328.392037272918969,4606982.906905020587146],[3866265.211636599618942,4607049.208005958236754],[3866092.220434715505689,4607199.15980813279748],[3866021.329933976288885,4607274.720909195952117],[3865849.252832096070051,4607420.497111319564283],[3865839.376431989483535,4607430.201811460778117],[3865772.828231276478618,4607495.593812394887209],[3865636.827229801565409,4607613.165314100682735],[3865555.146628914400935,4607685.636215151287615],[3865439.150227645877749,4607781.509416551329195],[3865430.687927551567554,4607788.503616655245423],[3865343.635126604698598,4607863.348817743360996],[3865213.794225209392607,4607982.460219457745552],[3865104.134824015665799,4608076.790020827203989],[3865103.896124010439962,4608077.068420834839344],[3865048.513123438227922,4608141.662221734412014],[3864870.90172151569277,4608299.324424020014703],[3864793.851320654153824,4608350.205124787986279],[3864685.970419422723353,4608411.876125750131905],[3864657.952219118364155,4608433.292026066221297],[3864568.459518127143383,4608501.697427082806826],[3864488.319017281755805,4608584.968328267335892],[3864424.748616621829569,4608656.279529262334108],[3864308.778015477117151,4608815.481331454589963],[3864250.217814952600747,4608929.582732975482941],[3864206.677514539565891,4608997.813433905132115],[3864117.287013626657426,4609107.294935425743461],[3864052.176512934267521,4609170.895536330528557],[3863992.066212306730449,4609234.116437228396535],[3863854.52521081501618,4609353.228038960136473],[3863786.71481009060517,4609417.988839888945222],[3863732.421809526160359,4609476.840040715411305],[3863712.744309318717569,4609498.169741017743945],[3863639.92380854440853,4609569.48074203915894],[3863514.702907179947942,4609672.46214354224503],[3863443.822406461462379,4609757.98334473837167],[3863297.031504943966866,4609923.355447056703269],[3863232.311104271095246,4609997.366248089820147],[3863127.306703185662627,4610115.328349748626351],[3863123.363603147212416,4610119.758049810305238],[3863045.400002338923514,4610207.408951042219996],[3862983.419601753354073,4610304.980052368715405],[3862920.229301140177995,4610399.04115364421159],[3862824.298700157087296,4610511.982455223798752],[3862750.318399467039853,4610632.254056849516928],[3862708.328199049923569,4610691.234657662920654],[3862671.34799870243296,4610751.365358473733068],[3862569.24749771784991,4610901.317360521294177],[3862516.847197205293924,4610976.86806155461818],[3862425.536696312017739,4611103.689563294872642],[3862304.945995113812387,4611264.431565509177744],[3862161.235193702857941,4611463.72386824619025],[3862123.95439333608374,4611514.848468945361674],[3862048.107192591298372,4611618.862070374190807],[3862044.375892549753189,4611623.978970441035926],[3861973.344191856216639,4611724.007171816192567],[3861874.323690868448466,4611850.828573567792773],[3861817.303290303330868,4611927.92947463132441],[3861718.28268931619823,4612056.291176399216056],[3861670.512488847132772,4612121.051977288909256],[3861582.281987988390028,4612249.413579045794904],[3861517.551687362138182,4612340.384580291807652],[3861463.730486837681383,4612419.681481370702386],[3861426.241186479572207,4612474.916182118467987],[3861288.709085104987025,4612650.608584553003311],[3861284.093185055069625,4612655.878284625709057],[3861211.509884316939861,4612738.739485785365105],[3861144.019483618903905,4612812.680486825294793],[3861085.169183053541929,4612898.721487999893725],[3860942.174981372896582,4612945.539888844825327],[3860941.10628136061132,4612945.889788852073252],[3860936.617581305094063,4612947.359488878399134],[3860926.571381187532097,4612950.648888939991593],[3860836.186980121769011,4612980.243089473806322],[3860759.226579340174794,4613070.814090738072991],[3860677.736478776670992,4613306.306593800894916],[3860591.781677993480116,4613456.90409582387656],[3860292.889275141526014,4613903.385401899926364],[3860178.628874049521983,4614076.44790425337851],[3859996.477372317109257,4614352.347108005546033],[3859948.487371908035129,4614446.344909251667559],[3859846.411371018271893,4614646.280511915683746],[3859769.114070377312601,4614810.290214085020125],[3859750.167070215102285,4614850.492614614777267],[3859652.937669409904629,4615056.795017343014479],[3859543.798968572635204,4615327.163920883089304],[3859366.435667003504932,4615655.841025273315609],[3859189.097165437415242,4615984.48322966042906],[3859030.349564048461616,4616282.137233627960086],[3858965.941363502293825,4616414.980335384607315],[3858950.975763378664851,4616445.847135790623724],[3858955.937263753730804,4616609.556437802501023],[3858976.770364229567349,4616726.027439197525382],[3858983.350064380094409,4616762.811039634980261],[3859005.021264876239002,4616883.966941089369357],[3858989.483865230344236,4617171.506544657982886],[3858986.912165289744735,4617219.100145244039595],[3858993.703566206153482,4617658.374450639821589],[3859006.277666605077684,4617789.961452234536409],[3859025.197067212313414,4617987.954154632985592],[3859038.596567646600306,4618128.182856338098645],[3859045.477967865299433,4618200.197357206605375],[3859052.556068095378578,4618274.270358102396131],[3859009.015668137930334,4618582.223561970517039],[3858991.910568378400058,4618819.633964921347797],[3858952.303768072742969,4618913.590566148981452],[3858926.808567873202264,4618974.071866939775646],[3858912.536867759656161,4619007.927967384457588],[3858890.21366801392287,4619283.480870814062655],[3858915.019068839494139,4619558.807374145835638],[3858916.880169347859919,4619817.665877317078412],[3858909.361869518179446,4619954.40137901250273],[3858905.430069604888558,4620025.907979893498123],[3858953.157970597501844,4620240.92998244613409],[3858987.884571209084243,4620340.147583596408367],[3858982.288271233439445,4620388.206784197129309],[3858981.7358712349087,4620392.949484254233539],[3858981.183671241160482,4620397.69208431430161],[3858970.916471281088889,4620485.859785418026149],[3858963.92227131081745,4620545.922886159271002],[3858942.442471358925104,4620710.434588222764432],[3858931.012771414592862,4620815.075489529408514],[3858886.188171132467687,4620954.058491316623986],[3858846.501370806712657,4621040.874092458747327],[3858794.412270344793797,4621135.131393711082637],[3858751.075369978323579,4621219.961494831368327],[3858736.122169846203178,4621249.232095221057534],[3858713.798669897485524,4621420.382697358727455],[3858679.073069958016276,4621674.628700540401042],[3858677.546169994398952,4621704.297100906260312],[3858670.392070170026273,4621843.299002620391548],[3858643.108270520810038,4622202.963907077908516],[3858633.187070790678263,4622408.840909614227712],[3858608.383270928636193,4622642.002912514843047],[3858584.819670988246799,4622823.075714775361121],[3858548.853970976546407,4623048.796217609196901],[3858550.094571235124022,4623177.779519181698561],[3858514.128270916640759,4623239.790720006451011],[3858430.655770123470575,4623361.333021653816104],[3858336.199969303328544,4623535.168423959985375],[3858310.069869063794613,4623579.408724547363818],[3858208.319668049458414,4623697.433326181024313],[3858200.576867965050042,4623705.763226297684014],[3858064.970166590064764,4623851.654028339311481],[3857953.549765457399189,4623971.524230017326772],[3857802.242963840253651,4624093.066631793044508],[3857685.09276265418157,4624222.087433590553701],[3857665.987862465903163,4624243.128333885222673],[3857628.820862086955458,4624284.061434461735189],[3857350.802959036547691,4624462.654337174259126],[3857080.434856127481908,4624668.532440206967294],[3856887.880053982138634,4624773.070841849781573],[3856887.850253976881504,4624773.087041845545173],[3856880.400953894946724,4624777.131241913884878],[3856855.136053612921387,4624790.155542122200131],[3856852.909053588286042,4624790.969142134301364],[3856852.902053589001298,4624790.971742133609951],[3856747.667152373120189,4624829.413742808625102],[3856688.288951695431024,4624850.762343181297183],[3856655.231151312123984,4624862.647743395529687],[3856516.384849776979536,4624944.377644658088684],[3856516.362749774940312,4624944.390644655562937],[3856462.835749173071235,4624972.63384510576725],[3856462.833149173762649,4624972.635245104320347],[3856457.478349112905562,4624975.265545145608485],[3856429.332248796708882,4624989.091145370155573],[3856347.460247883107513,4625033.841346074827015],[3856245.755846729967743,4625077.574646801687777],[3856173.681645919568837,4625115.460247406736016],[3856170.05414588144049,4625117.367047434672713],[3856095.233445045538247,4625155.887748047709465],[3856005.733544026035815,4625196.569748722016811],[3855938.757343280594796,4625232.862449293024838],[3855901.029742858372629,4625253.100949613377452],[3855899.555942845065147,4625253.694349626079202],[3855863.347442434169352,4625268.272049874067307],[3855833.344542085193098,4625279.459550064988434],[3855801.307641711086035,4625287.595850227400661],[3855762.659941255114973,4625293.698350383900106],[3855721.978040766436607,4625298.783750521019101],[3855650.276439903769642,4625305.39465073402971],[3855559.25093881553039,4625316.582551049999893],[3855510.134738226421177,4625321.576551204547286],[3855468.225337720941752,4625325.227751331403852],[3855420.932737154420465,4625329.804651482030749],[3855368.554836517199874,4625332.855951620265841],[3855324.94593598600477,4625331.22605168633163],[3855284.140135504305363,4625338.958451861515641],[3855250.577635105233639,4625344.04385198187083],[3855216.506634702440351,4625351.671652141027153],[3855165.654434092342854,4625357.774052320048213],[3855123.955533592961729,4625362.351052454672754],[3855083.78213310893625,4625365.402152572758496],[3855055.007132772356272,4625372.048852707259357],[3855018.691232342272997,4625377.606852846220136],[3854979.535131864715368,4625380.149652956053615],[3854933.259431316517293,4625385.743453115224838],[3854885.966930745635182,4625391.337453274987638],[3854833.589130119886249,4625399.474053474143147],[3854774.091929423157126,4625412.695753753185272],[3854702.898928579874337,4625423.883654030039907],[3854633.739727748092264,4625432.528654267080128],[3854596.109127306845039,4625440.664954440668225],[3854543.731326685287058,4625450.835654669441283],[3854488.136226020287722,4625458.148754865862429],[3854385.072224824689329,4625487.449855424463749],[3854107.623621599748731,4625569.356856963597238],[3854018.430320562329143,4625595.689357460476458],[3854018.359220564831048,4625595.710357460193336],[3854018.288120560348034,4625595.731357468292117],[3853852.463418635539711,4625644.689258385449648],[3853701.145116895902902,4625699.014359341934323],[3853689.338816759176552,4625702.658059412613511],[3853478.132014314178377,4625767.839160629548132],[3853410.884313536342233,4625788.593561014160514],[3853344.776612777728587,4625815.545561467297375],[3853078.959909755736589,4625924.451463318429887],[3853078.915509755723178,4625924.469563322141767],[3853078.871109756175429,4625924.487963322550058],[3852968.646908500697464,4625970.918864109553397],[3852773.711106285452843,4626053.036565489135683],[3852726.41070576524362,4626079.415565906092525],[3852617.421504553407431,4626140.198766863904893],[3852488.18230316368863,4626231.869268241338432],[3852364.574901805724949,4626306.598669392988086],[3852281.177400896791369,4626361.519470232538879],[3852216.204900166485459,4626394.365470753051341],[3852193.987399925943464,4626406.339770948514342],[3852137.16589929163456,4626436.964071433059871],[3852056.320698365569115,4626467.807771977037191],[3851840.004495993256569,4626598.074273990467191],[3851838.665095977950841,4626598.894674002192914],[3851779.70199533039704,4626635.01127456035465],[3851574.961293181404471,4626807.560777070000768],[3851540.759592819958925,4626836.385577491484582],[3850971.205186888575554,4627336.815184722654521],[3850733.279284505639225,4627595.064588341861963],[3850637.943483553361148,4627698.54658979550004],[3850587.995983056724072,4627752.762390553951263],[3850430.922481614165008,4627986.020493706688285],[3850379.856481089722365,4628033.433194388635457],[3850319.001680450513959,4628083.918595122173429],[3850214.235779382754117,4628187.191396591253579],[3850108.608678130432963,4628202.422596986405551],[3850049.193077385425568,4628192.138696981593966],[3849796.028974219225347,4628148.323296960443258],[3849716.974873230792582,4628134.96219695918262],[3849464.706070078536868,4628092.325296954251826],[3849369.237568880897015,4628076.190896944142878],[3849275.304167738649994,4628074.86629712022841],[3848769.640761571004987,4628067.746898059733212],[3848769.629561568144709,4628067.746698062866926],[3848769.618361571803689,4628067.746598062105477],[3848726.045861042570323,4628067.400698142126203],[3848356.359756594989449,4628094.22759922221303],[3848252.667555394116789,4628122.780899782665074],[3847885.624451071023941,4628191.910101374611259],[3847662.062948472797871,4628249.668502533808351],[3847559.883447285741568,4628276.067203063517809],[3847136.098142426926643,4628420.335905688814819],[3846806.988538691308349,4628549.576507937163115],[3846667.401437145657837,4628623.055109119974077],[3846618.657936604693532,4628648.710709531791508],[3845759.709827098995447,4629100.846516801044345],[3845341.023122469894588,4629321.26182034984231],[3845240.116321378387511,4629386.624021349474788],[3844995.41441873786971,4629545.134323791600764],[3844953.384118277579546,4629568.894724166020751],[3844696.322115467861295,4629717.576926504261792],[3844339.969211590476334,4629931.450229847803712],[3844093.87710888357833,4630066.722332005389035],[3843764.324705310165882,4630269.625135161913931],[3843599.85330353397876,4630374.426636778749526],[3843431.722201702650636,4630473.138338326476514],[3843241.060599631629884,4630588.299840125255287],[3843149.689998653717339,4630650.450841073878109],[3843077.80939787440002,4630693.101641745306551],[3842913.337996095884591,4630795.472843330353498],[3842690.996393621433526,4630900.884745076298714],[3842475.354591281153262,4631031.276747118681669],[3842341.343389849178493,4631123.897848529741168],[3842265.342289038468152,4631174.179049299098551],[3842071.491486960090697,4631302.430551262572408],[3841967.052585932426155,4631415.397252850234509],[3841966.174285927321762,4631416.242652864195406],[3841931.273685574531555,4631449.835053345188498],[3841838.789984642993659,4631538.853554623201489],[3841634.728482479695231,4631683.265556803904474],[3841453.196980476845056,4631777.107258325442672],[3841399.900879887863994,4631802.844258752651513],[3841395.570479833520949,4631800.62165873683989],[3841339.295879083219916,4631771.73765850905329],[3841265.774978047702461,4631702.21695782057941],[3841247.792077707592398,4631645.551157173700631],[3841239.044377543963492,4631617.986356860026717],[3841197.603776867501438,4631536.425755961798131],[3841187.247876454610378,4631403.719054370187223],[3841159.512876061256975,4631376.644054100848734],[3841090.002275277860463,4631404.724854591302574],[3841005.791574315633625,4631431.465155094861984],[3840942.976373564451933,4631436.140655287541449],[3840861.440072403289378,4631353.915054463781416],[3840826.679271852131933,4631295.084453826770186],[3840750.488770921714604,4631291.07455394230783],[3840656.927769833244383,4631311.125154385343194],[3840584.076968837529421,4631258.314853899180889],[3840521.256067937705666,4631194.134353257715702],[3840486.505667399149388,4631139.313952666707337],[3840412.984766447450966,4631112.573852500878274],[3840320.753865262493491,4631080.484052310697734],[3840240.552664065267891,4630976.203251216560602],[3840177.731763053219765,4630859.872249943204224],[3840123.601062247995287,4630791.011849224567413],[3840082.160561563447118,4630705.440948274917901],[3840000.619160363450646,4630607.840347265824676],[3839892.357958888635039,4630534.300146609544754],[3839833.537358130328357,4630511.579846459440887],[3839769.376457198057324,4630442.049445752985775],[3839748.656156821642071,4630382.548945074900985],[3839732.615756551735103,4630346.448644670657814],[3839695.195356038864702,4630319.708544425666332],[3839637.714855324011296,4630314.358644489198923],[3839573.554254552349448,4630317.038844658993185],[3839532.118754047900438,4630314.363944715820253],[3839482.663353366777301,4630279.598744400776923],[3839383.751951993443072,4630198.038243621587753],[3839252.755450215190649,4630111.132842851802707],[3839236.05024992255494,4630070.357542391866446],[3839244.060049874242395,4630002.16694154497236],[3839241.389849780127406,4629972.746541194617748],[3839211.989549373742193,4629951.356441003270447],[3839167.879148825537413,4629944.676441014744341],[3839121.088948358315974,4629992.807141697965562],[3839105.048648248426616,4630030.247642185539007],[3839060.938547786325216,4630065.008042707107961],[3839023.518147342838347,4630070.358342851512134],[3838971.387546706479043,4630067.678342936560512],[3838931.287146174814552,4630047.628242773935199],[3838889.846545602660626,4630015.537942475639284],[3838884.50634534470737,4629925.957241400144994],[3838880.496145198587328,4629881.837040870450437],[3838835.045544530265033,4629827.016340307891369],[3838790.562143883667886,4629779.22373981680721],[3838762.864543484058231,4629749.465839520096779],[3838698.703742532525212,4629667.905438667163253],[3838653.192941771820188,4629573.994437627494335],[3838631.522641418501735,4629532.094137169420719],[3838589.62204082403332,4629493.084036784246564],[3838543.391540208365768,4629467.07383656874299],[3838508.711239801254123,4629472.854036712087691],[3838481.261039509437978,4629494.524337040260434],[3838448.030739132780582,4629504.644737233407795],[3838381.570138299837708,4629494.524537249468267],[3838322.329437494277954,4629454.074336894787848],[3838260.208536559250206,4629370.273736005648971],[3838247.198136204853654,4629282.142934963107109],[3838246.47803612658754,4629250.562634580768645],[3838223.35763576393947,4629211.542334160767496],[3838187.237235240638256,4629171.072033744305372],[3838159.786834855098277,4629147.942033527418971],[3838109.216334206983447,4629133.491933458484709],[3838062.985633543692529,4629087.241533],[3838029.755233064759523,4629051.111332636326551],[3838018.194932820275426,4629003.411032077856362],[3838036.975032940506935,4628955.72043146006763],[3838097.65543350437656,4628876.219330359250307],[3838092.605133353266865,4628832.869129842147231],[3838059.364632757380605,4628746.168428862467408],[3838014.574032094795257,4628692.708028305321932],[3837961.113431361038238,4628652.247727932408452],[3837930.762930942233652,4628630.577527732588351],[3837884.522430364973843,4628621.907627730630338],[3837831.06192963803187,4628587.227527420036495],[3837784.821228978224099,4628542.427026980556548],[3837747.250828409101814,4628490.406826430000365],[3837721.960328012704849,4628450.15652599465102],[3837697.399927608203143,4628402.446125466376543],[3837693.059827425517142,4628341.73552474193275],[3837675.719527125824243,4628301.265024286694825],[3837642.489026634022593,4628263.684923904016614],[3837620.818826319649816,4628239.104723654687405],[3837594.808225797023624,4628145.153922561556101],[3837565.907825377769768,4628113.35352223739028],[3837508.827124596107751,4628074.323421890847385],[3837443.806123648770154,4628002.05312115419656],[3837391.621522839646786,4627923.746120311319828],[3837357.104922309052199,4627871.952119760215282],[3837306.53442155290395,4627808.351319098845124],[3837257.403620829805732,4627751.981118515133858],[3837200.323120066896081,4627720.181018257513642],[3837151.196719439700246,4627704.28091817162931],[3837132.773919209372252,4627703.195418193005025],[3837102.067118832841516,4627701.386218237690628],[3837022.598817981779575,4627754.603519065305591],[3837018.266117942053825,4627760.115219140425324],[3836909.890816927887499,4627897.983621054328978],[3836823.130116083659232,4627995.47482243180275],[3836716.609214819502085,4628011.735422860831022],[3836680.498914430849254,4628033.405523205175996],[3836633.548713940195739,4628069.526323752477765],[3836573.938013230916113,4628078.676423991099],[3836532.272912702523172,4628069.263523970730603],[3836484.347212101798505,4628058.43652394041419],[3836433.766511397901922,4628019.406123582273722],[3836432.326311246026307,4627958.69582284707576],[3836413.545910829678178,4627873.4151218412444],[3836361.525110025890172,4627796.804421026259661],[3836290.714208940044045,4627692.723719920031726],[3836258.003608408384025,4627633.773019272834063],[3836205.632707539014518,4627527.242118088528514],[3836170.499106952920556,4627453.855417273938656],[3836169.249706928618252,4627452.106017258018255],[3836135.221706412732601,4627404.461216751486063],[3836104.521405982319266,4627379.191116509959102],[3836059.390805387403816,4627357.521216346882284],[3836016.050304795615375,4627330.440916108898818],[3835967.299704046919942,4627258.210315341129899],[3835916.748903257772326,4627180.579814507625997],[3835831.887802109122276,4627130.019414076581597],[3835766.887201278470457,4627110.159713979810476],[3835713.626700571272522,4627083.339213773608208],[3835646.815799647010863,4627034.569213326089084],[3835612.515199109446257,4626980.378812742419541],[3835583.624898696318269,4626951.478512452915311],[3835549.314598269760609,4626947.868712484836578],[3835489.733997567556798,4626958.708712749183178],[3835446.40359698748216,4626937.028912576846778],[3835375.982696018181741,4626884.658712095580995],[3835338.072095441166312,4626832.278211542405188],[3835336.866895278450102,4626766.091710740700364],[3835321.526294928975403,4626692.076909868977964],[3835293.775694498326629,4626651.476509439758956],[3835261.283094044774771,4626626.230109204538167],[3835196.879593185614794,4626591.654908924363554],[3835144.993192495778203,4626565.138508716598153],[3835144.989892491139472,4626565.136608717963099],[3835108.494792002718896,4626544.71820854395628],[3835058.658791338093579,4626516.835408317856491],[3835058.656191338319331,4626516.833708316087723],[3835058.653691332787275,4626516.831908318214118],[3835028.277490912936628,4626493.388508102856576],[3834964.097390019800514,4626443.855707637965679],[3834916.816989351529628,4626402.74530724529177],[3834916.813989352434874,4626402.741607242263854],[3834872.615988676436245,4626340.044806573539972],[3834847.94738825969398,4626288.138105999678373],[3834847.946088260039687,4626288.135005998425186],[3834834.139887961093336,4626228.468505299650133],[3834827.781487715430558,4626153.274604396894574],[3834824.216287552379072,4626099.99460375867784],[3834824.215887553058565,4626099.990303755737841],[3834807.246787198353559,4626032.652102972380817],[3834784.329486854374409,4626003.880502672865987],[3834757.751586500555277,4625990.381302569061518],[3834719.611286025028676,4625985.150002587586641],[3834659.602585302200168,4625991.977402807213366],[3834625.422384914010763,4626002.912703011184931],[3834625.419284913688898,4626002.91390301194042],[3834565.116684225387871,4626025.826503428630531],[3834563.399584212340415,4626026.640703444369137],[3834507.218483583535999,4626053.278903895057738],[3834437.00048280833289,4626090.586904501542449],[3834435.752482798416167,4626091.246704508550465],[3834402.25428243028,4626108.957604799419641],[3834366.929782005958259,4626113.133604930713773],[3834340.051081647630781,4626100.387204839847982],[3834307.964981176890433,4626063.542804459109902],[3834283.334580793976784,4626027.693104078993201],[3834263.369080488570035,4625998.54350377060473],[3834218.82527975551784,4625914.69760284293443],[3834182.167779127601534,4625833.062101930379868],[3834172.917578906752169,4625782.701601336710155],[3834170.857578763272613,4625730.801100707612932],[3834170.857478761579841,4625730.796700704842806],[3834169.829778619576246,4625672.723400004208088],[3834165.717378471046686,4625626.470199448056519],[3834146.188678116071969,4625574.82229886110872],[3834117.925977702252567,4625543.218998537398875],[3834117.923177699092776,4625543.217098538763821],[3834091.199877333361655,4625526.256898383609951],[3834060.534076931886375,4625512.968598299659789],[3834060.449276932980865,4625512.931798296049237],[3834023.28197645675391,4625503.125798259861767],[3833990.98517605336383,4625500.048898292705417],[3833938.788675430230796,4625504.186998458579183],[3833875.644174684770405,4625516.665598755702376],[3833829.613874153234065,4625529.34069901611656],[3833784.392973621375859,4625537.560599214397371],[3833759.67417331552133,4625536.228099251165986],[3833753.017973233945668,4625535.869099263101816],[3833710.899372695479542,4625526.258499237708747],[3833666.630072098225355,4625500.423699025064707],[3833624.561471516732126,4625469.21089874021709],[3833588.088171000592411,4625438.710398446768522],[3833557.693570557516068,4625404.845098100602627],[3833551.467170461080968,4625397.00959802325815],[3833534.111970200203359,4625375.166697790846229],[3833507.389369796495885,4625339.708497419022024],[3833445.718668880406767,4625266.218196662142873],[3833403.972368284128606,4625229.393196306191385],[3833330.475667287129909,4625182.865795898251235],[3833284.860966665670276,4625156.238195678219199],[3833164.575565058737993,4625092.357895170338452],[3833102.728664303664118,4625092.708495314233005],[3833102.725064302794635,4625092.708495311439037],[3833018.107863267883658,4625093.192495508119464],[3832965.853662643115968,4625097.198795676231384],[3832893.543061794247478,4625111.169096010737121],[3832780.258060436230153,4625124.133396420627832],[3832773.894960361067206,4625124.86159644369036],[3832750.05786014162004,4625156.775196885690093],[3832732.561759997624904,4625188.000297305174172],[3832660.211359433364123,4625329.961999203078449],[3832618.677359058987349,4625389.732500025071204],[3832615.814259034581482,4625393.852700082585216],[3832524.520658210851252,4625523.144001865759492],[3832496.330657988321036,4625576.184902573935688],[3832460.490557722747326,4625651.405703569762409],[3832427.990357482340187,4625722.056404506787658],[3832391.980157180223614,4625783.677205340005457],[3832364.110056918580085,4625818.027605823241174],[3832338.930056666024029,4625842.138106174767017],[3832283.889556074049324,4625877.408706724643707],[3832234.749155497644097,4625887.658806968480349],[3832171.113554722629488,4625887.996707109734416],[3832121.942254111170769,4625880.05880712531507],[3832083.807453610468656,4625865.269007029011846],[3832005.266652586869895,4625835.129006836563349],[3831941.42615173291415,4625804.238906611688435],[3831868.455150757916272,4625766.678806317970157],[3831810.184449959546328,4625728.348705979064107],[3831656.13264788268134,4625639.738205243833363],[3831584.681746892631054,4625589.128104788251221],[3831468.510445273015648,4625497.177303929813206],[3831397.109544288367033,4625449.397103512659669],[3831313.488743206951767,4625421.027203353121877],[3831212.698441885877401,4625382.591703112237155],[3831212.653041891753674,4625382.574403109960258],[3831167.447141334880143,4625383.277203229255974],[3831124.456740826368332,4625387.217303369194269],[3831092.550640448462218,4625394.607103533111513],[3831084.966640361119062,4625396.363603571429849],[3831044.956139914691448,4625414.308003880083561],[3830988.715539299882948,4625444.488404378294945],[3830955.045338938944042,4625469.268604754470289],[3830922.455038585234433,4625488.949005071073771],[3830896.804838349111378,4625519.859505509026349],[3830811.444537629839033,4625663.681007455103099],[3830762.35423716250807,4625722.081908273510635],[3830719.133936705533415,4625751.532208733260632],[3830671.823636174667627,4625771.962509092874825],[3830585.61283520096913,4625805.933009702712297],[3830509.892034310847521,4625819.36351004242897],[3830462.39173373952508,4625825.073810215108097],[3830430.091333346907049,4625823.793910274282098],[3830394.920932905748487,4625819.144010299816728],[3830350.020632326137275,4625806.703810248523951],[3830315.774031898938119,4625800.411210251972079],[3830272.24973134836182,4625792.413810248486698],[3830217.179130650591105,4625782.364110255613923],[3830182.018830218352377,4625778.294310284778476],[3830096.517929178662598,4625779.964410502463579],[3830050.59762860275805,4625776.034410561434925],[3829974.586727658286691,4625767.384710626676679],[3829905.926226799376309,4625756.944810656830668],[3829834.375225892756134,4625742.014910640195012],[3829752.984424830880016,4625711.345010454766452],[3829683.493723913561553,4625680.524710234254599],[3829609.50282294396311,4625652.024710056371987],[3829446.621120793744922,4625582.214609574526548],[3829357.190019614528865,4625542.014409293420613],[3829251.548918267246336,4625518.464709247462451],[3829071.817116042599082,4625503.214909474365413],[3828989.106315027922392,4625500.895109633915126],[3828876.335313635412604,4625496.115409832447767],[3828835.49481312930584,4625490.985509867779911],[3828778.709212409798056,4625479.250609855167568],[3828737.3036117865704,4625429.945309350267053],[3828669.112710714805871,4625324.924408226273954],[3828624.48190998705104,4625245.644007361494005],[3828586.201409364119172,4625175.913406596519053],[3828546.170908702071756,4625101.662505785003304],[3828488.329907680395991,4624964.231604240834713],[3828425.708706550765783,4624807.020102461799979],[3828398.518106014467776,4624718.459401447325945],[3828445.178506525699049,4624691.79920101352036],[3828512.699007269926369,4624658.08850044477731],[3828612.689808344934136,4624594.497599435970187],[3828666.53020891174674,4624553.596898809075356],[3828714.595509379170835,4624503.986298099160194],[3828711.030109107028693,4624403.515296873636544],[3828690.689508562907577,4624274.654095343314111],[3828666.028807801194489,4624075.05239296797663],[3828659.781507637351751,4624036.461692504584789],[3828645.718107265885919,4623949.591191479936242],[3828625.87750671710819,4623816.18998989276588],[3828613.017106381710619,4623741.59908901154995],[3828602.436706085689366,4623668.108588141389191],[3828589.326305605936795,4623528.96728646941483],[3828579.385905324015766,4623461.126685664989054],[3828566.644904511980712,4623175.303782196715474],[3828562.824604291003197,4623098.903181268833578],[3828557.454404073767364,4623033.272680475376546],[3828549.569103830493987,4622971.086979739367962],[3828549.567503834143281,4622971.081679735332727],[3828549.562903830315918,4622971.065879737026989],[3828524.393503326456994,4622885.321178745478392],[3828491.532802619971335,4622752.099977188743651],[3828452.201901791617274,4622600.828675428405404],[3828439.341601456515491,4622525.677874533459544],[3828427.681201156694442,4622455.607273705303669],[3828389.620400365907699,4622315.645972085185349],[3828344.789599491748959,4622176.345070474781096],[3828301.448698605410755,4622020.593368672765791],[3828274.618198138196021,4621960.352867997251451],[3828243.627597579266876,4621884.862267141230404],[3828212.047197016421705,4621807.121566262096167],[3828182.726596473716199,4621729.351065375842154],[3828159.706096027046442,4621656.590264540165663],[3828139.995695601217449,4621576.999563611112535],[3828108.825095015112311,4621487.348862580955029],[3828087.954594566021115,4621406.07816163264215],[3828060.804094037041068,4621320.907160650938749],[3828043.39369365060702,4621244.116659754887223],[3828024.733193218708038,4621158.285958744585514],[3828007.182892806362361,4621070.725257706828415],[3827982.082092161756009,4620924.943855982273817],[3827973.69169187406078,4620845.202955020591617],[3827974.461591811850667,4620816.872854672372341],[3827966.341491577215493,4620758.082153973169625],[3827958.801191354170442,4620699.861653273925185],[3827953.610891169402748,4620648.950952662155032],[3827952.670891082379967,4620615.110752247273922],[3827901.030290437396616,4620611.691052322275937],[3827849.979689797386527,4620605.551052367314696],[3827798.560589152853936,4620596.949852376244962],[3827768.258888766169548,4620591.881152388639748],[3827679.688087638001889,4620573.76125237159431],[3827640.641687144525349,4620568.49735239893198],[3827629.529487004037946,4620566.999352402985096],[3827534.486585818231106,4620556.391552494838834],[3827395.235184117686003,4620560.44215287361294],[3827297.944282945711166,4620569.622653207741678],[3827223.644682059064507,4620582.344053534790874],[3827222.795682050287724,4620582.795153542421758],[3827187.363481658976525,4620601.623053856194019],[3827143.592981197871268,4620632.773354340344667],[3827092.042680663056672,4620675.344254982657731],[3827023.142179954331368,4620733.995055860839784],[3826987.731879565864801,4620754.835256199352443],[3826923.691378874704242,4620795.296056844294071],[3826792.250477459281683,4620878.537058173678815],[3826684.439676301553845,4620950.138059305027127],[3826613.668975539505482,4620995.228860016912222],[3826540.598474741913378,4621038.069360714405775],[3826478.387874098028988,4621087.410061462782323],[3826425.683573358226568,4621048.000261102803051],[3826337.136372116394341,4620981.789660501293838],[3826257.090671001467854,4620924.342459978535771],[3826223.964970543049276,4620900.56895976793021],[3826102.883468870073557,4620820.578659067861736],[3826009.212367577012628,4620758.358358524739742],[3825844.830465322360396,4620658.528057685121894],[3825623.377962291240692,4620524.337456554174423],[3825413.015359350945801,4620370.736655163578689],[3825300.693957729730755,4620267.985954163596034],[3825223.372956589329988,4620184.40535332262516],[3825187.862456039525568,4620135.364952804520726],[3825143.391855382360518,4620088.684652335010469],[3825111.431354905012995,4620053.094251974485815],[3825066.770854214206338,4619991.794051325879991],[3825009.439953313209116,4619907.023150422610343],[3824965.839452620130032,4619841.212649718858302],[3824933.198952111415565,4619795.792549233883619],[3824884.928351435810328,4619760.122348909266293],[3824820.22755053313449,4619714.832148504443467],[3824708.096248911693692,4619611.931347503326833],[3824640.385247942525893,4619551.770946928299963],[3824551.654146672226489,4619475.28064619936049],[3824441.190345047973096,4619361.08324505481869],[3824436.2518449742347,4619356.468645006418228],[3824230.410041986964643,4619164.128543133847415],[3824158.749140963889658,4619102.328142545185983],[3824049.657839417923242,4619017.107641755603254],[3823932.023537734523416,4618913.695440761744976],[3823886.955737086478621,4618874.076840379275382],[3823676.453234052285552,4618687.765438585542142],[3823582.122032721526921,4618613.605237900279462],[3823487.370731300674379,4618505.694536801427603],[3823441.780130630359054,4618459.034136327914894],[3823365.549329531844705,4618392.513635690324008],[3823312.953428771812469,4618344.505535232834518],[3823222.127427460160106,4618261.603034428320825],[3823057.285425111185759,4618126.472133156843483],[3822922.499723216053098,4618026.763432245701551],[3822828.167621887754649,4617958.136231632903218],[3822769.891921059694141,4617909.660931173712015],[3822714.351120240986347,4617855.250430637970567],[3822532.05901762470603,4617697.829529131762683],[3822427.827516100835055,4617596.239028132520616],[3822402.257315733470023,4617575.758827935904264],[3822336.116514752618968,4617505.728427229449153],[3822224.084813041146845,4617366.537225783802569],[3822087.203011005651206,4617218.676324299536645],[3822014.252109926193953,4617144.235923551954329],[3821950.291208955924958,4617068.565322771668434],[3821934.741008696611971,4617040.075222458690405],[3821911.780608222354203,4616959.934221522882581],[3821896.510207918472588,4616909.503920940682292],[3821872.350007519125938,4616867.073720476590097],[3821741.947505082935095,4616522.250716542825103],[3821648.70600343355909,4616312.528814177960157],[3821562.46500234073028,4616298.439114212989807],[3821501.444301535375416,4616276.72911408636719],[3821248.381698212586343,4616192.209013656713068],[3820998.508894892875105,4616093.028813029639423],[3820914.55809385003522,4616090.319113203324378],[3820820.687192695215344,4616090.319313429296017],[3820709.875991302542388,4616079.889513566158712],[3820571.684589518234134,4616045.979713477194309],[3820363.082186698447913,4615945.229512740857899],[3820262.620985254645348,4615860.388911939226091],[3820192.310184240341187,4615799.778411358594894],[3820145.249583575874567,4615763.958411034196615],[3820107.46898300666362,4615722.353110607713461],[3819969.397581161465496,4615661.437910190783441],[3819864.096379754599184,4615617.817809907719493],[3819788.725378700532019,4615566.137309451587498],[3819752.705078201834112,4615544.217409268952906],[3819660.003776828758419,4615450.64680833928287],[3819562.94267546152696,4615380.046507709659636],[3819450.441373871639371,4615296.856006945483387],[3819373.810572836082429,4615260.465906688012183],[3819278.019371492788196,4615192.555406079627573],[3819198.088370399549603,4615149.315505743958056],[3819099.893469091504812,4615109.548205484636128],[3819097.357569062151015,4615108.610205481760204],[3819017.026467995718122,4615078.895205312408507],[3818916.805366738699377,4615071.745105467736721],[3818886.815066364593804,4615069.60560551378876],[3818741.873664518352598,4615046.235705578699708],[3818608.692362893372774,4615053.496405990794301],[3818489.731161476578563,4615074.106906536966562],[3818365.130059943534434,4615078.297306892462075],[3818314.379559324588627,4615078.747307021170855],[3818212.608558013569564,4615058.967707028612494],[3818087.677356427069753,4615039.747807091102004],[3817950.885654553771019,4614963.53760648611933],[3817922.085454158950597,4614947.42740635946393],[3817864.444753400981426,4614930.487506290897727],[3817794.124052430037409,4614887.107405927032232],[3817682.342750974465162,4614856.627405827865005],[3817556.02134929317981,4614807.617305527441204],[3817423.909947562497109,4614767.557405359111726],[3817310.298745978623629,4614692.996904715895653],[3817183.557244265917689,4614631.676704269833863],[3817058.885742543265224,4614559.486503683961928],[3816941.204440884757787,4614475.625902940519154],[3816961.584340993780643,4614417.445402170531452],[3817071.724641740787774,4614168.082498817704618],[3817144.864842292387038,4614023.450896852649748],[3817239.90504293423146,4613805.098593924194574],[3817424.73044413421303,4613364.847188019193709],[3817424.74444413324818,4613364.813788023777306],[3817361.874843306839466,4613344.593487923964858],[3817326.37454285658896,4613338.823687942698598],[3817284.864042320288718,4613328.91368792206049],[3817232.263441639021039,4613317.978787912987173],[3817183.533041027374566,4613312.818787968717515],[3817146.080140583682805,4613320.80608815792948],[3817100.222240053117275,4613336.114388467743993],[3817057.87193956412375,4613350.094588743522763],[3817026.654739201068878,4613360.968988953158259],[3817026.603139207232744,4613360.986888953484595],[3817026.551539205014706,4613361.004788951016963],[3816966.041038509458303,4613382.175089361146092],[3816744.309236112982035,4613524.667191666550934],[3816557.787934026680887,4613611.988793214783072],[3816508.256633488461375,4613642.748893713578582],[3816442.977032779250294,4613683.289894371293485],[3816263.765430767089128,4613764.841095826588571],[3816148.992629484273493,4613818.982396772131324],[3816059.873828486073762,4613861.022697513923049],[3815934.122626996133476,4613889.113498172722757],[3815855.692126142792404,4613936.264298951253295],[3815701.780724343378097,4613976.815099833533168],[3815569.149522775784135,4614005.985700523480773],[3815454.758321349043399,4614000.415900736115873],[3815300.556919486261904,4614019.536801360547543],[3815187.785918151959777,4614042.527301923371851],[3814997.414015766698867,4614028.877802222967148],[3814786.322013163939118,4614031.788502786308527],[3814644.747111369390041,4614013.873402912169695],[3814644.251511352136731,4614009.510102861560881],[3814620.819610553793609,4613803.216800368390977],[3814605.01530981156975,4613584.514497707597911],[3814605.012009815312922,4613584.469397706910968],[3814537.417708693537861,4613470.553896466270089],[3814484.154907857533544,4613399.59799571800977],[3814481.010507808532566,4613395.887395680882037],[3814481.007007809355855,4613395.883495684713125],[3814409.586006711702794,4613311.602694816887379],[3814382.245606281328946,4613272.652294404804707],[3814380.60540612321347,4613219.05169374588877],[3814372.475105844438076,4613147.661092883907259],[3814337.034405142534524,4613040.010091638192534],[3814254.423103720881045,4612882.049089893698692],[3814185.312002492602915,4612731.057788195088506],[3814116.211101422086358,4612645.317287302576005],[3814063.510300611611456,4612582.586686662398279],[3813943.498698761221021,4612434.975585134699941],[3813798.366996566299349,4612276.160483526997268],[3813798.336896562483162,4612276.12748352624476],[3813748.646296018268913,4612304.484984003007412],[3813643.647494950331748,4612395.421985389664769],[3813588.980394382961094,4612440.746886092238128],[3813529.854593586642295,4612414.746685919351876],[3813400.643091816920787,4612345.46678538620472],[3813352.038291160948575,4612324.260685242712498],[3813281.501890206243843,4612293.486485040746629],[3813179.360588812734932,4612242.155984664335847],[3813064.609387248754501,4612184.745984235778451],[3812944.077985621988773,4612129.205983854830265],[3812879.157084709964693,4612087.19578349776566],[3812775.966083276551217,4612025.155282982625067],[3812676.504881917499006,4611974.235282602719963],[3812574.713780508376658,4611916.654882149770856],[3812406.911178225185722,4611833.850481543689966],[3812406.226478211581707,4611833.51258154399693],[3812362.571577822323889,4611893.645482395775616],[3812288.55107710044831,4611969.746383530087769],[3812176.789275211282074,4611771.974881359376013],[3812140.988874598871917,4611703.644280601292849],[3812094.158073793165386,4611613.12357959523797],[3811957.926471869461238,4611520.262978786602616],[3811839.754970201291144,4611441.442578114569187],[3811764.634169101249427,4611372.762277450412512],[3811617.032266915310174,4611233.581376103684306],[3811573.629566281568259,4611195.827375742606819],[3811505.77086529135704,4611136.800875188782811],[3811463.736664669122547,4611095.701374779455364],[3811362.750963170081377,4610996.962373806163669],[3811326.388562627136707,4610961.409573460929096],[3811198.736860744655132,4610842.499072309583426],[3811106.365759376436472,4610755.288471464067698],[3810938.863556901924312,4610598.507369941100478],[3810856.512555688619614,4610524.556769235059619],[3810838.052355354651809,4610481.916568752378225],[3810798.481454487890005,4610334.095267018303275],[3810760.966653624083847,4610179.450865195132792],[3810709.042452436406165,4609965.156062664464116],[3810705.825352360494435,4609951.639962509274483],[3810658.188151262700558,4609751.500160143710673],[3810603.376950030680746,4609535.068157594650984],[3810582.496449551545084,4609446.877156550064683],[3810548.755748843308538,4609332.936355222947896],[3810594.1061493572779,4609316.225954900495708],[3810641.296549914870411,4609303.065754616633058],[3810662.676550004631281,4609233.054953693412244],[3810754.806850660126656,4609043.202851101756096],[3810818.029051281511784,4608976.184150109067559],[3810867.567551760002971,4608923.671149325557053],[3811031.398453362751752,4608753.451446796767414],[3811031.428453363943845,4608753.420246796682477],[3811031.458353364374489,4608753.388746796175838],[3811146.2102544689551,4608625.930644919164479],[3811146.287654468324035,4608625.844644915312529],[3811049.24845332140103,4608649.468045458197594],[3810914.837251748889685,4608688.858946290798485],[3810748.755749803502113,4608733.14974726550281],[3810663.345048814546317,4608762.030247835442424],[3810449.003146345727146,4608838.27174932975322],[3810335.102245016023517,4608874.69255007058382],[3810069.869841925799847,4608955.204151753336191],[3809925.738540263380855,4609003.664852717891335],[3809882.038239737041295,4609010.515152921900153],[3809621.286036704666913,4609091.866954592056572],[3809418.444334355182946,4609159.898255959153175],[3809333.023633366916329,4609187.888756521046162],[3809228.932532161939889,4609222.389457217417657],[3809169.272031464613974,4609238.399857572279871],[3809114.382731044199318,4609341.872758997604251],[3809075.181730749085546,4609415.771760014817119],[3809013.731630355119705,4609561.403361983597279],[3808971.291229917667806,4609595.053862507455051],[3808956.81512977508828,4609608.877062712796032],[3808949.633029697462916,4609615.7352628223598],[3808888.550729070790112,4609666.81486361194402],[3808858.480428770184517,4609694.585164037533104],[3808814.530228360556066,4609747.135964800603688],[3808735.829727562144399,4609818.186865882948041],[3808709.539927662350237,4609982.828567998483777],[3808690.350727705284953,4610091.999369400553405],[3808674.290227737277746,4610183.370570578612387],[3808646.360327675472945,4610293.321672012098134],[3808642.902527455706149,4610224.653571171686053],[3808642.331227418966591,4610213.307071030139923],[3808631.489527050405741,4610123.219969935715199],[3808605.559126526117325,4610044.18936902564019],[3808578.45862604631111,4609986.328768378123641],[3808544.488025448285043,4609918.498367622494698],[3808505.46742478152737,4609846.877766834571958],[3808483.137124369386584,4609795.747266250662506],[3808434.136423603631556,4609733.296865606680512],[3808331.525122106075287,4609646.276364791207016],[3808258.804221049882472,4609589.306064267642796],[3808177.233319927472621,4609546.895863950252533],[3808101.002418905030936,4609516.36586376465857],[3808072.162118478678167,4609490.545663524419069],[3808050.231818127445877,4609459.045463190414011],[3808036.101517795119435,4609398.044862465932965],[3808024.071117482148111,4609335.074161715805531],[3807998.34081707149744,4609300.524161353707314],[3807936.419916088227183,4609215.163460451178253],[3807864.708914961200207,4609124.782759509980679],[3807837.868514536879957,4609090.642559153959155],[3807796.808113949373364,4609058.912358870729804],[3807725.257213005796075,4609039.442458814010024],[3807647.706512012984604,4609028.742458879947662],[3807530.865310540422797,4609018.532759056426585],[3807497.395010096020997,4609008.852759023196995],[3807471.645809734705836,4608993.496358897536993],[3807439.864309293683618,4608974.542658744379878],[3807390.759308795444667,4609019.551859426312149],[3807384.854008737951517,4609024.96455951128155],[3807320.703408045694232,4609065.913960183039308],[3807261.58300742181018,4609107.644560860469937],[3807183.252406550571322,4609147.515361560508609],[3807137.954805987887084,4609147.948661682195961],[3807093.401505425106734,4609144.455461748875678],[3806857.751502478960901,4609136.976662269793451],[3806857.745502482168376,4609136.976462271995842],[3806854.488702437374741,4609136.873162276111543],[3806787.461301606148481,4609138.023962466977537],[3806712.383100684266537,4609141.581562702544034],[3806669.835400065872818,4609105.294862365350127],[3806597.406198844779283,4608982.11556101962924],[3806545.855497989337891,4608899.834860133007169],[3806524.8049974758178,4608802.093958973884583],[3806519.402597251348197,4608742.188958243466914],[3806513.234396996442229,4608673.792857405729592],[3806516.914396935142577,4608632.662356888875365],[3806433.923596003558487,4608671.913057590834796],[3806403.165295651648194,4608683.193857808597386],[3806258.302193989977241,4608736.324158846400678],[3806219.857393530663103,4608742.383259019814432],[3806116.490792280994356,4608758.674959493800998],[3806095.550591971259564,4608737.084659280255437],[3806082.24039170332253,4608700.124458854086697],[3806037.639791058376431,4608664.224258525297046],[3806001.429290547501296,4608641.384158334694803],[3805980.9490902191028,4608613.333958039060235],[3805943.518689777236432,4608622.044158242642879],[3805873.428189013618976,4608662.224658927880228],[3805830.367788504809141,4608672.705059169791639],[3805755.237087610643357,4608687.825459552928805],[3805615.242686029989272,4608750.205960695631802],[3805615.05928603047505,4608750.295560699887574],[3805508.275084841065109,4608802.447361626662314],[3805420.324283841531724,4608838.747962307184935],[3805314.597882800735533,4608944.40426389221102],[3805308.552082740236074,4608950.229463980533183],[3805232.173081983346492,4609023.820365097373724],[3805177.412881523836404,4609108.891466297209263],[3805149.37338130781427,4609158.838566989637911],[3805145.652981279417872,4609164.837167078629136],[3805128.332681139465421,4609192.762267462909222],[3805043.931980211287737,4609240.313168282620609],[3804929.881078936625272,4609293.393869234248996],[3804793.467177413403988,4609359.988470418378711],[3804767.479677127208561,4609372.675170646049082],[3804574.698174987919629,4609472.116872387938201],[3804370.606472726911306,4609574.528574198484421],[3804267.360571573488414,4609625.423375100828707],[3804178.474970583803952,4609669.240075878798962],[3804049.813769058790058,4609694.81067652720958],[3803883.102467233780771,4609787.942078128457069],[3803720.455065459478647,4609881.074179712682962],[3803622.430464384146035,4609937.204480668529868],[3803566.613363759126514,4609961.372281112708151],[3803487.989362875465304,4609995.415481743402779],[3803409.358661995269358,4610031.846082403324544],[3803365.487161602824926,4610089.450883236713707],[3803364.82496159337461,4610090.320283249020576],[3803363.72126158606261,4610091.769583272747695],[3803333.998161320574582,4610130.797283831052482],[3803208.287560180295259,4610291.049286154098809],[3803123.627059422433376,4610400.890587739646435],[3802990.736358215566725,4610570.072590190917253],[3802804.123056569136679,4610820.899193794466555],[3802749.754956085700542,4610893.976594851352274],[3802953.477659128606319,4611088.987896729260683],[3803029.47126026218757,4611159.996697405353189],[3803185.110562571790069,4611305.429098797030747],[3803458.124166656285524,4611570.921001366339624],[3803621.106169077102095,4611722.631802813149989],[3803666.156669763382524,4611768.762103272601962],[3803718.497570605482906,4611843.992804063484073],[3803789.278571821283549,4611971.343705459497869],[3803914.340473891701549,4612170.215207589790225],[3804018.544275688473135,4612362.176009690389037],[3804036.382375996559858,4612395.037010053172708],[3804132.843777578789741,4612544.638211650773883],[3804191.841878562234342,4612638.823512663133442],[3804194.386878602672368,4612641.193412681110203],[3804218.694978962652385,4612663.82921290397644],[3804391.386280792299658,4612547.487411011941731],[3804523.89738223515451,4612471.44630972109735],[3804739.778984557371587,4612338.084307502023876],[3804873.069986000657082,4612258.463006162084639],[3804940.722386729903519,4612218.955305498093367],[3805028.421287680510432,4612167.741604635491967],[3805100.80548850260675,4612139.708504093810916],[3805102.879088528919965,4612139.085904082283378],[3805226.032989962957799,4612102.110403300262988],[3805278.782590571790934,4612087.713402988389134],[3805335.623891238123178,4612072.199802648276091],[3805474.735292922705412,4612057.139102099463344],[3805530.917693613097072,4612053.664001911878586],[3805624.946694761049002,4612047.848601588979363],[3805868.068997744005173,4612037.237600823864341],[3805977.510099104139954,4612038.187300550751388],[3806165.132101597264409,4612105.737400895915926],[3806342.484003950841725,4612164.507401164621115],[3806418.024704881478101,4612163.897200963459909],[3806566.566206713672727,4612160.606700532138348],[3806694.017408282030374,4612156.106100152246654],[3806762.168009115383029,4612151.635999917052686],[3806904.00181100750342,4612205.546700217761099],[3806975.480311959516257,4612230.956000345759094],[3807006.190612381789833,4612244.606000430881977],[3806976.13071221113205,4612322.836901482194662],[3806947.230612024664879,4612388.817602377384901],[3806911.950511797331274,4612471.208603486418724],[3806868.800511624664068,4612609.740105310454965],[3806848.120511542074382,4612676.580806192010641],[3806850.449911744799465,4612745.054807034321129],[3806852.381011919118464,4612801.822007732465863],[3806867.741612451151013,4612932.853209313005209],[3806886.742012890521437,4613011.693910242989659],[3806894.922413241583854,4613108.574811415746808],[3806909.342813682276756,4613209.445812623947859],[3806942.033914647996426,4613425.317715208046138],[3806953.174214978702366,4613500.54841611161828],[3806986.084915660787374,4613606.249417337588966],[3807028.285716467536986,4613718.230418611317873],[3807028.816016762517393,4613827.201419958844781],[3807027.146517127286643,4613976.512821807526052],[3806993.446516981348395,4614081.623923197388649],[3807005.116917405277491,4614189.334924492053688],[3807053.027818331494927,4614319.426025975495577],[3807067.808718611020595,4614356.518326397053897],[3807120.899019613396376,4614489.747527904808521],[3807164.509720382280648,4614576.958228871226311],[3807226.77082153595984,4614727.509530572220683],[3807274.741522363387048,4614817.460231555625796],[3807305.701422907412052,4614880.102732248604298],[3807309.486822977662086,4614887.761932334862649],[3807342.992623541969806,4614948.471432998776436],[3807402.853524478618056,4615025.112033787183464],[3807470.044425517786294,4615103.872534585185349],[3807509.023226195480675,4615180.139335427433252],[3807512.620026256889105,4615187.176935502327979],[3807557.956027208361775,4615337.774437246844172],[3807577.086427615955472,4615406.134938041679561],[3807584.176527784205973,4615435.355238384567201],[3807580.726627813652158,4615463.765638739801943],[3807603.126928155310452,4615490.035939009860158],[3807629.907428612466902,4615538.656139536760747],[3807594.947428217623383,4615552.876339809037745],[3807631.057728899642825,4615645.48214085586369],[3807549.957028002012521,4615684.9278415562585],[3807493.306527351494879,4615703.448341928422451],[3807453.676126847509295,4615698.618441972881556],[3807419.18512631719932,4615656.381841535679996],[3807415.390326259657741,4615651.734841493889689],[3807268.42992401542142,4615485.517839820124209],[3807226.778123382944614,4615439.186439352110028],[3807119.322322272695601,4615524.197640682570636],[3807092.356822013389319,4615551.256841083057225],[3807015.871621265076101,4615628.009042233228683],[3806934.961120454128832,4615699.390043318271637],[3806891.05291997268796,4615723.541343729943037],[3806816.860219164285809,4615764.350844429805875],[3806625.638617036864161,4615852.242346012033522],[3806558.664116287138313,4615881.625446544960141],[3806396.676714470610023,4615952.694147848524153],[3806319.97621372109279,4616026.87504896055907],[3806238.095612868200988,4616089.215949941426516],[3806146.604911923408508,4616159.136851038783789],[3806079.864511280320585,4616228.96785207465291],[3805991.523810292594135,4616267.878552784211934],[3806015.714410858694464,4616370.909353993833065],[3806080.995512078516185,4616528.190655761398375],[3806127.886112776584923,4616575.941056231036782],[3806173.626813530456275,4616649.241657014936209],[3806202.033714005257934,4616695.760157513432205],[3806225.917614403646439,4616734.872357930056751],[3806268.528215101454407,4616803.312958663329482],[3806296.459015777800232,4616928.753960135392845],[3806286.858915801625699,4616984.574460851028562],[3806294.539316079579294,4617055.485361706465483],[3806284.624516251962632,4617167.261363103054464],[3806261.229516122955829,4617229.307063933461905],[3806249.471416119020432,4617281.791364607401192],[3806248.902716117911041,4617284.329864640720189],[3806258.269916452467442,4617370.508565680123866],[3806255.240216658450663,4617462.799366826191545],[3806286.58411719603464,4617522.712667480111122],[3806288.510717231314629,4617526.395467521622777],[3806322.621217789128423,4617579.40016808360815],[3806349.121618219185621,4617619.580568508245051],[3806361.902118686120957,4617737.541669933125377],[3806376.047619164455682,4617856.012671353295445],[3806348.082518934737891,4617898.813371946103871],[3806319.362318671774119,4617934.543572462163866],[3806305.242318599950522,4617972.594072976149619],[3806324.612618930172175,4618007.02447334676981],[3806351.853019357193261,4618041.8946737004444],[3806331.069519196636975,4618078.657874209806323],[3806327.130819160956889,4618085.624874307774007],[3806272.832618675660342,4618154.805975298397243],[3806121.261417023371905,4618235.787276688963175],[3806037.590716076083481,4618269.637777322903275],[3805956.320015198551118,4618313.668578075245023],[3805897.709814609028399,4618365.294978863559663],[3805892.117614550050348,4618370.220778940245509],[3805775.968713344074786,4618453.850580268539488],[3805714.68851274298504,4618513.971281171776354],[3805679.388112403918058,4618549.091781693510711],[3805614.608211799524724,4618622.353482762351632],[3805608.09281173767522,4618629.723082864657044],[3805556.037411277648062,4618698.113783845677972],[3805517.607110942713916,4618752.494284617714584],[3805477.776910495944321,4618769.844484933651984],[3805418.979809801094234,4618780.616985226050019],[3805406.433209659997374,4618785.069185308180749],[3805381.611909377388656,4618793.877085480839014],[3805369.53890924109146,4618798.161185565404594],[3805290.28520832862705,4618820.155686043202877],[3805234.154707664158195,4618831.455886330455542],[3805177.95430706301704,4618866.246586904861033],[3805108.754006491973996,4618973.51768840290606],[3805083.523806359618902,4619041.478489305824041],[3805025.987405764870346,4619083.524289971217513],[3804996.993305509909987,4619121.279390514828265],[3804969.738005265127867,4619155.594691009260714],[3804948.813005072064698,4619181.940391387790442],[3804923.682904852088541,4619214.660691852681339],[3804857.212504226714373,4619287.071592917665839],[3804821.492303867358714,4619318.341893397271633],[3804741.668002946767956,4619340.838793882168829],[3804728.603702788706869,4619341.755293924361467],[3804686.161002275999635,4619344.732694074511528],[3804610.558501361869276,4619349.943794340826571],[3804606.376601315569133,4619352.634594381786883],[3804555.029900772962719,4619385.673494923859835],[3804484.869400070048869,4619448.05439587123692],[3804409.078899355139583,4619530.615397087298334],[3804357.928598913829774,4619600.076198074035347],[3804313.098498540464789,4619667.536999027244747],[3804274.31829825649038,4619742.827800049446523],[3804245.868198010604829,4619781.128400593996048],[3804230.548398119397461,4619892.349502],[3804255.388898612931371,4619965.320102832280099],[3804322.589799711946398,4620068.270803917199373],[3804430.271301397122443,4620207.921905353665352],[3804543.342803127132356,4620337.212906640954316],[3804563.903203446883708,4620365.003006926737726],[3804532.913003186695278,4620409.853507554158568],[3804489.722702772822231,4620452.50400819722563],[3804419.452202094718814,4620524.125109256245196],[3804359.591801478061825,4620568.575609962455928],[3804302.136200824286789,4620588.475610356777906],[3804298.338700781576335,4620589.790910384617746],[3804208.980399726890028,4620605.986610819585621],[3804146.569899019319564,4620626.817011236213148],[3804093.719498418271542,4620645.197211602702737],[3804057.304998070932925,4620682.634712154045701],[3804005.788897573947906,4620735.598412944935262],[3804075.709998729173094,4620848.999214147217572],[3803992.679297846741974,4620900.200215000659227],[3803862.577796494122595,4620991.309016459621489],[3803812.59779600193724,4621038.567917172797024],[3803785.298895735293627,4621064.930817564949393],[3803705.977294966112822,4621141.533318711444736],[3803605.666694000829011,4621241.024520196020603],[3803531.50619330117479,4621322.195521390065551],[3803558.926493696402758,4621341.735821557231247],[3803608.06709439586848,4621380.026021899655461],[3803753.5687963841483,4621457.816522465087473],[3803923.140898824669421,4621595.596923707984388],[3803957.412099306005985,4621618.403923899866641],[3804014.051900104619563,4621656.097324211150408],[3804171.083602138794959,4621697.467324304394424],[3804257.48450324498117,4621716.257124306634068],[3804331.515304209198803,4621737.777224378660321],[3804433.116505650803447,4621812.587525027804077],[3804451.296905988827348,4621857.047925522550941],[3804502.757406711112708,4621890.858225804753602],[3804597.488307916093618,4621908.727825771085918],[3804590.458507917355746,4621941.148426186293364],[3804561.888407724443823,4622001.918927008286119],[3804542.031407568603754,4622035.62862747721374],[3804516.74820737587288,4622078.549828065559268],[3804466.748007047921419,4622188.071129538118839],[3804525.898707897868007,4622234.411429952830076],[3804642.950209578964859,4622328.641830796375871],[3804662.813509872648865,4622349.482031000778079],[3804700.070910429582,4622388.572231381200254],[3804800.902312053367496,4622534.273232901468873],[3804761.132111652754247,4622569.513733435422182],[3804701.351711107417941,4622640.664734466001391],[3804630.341310393065214,4622698.975635362789035],[3804597.781110072974116,4622728.222335809841752],[3804566.2708097579889,4622756.526136240921915],[3804479.260208870284259,4622823.857237285934389],[3804405.956708141136914,4622886.680738252587616],[3804365.599407739937305,4622921.268438784405589],[3804337.872307492885739,4622956.356139284558594],[3804333.611707454081625,4622961.747739361599088],[3804299.809107149485499,4623004.999639982357621],[3804237.338806648273021,4623103.690641352906823],[3804192.088406132534146,4623117.951041648164392],[3804097.237505104392767,4623169.071642523631454],[3804054.805404506623745,4623138.292442255653441],[3804049.283504422754049,4623134.163242220878601],[3803952.955903059337288,4623062.13124159257859],[3803809.304301113821566,4622992.571141119115055],[3803654.802599065471441,4622932.690940795466304],[3803596.37669868580997,4623058.398742490448058],[3803593.760498666204512,4623063.1660425523296],[3803506.622098015621305,4623221.954144729301333],[3803450.551797540392727,4623301.215145847760141],[3803394.611196943558753,4623334.505446396768093],[3803357.960896402597427,4623300.795446083880961],[3803336.902196083217859,4623275.675145833753049],[3803272.829695091582835,4623199.244845067150891],[3803180.362493702676147,4623100.478544102050364],[3803145.418193173129112,4623063.153743740171194],[3803047.446791731752455,4622971.603142876178026],[3802981.916290991473943,4622992.923743312247097],[3802891.723090055398643,4623056.239744325168431],[3802755.164688633289188,4623152.10604586545378],[3802632.853687399532646,4623250.177247384563088],[3802592.50338695012033,4623266.592547692358494],[3802544.915586328133941,4623252.83054765406996],[3802473.321985343936831,4623211.627347339875996],[3802440.531684947665781,4623211.88744742795825],[3802401.251384462229908,4623212.857747541740537],[3802366.15478411084041,4623240.566547974012792],[3802317.483783616218716,4623279.726848586462438],[3802314.856783594470471,4623282.535148626193404],[3802277.950383245479316,4623321.989149208180606],[3802257.808982904534787,4623287.209048838354647],[3802220.079582274891436,4623222.058448135852814],[3802124.266480746213347,4623088.960946762003005],[3802106.77798046823591,4623064.667146510444582],[3802042.30707941390574,4622964.366545457392931],[3801923.285477598663419,4622830.02564412727952],[3801889.694977036677301,4622772.364943511784077],[3801852.898176390212029,4622699.697042716667056],[3801841.454176173079759,4622670.304242395795882],[3801759.372874743770808,4622513.352940686047077],[3801665.201673239003867,4622381.251839321106672],[3801624.219472592696548,4622325.910438747145236],[3801620.00847254274413,4622327.36913878004998],[3801559.260471858084202,4622348.412039197981358],[3801487.439771015197039,4622363.728639578446746],[3801474.121670860797167,4622366.568839650601149],[3801460.803470706101507,4622369.409239716827869],[3801429.559270342811942,4622376.072739885188639],[3801353.809369422029704,4622378.16114011220634],[3801351.51006936468184,4622367.199339989572763],[3801337.008168999571353,4622298.06233917735517],[3801268.166867705993354,4622130.570737308822572],[3801240.456267090048641,4622025.659936093725264],[3801381.547168441582471,4621885.767934005707502],[3801455.7476691682823,4621815.537032948806882],[3801494.627969555091113,4621781.866532429121435],[3801553.278570189140737,4621749.335931874811649],[3801625.723970942664891,4621699.270431068725884],[3801479.627469121012837,4621688.565731327980757],[3801440.175568637438118,4621687.559031416662037],[3801320.515967157669365,4621684.506231705658138],[3801220.15496589243412,4621671.63653181027621],[3801109.053764452692121,4621642.736631756648421],[3801062.423263824079186,4621619.956331601366401],[3801011.282562979031354,4621540.375830761156976],[3800965.887762124184519,4621428.658729512244463],[3800961.829662047326565,4621418.671829402446747],[3800927.132561454083771,4621355.384428719989955],[3800879.333160965703428,4621389.702929264865816],[3800857.235860737040639,4621405.56812952272594],[3800853.871160679031163,4621400.941329468972981],[3800801.019759841263294,4621328.264428725466132],[3800757.540759389754385,4621359.586429221555591],[3800751.281459324061871,4621364.09562929533422],[3800751.230559325776994,4621364.132329293526709],[3800652.522958370391279,4621461.294130755588412],[3800558.019457461312413,4621554.31773214507848],[3800554.17035741917789,4621556.458232182078063],[3800492.437656756024808,4621590.788132768124342],[3800425.487256027758121,4621626.001433378085494],[3800367.066655396483839,4621656.728933915495872],[3800203.875353672541678,4621758.670735603198409],[3800078.424452387727797,4621854.081937104463577],[3800006.803951642476022,4621902.742637895047665],[3799933.253350824117661,4621933.623138474300504],[3799874.439350103028119,4621934.165338634513319],[3799800.881949207279831,4621934.843638840131462],[3799680.059347713366151,4621929.758939103223383],[3799666.930047544650733,4621929.206439129076898],[3799589.650046634953469,4621940.504339485429227],[3799519.989645886234939,4621980.618140161037445],[3799516.319545842707157,4621982.731540194712579],[3799474.024345400277525,4622009.683240639045835],[3799448.408945128321648,4622026.155540912412107],[3799402.09204457886517,4622032.605741115286946],[3799380.682444152422249,4621971.018640419468284],[3799362.584343797527254,4621921.351439854130149],[3799307.507143070921302,4621903.094839785248041],[3799256.086442240513861,4621828.454339007847011],[3799208.795841540209949,4621784.474138597026467],[3799149.275140713434666,4621748.35393831320107],[3799106.914640157483518,4621734.923838262446225],[3799045.748739338945597,4621709.298038111068308],[3799034.613239198923111,4621707.712138123810291],[3798958.863138240296394,4621696.924238198436797],[3798863.672137065790594,4621694.134338424541056],[3798735.11113563273102,4621745.67523939628154],[3798684.010735096875578,4621779.855739956721663],[3798629.703434453811496,4621788.438940208405256],[3798622.116534370463341,4621790.342040252871811],[3798579.959833881352097,4621800.916340499185026],[3798506.449133021757007,4621817.056640889495611],[3798465.80883257323876,4621834.547041215002537],[3798410.69963193917647,4621850.162441558204591],[3798406.793831895105541,4621851.572541585192084],[3798371.023931490257382,4621864.486741840839386],[3798364.665931415744126,4621866.782241883687675],[3798335.720031084958464,4621875.990842080675066],[3798283.877230494748801,4621891.85814241413027],[3798236.766829967498779,4621910.048542763106525],[3798206.309029725845903,4621959.184943447820842],[3798201.6928296899423,4621966.632043552584946],[3798153.181229275651276,4622031.133344477973878],[3798132.526229093316942,4622057.980344862677157],[3798082.665928581729531,4622096.100745463743806],[3798050.031128094531596,4622061.991445130668581],[3798048.726728070992976,4622060.492445119656622],[3797922.443826130125672,4621915.379343681968749],[3797870.833325557876378,4621937.339944092556834],[3797820.662924996577203,4621957.490044474601746],[3797764.982224151492119,4621896.409843877889216],[3797732.422323646489531,4621857.847343486733735],[3797741.961223222315311,4621660.747641047462821],[3797740.640722767915577,4621497.226139049045742],[3797755.054022027179599,4621159.315834865905344],[3797755.578322013840079,4621154.338934801518917],[3797762.797221918590367,4621085.809933946467936],[3797764.113421903923154,4621073.315733788534999],[3797714.005821133032441,4621017.257633231580257],[3797707.510821036063135,4621009.991333164274693],[3797673.668320522643626,4620973.891232817433774],[3797593.037119198124856,4620850.950231526978314],[3797510.637717882171273,4620740.278130395337939],[3797502.319217752665281,4620729.136730278842151],[3797432.584916640073061,4620635.738629318773746],[3797368.541715629398823,4620550.939128447324038],[3797348.031715298537165,4620523.782028179615736],[3797340.462615178432316,4620513.759828074835241],[3797307.394714644178748,4620464.38512755651027],[3797205.972113461233675,4620487.898028122261167],[3797129.431612614076585,4620521.688428747467697],[3797048.880911700893193,4620549.918929315172136],[3797011.213711271993816,4620561.877129565924406],[3797009.972511258441955,4620562.271129570901394],[3797008.110611234791577,4620562.862229581922293],[3796981.660310933366418,4620571.259329755790532],[3796922.703910259064287,4620589.46623014099896],[3796921.32191024441272,4620589.89303014986217],[3796847.579309463966638,4620636.440630924887955],[3796816.669009112287313,4620646.820931133814156],[3796792.634308817330748,4620646.616031196899712],[3796781.191408674698323,4620646.518431226722896],[3796698.697807608172297,4620625.170831192284822],[3796602.706606307066977,4620580.150630900636315],[3796548.739505573175848,4620554.663230735808611],[3796538.248605439439416,4620550.977030720561743],[3796484.21540472144261,4620531.990830636583269],[3796433.364904072601348,4620524.200630681589246],[3796378.728603457100689,4620543.127031059004366],[3796326.630402943119407,4620589.443531766533852],[3796304.873502731323242,4620608.785832068882883],[3796297.962602654006332,4620613.180132139474154],[3796254.033602193929255,4620641.112332604825497],[3796200.613201668485999,4620689.103133337572217],[3796162.81840123841539,4620700.630433586426079],[3796155.993901134468615,4620694.137433520518243],[3796141.032600911334157,4620679.903233389370143],[3796105.601900313980877,4620619.64273274410516],[3796066.831399620044976,4620541.21203188970685],[3796043.670999196358025,4620489.041531318798661],[3796045.169199043419212,4620426.674130542203784],[3796043.29469901509583,4620424.429530519992113],[3796021.700498679187149,4620398.570830263197422],[3795981.059898033738136,4620346.440429735928774],[3795918.131497098132968,4620285.231629154644907],[3795911.345196993090212,4620278.630829093046486],[3795821.147895636036992,4620188.069428230635822],[3795717.016493999399245,4620056.528526898473501],[3795617.424992422573268,4619927.477625586092472],[3795596.446592085063457,4619898.248125284910202],[3795541.683891196269542,4619821.946824497543275],[3795512.794690689072013,4619764.398423872888088],[3795476.352890043519437,4619691.805723074823618],[3795426.802589535713196,4619729.346323675476015],[3795339.887388709932566,4619818.370225008577108],[3795315.708288482390344,4619843.136425378732383],[3795314.370088466908783,4619844.507025394588709],[3795283.628188114147633,4619852.467925581149757],[3795276.634588019922376,4619848.067825546488166],[3795257.64128774870187,4619836.118025451898575],[3795243.35878750262782,4619810.430225173011422],[3795243.056387495715171,4619809.442825166508555],[3795217.160586943849921,4619724.877024199813604],[3795169.070086332503706,4619716.47702423017472],[3795080.705885310191661,4619738.082624734379351],[3795075.092585241887718,4619739.455124765634537],[3795058.538884854875505,4619672.636923992075026],[3795000.3351841699332,4619682.993024278432131],[3794954.192883608397096,4619686.062324441969395],[3794937.427483244799078,4619628.927023792639375],[3794889.996682365890592,4619520.700922589749098],[3794847.863081822637469,4619512.766222612001002],[3794807.905881312210113,4619505.241222630254924],[3794782.725480896886438,4619466.475722216069698],[3794722.734479763079435,4619321.334620598703623],[3794673.087678918149322,4619237.81831971462816],[3794639.788278381805867,4619192.46361924521625],[3794579.879577690735459,4619207.543719597160816],[3794513.873176930006593,4619227.296820018440485],[3794502.114076768048108,4619220.46931997127831],[3794428.011075738817453,4619177.444219646975398],[3794364.570474883075804,4619150.094119486398995],[3794322.499974366277456,4619151.064219614490867],[3794260.547773666214198,4619171.485120035707951],[3794215.704272969160229,4619119.705919522792101],[3794191.518572589848191,4619089.993919222615659],[3794149.24387189745903,4619027.756918580271304],[3794149.235971896909177,4619027.74531857855618],[3794135.549271643161774,4618997.322718241252005],[3794135.333371642976999,4618996.842818237841129],[3794082.362070785369724,4618921.60271745827049],[3794055.222970492672175,4618936.456317714415491],[3793989.571269779000431,4618972.388518338091671],[3793940.135468925815076,4618883.883017388172448],[3793875.234367770142853,4618752.931815952062607],[3793830.673566994257271,4618671.251215069554746],[3793674.266065413597971,4618794.640717023983598],[3793665.854265324305743,4618801.276817128062248],[3793639.252064951229841,4618782.552216969430447],[3793598.351464179344475,4618685.89211589936167],[3793578.777163764927536,4618622.77671517804265],[3793578.694063757080585,4618622.509015168994665],[3793536.065563093870878,4618572.486114668659866],[3793488.907062531448901,4618579.262814886868],[3793435.019661896396428,4618587.00661513209343],[3793370.328760894946754,4618514.661014425568283],[3793342.978560592513531,4618526.191414646804333],[3793277.465459993109107,4618599.89161573164165],[3793207.51265931641683,4618668.108116764575243],[3793149.000058340840042,4618575.117015783675015],[3793118.146357780322433,4618509.011915052309632],[3793065.775857217609882,4618540.402215586975217],[3793009.7250562668778,4618444.911614567041397],[3792971.348355869296938,4618471.433014999143779],[3792919.063355323392898,4618507.566515589132905],[3792910.738755240570754,4618513.319615684449673],[3792883.014954855199903,4618498.553815583698452],[3792873.894454731140286,4618493.696215545758605],[3792823.377154296729714,4618561.812716525048018],[3792809.213554214686155,4618593.973716963082552],[3792760.082953530363739,4618564.483616732060909],[3792729.46275317389518,4618572.083716912195086],[3792470.958350497297943,4618752.578219847753644],[3792405.51024981867522,4618798.276720598340034],[3792284.109348608646542,4618899.313722180202603],[3792283.012948597315699,4618900.2262221891433],[3792282.282048585359007,4618900.834522199817002],[3792155.691547326277941,4619006.192423850297928],[3792096.042646734975278,4619057.939424657262862],[3792087.287146657705307,4619067.328624792397022],[3791973.66744560142979,4619189.172026611864567],[3791928.173745171632618,4619237.28662732988596],[3791905.745144970249385,4619263.32302771601826],[3791907.09314499469474,4619264.212827715091407],[3791939.787345450837165,4619285.793427892029285],[3791909.237245173659176,4619320.543728406541049],[3791665.355442749336362,4619524.226331590674818],[3791609.588742163497955,4619559.519232180900872],[3791609.576442163437605,4619559.518632177263498],[3791550.814441430848092,4619556.407232304103673],[3791509.12864100234583,4619586.60113279428333],[3791502.13134093163535,4619591.669432874768972],[3791424.561140025500208,4619609.689033311791718],[3791418.124339955393225,4619611.184233348816633],[3791239.053337908815593,4619666.858534539118409],[3791044.430135719012469,4619738.360535963438451],[3790778.778132889419794,4619894.032938622869551],[3790750.495232645887882,4619930.601339151151478],[3790714.807732337620109,4619976.743939816951752],[3790600.877831135410815,4620045.781540984287858],[3790548.172130581457168,4620079.980841553770006],[3790546.209030563477427,4620082.677941593341529],[3790512.032930274959654,4620129.632842268794775],[3790477.99612999195233,4620176.396642936393619],[3790330.535028550308198,4620306.728344948962331],[3790256.265827791765332,4620362.737145848572254],[3790245.815227687824517,4620370.618245975114405],[3790204.771327242255211,4620390.871846339665353],[3790164.581626761704683,4620395.452246502041817],[3790124.413526348304003,4620423.370146963745356],[3790083.863125907257199,4620444.910547346808016],[3790114.70362639054656,4620480.580647693946958],[3790200.682127743028104,4620587.946248767897487],[3790206.079527830239385,4620595.770848853513598],[3790310.846229551825672,4620747.652650415897369],[3790398.277731036301702,4620895.283851984888315],[3790529.229433059692383,4621042.885053426027298],[3790597.640434151049703,4621132.825454340316355],[3790685.171635560691357,4621252.456555561162531],[3790764.012636838015169,4621363.677356703206897],[3790845.013938210904598,4621495.848258093930781],[3790917.235139517113566,4621646.599459743127227],[3791014.066641191486269,4621819.94096159376204],[3791088.95774251781404,4621966.502063179388642],[3791129.091543234419078,4622046.254064040258527],[3791151.328843630850315,4622090.442964524030685],[3791180.013444139622152,4622145.289365117438138],[3791181.285644157789648,4622147.72196514159441],[3791181.602744166739285,4622148.328265145421028],[3791201.369544541928917,4622195.113665662705898],[3791158.839044023305178,4622196.633965806104243],[3791065.488242896273732,4622202.824466140940785],[3791023.094742387533188,4622206.605766308493912],[3790943.397141430992633,4622213.714766619727015],[3790863.15644049923867,4622231.515167062170804],[3790723.14513884531334,4622255.176067746244371],[3790663.794638160616159,4622268.536268077790737],[3790624.284237683750689,4622273.18656824529171],[3790548.783436806872487,4622289.876868662424386],[3790484.61513608135283,4622309.469169084914029],[3790451.092635694891214,4622318.507469287142158],[3790394.326935104094446,4622357.465669922530651],[3790323.435034362133592,4622400.815870654769242],[3790174.381032805889845,4622498.314372268505394],[3790174.377432812005281,4622498.316672270186245],[3790092.319931938778609,4622546.53097308985889],[3790108.629332267213613,4622592.20617360714823],[3790125.720632613636553,4622640.071674142964184],[3790089.670332223642617,4622658.731974475085735],[3789985.089431134052575,4622725.992975596338511],[3789825.508329450152814,4622822.324277222156525],[3789766.069528785999864,4622845.082877668552101],[3789723.967728314455599,4622861.163477984257042],[3789723.962828320916742,4622861.165277984924614],[3789721.298128289170563,4622862.145778004080057],[3789663.866827647201717,4622883.275478423573077],[3789592.53622687747702,4622920.516179082915187],[3789504.052326024044305,4623002.756980340927839],[3789502.825726013630629,4623003.896980354562402],[3789470.105625703465194,4623036.147380844689906],[3789437.385225342586637,4623049.787781104445457],[3789356.265624205581844,4622997.918280700221658],[3789351.766724133864045,4622993.748780662193894],[3789323.063923708628863,4622967.147380418144166],[3789262.313423062674701,4623001.667881014756858],[3789207.54612251278013,4623044.976481696590781],[3789207.023222506977618,4623045.389981703832746],[3789204.39072247967124,4623047.471681736409664],[3789139.552421727217734,4623060.948882086202502],[3789092.511921150609851,4623060.589282210916281],[3789030.976520465221256,4623085.529482690617442],[3788997.624819891061634,4623024.887182042002678],[3788963.059719492215663,4623035.588882276788354],[3788840.469918252434582,4623127.890583749860525],[3788781.909217439591885,4623093.880383500829339],[3788725.255416638683528,4623054.551683181896806],[3788655.977715654298663,4623006.460082791745663],[3788625.287415266502649,4623002.780082831159234],[3788544.746514340862632,4623024.130383318290114],[3788465.805913442745805,4623048.190983841195703],[3788393.758412623777986,4623070.271284317597747],[3788313.194611708633602,4623094.961884850636125],[3788254.543111060746014,4623120.305185326375067],[3788208.715910560917109,4623140.10728569701314],[3788197.739710432942957,4623144.850185782648623],[3787900.146707241889089,4623301.459388548508286],[3787835.170906573534012,4623346.025989284738898],[3787803.394406227394938,4623361.78048956207931],[3787711.609905232209712,4623407.287090381607413],[3787581.148603778332472,4623457.877991370856762],[3787516.68960315734148,4623516.142292274162173],[3787508.090803083498031,4623525.80619241297245],[3787469.818002740386873,4623568.819293049164116],[3787446.910702577792108,4623611.304693633690476],[3787443.888102675322443,4623659.000394229777157],[3787418.778002565260977,4623728.531195146031678],[3787374.638002359308302,4623843.11239667981863],[3787341.738002169877291,4623919.703297713771462],[3787344.235502298921347,4623953.35689811874181],[3787344.793002306949347,4623954.590198127552867],[3787366.118402704130858,4624001.763798643834889],[3787414.359203544445336,4624089.014699570834637],[3787452.359804217237979,4624160.645200339145958],[3787481.960304719861597,4624211.835600885562599],[3787509.260705204214901,4624263.286101436242461],[3787546.421305861324072,4624334.406402194872499],[3787568.651606229133904,4624367.746902538463473],[3787608.81220696028322,4624451.997503457590938],[3787659.593107839114964,4624541.758304408751428],[3787695.753408430609852,4624596.138604970648885],[3787758.587009210605174,4624600.81330484803766],[3787764.09790928568691,4624601.223304837942123],[3787901.50621150713414,4624792.289806780405343],[3787967.53701259708032,4624891.900507806800306],[3788008.487813300453126,4624962.581008556298912],[3788106.959214904345572,4625103.092209991067648],[3788175.070216081105173,4625223.883111272007227],[3788217.256416795775294,4625293.847512009553611],[3788282.241817895323038,4625401.624613143503666],[3788302.852118238341063,4625434.934613484889269],[3788357.302919149864465,4625520.995514379814267],[3788456.644420810509473,4625678.736716024577618],[3788589.756423052866012,4625894.858318285085261],[3788608.186623390298337,4625935.75851873587817],[3788578.626423093490303,4625957.638819079846144],[3788375.87502106372267,4626114.461021573282778],[3788257.944219904951751,4626212.092623100616038],[3787962.31211699033156,4626455.555926911532879],[3787835.355815737973899,4626558.520728526636958],[3787829.214615679346025,4626563.670828609727323],[3787735.74771475745365,4626642.053929829970002],[3787557.222113006748259,4626791.800432166084647],[3787552.66491296235472,4626795.65053222514689],[3787527.006712716072798,4626817.327932562679052],[3787370.235611198469996,4626955.224334690719843],[3787370.003311213105917,4626960.866234762594104],[3787363.798511567059904,4627111.534136621281505],[3787349.811511885374784,4627283.853438755497336],[3787344.769112006761134,4627345.976439530029893],[3787339.439112124964595,4627411.967040349729359],[3787340.799412257969379,4627451.077540825121105],[3787358.919812680687755,4627523.108041647821665],[3787400.760113121476024,4627498.457741225138307],[3787465.753913840744644,4627473.533840736374259],[3787531.991715001408011,4627596.598242041654885],[3787622.20311659341678,4627768.429743880406022],[3787692.814117672853172,4627847.160244639962912],[3787762.145018808543682,4627947.290945664979517],[3787832.81601992296055,4628037.711546563543379],[3787916.647321294527501,4628161.372547825798392],[3788034.068923307117075,4628363.923949958756566],[3788183.591225855518132,4628620.395952651277184],[3788297.502927791327238,4628812.557454666122794],[3788337.726528487633914,4628887.754855466075242],[3788385.784429331775755,4628977.598656425252557],[3788414.43482986651361,4629043.849557152949274],[3788436.355130243580788,4629082.78965755738318],[3788362.464729501400143,4629137.940558438189328],[3788305.394228939898312,4629184.751159173436463],[3788277.504128688480705,4629214.07155960611999],[3788237.338728167116642,4629201.656559573486447],[3788200.653427745681256,4629210.401659780181944],[3788141.703027204610407,4629272.952660706825554],[3788040.392226136289537,4629330.523361699655652],[3787988.554625606164336,4629365.822262276895344],[3787981.093225527089089,4629370.903162360191345],[3787921.101324879564345,4629398.394462869502604],[3787871.401024381630123,4629436.034963460639119],[3787818.270323800854385,4629458.583563885651529],[3787753.070023114327341,4629496.115864533931017],[3787761.552523322403431,4629532.075964944437146],[3787763.911423374898732,4629542.076265057548881],[3787856.221624919679016,4629688.247566572390497],[3788002.273627233225852,4629879.349068480543792],[3788059.994328168686479,4629960.399469301104546],[3788154.95582968974486,4630087.660270568914711],[3788215.236630668863654,4630174.630971459671855],[3788164.394830295816064,4630261.825572665780783],[3788133.856430131942034,4630335.052873637527227],[3788057.88652942981571,4630411.849274785257876],[3787989.52552879601717,4630480.954775826074183],[3787908.140628018882126,4630553.783476940356195],[3787881.664827765896916,4630577.475877298973501],[3787789.572226870339364,4630656.827078532427549],[3787749.741026488598436,4630691.147879055701196],[3787702.413526030723006,4630731.928079686127603],[3787701.257326148916036,4630778.07948025316],[3787701.205426147207618,4630780.148980275727808],[3787725.694026563316584,4630821.42878070473671],[3787778.564927565399557,4630946.049982069060206],[3787816.525728334207088,4631054.350883277133107],[3787859.72642917977646,4631166.861584519967437],[3787856.876529227942228,4631195.871984879486263],[3787787.646028605289757,4631273.882986021228135],[3787714.965527980588377,4631364.23438732791692],[3787694.40562782716006,4631395.14458775613457],[3787694.805727938190103,4631432.174788211472332],[3787733.806028491817415,4631461.445088455453515],[3787816.877229704055935,4631533.795389091596007],[3787859.697830348741263,4631576.410789482295513],[3787860.503130405209959,4631594.058689695782959],[3787861.154530453961343,4631608.33608986902982],[3787889.024430890567601,4631641.956290198490024],[3787911.584031228907406,4631666.077790428884327],[3787927.48543149465695,4631691.653290695510805],[3787920.161831446457654,4631706.420090887695551],[3787909.158531379885972,4631728.606291187927127],[3787914.351831562351435,4631769.972191678360105],[3787912.604831547942013,4631772.916891719214618],[3787897.908731443341821,4631797.68799205776304],[3787878.848731306847185,4631831.428192524239421],[3787903.901131719350815,4631869.414292911067605],[3787921.737732010893524,4631896.45949318818748],[3787925.823632085230201,4631904.593793274834752],[3787939.689732329919934,4631932.198993572033942],[3787899.419331847690046,4631935.3490937249735],[3787821.305630999151617,4631967.968394345603883],[3787812.142530905082822,4631975.207194459624588],[3787783.138430623337626,4631998.119994819164276],[3787658.417529448401183,4632115.591596596874297],[3787569.296828537713736,4632175.43249758053571],[3787353.585226349998266,4632324.26439999230206],[3787318.739325980655849,4632344.997800343669951],[3787248.05452524498105,4632387.055701057426631],[3787217.554124807007611,4632362.840400855988264],[3787205.419324629940093,4632353.206100773066282],[3787194.023924586828798,4632384.515901181846857],[3787139.771024047397077,4632427.297801855951548],[3787130.007223955821246,4632434.997101975604892],[3787079.547023451887071,4632473.936802593059838],[3787047.297223201952875,4632521.945003268308938],[3787049.991523246280849,4632527.262603325769305],[3787065.853323528077453,4632558.568003656342626],[3787098.273724020924419,4632593.338103993795812],[3787074.393623861949891,4632637.768804593943059],[3787042.853423576802015,4632672.669105108827353],[3787040.583523660432547,4632711.959305587224662],[3787019.473323516082019,4632748.909906101413071],[3787059.49392410973087,4632787.640206456184387],[3787071.439224363770336,4632826.415406891144812],[3787033.983824106864631,4632894.431007820181549],[3786995.601523699238896,4632916.036308190785348],[3786991.137623653747141,4632918.549008238129318],[3786912.48312289500609,4632986.452309284359217],[3786867.633022592402995,4633069.013510406948626],[3786864.243022788316011,4633151.423411414958537],[3786864.632822808343917,4633158.10271149687469],[3786868.083523020148277,4633217.234912203624845],[3786829.903322689700872,4633262.015512856654823],[3786776.36192218400538,4633311.789013613015413],[3786766.757422090042382,4633320.717613748274744],[3786726.500221703667194,4633354.049714265391231],[3786683.567321282811463,4633389.597214816138148],[3786638.371920740697533,4633391.487314974889159],[3786585.351520242635161,4633442.638015741482377],[3786538.710919570643455,4633403.427815402857959],[3786484.080519027076662,4633445.188516069203615],[3786458.250418821815401,4633482.65871659014374],[3786429.652718541678041,4633505.469116951338947],[3786429.320418538525701,4633505.478016948327422],[3786392.719718099571764,4633506.459317072294652],[3786374.809717942494899,4633528.719517390243709],[3786321.338817432057112,4633576.066318117082119],[3786317.433017395436764,4633579.52461816649884],[3786263.398916878271848,4633625.630818880163133],[3786224.778716463595629,4633644.161219218745828],[3786211.68961636768654,4633667.211919534951448],[3786209.194116352126002,4633671.606619596481323],[3786187.708516201470047,4633710.332020130008459],[3786169.768416080158204,4633743.362320575863123],[3786143.358315918128937,4633797.612821308895946],[3786142.208515998441726,4633831.223221719264984],[3786143.058816254138947,4633916.634022749960423],[3786090.44841568171978,4633938.454323166050017],[3785994.307414635084569,4633977.515223912894726],[3785942.153914062771946,4633999.817524331621826],[3785906.906713602598757,4633986.935624280944467],[3785875.636513282544911,4634007.045624611899257],[3785851.686313056387007,4634028.765924943611026],[3785862.819113295525312,4634065.536425360478461],[3785773.355812357738614,4634114.646926213055849],[3785796.671212720684707,4634143.988026497885585],[3785830.466513252351433,4634186.517726912163198],[3785864.438713770359755,4634224.291927275247872],[3785901.047514331992716,4634264.998127659782767],[3785931.717914725653827,4634272.458027658984065],[3785967.964915249496698,4634302.031627910211682],[3786007.868715698830783,4634291.748127676546574],[3786051.479216177947819,4634275.087727346457541],[3786089.81801666598767,4634281.642527316696942],[3786144.870217443443835,4634321.218027639202774],[3786199.035318157169968,4634341.682827731594443],[3786216.591118692420423,4634454.588829045183957],[3786220.001318856608123,4634497.269229548983276],[3786232.43911915877834,4634551.087230166420341],[3786242.38191940356046,4634594.110130653716624],[3786296.442520293407142,4634674.370931474491954],[3786362.454621305689216,4634750.67883220128715],[3786364.934121347032487,4634753.545132228173316],[3786383.9556216429919,4634776.865232456475496],[3786412.954322096891701,4634812.721732808277011],[3786460.36502291681245,4634898.252533704042435],[3786489.665423347149044,4634926.18273395858705],[3786490.595523464959115,4634962.563034395687282],[3786479.779023355338722,4634970.396734520792961],[3786425.784922818187624,4635009.501535148359835],[3786333.724321795627475,4635042.254235809668899],[3786193.492720305919647,4635111.508737051859498],[3786183.067820191849023,4635116.657137138769031],[3786036.921918649226427,4635192.64683847874403],[3786024.946018607821316,4635229.132538958452642],[3786029.450218692887574,4635241.118139090016484],[3786062.332619341090322,4635328.617840051651001],[3786103.253420193679631,4635453.348941441625357],[3786149.274121022317559,4635547.639842445962131],[3786151.884221154730767,4635582.719942859373987],[3786178.644721617922187,4635631.770343374460936],[3786193.535021988674998,4635695.93774410430342],[3786133.724521377589554,4635735.871744761243463],[3786033.18382037896663,4635811.825845967046916],[3785996.669520025141537,4635840.60454641841352],[3785988.875319947488606,4635847.686146530322731],[3785940.263219490647316,4635891.853747201152146],[3785851.642518606036901,4635956.424648237414658],[3785740.671817497350276,4636035.355949508026242],[3785640.201016500592232,4636111.967050722800195],[3785588.780816009733826,4636155.767451397143304],[3785522.331715326756239,4636198.099652103148401],[3785519.386315295938402,4636199.603252128697932],[3785374.358813763596117,4636273.639253441244364],[3785348.78551350068301,4636290.609353716485202],[3785308.578413095790893,4636317.290954153053463],[3785308.576213095337152,4636317.293054157868028],[3785226.648312333039939,4636395.631655340082943],[3785199.913012065459043,4636413.994955633766949],[3785188.465311949141324,4636421.85825576633215],[3785104.286011107731611,4636483.056356745772064],[3785094.331611012574285,4636490.293156864121556],[3785090.425210971385241,4636493.032456908375025],[3785050.236710566096008,4636521.212757366709411],[3785009.835610116366297,4636532.562157617881894],[3785002.508810030296445,4636534.620457660406828],[3784961.725909634958953,4636567.263558174483478],[3784916.276309258770198,4636627.663459037430584],[3784884.59060882171616,4636608.551158897578716],[3784823.584908260032535,4636668.925059803761542],[3784741.659007571171969,4636770.89046126883477],[3784751.319407721981406,4636784.463061399757862],[3784768.275907997507602,4636808.286561639979482],[3784787.954408244695514,4636810.440261608920991],[3784817.939408615697175,4636813.72206156142056],[3784844.05870903423056,4636849.595661920495331],[3784846.230209066532552,4636852.578061951324344],[3784891.166009738110006,4636897.367362358607352],[3784932.426910310052335,4636923.677062558010221],[3784955.157010648865253,4636946.407262768596411],[3784960.733710814267397,4636979.501263150945306],[3784975.963011109735817,4637018.402463576756418],[3785004.187911566346884,4637058.828163983300328],[3785004.190311570186168,4637058.831263974308968],[3785035.888412059750408,4637095.908364335075021],[3785059.208512465469539,4637140.759164809249341],[3785070.955712703987956,4637172.912365162745118],[3785081.929712923243642,4637202.949665488675237],[3785081.930912921205163,4637202.953665497712791],[3785087.580713054630905,4637224.604665732942522],[3785090.140013111755252,4637234.412165846675634],[3785097.278313299641013,4637269.206766245886683],[3785107.11431358801201,4637329.448466944508255],[3785108.368713641539216,4637342.808267099782825],[3785108.388913649134338,4637343.024967104196548],[3785111.23991376766935,4637373.390767464414239],[3785109.444913891144097,4637424.216368078254163],[3785098.080213869456202,4637463.090968579985201],[3785077.750113704707474,4637490.60196896828711],[3785069.380113701801747,4637523.492369392886758],[3785069.380313821602613,4637566.542869914323092],[3785047.249613678082824,4637609.003870483487844],[3785008.380413330625743,4637650.264271098189056],[3785008.378213330637664,4637650.267771096900105],[3784985.059813181404024,4637696.914371720515192],[3784946.889913133811206,4637839.315073551610112],[3784945.800113133154809,4637843.574473605491221],[3784934.82001312635839,4637886.486474153585732],[3784881.296612896956503,4638030.462976041249931],[3784881.219912895001471,4638030.738276043906808],[3784871.429912880063057,4638065.888376499526203],[3784883.450113098602742,4638091.59717676974833],[3784911.360613464843482,4638100.326876790262759],[3784975.490314282942563,4638117.018476814962924],[3785029.311815034598112,4638151.99877707567066],[3785073.11691556731239,4638155.828276993706822],[3785078.05181562807411,4638156.067676984705031],[3785105.258215959649533,4638157.388276919722557],[3785092.702616117428988,4638262.639378223568201],[3785078.256216073408723,4638308.07257881667465],[3785063.992716033477336,4638352.930379395373166],[3785042.599215953145176,4638414.348480192944407],[3785035.487715924158692,4638434.764880464412272],[3785032.96481591463089,4638442.00788055639714],[3784995.822615659795702,4638508.422181465663016],[3784975.700215510558337,4638540.810881910845637],[3784922.26231511682272,4638626.823583101853728],[3784889.97161479247734,4638647.754483447410166],[3784827.84171399474144,4638630.625383420847356],[3784779.340813371352851,4638617.254083399660885],[3784730.930612758733332,4638606.771383414044976],[3784705.62211256660521,4638645.340983950532973],[3784692.630212525837123,4638686.625784484669566],[3784611.940811504609883,4638667.407384488731623],[3784588.699011324904859,4638702.754584981128573],[3784545.518911021761596,4638778.125786012038589],[3784487.526010221336037,4638742.365785748697817],[3784480.642110124230385,4638738.120985721237957],[3784452.372209855355322,4638762.912986098788679],[3784408.577209505718201,4638822.37628694344312],[3784334.904908367432654,4638736.424486126750708],[3784315.283408063929528,4638713.539185903966427],[3784243.858207371085882,4638771.001386804506183],[3784239.80230733146891,4638774.264386852271855],[3784201.655906979925931,4638810.417587398551404],[3784147.863806440029293,4638846.211387989111245],[3784144.648306401912123,4638848.351088020019233],[3784110.720606000628322,4638849.838188138790429],[3784073.085505563765764,4638855.268888312391937],[3784025.394204986747354,4638855.71998845320195],[3784014.928904866799712,4638855.81898848619312],[3783970.825904345605522,4638858.858888659626245],[3783924.525803836993873,4638877.659189013764262],[3783878.433403360657394,4638904.604589471593499],[3783825.829102704767138,4638896.629689523950219],[3783825.361602705903351,4638896.712789532728493],[3783780.040402178652585,4638904.76578976213932],[3783771.856302102096379,4638910.525089853443205],[3783754.346901924815029,4638922.846690052188933],[3783754.342601926065981,4638922.849390051327646],[3783701.721401315182447,4638931.219990307465196],[3783648.467300740070641,4638954.412290739826858],[3783604.840700158849359,4638934.210690621286631],[3783601.427500089630485,4638924.061690511181951],[3783592.367899899370968,4638897.123590211383998],[3783562.734099643304944,4638931.760490715503693],[3783560.79269962804392,4638934.029690748080611],[3783535.46999934874475,4638943.18109093606472],[3783479.039898591581732,4638916.778590781614184],[3783460.833698512986302,4638963.608091398142278],[3783485.576898924540728,4639003.694891807623208],[3783503.523399227764457,4639032.770492102019489],[3783499.043399287387729,4639073.272592604160309],[3783459.292898871935904,4639092.508992951363325],[3783459.28759887162596,4639092.511592953465879],[3783459.283198872115463,4639092.513692948967218],[3783415.869398398324847,4639109.423193287104368],[3783374.52439791848883,4639115.109293472021818],[3783326.692497259471565,4639086.746993269771338],[3783291.889496836345643,4639086.112493361346424],[3783277.176596661098301,4639085.844293403439224],[3783252.016796265728772,4639054.41259310208261],[3783228.097295927815139,4639037.663092961534858],[3783171.385395150166005,4639005.766592748463154],[3783171.036095148418099,4639005.570292746648192],[3783176.665495379827917,4639061.584293408319354],[3783073.81419434864074,4639132.792894564568996],[3783063.045794242527336,4639140.248194682411849],[3782986.497893494553864,4639199.133195612579584],[3783008.025293842889369,4639229.034695910289884],[3782943.686493190005422,4639272.063796617090702],[3782942.737193182576448,4639273.232096634805202],[3782913.534992941655219,4639309.166697152890265],[3782935.37379329232499,4639340.362597462721169],[3782980.516294041648507,4639411.427198179997504],[3782950.456793786492199,4639448.286898714490235],[3782811.875492544379085,4639592.624900855123997],[3782757.139192016329616,4639636.635301546193659],[3782762.841192273888737,4639701.462302308529615],[3782729.354591901414096,4639713.42220254894346],[3782729.354392059147358,4639766.051303179934621],[3782602.573990738019347,4639835.422004383988678],[3782548.361290228087455,4639884.551005138084292],[3782526.030990023165941,4639904.791905445978045],[3782526.033190023619682,4639904.79400544706732],[3782550.190390399191529,4639933.444705719128251],[3782731.745293208397925,4640148.77660777233541],[3782697.733992881141603,4640178.40250822994858],[3782657.59479250619188,4640213.365908763371408],[3782655.200792609713972,4640258.813709314912558],[3782650.69399267109111,4640299.405409815721214],[3782514.665591286960989,4640383.798411234281957],[3782514.050191347952932,4640407.276611517183483],[3782513.762291376013309,4640418.262711646966636],[3782487.003191150724888,4640450.42511211335659],[3782449.009790828451514,4640496.089912771247327],[3782447.403890809975564,4640498.020112799480557],[3782454.12549097603187,4640526.040213118307292],[3782445.947990885935724,4640529.30331317987293],[3782406.912190467119217,4640544.879413480870426],[3782401.65759045118466,4640562.091613699682057],[3782394.405390433035791,4640585.846914005465806],[3782366.350190106779337,4640590.468614149838686],[3782332.179389680735767,4640585.10751418210566],[3782331.069089684635401,4640589.992014246992767],[3782323.409089694730937,4640623.689214671030641],[3782321.757989694364369,4640630.952514761127532],[3782317.740989700425416,4640648.64721498824656],[3782311.344389705453068,4640676.822015344165266],[3782311.344489700160921,4640676.825515349395573],[3782325.840389959979802,4640704.289515634067357],[3782331.555990033317357,4640706.217015641741455],[3782376.524490613024682,4640721.382015688344836],[3782380.783490764442831,4640754.466616070829332],[3782390.880290978122503,4640786.262716428376734],[3782406.751691276673228,4640823.614916827529669],[3782403.156291254330426,4640830.106816913001239],[3782387.114491146523505,4640859.071817308664322],[3782387.534191174898297,4640867.89101741835475],[3782389.085491292178631,4640900.483917803503573],[3782403.43559161759913,4640954.304318405687809],[3782418.986291876528412,4640978.224418648518622],[3782466.255892531946301,4641007.121318855322897],[3782466.875492538325489,4641007.308118857443333],[3782554.060593657661229,4641033.604618918150663],[3782554.070893660653383,4641033.607918917201459],[3782556.322493687737733,4641034.336218923330307],[3782593.607994175516069,4641046.398518954403698],[3782643.838394878897816,4641082.275719242170453],[3782643.841794884763658,4641082.278919235803187],[3782676.1373953782022,4641119.354419589973986],[3782706.038895654026419,4641090.654619155451655],[3782782.579896776471287,4641160.025219764560461],[3782803.954096979927272,4641143.873219510540366],[3782809.938897042069584,4641139.350619439966977],[3782843.163797409739345,4641128.693319216370583],[3782849.926797514781356,4641138.031519304960966],[3782881.360598023515195,4641181.435219736769795],[3782881.377798023633659,4641181.458919732831419],[3782881.394998024217784,4641181.482619741931558],[3782913.537598539609462,4641225.890320177190006],[3782913.539398540277034,4641225.89282017853111],[3782913.541198533028364,4641225.895520172081888],[3782942.287999013438821,4641270.419220622628927],[3782944.756999192293733,4641322.196021236479282],[3782881.431498529389501,4641354.236621808260679],[3782858.222198162227869,4641325.477821528911591],[3782832.490797901526093,4641341.116621794179082],[3782800.432997548021376,4641352.670722026377916],[3782763.733697172254324,4641374.279922396875918],[3782733.339996869210154,4641394.102022717706859],[3782688.682096415199339,4641423.875823210924864],[3782688.679696419741958,4641423.87772320676595],[3782660.424896155484021,4641449.103823592886329],[3782638.602796000428498,4641485.336624090559781],[3782636.141495982650667,4641489.422624146565795],[3782605.022295784205198,4641551.190324980765581],[3782591.290595708880574,4641580.625525373965502],[3782588.553995694033802,4641588.077225470915437],[3782570.099295619409531,4641638.33032612875104],[3782540.232195656280965,4641770.763527801260352],[3782538.114195666275918,4641783.107227957807481],[3782530.748895703814924,4641826.03252848982811],[3782513.085995606612414,4641865.391029017977417],[3782493.659595590084791,4641941.583829987794161],[3782491.640395901165903,4642054.822931348346174],[3782490.788996004033834,4642094.541331828571856],[3782468.423095881473273,4642142.635532472282648],[3782435.385295555461198,4642165.981532850302756],[3782391.229195090942085,4642190.096133263781667],[3782436.13719582464546,4642256.701133933849633],[3782473.447896441444755,4642315.069934524595737],[3782489.253796703647822,4642339.796834772452712],[3782491.495896740816534,4642343.304534803144634],[3782494.859396803658456,4642348.566434867680073],[3782518.382197191938758,4642385.367935230955482],[3782518.38519719010219,4642385.371835233643651],[3782587.512798264157027,4642469.638036040589213],[3782628.723698928952217,4642527.533736612647772],[3782648.572299248538911,4642555.418136890977621],[3782699.42299973545596,4642514.123636245727539],[3782707.551699817180634,4642507.522336144000292],[3782753.044400471262634,4642546.638236480765045],[3782804.790500990580767,4642511.638635910116136],[3782838.64870131900534,4642485.744535500183702],[3782848.667801415547729,4642476.645035360008478],[3782867.969001598190516,4642459.115535099990666],[3782876.343001673929393,4642451.510234978981316],[3782876.562801671214402,4642451.310534974560142],[3782876.609701675828546,4642451.267934972420335],[3782954.388002404477447,4642380.595033901743591],[3782995.223002778366208,4642343.488533338531852],[3782995.225602785125375,4642343.486233334057033],[3783056.873103375080973,4642294.706632574088871],[3783162.440404435154051,4642222.106231395155191],[3783188.282904845662415,4642259.077931766398251],[3783177.636204813607037,4642289.986532162874937],[3783174.218904801178724,4642299.907232292927802],[3783202.396105243824422,4642336.780632652342319],[3783202.559905247297138,4642336.994932654313743],[3783235.123205726966262,4642368.288732936605811],[3783247.773305915296078,4642380.44573304336518],[3783271.733206276781857,4642406.410533281043172],[3783275.017006430774927,4642446.1715337485075],[3783278.179806493688375,4642452.490733821876347],[3783290.038706700783223,4642476.184834068641067],[3783270.461506557185203,4642505.931034479290247],[3783269.763806550297886,4642506.991234498098493],[3783253.751406419556588,4642528.170234793797135],[3783271.620706708170474,4642553.501135053113103],[3783271.625806705094874,4642553.508135054260492],[3783263.144606701564044,4642585.393835455179214],[3783243.071206473745406,4642591.687235585413873],[3783227.362506298348308,4642596.612235693261027],[3783233.718206436838955,4642617.517335925251245],[3783236.70450650062412,4642627.340036037378013],[3783223.155806391499937,4642645.041136289015412],[3783213.522006313316524,4642657.62763646338135],[3783245.529406757559627,4642678.776036626659334],[3783250.322106830775738,4642684.461936678737402],[3783274.177007202059031,4642712.762336950749159],[3783295.455307526048273,4642735.808737161569297],[3783311.890607736539096,4642740.232037163339555],[3783334.393908019177616,4642746.288537174463272],[3783349.258608263917267,4642767.205737380310893],[3783360.29370843898505,4642782.734037531539798],[3783365.632508517242968,4642788.193137584254146],[3783389.112008871044964,4642812.201637804508209],[3783389.873208907432854,4642823.019237929955125],[3783392.183709035161883,4642855.85573831666261],[3783422.891809425316751,4642864.301738330163062],[3783436.26270959386602,4642867.979238334111869],[3783489.322410287801176,4642886.511138400062919],[3783524.899110691156238,4642880.373838229104877],[3783530.559510730672628,4642869.486038074828684],[3783540.204510787501931,4642850.93343782890588],[3783575.047811199910939,4642849.488737711682916],[3783606.533411650918424,4642874.059937912970781],[3783606.536111652851105,4642874.06323790922761],[3783640.271812207065523,4642924.542438415810466],[3783643.150812252424657,4642930.633738486096263],[3783665.064212651457638,4642976.999738976359367],[3783683.955013004131615,4643020.282239435240626],[3783688.255113075487316,4643025.286639483645558],[3783700.067513255402446,4643039.034039614722133],[3783710.053413408342749,4643050.655739724636078],[3783732.451013674493879,4643051.720939675346017],[3783741.525113787967712,4643052.152439648285508],[3783760.768514041788876,4643060.35053969360888],[3783778.215314273256809,4643067.783139732666314],[3783796.924514423124492,4643041.603339361958206],[3783797.231314422562718,4643039.881739343516529],[3783802.227314399555326,4643011.849738991819322],[3783818.197114581242204,4643010.012138924561441],[3783844.200614883098751,4643007.019838813692331],[3783852.732314942404628,4642991.956738606095314],[3783859.860814990475774,4642979.371038435027003],[3783873.776615152601153,4642975.812138348817825],[3783892.057615353260189,4642971.136738240718842],[3783894.785615383647382,4642970.439038229174912],[3783931.814915837254375,4642972.063638139516115],[3783941.724316053558141,4643007.904238540679216],[3783942.372016071807593,4643010.246838560327888],[3783959.184416356496513,4643039.52513886988163],[3783967.795016537886113,4643065.505239147692919],[3783970.765916598495096,4643074.469139251857996],[3784002.550817085430026,4643110.517139591276646],[3784005.7988171284087,4643113.023439609445632],[3784030.936617486178875,4643132.420239771716297],[3784030.93111749086529,4643132.773439770564437],[3784030.317117598839104,4643172.556140257976949],[3784030.138517624698579,4643184.130640390329063],[3784013.191617521923035,4643216.834640830755234],[3784009.044717482756823,4643219.779940879903734],[3783988.493017275817692,4643234.376841112039983],[3783991.226817443966866,4643280.543141663074493],[3783991.29581744549796,4643281.708141670562327],[3783985.851217537652701,4643335.815142339095473],[3783942.844317018054426,4643333.272442435845733],[3783938.507716967258602,4643333.016042440198362],[3783916.634116766043007,4643356.312342784367502],[3783906.561016766354442,4643395.223943275399506],[3783888.318916644435376,4643428.656243734993041],[3783863.948016505222768,4643483.0085444515571],[3783846.615216309204698,4643487.094144552014768],[3783821.130116027779877,4643493.101444698870182],[3783812.916916038375348,4643531.544445182196796],[3783799.931815995369107,4643570.530545687302947],[3783787.596915952395648,4643606.236846151761711],[3783764.918815751094371,4643629.1119464924559],[3783764.096215743105859,4643629.551146492362022],[3783733.880815424956381,4643645.685246779583395],[3783737.566915550734848,4643674.243947106413543],[3783722.935215499717742,4643717.446947669610381],[3783722.63901549950242,4643718.40964768268168],[3783710.233115467242897,4643758.734148202463984],[3783731.364415774587542,4643776.572648355737329],[3783738.272615876514465,4643782.404448403045535],[3783739.899215996265411,4643817.793848820030689],[3783739.903515995014459,4643817.886748820543289],[3783746.308016153052449,4643845.65284913405776],[3783750.970116240903735,4643855.884649241343141],[3783761.673716433346272,4643879.375949495472014],[3783777.149916627909988,4643880.314749458804727],[3783804.190716954879463,4643881.955149404704571],[3783802.61901703896001,4643917.06794982496649],[3783801.818717129528522,4643952.118750245310366],[3783835.209217620547861,4643983.426050525158644],[3783873.269018045626581,4643973.097150287590921],[3783869.933117900043726,4643937.233249869197607],[3783874.664017850998789,4643902.045949437655509],[3783910.804918188601732,4643869.112348937429488],[3783941.97291856398806,4643868.318748832680285],[3783975.903118934947997,4643857.450448608957231],[3783976.212218939326704,4643857.332848603837192],[3784010.210519310086966,4643844.391648350283504],[3784053.263219875749201,4643862.518748446367681],[3784053.282919874880463,4643862.527248440310359],[3784096.24632042599842,4643875.922048480249941],[3784126.271620824933052,4643888.287248539738357],[3784162.597221290692687,4643899.892348573543131],[3784190.852421596646309,4643889.041948358528316],[3784218.051321859005839,4643865.016447994858027],[3784253.627522294875234,4643870.786747959442437],[3784258.066822375170887,4643880.164248055778444],[3784268.453622569330037,4643902.104948294349015],[3784269.780222586356103,4643904.865948321297765],[3784284.200222847983241,4643934.87704863678664],[3784260.594322650693357,4643963.212149044498801],[3784260.228322642855346,4643963.651549050584435],[3784228.260422360617667,4643997.940949554555118],[3784214.190922348294407,4644051.396150235086679],[3784237.429322693962604,4644073.321250430308282],[3784266.804223005194217,4644060.163750186562538],[3784269.117522951681167,4644032.734849857166409],[3784270.045322930440307,4644021.734449720941484],[3784299.757123294752091,4644024.319949659518898],[3784333.516323767136782,4644047.963749845512211],[3784344.021923899650574,4644050.776149849407375],[3784366.492624188773334,4644056.791749856434762],[3784395.402124608401209,4644081.454550068825483],[3784400.530824748799205,4644109.887350395321846],[3784400.722724753897637,4644110.951050405390561],[3784431.042925213929266,4644143.445150706917048],[3784431.220025211572647,4644143.634950713254511],[3784475.128925800323486,4644165.39965083822608],[3784476.600425821263343,4644165.821550844237208],[3784507.068426213227212,4644174.558750855736434],[3784536.946526511572301,4644154.01285052113235],[3784574.736926922574639,4644140.585650259628892],[3784607.796627352945507,4644153.581750310026109],[3784623.333427622448653,4644180.715850597247481],[3784642.08652793802321,4644212.271550921723247],[3784663.112528208643198,4644221.275150968693197],[3784685.021128500346094,4644230.65675101429224],[3784681.493028566241264,4644267.401451465673745],[3784679.787428548559546,4644268.922651485539973],[3784651.605628284625709,4644294.058251867070794],[3784670.217828599270433,4644326.269652200862765],[3784654.989528510253876,4644357.316452615894377],[3784652.272128493990749,4644362.856552692130208],[3784654.664028619881719,4644397.843253099359572],[3784655.246728657279164,4644406.366853201761842],[3784636.663528539706022,4644442.325953684747219],[3784615.129928377922624,4644476.30785415135324],[3784621.213628514669836,4644497.923954389989376],[3784624.80842859018594,4644510.696354540064931],[3784611.1788285151124,4644539.71175492554903],[3784582.777028205804527,4644549.813955122604966],[3784544.734627742320299,4644547.634755212813616],[3784538.829927670303732,4644545.779655205085874],[3784505.876027244608849,4644535.426055178046227],[3784488.153727156575769,4644578.170755740255117],[3784517.013027656357735,4644630.628856283612549],[3784566.131228314712644,4644656.437356448732316],[3784586.659228494856507,4644635.033656134270132],[3784613.691228767856956,4644616.08605582639575],[3784613.694928763899952,4644616.083455832675099],[3784613.772328764200211,4644616.083955824375153],[3784651.686829222831875,4644616.333455722779036],[3784652.949429235886782,4644616.341755718924105],[3784691.061629689764231,4644615.939355600625277],[3784694.269429728388786,4644615.905455595813692],[3784733.829330249689519,4644632.194555674679577],[3784757.270530640147626,4644669.387656047940254],[3784788.823431144002825,4644715.218456506729126],[3784791.691531186457723,4644717.144556521438062],[3784818.361531559377909,4644735.055056655779481],[3784841.795631897635758,4644757.448356858454645],[3784853.566732052713633,4644759.713056851178408],[3784894.88703256752342,4644767.662856823764741],[3784899.219132623169571,4644770.229756844229996],[3784938.601333163678646,4644793.564957009628415],[3784975.802133577410132,4644782.437656765803695],[3784975.805133576970547,4644782.433856766670942],[3784979.564633605070412,4644777.718756703659892],[3784996.412433746736497,4644756.588456402532756],[3785001.42793381260708,4644758.260356408543885],[3785040.583234318066388,4644771.312756447121501],[3785092.468334990553558,4644789.755156512372196],[3785124.012135406024754,4644801.761956572532654],[3785131.540035497862846,4644804.012356572784483],[3785172.544236027169973,4644816.270456603728235],[3785210.145536579191685,4644851.51315691228956],[3785255.396237215958536,4644885.591657191514969],[3785291.872137714643031,4644906.798757336102426],[3785336.831838327459991,4644934.086657535284758],[3785373.872038782108575,4644937.323057469911873],[3785406.835239163134247,4644931.919857306405902],[3785411.79293921822682,4644931.107157282531261],[3785456.619439772330225,4644937.66275723092258],[3785463.226239851210266,4644938.628957225941122],[3785467.430039906408638,4644940.370257231406868],[3785500.26834034267813,4644953.972757303155959],[3785523.556140671949834,4644971.873957448638976],[3785523.561040672939271,4644971.877557445317507],[3785543.158640996087343,4645003.423557765781879],[3785543.159840993583202,4645003.426557765342295],[3785556.279141267761588,4645043.793858217075467],[3785572.95614157197997,4645079.692258594557643],[3785573.352241578511894,4645080.544958604499698],[3785583.024341847281903,4645133.57795921061188],[3785555.779541647993028,4645178.01495982054621],[3785531.05444145668298,4645214.850260325707495],[3785518.021041397470981,4645248.296360762789845],[3785513.466841384768486,4645259.983360922895372],[3785482.116341019514948,4645264.20096106082201],[3785481.963241017889231,4645264.164161060005426],[3785443.625740536022931,4645254.936361059546471],[3785396.327940087765455,4645297.09686170052737],[3785396.325940090697259,4645297.099761702120304],[3785369.413439887110144,4645338.417562275193632],[3785340.421939673367888,4645383.390262894332409],[3785334.475039628334343,4645392.983263024128973],[3785315.087539482861757,4645424.25746345333755],[3785305.236539426725358,4645443.955263716168702],[3785302.087439408991486,4645450.252063803374767],[3785297.75723938504234,4645460.414663936011493],[3785280.268639293499291,4645501.458464479073882],[3785273.833239352330565,4645548.529365058988333],[3785273.825639354065061,4645549.957565074786544],[3785273.58403948135674,4645595.109465616755188],[3785262.108239441178739,4645628.620166047476232],[3785230.568339113611728,4645644.272766324691474],[3785211.094138948246837,4645668.732866674661636],[3785214.958439076784998,4645695.358466979116201],[3785216.182939116377383,4645703.79546707123518],[3785199.283038999419659,4645734.580667495727539],[3785196.10093906801194,4645770.724167932756245],[3785195.951439073309302,4645772.422767953947186],[3785172.797838876023889,4645802.192168379202485],[3785152.610538715030998,4645828.93876875564456],[3785152.608238713815808,4645828.942068757489324],[3785142.017738691996783,4645864.262769204564393],[3785141.571038774680346,4645894.333469566889107],[3785141.539538776502013,4645896.453069590032101],[3785144.027938907500356,4645929.853469990193844],[3785154.820339124184102,4645961.825370334088802],[3785153.875339177902788,4645984.523570608347654],[3785153.095139225479215,4646003.259570831432939],[3785173.976039579603821,4646038.593671196140349],[3785174.554739589802921,4646040.02737121284008],[3785187.929039841052145,4646073.159871564246714],[3785186.823839854449034,4646082.471271679736674],[3785182.830339909065515,4646116.116772095672786],[3785183.431039937771857,4646123.745272181928158],[3785186.734640096314251,4646165.696772670373321],[3785155.129539771471173,4646183.035972971469164],[3785141.472539631649852,4646190.52787309885025],[3785141.380539711099118,4646218.226173433475196],[3785142.35083972569555,4646220.721073457971215],[3785154.928439972456545,4646253.060873807407916],[3785165.318440173286945,4646279.781774102710187],[3785174.74334027711302,4646278.243574052117765],[3785205.392840633168817,4646273.241473903879523],[3785207.610140766948462,4646311.326874352060258],[3785190.971240647137165,4646337.29027470946312],[3785201.12524085957557,4646368.811575056985021],[3785203.452040889766067,4646371.148875076323748],[3785233.567541338969022,4646401.400675348937511],[3785223.842141317203641,4646434.294675773009658],[3785223.574541317299008,4646435.199875785037875],[3785208.120341218076646,4646464.718276181258261],[3785199.34704121761024,4646500.148176628164947],[3785161.19894083449617,4646526.388477055355906],[3785147.817840762902051,4646556.684177451767027],[3785148.09604078438133,4646562.741977517493069],[3785149.83984091412276,4646600.707777973264456],[3785119.678940603975207,4646616.546278244815767],[3785116.898040569853038,4646616.692978257313371],[3785079.734040127601475,4646618.653778390958905],[3785079.191840260289609,4646666.300278960727155],[3785079.191540262196213,4646666.324578959494829],[3785075.871540314517915,4646698.014679341576993],[3785047.373239994980395,4646705.538979521952569],[3785035.730639865621924,4646708.612979589030147],[3785029.563539806753397,4646712.997179661877453],[3785009.56293960660696,4646727.215379887260497],[3784984.439639363437891,4646746.835680190473795],[3784955.318539111409336,4646780.091780675575137],[3784913.390238721854985,4646816.016781226731837],[3784913.354838717728853,4646816.047181223519146],[3784913.314638715237379,4646816.081581223756075],[3784903.100638625212014,4646824.820381357334554],[3784871.048238322138786,4646852.243381780572236],[3784842.166138042230159,4646874.920882131904364],[3784833.147037951741368,4646882.002382243983448],[3784807.32433769479394,4646899.953282529488206],[3784797.466537597123533,4646906.806082643568516],[3784763.827337299473584,4646942.824283167719841],[3784757.963237315881997,4646970.782183522358537],[3784697.477236707694829,4647010.1855841698125],[3784658.807936332188547,4647038.986584621481597],[3784651.619236257392913,4647044.340584702789783],[3784591.006435669027269,4647088.896585408598185],[3784565.776135299354792,4647065.686385203152895],[3784527.425934768281877,4647041.971385033801198],[3784478.484734181314707,4647038.94668514188379],[3784478.48103417782113,4647038.947185145691037],[3784432.564533660653979,4647047.525985379703343],[3784408.550933412276208,4647063.166185631416738],[3784408.459033413324505,4647063.226085633970797],[3784372.075133013073355,4647075.220485884696245],[3784370.243232999462634,4647075.791985893622041],[3784326.599532515276223,4647089.406286185607314],[3784222.149631524458528,4647177.205387535504997],[3784191.873331235256046,4647201.428087910637259],[3784131.322930650785565,4647249.868888664990664],[3784026.531529624015093,4647323.838089849799871],[3784000.693129376973957,4647346.897290201857686],[3783983.032629214692861,4647362.658290441147983],[3783998.112029538024217,4647410.831490971148014],[3784034.248230073135346,4647448.414191317744553],[3784073.802730662748218,4647489.551991689018905],[3784141.722531690727919,4647562.762492361478508],[3784150.60943182837218,4647573.410492468625307],[3784191.3734324532561,4647622.253092925995588],[3784241.325633211992681,4647679.77709346730262],[3784268.418033631518483,4647713.459093788638711],[3784297.335734080523252,4647749.413794134743512],[3784397.747035657521337,4647879.094695387408137],[3784438.085036267526448,4647924.107495805248618],[3784438.425036269240081,4647924.48679580911994],[3784446.259436393622309,4647933.230095895938575],[3784511.581137406174093,4648014.472196667455137],[3784574.774638368748128,4648087.800297359004617],[3784690.917040123138577,4648214.641098530963063],[3784760.551741163711995,4648287.807299200445414],[3784800.917641808278859,4648346.087699780240655],[3784837.226042258087546,4648350.20059972256422],[3784846.260542363859713,4648351.223999706096947],[3784871.561142734717578,4648375.604899920523167],[3784871.563042737077922,4648375.607799922116101],[3784922.524743563495576,4648451.293000680394471],[3784969.704544244799763,4648493.930901048704982],[3785010.665044663473964,4648469.509700635448098],[3785044.635245014447719,4648450.288200312294066],[3785081.475445380434394,4648425.557699914090335],[3785111.245545658748597,4648400.327499525621533],[3785152.119746037758887,4648362.364398955367506],[3785184.58044646307826,4648376.790699034929276],[3785185.433346697129309,4648452.137299922294915],[3785176.83704675314948,4648508.817600626498461],[3785177.631046860478818,4648543.044701030477881],[3785182.394046970643103,4648559.857201217673719],[3785189.276147124357522,4648584.1497014882043],[3785179.79544719029218,4648646.717602258548141],[3785180.583847203757614,4648647.541502261534333],[3785208.844347624573857,4648677.077602535486221],[3785221.192947775125504,4648678.256602512672544],[3785253.104548164643347,4648681.303302460350096],[3785280.467348530422896,4648696.69690256472677],[3785285.39094860246405,4648700.642902597784996],[3785307.512148919980973,4648718.371902739629149],[3785344.974249387625605,4648726.145402725785971],[3785380.189849830698222,4648734.87140272744],[3785410.278450245503336,4648753.963502868078649],[3785421.959550532512367,4648806.278603455983102],[3785422.033250537700951,4648806.609903460368514],[3785433.270450765732676,4648839.646203825250268],[3785441.923150953371078,4648869.06320414505899],[3785462.745151300448924,4648904.51640450488776],[3785501.348751795478165,4648916.087204533629119],[3785512.968351941555738,4648919.569904539734125],[3785558.309752568602562,4648950.835204786621034],[3785580.163152916822582,4648978.999005055986345],[3785546.497952572070062,4648999.198105393908918],[3785546.127252566628158,4648999.42050539329648],[3785545.756452566944063,4648999.642905397340655],[3785484.131351939402521,4649036.61250601708889],[3785456.268551641143858,4649048.76210624165833],[3785453.251451610121876,4649050.077706266194582],[3785415.491951213218272,4649069.801706606522202],[3785378.63435088749975,4649107.097207161597908],[3785419.818551544565707,4649166.556507748551667],[3785482.621952463407069,4649225.33390826638788],[3785538.122753359843045,4649307.584809086285532],[3785627.440154740586877,4649417.580810132436454],[3785627.442154744174331,4649417.583210131153464],[3785627.444254743400961,4649417.585610129870474],[3785680.323555533774197,4649474.554910663515329],[3785707.480056005530059,4649524.520211175084114],[3785622.104555055964738,4649547.685211694799364],[3785611.964754935353994,4649548.840611741878092],[3785549.994854221120477,4649555.901012001559138],[3785540.965954122599214,4649557.994912050664425],[3785492.833053583744913,4649569.157412325032055],[3785445.363253040704876,4649577.559012562036514],[3785400.732252535410225,4649585.457812785170972],[3785359.533452075906098,4649597.554013048298657],[3785312.481451555155218,4649611.368613347411156],[3785247.076550834812224,4649630.80771376658231],[3785205.990650380030274,4649643.019014035351574],[3785117.739849410951138,4649669.879714608192444],[3785087.188549063634127,4649674.317614746280015],[3785058.258848729543388,4649678.519414879381657],[3785015.519348248839378,4649688.311915121972561],[3785013.864348229486495,4649688.691015128977597],[3784940.259047486819327,4649732.240815859287977],[3784908.191347116604447,4649738.092516023665667],[3784849.12754650041461,4649767.731516549363732],[3784823.853346215561032,4649773.081316681578755],[3784811.545246076770127,4649775.686616749502718],[3784765.838645530398935,4649773.082816852256656],[3784725.376245027873665,4649766.772016893140972],[3784686.035844530910254,4649755.261916872113943],[3784636.155443980358541,4649770.612717198207974],[3784598.341043590568006,4649791.76441756170243],[3784573.102243336383253,4649806.503717806190252],[3784566.649343271739781,4649810.734917879104614],[3784521.035042819101363,4649840.643818366341293],[3784433.733941906131804,4649883.813819129019976],[3784386.733041422907263,4649909.714819577522576],[3784333.600440850947052,4649931.048919985070825],[3784331.090440995059907,4649990.297420697286725],[3784291.430340580642223,4650011.420221061445773],[3784317.961641039233655,4650060.830321568995714],[3784320.48054107837379,4650063.742521597072482],[3784347.402941492851824,4650094.865921888500452],[3784347.419341487344354,4650094.860521891154349],[3784376.396741811186075,4650085.799921696074307],[3784397.823142206761986,4650135.108122223056853],[3784427.165542654227465,4650169.144822543486953],[3784427.306642652954906,4650169.553722543641925],[3784458.389743289910257,4650259.828523525968194],[3784455.079943400807679,4650311.005924141034484],[3784455.017243399750441,4650311.973824157379568],[3784455.361943406052887,4650312.570524165406823],[3784494.176344064995646,4650379.78772484511137],[3784508.539744351990521,4650420.604225292801857],[3784508.604744350537658,4650420.788925290107727],[3784522.956844662781805,4650469.960025830194354],[3784569.964145417325199,4650536.155026487074792],[3784569.965745414607227,4650536.157426482997835],[3784569.967245417647064,4650536.159926481544971],[3784609.975646123290062,4650615.245027311146259],[3784610.684946131892502,4650616.647127318195999],[3784641.913846735376865,4650696.361828174442053],[3784696.59694768441841,4650799.967929244041443],[3784696.598847686778754,4650799.971729251556098],[3784716.249648046214134,4650844.587129721418023],[3784716.750448054634035,4650845.724129733629525],[3784717.084248063154519,4650846.482029741629958],[3784732.090348338708282,4650880.552430097945035],[3784741.680248563177884,4650917.962930518202484],[3784728.250448683276772,4651015.813931716606021],[3784739.572348992340267,4651074.932232387363911],[3784769.457349481992424,4651122.335432861000299],[3784801.323750011157244,4651173.263533378019929],[3784844.757450724951923,4651243.26523407921195],[3784846.142150747589767,4651245.274334102869034],[3784892.29935149056837,4651312.24723475985229],[3784902.365551707800478,4651345.255335121415555],[3784922.038752043154091,4651381.318535499274731],[3784974.803652825765312,4651435.998135990463197],[3784994.125753156840801,4651468.964036324061453],[3785000.770253262948245,4651480.300836436450481],[3785013.106253538280725,4651523.695936920121312],[3785023.249253768473864,4651562.150737340562046],[3785017.974353919737041,4651637.458738254383206],[3785024.085954119917005,4651680.254238745197654],[3785025.765654176473618,4651692.016338877379894],[3785014.135454221628606,4651757.370839685201645],[3784993.025654194876552,4651833.161040641367435],[3784978.397254141047597,4651873.979341171681881],[3784976.60105413524434,4651878.990541241131723],[3784983.490254308562726,4651912.671641615219414],[3784999.610754703171551,4651980.703042378649116],[3785000.435454726684839,4651986.265042438171804],[3785006.466254916042089,4652026.942842900753021],[3784977.320254616905004,4652042.351243169978261],[3784975.865854599047452,4652043.120143184438348],[3784969.296154528856277,4652046.593443249352276],[3784964.228554479312152,4652049.272643291391432],[3784963.18145455326885,4652078.953343642875552],[3784963.196954554412514,4652078.995843641459942],[3784966.595754622481763,4652088.341043747961521],[3784977.32425483642146,4652117.839444069191813],[3784977.326154831331223,4652117.84404406696558],[3784994.798055127263069,4652148.058544375002384],[3784995.297855131328106,4652148.922844383865595],[3784996.814155157655478,4652151.545044413767755],[3785052.147355820983648,4652154.293844282627106],[3785077.567456200253218,4652179.714044505730271],[3785113.125656749121845,4652223.377944927662611],[3785159.598657462280244,4652280.444645468145609],[3785219.070758397690952,4652361.025346246547997],[3785277.110459146089852,4652381.654846323654056],[3785359.131160398945212,4652478.546147236600518],[3785385.727160805370659,4652509.923647525720298],[3785390.290760878939182,4652515.307747581042349],[3785394.854360945057124,4652520.691847633570433],[3785414.678561251144856,4652544.08004785515368],[3785449.792061786167324,4652585.507348240353167],[3785508.313262675888836,4652653.137248875573277],[3785539.401563168969005,4652697.417049304582179],[3785493.73366270866245,4652726.178149783983827],[3785441.762962216511369,4652767.558450422249734],[3785404.432661850936711,4652795.130650859326124],[3785378.450561591424048,4652810.059251107275486],[3785351.610261374618858,4652845.537151602096856],[3785347.238161348272115,4652855.394751738756895],[3785332.262261266354471,4652889.159852181561291],[3785320.033761241007596,4652927.990752671845257],[3785319.715361338108778,4652963.978253101930022],[3785335.043661636766046,4653004.894353536888957],[3785368.093062102328986,4653029.941553739830852],[3785399.628462492953986,4653037.506353735923767],[3785429.503462824504822,4653029.786053559742868],[3785464.160363235510886,4653028.761853448115289],[3785468.232763418462127,4653076.769854004494846],[3785470.366063543129712,4653108.681354374624789],[3785500.29496396984905,4653135.401754609309137],[3785522.266764246858656,4653141.339054617099464],[3785529.950964347925037,4653143.41555461846292],[3785575.530864907428622,4653151.540154580026865],[3785575.533964907284826,4653151.540654582902789],[3785622.454565504565835,4653166.679554620757699],[3785656.119565970730036,4653187.908454779535532],[3785679.736566388048232,4653236.300555284135044],[3785701.903466750402004,4653270.282255622558296],[3785741.817367230542004,4653274.850555559620261],[3785756.805967414751649,4653276.566055534407496],[3785785.277967737521976,4653270.92925538867712],[3785794.57876783888787,4653269.087855344638228],[3785827.408368261530995,4653281.702355392277241],[3785886.695069044828415,4653308.658255538903177],[3785915.346169361378998,4653300.027955358847976],[3785919.31016936339438,4653283.84935515280813],[3785924.955869363155216,4653260.806754865683615],[3785960.729369776323438,4653258.491554735228419],[3785997.747170370072126,4653311.751455262303352],[3786002.96437045186758,4653319.640955340117216],[3786038.760571031365544,4653373.772555871866643],[3786056.280971428379416,4653438.772956590168178],[3786068.480371753685176,4653501.761357309296727],[3786070.920971819199622,4653514.36265744548291],[3786106.871972365770489,4653557.004057844169438],[3786244.453574335668236,4653674.694658842869103],[3786344.444875786080956,4653767.41535965166986],[3786386.415476466529071,4653833.005760306492448],[3786441.076177360489964,4653918.786461162380874],[3786519.957078483421355,4653983.866761708632112],[3786563.314279007259756,4653988.95146164111793],[3786596.357979411259294,4653992.82666158862412],[3786680.346480584237725,4654055.594762095250189],[3786715.139481067657471,4654081.597162302583456],[3786760.022881681565195,4654110.230962510220706],[3786847.861082961317152,4654193.20786323864013],[3786931.70198412053287,4654252.998163710348308],[3786877.651683655101806,4654311.328664551489055],[3786843.381783334538341,4654341.610165007412434],[3786716.370682154782116,4654453.84076669998467],[3786588.929981013759971,4654581.772568579763174],[3786463.758879837114364,4654686.263770174235106],[3786522.129580626729876,4654720.663870410062373],[3786570.812781383283436,4654782.811971007846296],[3786570.821581383235753,4654782.823271004483104],[3786599.290781920775771,4654852.984971755184233],[3786679.191783166956156,4654957.725672760978341],[3786769.082884330768138,4654994.295872933231294],[3786966.3349868808873,4655071.605973279103637],[3787159.427189399022609,4655153.066073693335056],[3787265.011090830434114,4655218.279774158261716],[3787271.192390928510576,4655227.40417424403131],[3787311.262991574592888,4655286.553674834780395],[3787204.614590801298618,4655456.561377141624689],[3787201.52999077597633,4655460.804677199572325],[3787163.588190478738397,4655512.999277930706739],[3787095.337990027386695,4655637.690979598090053],[3787068.698089976329356,4655729.121980749070644],[3787093.945190415252,4655777.353981249034405],[3787100.466890530660748,4655789.813081375323236],[3787168.579491511918604,4655852.152681916952133],[3787220.180092313326895,4655920.313282573595643],[3787339.201593984849751,4656013.983783333562315],[3787480.693295878823847,4656092.094083853065968],[3787652.145098172128201,4656185.154384459368885],[3787744.572899393271655,4656231.021084735170007],[3787888.527701287530363,4656301.494785155169666],[3788044.832203432451934,4656404.849685925990343],[3788091.610003915149719,4656382.924885532818735],[3788144.870504521299154,4656372.954585269093513],[3788259.35450591146946,4656388.063085118308663],[3788283.001906293909997,4656424.544885485433042],[3788312.962707054801285,4656567.505887082777917],[3788356.233407721389085,4656622.356487607583404],[3788442.952209044247866,4656727.460188595578074],[3788446.45000908151269,4656726.17328857537359],[3788502.70500968862325,4656705.4767881706357],[3788614.216010866686702,4656657.265787282027304],[3788669.798711550422013,4656667.547687249258161],[3788669.808611546177417,4656667.549587246961892],[3788673.180911586619914,4656668.17338724527508],[3788781.487813069485128,4656739.556187776848674],[3788858.048614039085805,4656762.826287834905088],[3788947.929315093904734,4656761.16588756069541],[3789027.820316122844815,4656791.085787687450647],[3789017.830416174605489,4656850.926488418132067],[3789050.291617286391556,4657107.758891346864402],[3789110.212918712291867,4657360.430994159542024],[3789160.139419641811401,4657480.623195436783135],[3789193.621520250104368,4657557.740996245294809],[3789196.51972030242905,4657562.393396297469735],[3789282.475721707567573,4657700.373797670006752],[3789342.63852259144187,4657762.571698235347867],[3789377.34692309750244,4657798.454298555850983],[3789253.012521830387414,4657867.10179971717298],[3789209.942821388598531,4657890.882000121288002],[3789209.91902138851583,4657890.895100118592381],[3789209.914721389766783,4657890.897500122897327],[3789209.901721393223852,4657890.904700124636292],[3789172.625221010297537,4657911.486100474372506],[3789143.999220712576061,4657925.909900724887848],[3788987.873819099273533,4658004.577602088451385],[3788899.213918218389153,4658062.535403020679951],[3788897.773618209175766,4658063.476903041824698],[3788800.632417202461511,4658111.529203885234892],[3788835.545117779634893,4658170.656604478135705],[3788905.589118932839483,4658286.498705643229187],[3788912.918519046157598,4658297.174705751240253],[3788995.375220361631364,4658417.281606927514076],[3788911.47161955665797,4658480.955507916398346],[3788908.047819526866078,4658484.31850796379149],[3788905.892419505864382,4658486.435607991181314],[3788838.874218902550638,4658552.263408960774541],[3788658.453017231076956,4658710.655511337332428],[3788596.402616736944765,4658792.136412476189435],[3788507.342015938367695,4658881.087513773702085],[3788390.13121487153694,4658990.129115389660001],[3788267.170513781253248,4659114.080717196688056],[3788243.030413710977882,4659189.831618161872029],[3788201.090413480997086,4659281.072519348934293],[3788148.229912993963808,4659328.133020055480301],[3788094.219512416981161,4659347.643420438282192],[3787975.858511119149625,4659380.92422116920352],[3787934.803710760548711,4659425.344721807166934],[3787941.036611003335565,4659484.310422483831644],[3787959.636211492586881,4659578.369223533198237],[3787964.939211644232273,4659611.046323904767632],[3787974.358311904128641,4659662.99092448875308],[3787991.369912374764681,4659756.807625540532172],[3788046.686813770793378,4660018.071928449906409],[3788046.894113776739687,4660019.051028464920819],[3788111.462214781437069,4660106.080729297362268],[3788144.316115311346948,4660156.635529799386859],[3788265.274317264091223,4660342.832031638361514],[3788266.244717278517783,4660344.392231651581824],[3788384.956219219602644,4660535.124033553525805],[3788468.022020731121302,4660724.863735545426607],[3788468.332220743410289,4660725.57233555521816],[3788425.575920353643596,4660765.725336145609617],[3788412.682520291768014,4660796.668836545199156],[3788410.430520276539028,4660802.073536619544029],[3788411.493720297235996,4660803.340436629951],[3788475.168221256695688,4660879.216937336139381],[3788496.771821570117027,4660899.345937512814999],[3788698.050824465230107,4661086.888339141383767],[3788949.396328037139028,4661306.251240993849933],[3788949.770128045696765,4661306.577440997585654],[3788950.330828052014112,4661307.066841005347669],[3789018.564929021056741,4661366.619841505773365],[3789054.645629765931517,4661478.940942724235356],[3789091.8862304831855,4661578.37164377886802],[3789118.755930932238698,4661625.881944260559976],[3789177.347531914245337,4661729.483045309782028],[3789223.038332681171596,4661812.203546152450144],[3789317.709734255447984,4661974.80474778264761],[3789351.790234812535346,4662030.295348342508078],[3789402.040835538879037,4662078.255648757331073],[3789509.609337128233165,4662194.840649818070233],[3789511.140737153589725,4662196.443649834021926],[3789648.804039175156504,4662340.537151131778955],[3789795.396041332278401,4662495.988252538256347],[3789857.911842300090939,4662579.243553332984447],[3789865.704542420804501,4662589.621453432366252],[3789903.719043295364827,4662741.486055103130639],[3789909.718043442815542,4662769.570555415004492],[3789970.27874428126961,4662815.360955785028636],[3790014.419344985857606,4662880.931356424465775],[3789966.879144600126892,4662941.982157274149358],[3790136.671247106976807,4663126.253458946943283],[3790254.962848845403641,4663250.05416006129235],[3790335.062550008296967,4663331.297260785475373],[3790335.299650017172098,4663331.537660787813365],[3790335.655250021722168,4663331.898360791616142],[3790399.854750951286405,4663397.015161372721195],[3790448.525351710617542,4663462.585562005639076],[3790365.225751109421253,4663593.878563774749637],[3790357.920351048931479,4663605.392963929101825],[3790387.809751475229859,4663630.420764136128128],[3790566.817453944589943,4663765.008065203204751],[3790601.987754435744137,4663793.499265432357788],[3790638.698354952968657,4663823.238365684635937],[3790691.898955683689564,4663862.233665989711881],[3790709.299255998805165,4663900.428866386413574],[3790686.239255884196609,4663956.639567107893527],[3790686.239355985075235,4663991.680067518725991],[3790626.122155356220901,4664018.312068002298474],[3790545.87815451528877,4664053.861068642698228],[3790694.073456545826048,4664157.548369438387454],[3790746.230657251086086,4664194.04156971629709],[3790829.431458408944309,4664259.051970242522657],[3790838.481858716811985,4664329.142671039327979],[3790828.788658740464598,4664377.884071635082364],[3790809.052158877253532,4664508.894373216666281],[3790788.112258819397539,4664576.165074064396322],[3790784.712358900811523,4664617.995574562810361],[3790841.313259991351515,4664769.486876171082258],[3790878.867860639467835,4664843.91597693413496],[3790913.754461237695068,4664913.058077647350729],[3790950.545161929912865,4665005.198978614062071],[3790986.03596278745681,4665162.210180354304612],[3791020.726263121701777,4665138.599679977633059],[3791184.857564804144204,4665054.93857853859663],[3791300.318465973250568,4664990.50747745949775],[3791423.699467226862907,4664924.936576347798109],[3791519.350268346723169,4664924.376276071183383],[3791651.791569862049073,4664914.205575581640005],[3791729.8923707799986,4664916.46547538600862],[3791861.193272117525339,4664847.494274213910103],[3791959.939473101869226,4664786.208873217925429],[3791966.43487316230312,4664782.014373158104718],[3792103.995174519717693,4664693.182171730324626],[3792214.925875522661954,4664586.910870177671313],[3792311.13657639361918,4664497.599468862637877],[3792379.616976990830153,4664423.558567809872329],[3792461.117577776778489,4664365.89786690287292],[3792558.038178747519851,4664306.476865938864648],[3792618.459079614840448,4664365.897266466170549],[3792724.859780556987971,4664257.365964899770916],[3792802.516881247516721,4664179.807463778182864],[3792810.664581324905157,4664171.670063661411405],[3792858.674681745003909,4664121.391862936317921],[3792903.843482135795057,4664073.642062252387404],[3792904.327282141428441,4664073.130562250502408],[3792904.617382145021111,4664072.823962242342532],[3792906.733482161536813,4664070.586862211115658],[3793027.651883559301496,4664065.753061817027628],[3793233.663885959424078,4664062.3523611985147],[3793385.345487759914249,4664070.272060869261622],[3793483.773088912945241,4664072.86126062925905],[3793491.080389002338052,4664073.750860620290041],[3793522.876789381261915,4664077.621660576201975],[3793548.096989724785089,4664094.371660698205233],[3793587.397690352518111,4664154.502161293290555],[3793632.678391102701426,4664234.762762108817697],[3793735.679192123934627,4664169.19186105299741],[3793962.072095405776054,4664396.433263076469302],[3794061.805996868293732,4664505.19496407546103],[3794122.244197761639953,4664571.104464678093791],[3794118.844497960060835,4664657.025465687736869],[3794086.024497896898538,4664772.336467126384377],[3794049.906497845891863,4664906.309768791310489],[3794048.308097843080759,4664910.83276884816587],[3794010.75449769385159,4665017.099070193246007],[3794041.72599819349125,4665066.252670680172741],[3794093.385699023492634,4665148.240271497517824],[3794149.416499923914671,4665236.990772375836968],[3794204.687100751791149,4665303.491172998212278],[3794259.218001559842378,4665364.741673563607037],[3794321.478702426888049,4665414.481973975896835],[3794357.699202903080732,4665433.702074094675481],[3794355.429202969651669,4665468.752374505624175],[3794332.229102797806263,4665503.242674980312586],[3794297.139002537820488,4665556.373475692234933],[3794294.869002633728087,4665601.593976230360568],[3794310.719402956776321,4665651.334276763722301],[3794282.419302772264928,4665703.395277453586459],[3794318.63980331690982,4665747.435277863405645],[3794348.070203749928623,4665780.215478163212538],[3794344.110303806141019,4665816.965678604319692],[3794353.160504047758877,4665865.576179150491953],[3794358.820804360322654,4665953.757080157287419],[3794385.991204774938524,4665988.797480488196015],[3794433.531705326400697,4665987.667080347426236],[3794493.858705955091864,4665961.108979865908623],[3794502.864806048572063,4665957.14417979773134],[3794521.822206133510917,4665907.405979166738689],[3794565.353906584437937,4665889.594678841531277],[3794578.169006743934005,4665890.680578812025487],[3794628.793307342100888,4665894.970578730106354],[3794654.263307575136423,4665872.355378389358521],[3794676.903707886114717,4665889.315378522500396],[3794715.384108438622206,4665925.495678842067719],[3794770.289809079375118,4665926.055478693917394],[3794804.115009447094053,4665916.86527849175036],[3794839.115109774284065,4665887.134878048673272],[3794877.085610278416425,4665909.429978207685053],[3794874.105810357257724,4665950.32527869194746],[3794912.086210899986327,4665985.265578991733491],[3794983.567011803388596,4666012.395679109729826],[3795049.097612513694912,4665991.205278683453798],[3795082.597912910394371,4665994.185078625567257],[3795117.9733133953996,4666020.945278843864799],[3795144.341413691174239,4666015.857478708028793],[3795182.188914109952748,4666008.554878521710634],[3795184.945614211261272,4666033.05027879588306],[3795189.079114363063127,4666069.780579214915633],[3795239.339714948087931,4666069.035379065200686],[3795278.800115427002311,4666075.725379037670791],[3795329.440616049803793,4666086.885279027745128],[3795364.430716342758387,4666046.724678457714617],[3795400.921116784214973,4666051.934578419663012],[3795441.871417229063809,4666040.034378170035779],[3795488.042017880361527,4666081.674678528681397],[3795568.462918858509511,4666095.809578470885754],[3795589.94991918746382,4666125.548178757540882],[3795592.173819227609783,4666128.626178791746497],[3795585.963119259104133,4666168.315179271623492],[3795614.253719731699675,4666219.635579792782664],[3795658.184220328461379,4666250.125680025666952],[3795696.904620774555951,4666248.63557989615947],[3795717.754921081475914,4666272.435780121013522],[3795747.535121406894177,4666262.765579920262098],[3795767.645321691874415,4666282.845680102705956],[3795790.355722014326602,4666303.305980282835662],[3795846.946222684346139,4666305.535680150613189],[3795887.896623201668262,4666321.895680232904851],[3795914.706923579331487,4666345.685780433937907],[3795957.522424095775932,4666349.410680351778865],[3795973.527724395971745,4666391.05608079675585],[3796010.758224954362959,4666437.166381232440472],[3796042.778625419363379,4666469.136681517586112],[3796095.649226156063378,4666513.016781884245574],[3796191.330327440053225,4666575.857182354666293],[3796306.001829065382481,4666682.207783278077841],[3796399.073030403349549,4666772.188584071584046],[3796537.944632392376661,4666909.399285292252898],[3796644.42613391391933,4667012.029986192472279],[3796746.178935436531901,4667134.089787341654301],[3796748.530335474293679,4667136.788887360133231],[3796858.498937097843736,4667263.021588529460132],[3796928.985638142097741,4667345.059389288537204],[3797011.520939368288964,4667441.132890183478594],[3797091.932040551677346,4667531.863591019064188],[3797193.573342068586498,4667653.45429215952754],[3797200.273642256390303,4667693.614692605100572],[3797212.183942553587258,4667750.875193239189684],[3797247.858243152033538,4667817.697593916207552],[3797248.162243166007102,4667822.41949397418648],[3797254.254843498580158,4667917.086795066483319],[3797281.065243914723396,4667957.247095451690257],[3797293.355444227810949,4668018.607596133835614],[3797302.285844502970576,4668081.818196846172214],[3797349.946445249486715,4668152.468597542494535],[3797359.996545458212495,4668186.308997905813158],[3797358.778345556464046,4668226.944298380054533],[3797360.472045702859759,4668272.979798909276724],[3797394.157746439799666,4668399.531000288203359],[3797427.348347076680511,4668491.281701265834272],[3797473.298947769682854,4668549.902101824060082],[3797589.880449427757412,4668660.342902786098421],[3797606.780649717431515,4668693.883103131316602],[3797656.561450533568859,4668780.753704008646309],[3797725.492551740724593,4668928.274905534461141],[3797852.414754032623023,4669229.877408689819276],[3797884.892254573758692,4669290.365309303626418],[3797949.705655656754971,4669411.347610536031425],[3797980.666856224648654,4669485.669511314481497],[3798006.25725674489513,4669569.180212211795151],[3798065.188057573977858,4669622.880512674339116],[3798120.491258342750371,4669666.729113036766648],[3798144.759058672469109,4669685.970813195221126],[3798210.819859665352851,4669768.581513978540897],[3798251.730460319202393,4669834.302014623768628],[3798266.740860702004284,4669912.412615489214659],[3798267.534660927951336,4669990.501716394908726],[3798275.598661229014397,4670065.441117241047323],[3798278.808061297051609,4670077.404117372818291],[3798289.651761531364173,4670117.824417815543711],[3798344.072562399320304,4670204.575318672694266],[3798380.813363018445671,4670275.217219389043748],[3798436.033963921479881,4670370.93662035278976],[3798475.074564581271261,4670449.047221155837178],[3798514.485265250783414,4670526.777821945957839],[3798568.347966091707349,4670606.25772272143513],[3798579.046366398688406,4670673.989023481495678],[3798580.926566587761045,4670733.699424165301025],[3798582.426766846328974,4670823.820525207556784],[3798597.817267279140651,4670916.581426243297756],[3798624.847767805680633,4670994.692027075216174],[3798679.268468684051186,4671085.94262798782438],[3798725.809169370681047,4671141.522928503341973],[3798782.860070212278515,4671206.113429101184011],[3798832.400670886505395,4671245.163729410618544],[3798865.810871337074786,4671268.823729597963393],[3798979.912272883113474,4671349.944230229593813],[3799091.393674477469176,4671462.094931228086352],[3799196.485176027752459,4671585.215932368300855],[3799222.430776389315724,4671606.741932545788586],[3799267.055977010633796,4671643.766132854856551],[3799328.606677831616253,4671685.816333175636828],[3799364.637178377248347,4671732.376833621412516],[3799426.557979264296591,4671795.077134179882705],[3799477.598680037539452,4671861.167734803631902],[3799539.149580983445048,4671948.26813564542681],[3799590.560281732585281,4672004.968536164611578],[3799662.621282848529518,4672110.099537190049887],[3799697.521783413831145,4672169.799837787635624],[3799777.082884638104588,4672282.44063887372613],[3799823.99358535092324,4672345.141339468769729],[3799884.034486324992031,4672448.771840505301952],[3799914.434886851813644,4672511.472541155293584],[3799972.975887846201658,4672628.613442350178957],[3800013.886488520540297,4672703.333943106234074],[3800079.937489584088326,4672814.474744213744998],[3800140.358390526846051,4672907.215545123443007],[3800192.899091345258057,4672983.806145869195461],[3800275.840192547999322,4673073.546746682375669],[3800362.911393763497472,4673151.637147350236773],[3800400.441894373856485,4673216.227847997099161],[3800426.33229486644268,4673287.938248757272959],[3800468.362995560280979,4673366.038849548436701],[3800529.913796497508883,4673448.639550333842635],[3800575.324397133197635,4673490.31965069565922],[3800627.865097902715206,4673551.900151270441711],[3800705.486298991367221,4673621.90075186919421],[3800803.877200319431722,4673692.700952421873808],[3800874.428001264110208,4673742.271252805367112],[3800947.988902290351689,4673806.851553354412317],[3801033.92990345088765,4673869.552053848281503],[3801090.980604241136461,4673917.612254248932004],[3801158.531505167949945,4673973.182554711587727],[3801262.482606508769095,4674025.372855034656823],[3801317.476007266435772,4674071.22035541664809],[3801343.543607630301267,4674092.953155600465834],[3801420.072108780033886,4674193.007356544956565],[3801427.169708888046443,4674203.320956651121378],[3801476.025509645696729,4674274.314557339996099],[3801542.446410671807826,4674370.055258260108531],[3801600.997211528010666,4674439.145558909513056],[3801627.391511925496161,4674474.138459238223732],[3801661.038012431934476,4674518.746159666217864],[3801677.558412802871317,4674585.236060389317572],[3801677.558412824757397,4674593.15546047873795],[3801677.558512932155281,4674632.651260933838785],[3801677.558512932620943,4674632.774260936304927],[3801673.048612985759974,4674673.44766141846776],[3801644.908612863626331,4674749.668662372976542],[3801621.308012761175632,4674811.884263155981898],[3801620.888812948483974,4674884.839863998815417],[3801635.62461328227073,4674943.796364642679691],[3801638.766913346480578,4674956.368464780040085],[3801689.950014244765043,4675071.071565959602594],[3801754.503015263006091,4675172.384566958062351],[3801761.369715371634811,4675183.161467063240707],[3801778.18131568422541,4675227.472567532211542],[3801793.751715996768326,4675277.353168060071766],[3801806.341916279867291,4675329.093568627722561],[3801823.95731655927375,4675356.743768902495503],[3801871.782817231956869,4675403.434069310314953],[3801922.201917942613363,4675451.243069726973772],[3801939.521718242205679,4675489.859070126898587],[3801935.963918317109346,4675531.295070616528392],[3801879.963617913424969,4675623.916271834634244],[3801845.983417652547359,4675672.696872482076287],[3801823.333417545072734,4675729.517273197881877],[3801815.783417569007725,4675769.977673692628741],[3801817.033517663832754,4675799.717974025756121],[3801830.253817886579782,4675827.088374309241772],[3801849.13421827647835,4675891.048774995841086],[3801861.084418513812125,4675928.529175393283367],[3801858.574618642684072,4675988.029576083645225],[3801865.494718865025789,4676040.090276665054262],[3801876.825019105803221,4676082.930577135644853],[3801891.925319379195571,4676120.410777527838945],[3801910.175619689747691,4676156.101077884435654],[3801927.165920020081103,4676206.371778421103954],[3801936.606220257934183,4676256.351978970691562],[3801946.676420523785055,4676311.092579575255513],[3801956.746720787137747,4676367.313080195337534],[3801971.216921037063003,4676397.663380505517125],[3801983.045321226585656,4676417.23598069883883],[3801988.456321311183274,4676426.189780791290104],[3802021.094321803189814,4676467.778681178577244],[3802047.805422189645469,4676498.48518146481365],[3802098.958722935523838,4676556.214481990784407],[3802163.139523882418871,4676634.75498272664845],[3802209.700124526396394,4676676.105283075943589],[3802251.230625126045197,4676720.725483484566212],[3802264.45092536881566,4676755.825883851386607],[3802261.300925413146615,4676785.575984202325344],[3802233.607225165236741,4676812.090384578332305],[3802233.604025162756443,4676812.093384580686688],[3802233.600825167726725,4676812.096484580077231],[3802191.035924788098782,4676854.658085182309151],[3802186.230624864809215,4676903.23738575913012],[3802194.610825072973967,4676945.237786217592657],[3802214.741125394590199,4676978.918286551721394],[3802243.671525817830116,4677013.268386866897345],[3802257.346426037140191,4677035.364087084308267],[3802260.569126088637859,4677040.571287138387561],[3802278.882026403676718,4677080.268987545743585],[3802263.792026361916214,4677130.819388167001307],[3802247.862026270013303,4677164.909688601270318],[3802244.281126342713833,4677207.343189103528857],[3802244.181626344099641,4677208.521689116954803],[3802272.592626829631627,4677268.170689727179706],[3802294.392927176319063,4677303.450990074314177],[3802305.85082744108513,4677352.009990601800382],[3802296.913227491080761,4677409.891891291365027],[3802296.913527702912688,4677490.562792219221592],[3802307.813727955333889,4677537.343192732892931],[3802335.904228448867798,4677602.16379339993],[3802367.789528957102448,4677654.325693911872804],[3802371.164429000578821,4677656.547193933278322],[3802396.270629336126149,4677673.07299405708909],[3802428.55542976455763,4677694.324294215999544],[3802522.466530982870609,4677746.254594560712576],[3802609.203932096250355,4677788.517994814552367],[3802634.663632414769381,4677799.770394881255925],[3802726.855833580717444,4677840.516595104709268],[3802738.393033735919744,4677847.368395146913826],[3802767.719234121032059,4677864.784895268268883],[3802836.207834902219474,4677862.148495055735111],[3802847.168935023713857,4677861.726595023646951],[3803005.941436829976737,4677853.634094508364797],[3803074.602037578821182,4677838.493694154545665],[3803142.520338356960565,4677836.466293950565159],[3803167.897338643204421,4677835.708893874660134],[3803174.860238721128553,4677835.501093847677112],[3803225.11343930894509,4677838.653093753382564],[3803281.264140027109534,4677864.553193903528154],[3803343.154840826522559,4677898.77349413279444],[3803388.135341397952288,4677920.043494259007275],[3803450.707642127759755,4677923.17989412881434],[3803454.431842174381018,4677923.366494121961296],[3803530.536643052939326,4677924.193093927577138],[3803579.559543678537011,4677947.67329407017678],[3803580.248443681746721,4677948.003294067457318],[3803622.87774424534291,4677973.603194253519177],[3803653.648144682869315,4678007.183394556865096],[3803693.558645266573876,4678052.113894970156252],[3803717.568945646751672,4678093.044095374643803],[3803742.259446134790778,4678170.914796203374863],[3803759.849946557078511,4678251.985397094860673],[3803789.950447079725564,4678320.905997806228697],[3803817.350947540719062,4678373.34649833291769],[3803858.281548253726214,4678466.567199295386672],[3803883.991948648821563,4678504.467499663121998],[3803917.524249110370874,4678532.10379989258945],[3803925.783449222799391,4678538.910799948498607],[3804015.213350363541394,4678582.33770021237433],[3804115.778651635628194,4678625.338600438088179],[3804115.78245163243264,4678625.340300433337688],[3804122.660451718606055,4678628.372500455006957],[3804144.08485199091956,4678637.817900506779552],[3804183.315452528651804,4678670.758100778795779],[3804202.727352859918028,4678712.00680120754987],[3804208.071552951354533,4678723.362701318226755],[3804231.30685339961201,4678790.556602025404572],[3804237.766353643033653,4678854.479702750220895],[3804240.34025386814028,4678928.94590359646827],[3804239.193853868171573,4678935.451403673738241],[3804234.386653885245323,4678962.73080400377512],[3804231.171954057179391,4679041.24160491488874],[3804254.239854410756379,4679074.175005225464702],[3804254.472454409580678,4679074.328205233439803],[3804325.368055353872478,4679121.031805576756597],[3804373.058555980678648,4679151.73210580740124],[3804407.219156502280384,4679200.822506280615926],[3804418.039356710389256,4679234.082706632092595],[3804425.819556918460876,4679277.093207108788192],[3804446.449857308063656,4679334.983607715927064],[3804470.460257736966014,4679394.304208332672715],[3804494.460058101452887,4679426.370508638210595],[3804498.020358154550195,4679431.127408687956631],[3804526.271158546209335,4679457.154608906246722],[3804564.49145903531462,4679477.614609041251242],[3804656.152460126206279,4679489.774508940055966],[3804685.691860464401543,4679490.969508876092732],[3804696.627360594924539,4679491.411908850073814],[3804733.273161035496742,4679501.124408865347505],[3804767.433561484795064,4679521.594309009611607],[3804801.25396196404472,4679556.454609321430326],[3804842.184562558773905,4679602.664909747429192],[3804870.924862921703607,4679615.775009821169078],[3804910.505263415165246,4679631.445109900087118],[3804945.345763914752752,4679670.305410247296095],[3804966.986064249183983,4679700.685610540211201],[3804980.176264496985823,4679740.015810959972441],[3804994.38666481943801,4679800.296511610038579],[3804989.986664902884513,4679850.82711220625788],[3804984.227064927574247,4679884.803412606939673],[3804979.496764945331961,4679912.707612943835557],[3804983.556965099647641,4679954.27791341021657],[3804993.549165289383382,4679982.085113704204559],[3804995.993165333755314,4679988.886713771149516],[3805022.801865800749511,4680048.300814385525882],[3805058.648166355211288,4680103.629114922136068],[3805088.84936674265191,4680118.768515015020967],[3805089.630066750571132,4680118.877815017476678],[3805181.759467840660363,4680131.769114921800792],[3805248.050168678630143,4680160.069015071727335],[3805299.460669317748398,4680179.57911516353488],[3805337.681169832125306,4680208.679315393790603],[3805364.401570240966976,4680245.299615742638707],[3805386.382770595140755,4680286.583316163159907],[3805387.907370619475842,4680289.446616187691689],[3805408.289070929400623,4680317.803316462785006],[3805408.291470933705568,4680317.806716465391219],[3805445.741271445527673,4680349.711516728624701],[3805487.653071981854737,4680372.18541687913239],[3805509.331372367683798,4680423.864117411896586],[3805522.893772605806589,4680455.821017743088305],[3805548.444072990678251,4680490.141418071463704],[3805570.864373314194381,4680515.561518302187324],[3805613.515373926609755,4680562.714518728666008],[3805624.335774060338736,4680566.657118750736117],[3805723.286075290292501,4680602.711918907240033],[3805754.216475690715015,4680620.521919025108218],[3805770.796675980091095,4680657.812219410203397],[3805795.967076343949884,4680686.112419668585062],[3805811.30237664654851,4680735.012820183299482],[3805836.627776997629553,4680757.26802037935704],[3805875.148077417165041,4680748.497820170596242],[3805913.668377846945077,4680746.472620049491525],[3805952.188878359738737,4680772.102720243856311],[3806005.699579132255167,4680832.133220789022744],[3806068.470380060840398,4680913.963821566663682],[3806091.588480406906456,4680944.48042185138911],[3806121.436180830933154,4680975.486622129566967],[3806161.319881282281131,4680974.067122011445463],[3806196.161781640723348,4680959.133721746504307],[3806233.252082035876811,4680947.003721510060132],[3806270.615082479082048,4680953.78472148720175],[3806275.877782553434372,4680956.525921512395144],[3806300.312782861292362,4680969.253621594049037],[3806342.393283393699676,4680988.803621708415449],[3806371.643583741504699,4680991.503621662035584],[3806434.18898446066305,4680992.176321500912309],[3806434.194184459745884,4680992.176421504467726],[3806474.291384911164641,4680989.606221374124289],[3806473.372084910050035,4680992.222021403722465],[3806463.784684867132455,4681019.500221741385758],[3806451.158884807955474,4681051.991122145205736],[3806448.291184791363776,4681059.370922237634659],[3806430.809584673028439,4681088.415222613140941],[3806395.46618440374732,4681140.81082330737263],[3806316.586283644195646,4681196.465424155816436],[3806253.482383042573929,4681242.917124848812819],[3806221.715282696764916,4681249.584425007924438],[3806182.490382270421833,4681257.816825209185481],[3806132.532981728203595,4681270.087325477041304],[3806091.292381232138723,4681260.008325468748808],[3806031.960880518890917,4681247.628725486807525],[3806017.280480492860079,4681301.858926144428551],[3805997.01288033882156,4681331.548426534980536],[3805973.020180019550025,4681315.443826413713396],[3805945.631079584825784,4681269.430625959299505],[3805814.602478048298508,4681255.846126145683229],[3805741.419277198147029,4681251.902426292188466],[3805670.188976587262005,4681328.153327353298664],[3805590.67097568558529,4681334.288527630269527],[3805512.268774764612317,4681324.64802772924304],[3805356.659572495613247,4681140.003826025873423],[3805353.80857236450538,4681100.878825580701232],[3805346.579872017260641,4681001.67822446487844],[3805153.76366959605366,4680919.860724030062556],[3805153.098269589245319,4680919.640124031342566],[3805027.818868038244545,4680878.100723884999752],[3804946.043967016041279,4680844.357723714783788],[3804919.750466594006866,4680798.203923254273832],[3804880.310266015585512,4680750.578322811052203],[3804833.555765493307263,4680756.138522997498512],[3804799.239065113477409,4680760.219523134641349],[3804801.86816491605714,4680675.642522160895169],[3804720.797064038459212,4680694.048122586682439],[3804627.455763081088662,4680737.87072333227843],[3804549.890362196601927,4680738.309123541228473],[3804502.562361728865653,4680767.670224003493786],[3804481.089661631733179,4680823.762724705040455],[3804486.129461909178644,4680905.710525630041957],[3804457.426161778625101,4680980.646726560778916],[3804392.131261270493269,4681071.577827777713537],[3804328.150860632304102,4681108.827128371223807],[3804272.058460090309381,4681146.952628961764276],[3804247.518259909003973,4681185.516229463741183],[3804247.518360060174018,4681242.04703011084348],[3804277.317760619800538,4681324.213630975224078],[3804281.371460802853107,4681375.814331554807723],[3804249.271860615350306,4681444.724832427687943],[3804168.120859844610095,4681505.199933338910341],[3804116.490759410895407,4681563.483934144489467],[3804098.085659412201494,4681644.867735124193132],[3804120.525759796611965,4681693.323035618290305],[3804120.699659801088274,4681693.698535613715649],[3804139.936360226012766,4681769.229236433282495],[3803984.443658452946693,4681773.085136893205345],[3803821.880456605926156,4681777.118337367661297],[3803740.277455763891339,4681812.17623798456043],[3803701.551255437079817,4681858.749738623388112],[3803680.27545532071963,4681905.474139211699367],[3803634.439354881644249,4681936.726039688102901],[3803597.782754514366388,4681958.635940034873784],[3803543.808953986037523,4681990.896340556442738],[3803497.518253441900015,4681986.729640627279878],[3803492.896853389684111,4681986.729640638455749],[3803399.008352317847311,4681986.729940884746611],[3803344.838651798665524,4682026.315941483713686],[3803148.993249730672687,4682090.903942739591002],[3803004.192848227452487,4682147.157743768766522],[3802900.019847183953971,4682203.411744697019458],[3802684.381844923365861,4682282.58384617138654],[3802608.335544136818498,4682311.752546707168221],[3802529.299943279940635,4682331.89914714731276],[3802515.689443132840097,4682335.368447226472199],[3802404.029441954568028,4682370.880547927692533],[3802329.779041168279946,4682394.495048400014639],[3802316.86154102627188,4682398.065748473629355],[3802214.561539933551103,4682426.344149069860578],[3802018.716437906958163,4682506.558050511404872],[3801839.538936106022447,4682600.314452063292265],[3801674.945634388830513,4682661.777253206819296],[3801561.397133293561637,4682735.740554356947541],[3801495.768332717008889,4682802.411455293186009],[3801389.512031740043312,4682888.875556568615139],[3801331.175431234296411,4682951.37935743574053],[3801189.500229885336012,4683052.427958974614739],[3801084.285628839861602,4683109.723359908908606],[3800990.563427908811718,4683161.341260751709342],[3800989.555127899628133,4683161.914060762152076],[3800815.519426174927503,4683260.775262361392379],[3800710.304725106805563,4683312.862163237296045],[3800608.215224048122764,4683351.406463953666389],[3800505.084022936411202,4683376.408364520408213],[3800417.578822033014148,4683411.827665155753493],[3800267.569720496423542,4683479.540666334331036],[3800085.267118746880442,4683601.423668218776584],[3799967.551617505960166,4683638.926268967799842],[3799864.420316378585994,4683658.719369471073151],[3799739.412715021986514,4683685.804970122873783],[3799617.530213724821806,4683721.224170852452517],[3799526.899812772870064,4683752.476471453905106],[3799434.185711785685271,4683777.478271989151835],[3799376.79471116932109,4683793.042072327807546],[3799374.759211149998009,4683793.594072335399687],[3799303.969410328194499,4683789.979572487995028],[3799240.423809546045959,4683768.103272407315671],[3799220.630809251219034,4683742.060072167776525],[3799213.338408960495144,4683666.013871320523322],[3799197.712308656889945,4683621.219370848499238],[3799108.12310735322535,4683517.046569900587201],[3799045.618906447198242,4683445.16726924944669],[3798965.405405266676098,4683348.286468356847763],[3798908.110104428604245,4683280.574167743325233],[3798856.023403774015605,4683258.69806763343513],[3798771.643002768047154,4683244.114167698659003],[3798712.759602107573301,4683248.680767903104424],[3798661.219701556488872,4683261.823868196457624],[3798588.298700851853937,4683310.785568955354393],[3798496.626599917653948,4683352.454869678243995],[3798445.453399438876659,4683389.98217025026679],[3798418.49689918383956,4683409.750370549969375],[3798362.433998580556363,4683423.574370858259499],[3798352.442298471927643,4683426.038170916959643],[3798255.986897478811443,4683464.962771623395383],[3798167.439996542874724,4683494.131572199985385],[3798089.673495749942958,4683528.154472797177732],[3798086.887595717795193,4683529.373272819444537],[3798047.640995298977941,4683541.009673059917986],[3797995.474094699602574,4683537.799673162400723],[3797987.701294604223222,4683537.321373176760972],[3797913.257893864065409,4683576.429073831066489],[3797829.91949306987226,4683633.724474712274969],[3797744.497792323119938,4683718.10497591085732],[3797670.77209149627015,4683722.939476163126528],[3797617.406790896318853,4683726.439176349900663],[3797541.986090003047138,4683717.128276449628174],[3797537.505989951547235,4683716.575176455080509],[3797448.996188895776868,4683700.627376514486969],[3797396.559688272420317,4683691.020876548253],[3797328.847287627402693,4683736.857377254404128],[3797256.968087035231292,4683822.279478434473276],[3797164.254386205691844,4683904.576579626649618],[3797060.081385206896812,4683974.372980706393719],[3796967.367684395518154,4684066.045582007616758],[3796921.53158403467387,4684124.382682802155614],[3796845.485483402851969,4684209.804983984678984],[3796779.763082832098007,4684276.198284925892949],[3796741.342882479541004,4684306.671785372309387],[3796687.14278177311644,4684276.476085172966123],[3796668.439881485421211,4684249.509384920820594],[3796642.348081088159233,4684211.888884565792978],[3796568.385280365124345,4684257.725285291671753],[3796516.298679810017347,4684271.26798558793962],[3796478.232679441571236,4684295.235685963183641],[3796431.918778991792351,4684324.396586429327726],[3796380.23107844311744,4684337.953386723995209],[3796379.587778431829065,4684337.967786724679172],[3796333.995977916754782,4684338.981086863204837],[3796302.744077500887215,4684318.146586712449789],[3796288.805377263575792,4684289.236786417663097],[3796274.6171770170331,4684259.80978612229228],[3796213.154976306948811,4684254.60138623137027],[3796043.352974408306181,4684269.18618686683476],[3795954.856173417996615,4684278.668087217956781],[3795926.679073109757155,4684281.687287331558764],[3795855.841272317338735,4684288.979587610810995],[3795754.793471220880747,4684308.772688114084303],[3795697.349270574748516,4684312.602488312870264],[3795694.8195705502294,4684312.771188326179981],[3795628.744269866496325,4684338.983288807794452],[3795589.158369460143149,4684355.651189105585217],[3795572.49086938938126,4684400.445589662529528],[3795578.741469638422132,4684463.991190367378294],[3795598.534570027608424,4684523.369690992869437],[3795624.578270681202412,4684651.502592384815216],[3795649.579971134662628,4684712.96479301340878],[3795661.039271498098969,4684798.386693958193064],[3795660.257071596570313,4684835.156894381158054],[3795648.678871621377766,4684893.93769508227706],[3795638.401571497321129,4684891.565995088778436],[3795604.786171098705381,4684883.808795095421374],[3795559.991570588666946,4684884.850595227442682],[3795501.654769995715469,4684911.935895695351064],[3795455.818669490050524,4684917.144595880992711],[3795348.520268208812922,4684896.310495940037072],[3795291.225067529827356,4684889.018296018242836],[3795237.05516691505909,4684890.060296175070107],[3795183.926766287535429,4684881.726696226745844],[3795158.925165944732726,4684859.850296046584845],[3795114.130365198478103,4684774.428495197556913],[3795055.974964124616235,4684626.003093666397035],[3795044.333963905926794,4684596.29289336130023],[3795000.581163473427296,4684621.294393763877451],[3794960.995463089551777,4684645.25439415127039],[3794892.443062397651374,4684677.726794707588851],[3794887.13366234395653,4684680.241794751025736],[3794783.901761356275529,4684748.386395811103284],[3794733.898760930635035,4684800.472996548749506],[3794659.936060290783644,4684874.436197596602142],[3794618.266959975939244,4684932.773298382759094],[3794591.247359804343432,4684980.80829899571836],[3794586.006159769836813,4684990.125999119132757],[3794451.590758632402867,4685134.869501141831279],[3794418.255458395462483,4685185.914601818658412],[3794345.334457784891129,4685264.044702912680805],[3794303.665457433555275,4685308.83920353744179],[3794262.897357017267495,4685326.411703852936625],[3794253.071356918662786,4685330.647103926166892],[3794136.988655745051801,4685386.969404894858599],[3793946.352253813296556,4685473.433806410990655],[3793785.925852150656283,4685532.812907529063523],[3793562.995649896096438,4685633.861609306186438],[3793435.904748649336398,4685707.825010504573584],[3793407.686148371081799,4685722.619110748171806],[3793328.606547587551177,4685764.078611442819238],[3793069.215844847727567,4685843.251113071106374],[3792964.001143815927207,4685902.63011403940618],[3792887.955043125897646,4685965.134214963763952],[3792785.865642130374908,4686025.554815942421556],[3792670.233640930615366,4686067.224516733549535],[3792461.887738838326186,4686167.231518464162946],[3792332.713337571825832,4686241.194519662298262],[3792230.62393657816574,4686301.615320637822151],[3792142.077035760041326,4686368.286421644501388],[3792037.904134736862034,4686428.707122631371021],[3791914.980033530853689,4686496.420223747380078],[3791723.301731544081122,4686566.21682507917285],[3791620.170530529692769,4686623.512326018884778],[3791460.786029050592333,4686741.228327807039022],[3791369.11392812943086,4686784.981328564696014],[3791185.769526335876435,4686890.196730279363692],[3790977.423824412282556,4687047.498732659965754],[3790864.9172233347781,4687119.37853379547596],[3790757.619122300762683,4687186.049734854139388],[3790670.113621404394507,4687222.510635519400239],[3790578.441720568109304,4687294.390436598099768],[3790539.897820284590125,4687348.56053732149303],[3790450.30911950301379,4687433.98283854406327],[3790358.637018602341413,4687483.98623937740922],[3790254.949817642569542,4687560.023840533569455],[3790252.672117623034865,4687561.694140560925007],[3790114.336816339753568,4687666.211742136627436],[3790078.412116008810699,4687693.374842552468181],[3789975.281015093903989,4687784.005743873305619],[3789871.108214163221419,4687872.553245170973241],[3789760.685013238340616,4687990.269246825948358],[3789775.269713806919754,4688130.902948381379247],[3789736.725813470780849,4688166.321948895230889],[3789621.09391232393682,4688226.742749910801649],[3789290.86570911668241,4688417.380553014576435],[3789050.226406839676201,4688578.849555534310639],[3788887.716705272905529,4688676.772757111117244],[3788790.835904377978295,4688749.694458214566112],[3788607.491502598393708,4688853.867959924973547],[3788488.73440130520612,4688873.661160487681627],[3788422.900000598281622,4688887.440560828894377],[3788411.02280047070235,4688889.926560893654823],[3788245.02229883801192,4688978.754262372851372],[3788200.17529839836061,4689003.878562786616385],[3788099.127397421747446,4689063.257563752122223],[3787999.121596457902342,4689123.678264725022018],[3787868.90579543588683,4689280.980066882446408],[3787805.99659490166232,4689345.66156779974699],[3787800.469794856850058,4689351.344067882746458],[3787723.063694205600768,4689429.948068991303444],[3787658.309093738440424,4689524.511070250533521],[3787657.872093736194074,4689525.149270256981254],[3787617.849393371492624,4689554.956070712767541],[3787567.846492880955338,4689583.083071175962687],[3787506.384392211213708,4689592.458871455863118],[3787334.498690268024802,4689593.500971964560449],[3787304.120689904782921,4689589.161372003145516],[3787181.364188464358449,4689571.625072152353823],[3787069.049987207632512,4689577.419972543604672],[3787056.741887072101235,4689579.047572595067322],[3786955.308685958385468,4689592.460473042912781],[3786875.095385098364204,4689609.128373465500772],[3786766.755483999848366,4689654.965074296109378],[3786605.287382357288152,4689719.552875492721796],[3786479.168881140183657,4689794.048176700249314],[3786469.723881040234119,4689796.663776752538979],[3786420.901280525140464,4689810.184077051468194],[3786379.436080065090209,4689813.275877206586301],[3786369.222679953090847,4689814.284277243539691],[3786336.12727958150208,4689817.551877379417419],[3786284.409978951327503,4689802.127477352507412],[3786228.155978315509856,4689803.035077527165413],[3786194.585077999625355,4689825.718177877366543],[3786138.425277625676244,4689916.887079074978828],[3786131.260177563410252,4689923.675179173238575],[3786076.633677097968757,4689975.426579920575023],[3785926.925875614397228,4690049.827381191775203],[3785690.916173201985657,4690141.265482917428017],[3785580.329472072422504,4690184.11228371784091],[3785425.177670474629849,4690239.459184802137315],[3785372.553269983734936,4690277.566985380835831],[3785316.453469578176737,4690356.410286433063447],[3785310.932669535744935,4690364.169386547058821],[3785218.30896870046854,4690438.163387648761272],[3785152.501567994244397,4690450.613387984223664],[3785050.4545668954961,4690469.920188495889306],[3785001.459266412071884,4690495.325288929976523],[3784969.340066224336624,4690555.858089708723128],[3784954.278866136446595,4690584.242990070022643],[3784927.059465988073498,4690640.496990790590644],[3784827.254065026529133,4690698.565891740843654],[3784640.279063041321933,4690744.947692804969847],[3784593.165362546220422,4690756.635393078438938],[3784532.374861904419959,4690772.967293439432979],[3784502.181961642112583,4690801.147493844851851],[3784477.935661436524242,4690823.777394174598157],[3784442.550261105410755,4690849.182594565674663],[3784389.925760513171554,4690850.090094730257988],[3784359.984060185030103,4690852.81209484487772],[3784316.432759761810303,4690878.670995263382792],[3784249.290859034284949,4690888.198095569387078],[3784176.010558175854385,4690880.960795693099499],[3784175.904058175627142,4690880.950195700861514],[3784132.246457629371434,4690863.700795630924404],[3784061.47535687033087,4690878.218196001835167],[3783965.299255899619311,4690916.326096721924841],[3783859.142654777970165,4690946.267697363160551],[3783833.962454551365227,4690964.668897644616663],[3783764.781553914304823,4691015.224598418921232],[3783597.835052667651325,4691236.611701416783035],[3783510.732451966498047,4691334.602702782489359],[3783387.337351007387042,4691483.403704825788736],[3783294.791050472762436,4691659.424707090482116],[3783198.615149606019258,4691733.825208211317658],[3783153.249149199575186,4691771.933008778840303],[3783135.103149283211678,4691869.923709940165281],[3783116.957049397286028,4691978.802311227656901],[3783088.830149196553975,4692019.631911770440638],[3782955.454047839157283,4692070.442412734963],[3782906.184947354719043,4692096.103413166478276],[3782824.799946560524404,4692138.491913886740804],[3782734.068045750260353,4692211.985314988531172],[3782705.034045814536512,4692346.268816587515175],[3782702.029545877594501,4692379.987116983160377],[3782688.702846172265708,4692529.547918715514243],[3782663.298046038951725,4692583.987319400534034],[3782431.024243908468634,4692752.749921993352473],[3782392.916843659244478,4692814.447922796942294],[3782382.029643969610333,4692961.434124495834112],[3782354.810444046743214,4693092.088626056909561],[3782312.300443833228201,4693182.282927193678916],[3782146.127842992078513,4693534.862231667153537],[3782044.508342493325472,4693756.248834466561675],[3781935.904241621494293,4693875.266436129808426],[3781826.461740735918283,4693995.204837809316814],[3781775.090440341737121,4694057.245338661596179],[3781690.654539927840233,4694240.760040977969766],[3781638.030639980453998,4694458.517243589274585],[3781588.559939708095044,4694556.60604484565556],[3781532.782039410434663,4694667.201546258293092],[3781427.533238676376641,4694821.446648305281997],[3781350.573237968143076,4694875.884649144485593],[3781287.807038355618715,4695246.073653504252434],[3781200.704637868329883,4695414.835755663923919],[3781109.97283721389249,4695538.231657324358821],[3781053.719437080435455,4695706.993859393522143],[3781026.500237225554883,4695859.423861188814044],[3780984.391936999745667,4695943.640962261706591],[3780957.544336858205497,4695997.336862944997847],[3780896.919636405073106,4696075.705764008685946],[3780877.988436260260642,4696097.908364317379892],[3780872.832636214792728,4696102.303364377468824],[3780804.854835617821664,4696160.252165229991078],[3780772.451335336081684,4696187.874965639784932],[3780652.875534274615347,4696284.721367087215185],[3780552.880033391993493,4696365.710768288001418],[3780482.982932338025421,4696276.124667492695153],[3780424.039931453298777,4696200.578766821883619],[3780266.165429273620248,4696064.480965750291944],[3780211.518328575883061,4696037.584065613336861],[3780145.402127734851092,4696005.042665443383157],[3780033.8908263114281,4695950.159365152008832],[3779985.191225745715201,4695943.363965221680701],[3779877.831324494909495,4695928.383965376764536],[3779788.914023659657687,4695984.638166273012757],[3779768.376523546874523,4696024.820366783067584],[3779705.441023201216012,4696147.956368358805776],[3779663.628823176492006,4696296.043170153163373],[3779662.759423173032701,4696299.122170189395547],[3779621.968423305545002,4696498.182772549800575],[3779633.480723723769188,4696595.31527361087501],[3779651.003524360712618,4696743.159475217573345],[3779665.521024842280895,4696848.408876362256706],[3779670.965425382833928,4697009.911978161893785],[3779698.185526034794748,4697126.049279388971627],[3779696.371126303449273,4697224.039780493825674],[3779665.522526221815497,4697312.957481586374342],[3779562.088025262113661,4697381.914382670074701],[3779478.351924474351108,4697431.862483479082584],[3779468.502824380993843,4697437.737383577041328],[3779391.512123803142458,4697534.344784887507558],[3779333.443823317997158,4697590.598985696211457],[3779282.95252281287685,4697612.478786091320217],[3779280.978522794321179,4697613.334186110645533],[3779189.301121795084327,4697623.758086500689387],[3779142.906221286859363,4697628.707286694087088],[3778918.630918637383729,4697584.655286870896816],[3778915.742118601687253,4697584.154186873696744],[3778743.684516579378396,4697554.307887049391866],[3778577.995914699975401,4697547.681087475270033],[3778570.108114609494805,4697547.365687489509583],[3778493.473613757174462,4697551.595087770372629],[3778342.648212096653879,4697561.567988333292305],[3778233.769810900092125,4697572.456188779324293],[3778075.896009343676269,4697643.227690046653152],[3778080.433109775651246,4697772.067291484214365],[3778078.618810061831027,4697874.594592640176415],[3778058.548310103360564,4697961.387093679979444],[3778045.048310126643628,4698019.766294374130666],[3778008.715709980111569,4698108.761195481754839],[3777964.297309810295701,4698217.562696835026145],[3777852.697409023530781,4698372.714998915791512],[3777800.980408813338727,4698496.110900455154479],[3777820.941809297073632,4698581.852801360189915],[3777861.771409957204014,4698649.44820199161768],[3777883.093710351735353,4698702.980202532373369],[3777857.889210225082934,4698754.166603181511164],[3777857.182210215367377,4698754.54290318954736],[3777802.34220969164744,4698783.731903681531549],[3777768.312209278345108,4698773.784803670831025],[3777755.535709122661501,4698770.050103664398193],[3777630.858407727908343,4698771.029904049821198],[3777425.450405589770526,4698826.829905296675861],[3777414.209105482324958,4698833.633905405178666],[3777367.73550504585728,4698861.762905861251056],[3777338.701204848475754,4698904.407106429338455],[3777296.964704614132643,4698980.622307410463691],[3777240.710804037284106,4699000.583607801236212],[3777155.422603119630367,4699013.286308201029897],[3777110.056702725123614,4699052.30120877083391],[3777045.2556022121571,4699120.877709744498134],[3777016.603001976851374,4699151.199610167182982],[3776987.061101767234504,4699189.885810689069331],[3776982.778301732148975,4699195.494210764765739],[3776924.986401132307947,4699211.804611125960946],[3776820.621599891688675,4699188.400511180050671],[3776768.097299231216311,4699165.152011076919734],[3776709.92819849960506,4699139.405410963110626],[3776512.13189610466361,4699079.522910884581506],[3776312.520893658511341,4699011.474510730244219],[3776200.012792145367712,4698929.815810151398182],[3776082.060590439010412,4698801.883809073828161],[3775936.278588450979441,4698687.378708225674927],[3775832.546387042384595,4698605.903207626193762],[3775633.423284631222486,4698547.187507569789886],[3775586.141884055919945,4698533.24600755982101],[3775549.461783608887345,4698522.43060754891485],[3775393.968681725207716,4698477.784307512454689],[3775366.182781392708421,4698469.806407515890896],[3775326.867880965583026,4698475.788907699286938],[3775199.23567959619686,4698495.211908306926489],[3775110.318178809247911,4698565.983309372328222],[3774954.259577675722539,4698767.409312107600272],[3774852.640077000949532,4698921.654214145615697],[3774829.957376999314874,4699005.128015152178705],[3774825.421277399174869,4699153.021316824480891],[3774816.451077443081886,4699201.461017393507063],[3774804.76587741356343,4699234.110817795619369],[3774744.664476915728301,4699290.749418614432216],[3774735.585876815486699,4699292.378918658941984],[3774682.972076257225126,4699301.822618925012648],[3774609.479275430087,4699302.730019162409008],[3774535.98597451671958,4699272.788719050586224],[3774502.489874030463398,4699237.117518754675984],[3774396.2579724942334,4699123.988517809659243],[3774298.267071188427508,4699056.846917354501784],[3774187.573569782078266,4699002.408017074689269],[3774097.126768748741597,4698996.378517288714647],[3774087.910868646577001,4698995.764117307960987],[3773951.670067153871059,4699007.852717860601842],[3773912.817466760054231,4699021.88271813467145],[3773821.015965831000358,4699055.033718788996339],[3773744.312265024520457,4699072.527819218114018],[3773730.946864883415401,4699075.576219297945499],[3773594.185463380534202,4699085.883519830182195],[3773514.341362399980426,4699057.756819757632911],[3773390.987960805185139,4698988.710419360548258],[3773380.532360669225454,4698982.858119329437613],[3773261.63825932238251,4698979.71681965701282],[3773250.688459198921919,4698979.427519688382745],[3773240.178659077733755,4698979.127319714985788],[3773134.173057881183922,4698976.099120003171265],[3773098.234157458413392,4698970.10932004917413],[3773003.137956347316504,4698954.904520167037845],[3772997.313256282359362,4698954.577920182608068],[3772911.879155307076871,4698949.787420392036438],[3772883.586355008650571,4698956.474920557811856],[3772872.781454897020012,4698959.02892061509192],[3772810.978254359215498,4699009.666621373966336],[3772803.531254302244633,4699019.642821509391069],[3772770.337354069575667,4699064.110222109593451],[3772721.342153597157449,4699089.515522547066212],[3772684.141753010451794,4699035.076322046108544],[3772644.219552390743047,4698979.729921551421285],[3772606.615151785779744,4698918.347820977680385],[3772617.90685178944841,4698879.017220498993993],[3772656.014152090996504,4698838.187719924375415],[3772661.45795205142349,4698804.616819534450769],[3772646.391651741228998,4698760.304619081318378],[3772646.212551738601178,4698759.777719074860215],[3772622.442951400298625,4698735.660418881103396],[3772590.686651041731238,4698735.660418977029622],[3772542.598750576376915,4698759.25111938919872],[3772442.793549674097449,4698830.929820503108203],[3772399.90424935054034,4698881.388221197761595],[3772398.212249336764216,4698883.378821227699518],[3772386.539949411991984,4698951.603622025810182],[3772401.964649769943208,4699009.672322632744908],[3772414.667550172656775,4699094.05332353990525],[3772358.413849861826748,4699199.302624893374741],[3772278.569849303923547,4699308.181526356376708],[3772147.915848111733794,4699398.91422778274864],[3772062.709747282322496,4699437.906928482465446],[3772051.780847171321511,4699442.908328567631543],[3771957.378446131013334,4699449.724728939123452],[3771813.114444533828646,4699456.076629457995296],[3771673.386943010147661,4699469.686830036342144],[3771533.584141453262419,4699473.29693051520735],[3771533.508441452402622,4699473.277430511079729],[3771452.907740485854447,4699452.448330525308847],[3771342.214339098427445,4699406.175230353139341],[3771249.667437998577952,4699385.307030401192605],[3771157.120536950882524,4699383.492730665951967],[3771060.037135707680136,4699332.683130396530032],[3770872.220832975581288,4699132.165528732351959],[3770784.070031689479947,4699035.656027918681502],[3770763.609431391581893,4699012.052127716131508],[3770760.247631338424981,4699007.167927672155201],[3770718.882830681279302,4698947.072427130304277],[3770717.068030537571758,4698905.335826667025685],[3770753.360730781685561,4698852.710825958289206],[3770776.043730863370001,4698797.364325265400112],[3770738.843430358916521,4698769.23742506839335],[3770620.891629024874419,4698767.423025411553681],[3770564.637528314255178,4698740.203625279478729],[3770508.383427534252405,4698693.023124928586185],[3770404.948726239614189,4698649.472024754621089],[3770361.270125633571297,4698614.077524500899017],[3770299.699124793056399,4698564.184024126268923],[3770152.798323014285415,4698524.335824137553573],[3770131.991122937761247,4698574.818224770948291],[3770131.902722938917577,4698575.032724769786],[3770131.814122937154025,4698575.247024767100811],[3770069.044222705531865,4698725.678726657293737],[3770043.499322661198676,4698803.81982761900872],[3770019.584122614469379,4698875.820428495295346],[3769961.714422634337097,4699091.282531094737351],[3769902.364522638730705,4699306.784833697602153],[3769846.094622694887221,4699528.137136358767748],[3769824.34512292733416,4699681.118638139218092],[3769824.115323306526989,4699804.000039516016841],[3769824.625823794398457,4699959.441241258755326],[3769834.30612408882007,4700017.462241882458329],[3769904.817225345876068,4700169.372843362390995],[3769989.041526547633111,4700251.015644013881683],[3770015.788926928769797,4700276.943444224074483],[3770138.498628544155508,4700355.532344724051654],[3770142.54742859583348,4700357.80074473656714],[3770284.38163043372333,4700437.264345186762512],[3770447.763332475442439,4700504.694545431993902],[3770566.684734062291682,4700588.329646001569927],[3770594.67523444024846,4700608.015046138316393],[3770672.546035506762564,4700669.445446581579745],[3770701.563936008606106,4700727.160947138443589],[3770733.486836493015289,4700768.755947507917881],[3770754.890636850614101,4700805.692147853784263],[3770894.002338812686503,4700936.828448887914419],[3770943.27513952087611,4700987.892649307847023],[3770993.808140248525888,4701040.262749738059938],[3771160.755542475264519,4701154.584750501438975],[3771371.053245106246322,4701245.626550869084895],[3771458.35754620237276,4701283.42345102597028],[3771616.231548023410141,4701301.569350743666291],[3771682.506648872513324,4701336.147550920024514],[3771691.10594897903502,4701340.634150945581496],[3771759.588749940041453,4701401.374351416714489],[3771830.847451140638441,4701532.869852665811777],[3771831.334651148878038,4701533.711352676153183],[3771857.350051577668637,4701578.646753092296422],[3771863.816351681482047,4701589.815753199160099],[3771964.64425311749801,4701689.902054008096457],[3772113.445155010093004,4701762.487254358828068],[3772331.948557700030506,4701842.818054590374231],[3772360.236958049237728,4701853.218554616905749],[3772745.848862612619996,4701933.968954332172871],[3772842.377063761930913,4701956.617354294285178],[3772908.259764542337507,4701972.07595426402986],[3773293.871769230347127,4702093.655854441225529],[3773468.077471206896007,4702104.543154028244317],[3773624.798773092683405,4702148.807254041545093],[3773705.796074074693024,4702171.684054052457213],[3773878.187376251909882,4702253.34245443623513],[3774299.185281513724476,4702437.527555205859244],[3774420.592982982285321,4702473.499355237931013],[3774495.166783880908042,4702495.595355262048542],[3774567.686084744054824,4702510.629455210641026],[3774643.967785636894405,4702526.443855152465403],[3774816.358787576667964,4702530.07245466299355],[3774954.271689101587981,4702524.628354181535542],[3774974.581489234697074,4702493.813153780065477],[3775012.668989494908601,4702439.876853059977293],[3775012.675189495552331,4702439.87145306263119],[3775016.505489530973136,4702436.573953014798462],[3775046.608889787923545,4702410.657252630218863],[3775050.028789816889912,4702407.379852587357163],[3775130.29149047890678,4702330.460851480253041],[3775282.721091907471418,4702239.728250003419816],[3775330.113492379896343,4702222.199149661697447],[3775415.190093236044049,4702190.73244905564934],[3775513.180594174191356,4702138.107448169030249],[3775594.755795083008707,4702137.358747911639512],[3775603.417195178102702,4702137.279147885739803],[3775721.864496591500938,4702166.233747850172222],[3775822.577597942203283,4702239.726448362693191],[3775879.803598716389388,4702282.994648673571646],[3775888.390798825304955,4702289.4874487221241],[3775948.695599630009383,4702331.365549008361995],[3775998.598200217820704,4702342.253148974850774],[3776030.354500572662801,4702341.345748870633543],[3776098.855701248161495,4702312.136548336595297],[3776209.096602339763194,4702265.130247475579381],[3776336.121503578033298,4702206.153846438042819],[3776426.555604520253837,4702182.631845903582871],[3776430.794204568024725,4702182.700545888394117],[3776590.171606354415417,4702185.284745432436466],[3776692.222907632123679,4702229.327645618468523],[3776762.562708509620279,4702259.684645743109286],[3776826.001009401865304,4702320.728246234357357],[3776846.732209696434438,4702340.677146393805742],[3776852.735709780361503,4702346.454146444797516],[3776920.586010990198702,4702496.539147915318608],[3776935.248911257833242,4702530.752048253081739],[3776956.730711645912379,4702580.875848748721182],[3777022.058513048104942,4702804.076851045712829],[3777116.420815004501492,4703103.492554105818272],[3777114.606815399602056,4703239.590755634009838],[3777111.478115980047733,4703444.830957931466401],[3777113.792816033121198,4703454.089558026753366],[3777137.60651658475399,4703549.342859021387994],[3777158.159317060373724,4703631.553559875115752],[3777206.2418178524822,4703714.961060657165945],[3777247.077518518548459,4703785.797961326315999],[3777395.878720542415977,4703905.564062212593853],[3777482.981521624606103,4703943.671062382869422],[3777649.928923589643091,4703976.334362240508199],[3777763.786724810022861,4703960.068361712619662],[3777770.370324879419059,4703959.127761686220765],[3777934.827426462899894,4703876.527960268780589],[3778018.300827272236347,4703834.791059550829232],[3778111.328828328754753,4703841.946359355933964],[3778207.02392942039296,4703849.307459150440991],[3778346.751530980225652,4703849.307058731094003],[3778412.847131673246622,4703833.855758357793093],[3778486.478932438418269,4703816.642857948318124],[3778613.503633639309555,4703744.05705675855279],[3778682.459934232290834,4703685.987955902703106],[3778754.138134962879121,4703660.582855409011245],[3778839.426535896025598,4703656.046055102720857],[3778921.032436800654978,4703652.656854817643762],[3779048.110338076483458,4703605.235253908671439],[3779121.813238754402846,4703556.879153150133789],[3779219.593739649280906,4703492.726752144284546],[3779326.863840904086828,4703510.511052021756768],[3779569.820043732412159,4703550.794251741841435],[3779812.055946579668671,4703599.446051569655538],[3779994.446848724968731,4703636.081251432187855],[3780218.976851372048259,4703683.621751295402646],[3780287.015552174299955,4703698.028851255774498],[3780449.876054094173014,4703732.512151155620813],[3780860.032158924732357,4703819.357450907118618],[3781072.345661477651447,4703881.054350967518985],[3781210.258863267488778,4703966.342451510950923],[3781311.879264689050615,4704062.518152282573283],[3781433.460866641253233,4704265.757754188962281],[3781513.433067906182259,4704390.157855339348316],[3781531.452168185729533,4704418.18755560182035],[3781667.550870213657618,4704590.578157119452953],[3781815.444872264750302,4704726.675858198665082],[3782064.05147548019886,4704877.290559141896665],[3782272.131778110284358,4704984.740959728136659],[3782278.785078196786344,4704988.176659747958183],[3782417.907279887236655,4705036.978059882298112],[3782608.444882071577013,4705056.93865954503417],[3782699.177183155436069,4705082.343159559182823],[3782755.431383964605629,4705145.855660101398826],[3782764.504784312099218,4705227.514560983516276],[3782813.500485230237246,4705356.354162273928523],[3782929.637986765708774,4705438.012562841176987],[3783043.960788216907531,4705497.895463169552386],[3783243.572091039735824,4705702.949464874342084],[3783421.407693545799702,4705884.413066364824772],[3783451.928394024726003,4705931.787966809235513],[3783542.989495451096445,4706073.135868113487959],[3783631.907296861056238,4706216.49236944783479],[3783713.566798149142414,4706345.331670640967786],[3783758.785698763560504,4706385.274470951408148],[3783822.445599638391286,4706441.507571392692626],[3783895.173600574955344,4706485.526271670125425],[3784029.315202301833779,4706566.717272179201245],[3784191.682904181070626,4706591.071371977217495],[3784247.072704818565398,4706599.380071910098195],[3784470.2739073545672,4706617.525971460156143],[3784688.031009855214506,4706644.744771124795079],[3784770.855710716918111,4706625.216170673258603],[3784911.232012180611491,4706592.119569892063737],[3785047.330113621428609,4706564.899269195273519],[3785095.905114201828837,4706580.511969225481153],[3785301.38061668118462,4706646.557469364255667],[3785780.447022647131234,4706867.942570434883237],[3786078.049126447178423,4707038.517871467396617],[3786312.13852952606976,4707203.649872623383999],[3786439.163931238930672,4707308.898773427121341],[3786546.228232769295573,4707426.850174427032471],[3786609.826233623083681,4707478.88477482739836],[3786665.995034383609891,4707524.840675169602036],[3786727.692935081664473,4707530.284175053238869],[3786869.81753687094897,4707603.283775456249714],[3786909.931337379384786,4707623.887375565245748],[3786970.994138168171048,4707663.29887583013624],[3787098.657539825420827,4707745.696076376363635],[3787281.633142294362187,4707898.87177755124867],[3787458.335244592279196,4708015.97517834417522],[3787602.624546526931226,4708130.98777920473367],[3787850.4256496662274,4708266.911579999141395],[3788044.902452142443508,4708379.832580693997443],[3788171.417053828481585,4708478.116081418469548],[3788417.126956927590072,4708608.811882168054581],[3788504.759758008178324,4708645.132782323285937],[3788576.054058880545199,4708674.68248244561255],[3788692.112860251218081,4708705.00358244497329],[3788980.690763526130468,4708731.141781913116574],[3789129.301365262828767,4708761.985281828790903],[3789138.11926536867395,4708763.815381832420826],[3789248.357666733674705,4708814.787082076072693],[3789271.974867077544332,4708843.128082323819399],[3789404.225268995855004,4709001.830183706246316],[3789426.362369312439114,4709028.395083936862648],[3789604.569671754259616,4709192.096185247413814],[3789697.690372986253351,4709262.038085752166808],[3789746.470273630227894,4709298.676286019384861],[3789793.213574252091348,4709335.748086299747229],[3789799.888574345037341,4709341.041986336000264],[3789831.929274817463011,4709383.424786715768278],[3789845.751375042833388,4709407.022786939516664],[3789853.300475160591304,4709419.911187062971294],[3789871.009275441989303,4709448.88948732893914],[3789960.527176545932889,4709489.417787527665496],[3790095.308478047605604,4709492.347387178801],[3790225.049679480027407,4709490.409086785279214],[3790416.341481647454202,4709507.786686430685222],[3790483.587382379919291,4709504.314786205999553],[3790550.972883115988225,4709500.835885975509882],[3790674.163884442299604,4709487.645485482178628],[3790791.175085751339793,4709490.835185185074806],[3790966.196687655057758,4709478.344684557057917],[3791082.714188978541642,4709490.831384361721575],[3791245.039490833878517,4709510.704084126278758],[3791342.760391915217042,4709510.723683855496347],[3791466.121593273710459,4709508.873283479362726],[3791552.1322942529805,4709517.463083336129785],[3791658.153295503463596,4709544.993083340115845],[3791771.744596870150417,4709582.783083436079323],[3791903.535998425912112,4709616.8329834388569],[3792051.057600238360465,4709679.77298372797668],[3792165.588901698589325,4709747.653284161351621],[3792270.950203092303127,4709828.993884756229818],[3792360.889904323033988,4709912.666585426777601],[3792407.341704863589257,4709923.14048541802913],[3792407.346904868725687,4709923.141585418954492],[3792449.443505336064845,4709924.936885320581496],[3792545.733106386847794,4709919.633884991519153],[3792644.460907500702888,4709925.43618477601558],[3792648.692507541738451,4709925.684884772635996],[3792753.755108735524118,4709935.773184586316347],[3792871.905410051811486,4709937.51788427401334],[3792919.62661057850346,4709938.222784145735204],[3792990.146211374085397,4709941.846483990550041],[3793090.178412608802319,4709989.952784244902432],[3793211.894914167001843,4710062.823484708555043],[3793242.840214600786567,4710096.113184991292655],[3793273.260715031530708,4710131.453485300764441],[3793290.271015311591327,4710163.153685602359474],[3793304.201115541625768,4710189.983785860240459],[3793316.191415752284229,4710217.844286129809916],[3793331.5142160365358,4710257.995586534962058],[3793331.651416049338877,4710262.694586587138474],[3793335.741916483733803,4710402.835888125002384],[3793346.430116853211075,4710491.061289075762033],[3793347.561316892039031,4710500.399189166724682],[3793347.122817171737552,4710602.54779030289501],[3793337.660617193207145,4710648.357790833339095],[3793325.952917223796248,4710705.038891489617527],[3793315.866017505992204,4710847.026993096806109],[3793315.879817511886358,4710848.118193101137877],[3793317.313717843033373,4710961.66129435878247],[3793350.502718602307141,4711100.895395804196596],[3793367.514818985946476,4711172.26319654751569],[3793394.56582000060007,4711428.325399301014841],[3793419.736520640086383,4711558.056600661948323],[3793448.927121395245194,4711712.877902296371758],[3793464.726322089787573,4711896.817804276011884],[3793469.068422273732722,4711947.370204826816916],[3793481.768522582948208,4712006.32060544192791],[3793521.039223291911185,4712105.131606420502067],[3793572.369823980610818,4712148.38180675636977],[3793666.550725129432976,4712187.211906920187175],[3793699.603925494942814,4712188.003806839697063],[3793825.97192689916119,4712191.000106517225504],[3793826.841326903551817,4712190.988806515932083],[3793922.424827960785478,4712189.743206238374114],[3793988.332928710617125,4712199.771406165324152],[3794057.124629572965205,4712235.091006362810731],[3794093.118630093988031,4712280.828606763854623],[3794119.016430529300123,4712332.544307264499366],[3794150.676131058949977,4712397.822407893836498],[3794202.437132045160979,4712546.703609393909574],[3794249.068133127875626,4712751.965411527082324],[3794247.188333218917251,4712791.745611970312893],[3794240.078633557539433,4712942.207313653081656],[3794186.618533317930996,4713065.848715166561306],[3794093.197732454165816,4713125.719616087153554],[3794047.272532103583217,4713181.891016833484173],[3794027.39763194648549,4713206.200417163781822],[3793995.557531869504601,4713303.671518318355083],[3793932.247731944546103,4713580.544321551918983],[3793927.875732030719519,4713629.223422099836171],[3793915.126832289155573,4713771.173923693597317],[3793890.128232280258089,4713866.277124814689159],[3793861.779532218817621,4713956.624525892548263],[3793844.223732119891793,4713990.290726304985583],[3793765.354031520429999,4714089.008927616290748],[3793719.801831147633493,4714134.180928238667548],[3793719.795331148896366,4714134.187228245660663],[3793718.873431137762964,4714135.094428254291415],[3793599.516730155795813,4714252.531729878857732],[3793567.866629980504513,4714314.952430658973753],[3793546.760530037339777,4714418.654831858351827],[3793545.889030039310455,4714422.936231906525791],[3793545.050030041486025,4714427.243331954814494],[3793531.9569300878793,4714494.464232733473182],[3793536.023030323442072,4714562.031433466821909],[3793538.721230472903699,4714606.866233950480819],[3793539.314330510795116,4714616.72083405777812],[3793570.022930984385312,4714665.131634505465627],[3793654.088932303711772,4714806.616735829971731],[3793713.657033414579928,4714970.5524374647066],[3793760.47083428921178,4715099.389338749460876],[3793769.288634494878352,4715138.220339158549905],[3793790.057634979486465,4715229.681840097531676],[3793792.549735038541257,4715240.656240216456354],[3793775.33053505141288,4715313.30974106118083],[3793719.901434643194079,4715385.142142008058727],[3793623.792133892420679,4715495.660843490622938],[3793576.690633525606245,4715548.823944209143519],[3793549.254333357326686,4715597.179244817234576],[3793482.115632969886065,4715723.066146390512586],[3793405.59943244792521,4715836.64694784488529],[3793397.693232454359531,4715869.639048238284886],[3793353.184232480823994,4716055.371550395153463],[3793314.430132133886218,4716081.616850798949599],[3793246.742031391710043,4716083.233451005071402],[3793158.290730300825089,4716041.429050792008638],[3792990.986328217666596,4715953.349850289523602],[3792835.424526121467352,4715816.479049229063094],[3792724.402724450919777,4715654.26784775685519],[3792580.021222633309662,4715571.527547249570489],[3792449.599921085406095,4715531.527447173371911],[3792364.088819936383516,4715457.777146602980793],[3792282.658518814947456,4715376.464345935732126],[3792259.867518499493599,4715353.706445749849081],[3792166.316517421975732,4715336.356545821763575],[3792060.055716410279274,4715393.227446747943759],[3791968.885215717367828,4715501.69874819740653],[3791922.365015413146466,4715577.878649163991213],[3791901.186515265144408,4715606.60114954225719],[3791814.077214511111379,4715679.682550593279302],[3791733.607813715934753,4715709.940851147286594],[3791724.25161360995844,4715709.960551174357533],[3791627.962612555827945,4715710.161751445382833],[3791560.021911747287959,4715688.971851411275566],[3791518.68131113005802,4715630.851450884714723],[3791471.700610316358507,4715525.920549866743386],[3791446.140109772793949,4715433.999748931266367],[3791388.15910881338641,4715319.858947834],[3791353.275608394760638,4715305.799147779121995],[3791247.627507110126317,4715263.218947611749172],[3791213.956706717610359,4715255.826447622850537],[3791172.39960623672232,4715246.702747639268637],[3791096.086005346849561,4715229.948947668075562],[3791016.455304532777518,4715251.86944813746959],[3790834.754002809524536,4715347.38084970600903],[3790778.823502257466316,4715369.931350109167397],[3790743.511601947247982,4715398.958750531077385],[3790738.654001908376813,4715402.95175058580935],[3790733.796401862520725,4715406.944850641302764],[3790668.132801296189427,4715460.922451421618462],[3790636.823401059024036,4715498.603851931169629],[3790572.6122005735524,4715575.883852957747877],[3790549.420700408052653,4715607.715053372085094],[3790513.265900139231235,4715652.685253968462348],[3790506.354200074449182,4715657.317154039628804],[3790437.791299451608211,4715703.265654738992453],[3790410.139999222476035,4715728.821155100129545],[3790296.100398267619312,4715834.217256586067379],[3790196.649697409942746,4715917.138357776217163],[3790106.178196571301669,4715972.45315864123404],[3790030.527595777064562,4715986.115559006109834],[3789949.177594839595258,4715971.179659070447087],[3789799.935892976820469,4715893.449258640408516],[3789685.485291508957744,4715819.154958149418235],[3789678.409791422542185,4715814.561958120204508],[3789634.262190870940685,4715792.397458002902567],[3789575.680190146435052,4715764.630857865326107],[3789574.855190140195191,4715764.239757861942053],[3789574.030190126504749,4715763.848757862113416],[3789507.782689306419343,4715732.448757703416049],[3789337.460987428668886,4715730.049358162097633],[3789202.779786059632897,4715768.0900589665398],[3789179.769485851749778,4715784.993859215639532],[3789112.30118525121361,4715834.557559954933822],[3789086.74068502895534,4715853.384760230779648],[3789085.932285023387522,4715854.028460247442126],[3788993.408384215086699,4715927.692261317744851],[3788980.232484184205532,4715966.716561779379845],[3788964.098384138196707,4716014.503162357956171],[3788924.468283962924033,4716104.434163454920053],[3788885.158183751162142,4716183.014764434657991],[3788822.907983437180519,4716311.286266017705202],[3788738.768082797527313,4716409.948767341673374],[3788738.627782790455967,4716410.113267345353961],[3788659.947082202881575,4716505.728668618947268],[3788599.636781806591898,4716598.929869814775884],[3788594.525281851179898,4716634.666470226831734],[3788579.966981985606253,4716736.451171380467713],[3788576.225082124117762,4716800.38967209495604],[3788570.917382324114442,4716891.082773104310036],[3788577.797882775776088,4717021.29397451877594],[3788593.868383291643113,4717139.524975769221783],[3788573.568583339918405,4717234.595976866781712],[3788530.728383081499487,4717308.296877805143595],[3788470.128082629758865,4717382.247678785584867],[3788434.271682323422283,4717414.888579246588051],[3788361.527381723280996,4717481.108980177901685],[3788284.816881126258522,4717567.150181343778968],[3788229.65658073220402,4717641.520882315933704],[3788182.716380493715405,4717737.981983508914709],[3788142.6199801703915,4717778.649684069678187],[3788140.933080157730728,4717779.747284090146422],[3788065.105579466558993,4717829.083284843713045],[3788011.611979035660625,4717884.129285603761673],[3787970.248378762044013,4717947.398186415433884],[3787944.162078713998199,4718030.411087404936552],[3787920.832878557965159,4718064.962987845763564],[3787899.490078397095203,4718090.201388185843825],[3787897.488378383684903,4718092.568588216789067],[3787897.271178386174142,4718092.825488223694265],[3787862.914578143507242,4718140.106788834556937],[3787820.232577951159328,4718237.462890025228262],[3787817.93857794161886,4718242.695390090346336],[3787743.194577734917402,4718454.350192622281611],[3787703.95167761715129,4718562.490693922154605],[3787691.504377577453852,4718596.791694330982864],[3787679.750977556221187,4718633.475394766777754],[3787662.264477519318461,4718688.052695415914059],[3787639.401877432595938,4718744.745296102017164],[3787636.250577414873987,4718752.559596197679639],[3787596.061577235348523,4718841.480497282929718],[3787587.938777172472328,4718850.88679741229862],[3787566.541477005463094,4718875.665097741410136],[3787559.887776960618794,4718883.369997845031321],[3787531.218576699029654,4718902.570998144336045],[3787482.203576235100627,4718928.165398558601737],[3787429.54167570034042,4718942.627398870885372],[3787368.152575076557696,4718959.486199232749641],[3787233.63157384423539,4719041.947400528937578],[3787166.051173300482333,4719112.058401487767696],[3787037.620372261852026,4719238.859903240576386],[3786904.35467116208747,4719362.400604980997741],[3786900.535371135920286,4719368.997605065815151],[3786882.429071031976491,4719400.272505454719067],[3786880.33077101688832,4719403.896805507130921],[3786870.660171048250049,4719450.683906042948365],[3786832.866670734714717,4719484.643606523051858],[3786725.802969682961702,4719528.195307311601937],[3786624.182868614327163,4719542.712707764469087],[3786528.006867568008602,4719544.527808060869575],[3786431.830866585485637,4719568.118308600969613],[3786406.613866358529776,4719585.229808853939176],[3786381.020866125822067,4719602.596709121018648],[3786341.098965897690505,4719673.368010017089546],[3786315.694165858440101,4719755.02691097650677],[3786312.065366092137992,4719851.203212036751211],[3786315.462466390803456,4719941.219313014298677],[3786315.57866640156135,4719944.299313046038151],[3786355.617267019115388,4720007.262313623912632],[3786387.854467424564064,4720025.683313731104136],[3786444.53486813697964,4720058.072013922035694],[3786665.524170650634915,4720089.97571362927556],[3786693.280171108432114,4720144.519414149224758],[3786694.150271290913224,4720204.730014801956713],[3786674.700271246489137,4720261.450615478679538],[3786591.839670602232218,4720352.681716714054346],[3786497.30886979168281,4720429.372717823833227],[3786436.588569251354784,4720473.693418483249843],[3786385.09816886484623,4720532.624219277873635],[3786375.183868838474154,4720561.611119626089931],[3786370.703068824484944,4720574.711719781160355],[3786370.039069045335054,4720652.401220632717013],[3786372.798669174779207,4720687.425721001811326],[3786428.669169920496643,4720734.536021358333528],[3786458.963870313484222,4720754.745521493256092],[3786464.822270390577614,4720758.653621520847082],[3786470.215670456178486,4720761.463821532204747],[3786638.704172550234944,4720849.255922007374465],[3786754.841373847797513,4720860.143421789631248],[3786835.258974620141089,4720823.898321161977947],[3786883.680875090416521,4720802.07432078383863],[3786923.602775350213051,4720742.191020010970533],[3786961.218275616876781,4720690.856419339776039],[3786966.17627564817667,4720684.090119255706668],[3787091.885176872834563,4720631.09291831869632],[3787183.866077811922878,4720608.992417809553444],[3787237.817778441123664,4720622.156917799264193],[3787247.684978563338518,4720628.697317838668823],[3787274.82067891350016,4720646.684117955155671],[3787282.067279008682817,4720651.487517989240587],[3787355.51818000106141,4720718.982818516902626],[3787395.934980646707118,4720789.813919171690941],[3787433.669081255793571,4720855.944019788876176],[3787469.219581766985357,4720899.564420160837471],[3787542.800382632296532,4720922.094120193272829],[3787634.884783546440303,4720888.034819561056793],[3787740.002084376290441,4720778.902218064293265],[3787819.520984926726669,4720667.876616616733372],[3787928.886585765518248,4720544.856014966964722],[3787988.631786169949919,4720458.100213846191764],[3788026.854486407712102,4720395.6244130525738],[3788074.104386569932103,4720269.782611543312669],[3788145.683586935978383,4720124.734809754416347],[3788238.584087683353573,4720031.543608465231955],[3788310.369488315656781,4719979.932507692836225],[3788352.874988697469234,4719949.372507237829268],[3788388.507989051751792,4719936.532406996004283],[3788450.776189663913101,4719914.094306569546461],[3788457.551089734770358,4719911.653006521984935],[3788524.806690437253565,4719900.707706212066114],[3788602.777591277379543,4719896.982205953449011],[3788643.307591717224568,4719895.191005813889205],[3788712.15829251287505,4719910.451005782932043],[3788829.080393876414746,4719940.276305777020752],[3788836.991693973075598,4719942.601805777288973],[3788928.260395044460893,4719969.430805810727179],[3788953.470795365516096,4719985.563005918636918],[3788979.760195705574006,4720002.385906019248068],[3789047.371896566357464,4720045.651306308805943],[3789091.642597303260118,4720133.851907147094607],[3789117.848197883460671,4720236.632708192802966],[3789096.673297941684723,4720339.123809371143579],[3789067.533297902904451,4720437.304810528643429],[3789027.35309772239998,4720526.220411616377532],[3789026.893197713419795,4720527.238211628049612],[3788981.018897626083344,4720670.723713329061866],[3788978.994697622954845,4720677.290113402530551],[3788955.387497580144554,4720753.86891430709511],[3788954.61539758509025,4720756.373614335432649],[3788945.143397710286081,4720837.499015250243247],[3788923.223497715778649,4720923.229816250503063],[3788925.043798083439469,4721045.621017582714558],[3788924.494198353029788,4721141.401918628253043],[3788949.154798900708556,4721239.27281962428242],[3788973.105299498420209,4721355.413820823654532],[3788989.640099784824997,4721394.684221209958196],[3789007.395900100003928,4721436.854521619156003],[3789013.836200462188572,4721537.955422698520124],[3788989.176300385035574,4721605.956123513169587],[3788953.736100205220282,4721679.047024417668581],[3788930.773200067691505,4721717.8953248988837],[3788928.30720005556941,4721722.067124959081411],[3788925.841400038450956,4721726.23882501013577],[3788902.21599989477545,4721766.208025516010821],[3788842.142199585214257,4721886.389226995408535],[3788841.64939957857132,4721887.375027009285986],[3788841.320899581536651,4721888.032327014952898],[3788828.875699513591826,4721912.929727327078581],[3788818.965799586847425,4721977.250228051096201],[3788857.666400239802897,4722056.150828803889453],[3788923.898801100440323,4722104.296029137447476],[3788924.261001104488969,4722104.551229137927294],[3789027.80850244127214,4722177.521429638378322],[3789070.9689029478468,4722191.691529674455523],[3789123.649403590708971,4722215.091529776342213],[3789158.709803977515548,4722216.051429682411253],[3789182.745004187338054,4722197.924529419280589],[3789216.80020448891446,4722172.240929046645761],[3789266.280504853930324,4722113.250128258019686],[3789280.322504946961999,4722090.843827973119915],[3789283.748004965949804,4722085.377627907320857],[3789283.750104972161353,4722085.374327905476093],[3789330.93660525791347,4722005.828026900067925],[3789335.322405269835144,4721994.576926765963435],[3789353.650705335661769,4721947.558326203376055],[3789401.698005748912692,4721907.517325630411506],[3789406.929605794139206,4721903.157525562681258],[3789526.592106976546347,4721859.086924747563899],[3789710.903708832338452,4721804.995823628269136],[3789886.725310667417943,4721776.705022820271552],[3789971.024111580569297,4721774.60742256231606],[3789978.715211665723473,4721774.416022534482181],[3790064.527012619655579,4721782.444522377103567],[3790161.698013762477785,4721810.114422401413321],[3790275.979215149302036,4721859.754622618667781],[3790393.700516569893807,4721908.34462281409651],[3790501.61171780526638,4721927.964422721415758],[3790570.791718523018062,4721915.179022386670113],[3790652.742919375188649,4721900.03372199088335],[3790877.844921734184027,4721866.56272098980844],[3791052.786523587070405,4721846.171920270659029],[3791237.718125471845269,4721800.215919246897101],[3791364.512226848863065,4721797.642318859696388],[3791403.624827429186553,4721852.285919353365898],[3791419.100227770861238,4721913.271419962868094],[3791392.206927716732025,4721997.013920953497291],[3791388.343527688644826,4722003.405721035785973],[3791347.88992743846029,4722070.333121879957616],[3791312.458027207758278,4722125.958522582426667],[3791285.66972703486681,4722168.014323121868074],[3791238.669526693411171,4722227.465023898519576],[3791192.119226342532784,4722283.455624644644558],[3791178.301526313181967,4722325.771425145678222],[3791146.239326239097863,4722423.959626303985715],[3791131.699226204771549,4722468.487626833841205],[3791107.639226253144443,4722576.468728079460561],[3791064.689125966280699,4722642.269528915174305],[3791016.458025498781353,4722662.685629274696112],[3790978.838325134012848,4722678.610129553824663],[3790890.307824229355901,4722700.660630044527352],[3790818.767123556230217,4722736.781230643391609],[3790768.474023143295199,4722784.339631308801472],[3790736.016622874885798,4722815.032131732441485],[3790654.715822108555585,4722858.202832433395088],[3790550.805121125653386,4722908.633633277378976],[3790522.959220925811678,4722947.347733774222434],[3790497.76702075637877,4722983.459434241987765],[3790463.692720538470894,4723037.247734920121729],[3790463.540820539928973,4723038.680434935726225],[3790458.65472061606124,4723084.765635455027223],[3790458.947320838458836,4723159.792136268690228],[3790458.976220856886357,4723167.19933635275811],[3790462.489421173464507,4723265.29383741132915],[3790467.89582163374871,4723406.008638929575682],[3790469.996322053018957,4723547.160040460526943],[3790465.446522262878716,4723639.050841472111642],[3790512.347423054277897,4723738.57164242118597],[3790609.52862438512966,4723832.892243175767362],[3790726.861725861206651,4723903.808543613180518],[3790731.96092592831701,4723906.890543632209301],[3790810.235426919069141,4723956.799743956886232],[3790887.091827892232686,4724005.982944266870618],[3790899.155328258872032,4724088.452645132318139],[3790894.45922822970897,4724097.508345247246325],[3790892.277728222310543,4724101.714945295825601],[3790877.592128145508468,4724130.034145645797253],[3790827.261727691628039,4724164.844746164977551],[3790698.130726424045861,4724212.195547048002481],[3790601.389925561379641,4724279.296548048965633],[3790577.64922537561506,4724304.781948401592672],[3790575.807125359773636,4724306.759348421357572],[3790573.965025343000889,4724308.736748445779085],[3790546.04592512268573,4724338.707548857666552],[3790508.579324836377054,4724378.927849400788546],[3790499.70562482252717,4724408.167549745179713],[3790473.230824775993824,4724495.40505076572299],[3790463.879424767568707,4724526.219151123426855],[3790474.389725091401488,4724601.599951917305589],[3790485.420225527603179,4724712.51095309201628],[3790514.530726029071957,4724777.73155372031033],[3790564.895726898685098,4724890.581954802386463],[3790560.89992687990889,4724900.571554920636117],[3790550.811526842880994,4724925.792655223980546],[3790505.985626451671124,4724960.410355727188289],[3790505.376226447988302,4724960.694655732251704],[3790360.300025063566864,4725028.364356882870197],[3790293.779524555429816,4725102.915157876908779],[3790218.413123983889818,4725191.064959051087499],[3790179.023323689121753,4725237.136259661987424],[3790129.27862329268828,4725287.547560354694724],[3790101.606623136438429,4725337.671760977245867],[3790075.628422947600484,4725371.76846141833812],[3790062.837122911587358,4725407.897361846640706],[3790039.539522813633084,4725462.841562511399388],[3790039.405222812667489,4725463.158262518234551],[3790039.51142281666398,4725463.511162519454956],[3790061.288823261391371,4725535.89016324095428],[3790128.169724214356393,4725617.34056393802166],[3790260.001426030881703,4725751.1414650157094],[3790356.832527275662869,4725821.281865501776338],[3790437.953628469258547,4725931.152666463516653],[3790501.194529449567199,4726033.883367400616407],[3790517.965429772622883,4726084.925067908130586],[3790546.715230336412787,4726172.424668772146106],[3790567.606030967552215,4726315.285970268771052],[3790585.346431343350559,4726379.206470906734467],[3790646.607232199516147,4726447.896871481090784],[3790696.677832799032331,4726466.99387154635042],[3790788.608733895700425,4726502.056971659883857],[3790920.740035382565111,4726522.796771519817412],[3791027.931036563590169,4726526.626471251249313],[3791121.112137732096016,4726583.986671612598002],[3791125.525837876368314,4726618.500771975144744],[3791129.492438008077443,4726649.517272302880883],[3791127.432638344820589,4726775.938373676501215],[3791118.8763383529149,4726811.557974095456302],[3791088.392838377971202,4726938.460075544193387],[3791020.392437947448343,4727046.611376915127039],[3790974.288237564731389,4727086.901777475140989],[3790971.141337540000677,4727089.651877517811954],[3790928.589137171395123,4727123.841878016479313],[3790856.696836507413536,4727162.695678634569049],[3790856.684036506339908,4727162.702578635886312],[3790755.210435441695154,4727174.983479055576026],[3790632.009133958723396,4727123.993378850631416],[3790570.72843309585005,4727053.322978260926902],[3790479.077231851872057,4726966.322377576492727],[3790375.505130516830832,4726890.922777051106095],[3790370.140430450439453,4726887.017277030274272],[3790283.89782943809405,4726860.46377698238939],[3790200.594228549860418,4726864.822177267633379],[3790133.669927914161235,4726896.646877804771066],[3790073.982127342373133,4726925.030278278514743],[3790065.47262726444751,4726929.076778347603977],[3790030.727326970081776,4726958.833378764800727],[3789977.152526538819075,4727011.334379489533603],[3789912.761526026763022,4727074.665480362251401],[3789891.522125856019557,4727095.555480647832155],[3789808.271625176537782,4727174.30648173391819],[3789746.897724693175405,4727239.113482610322535],[3789738.699424632359296,4727247.770482728257775],[3789637.090423720423132,4727316.078283761627972],[3789587.028723262716085,4727343.776284205727279],[3789521.030422662384808,4727384.036684826016426],[3789513.181322598364204,4727392.124084933660924],[3789472.732822279445827,4727433.800085511058569],[3789439.89892201544717,4727467.630285964347422],[3789372.088721629697829,4727589.101887475699186],[3789374.279222057200968,4727731.154389010742307],[3789354.804422094952315,4727817.591989998705685],[3789352.929522087331861,4727821.700190043076873],[3789325.59922195924446,4727881.584690774790943],[3789302.070621761959046,4727901.687191061675549],[3789251.498721342533827,4727944.89539167098701],[3789164.592920505441725,4727981.373992319218814],[3789125.897720130160451,4727997.616392599418759],[3789064.894019471481442,4727996.925692770630121],[3789057.865519390441477,4727996.846192787401378],[3789018.076218963135034,4727996.416792898438871],[3788896.275517639238387,4727995.117093231528997],[3788868.081517357844859,4728002.613293396309018],[3788830.781716980505735,4728012.530493608675897],[3788784.154416509438306,4728024.927693876437843],[3788634.533315072767437,4728089.358795000240207],[3788469.502013449557126,4728146.619796093553305],[3788447.710913271643221,4728165.216696357354522],[3788447.379413268528879,4728165.499596358276904],[3788447.047813262790442,4728165.78259636554867],[3788392.961412806995213,4728211.940597019158304],[3788347.168312354478985,4728226.675297311507165],[3788331.921112280339003,4728257.78139768820256],[3788302.232812002301216,4728272.256097932346165],[3788180.469810850918293,4728331.622598923742771],[3788051.648909654933959,4728400.683600038290024],[3788033.731009558774531,4728433.72350045107305],[3788026.778909639921039,4728488.444501057267189],[3788033.843609809875488,4728520.984301396645606],[3788044.835210073273629,4728571.611601907759905],[3788054.879510319326073,4728617.875602377578616],[3788004.456509978510439,4728689.070003295317292],[3788002.981409964617342,4728691.153003322891891],[3788002.395809965208173,4728691.979903330095112],[3787967.354509636759758,4728711.727103647775948],[3787928.688709275797009,4728730.8371039647609],[3787843.94410840049386,4728744.584804359823465],[3787797.794607917778194,4728752.071604572236538],[3787786.156007797457278,4728753.959704630076885],[3787723.472607157193124,4728766.2297049369663],[3787635.716106261126697,4728784.07850538007915],[3787517.91510512214154,4728830.759306226857007],[3787308.703603168018162,4728939.031008003279567],[3787178.906301940325648,4728998.871409023180604],[3787110.536501275841147,4729025.193709505721927],[3787026.461300461553037,4729057.563010096549988],[3786895.450399334076792,4729159.774511579424143],[3786850.72039932012558,4729321.26601345371455],[3786844.341499551665038,4729425.084214600734413],[3786843.688599572982639,4729435.710714715532959],[3786839.163399742450565,4729509.653315523639321],[3786909.422201146371663,4729732.729917729273438],[3786984.940702373161912,4729875.183019055984914],[3786999.173602597787976,4729902.031219297088683],[3787003.884102998767048,4730022.412220587953925],[3786987.907702933531255,4730060.800521050579846],[3786946.286802775226533,4730160.808322246186435],[3786927.544102707412094,4730205.844222789630294],[3786882.654202725738287,4730382.15592482779175],[3786877.111102805007249,4730430.049625355750322],[3786850.854503175709397,4730656.918827880173922],[3786876.325203742366284,4730756.579628882929683],[3786955.936204742174596,4730805.139829175546765],[3787202.472307617776096,4730879.714829267933965],[3787262.719308321829885,4730897.939729291014373],[3787292.854408698622137,4730916.343629403971136],[3787304.166508834343404,4730923.252129443921149],[3787315.478508982341737,4730930.160629483871162],[3787413.95081021822989,4730990.300029852427542],[3787436.181510829832405,4731121.641231203451753],[3787402.575110601261258,4731167.115631794556975],[3787309.630809773690999,4731226.482732702046633],[3787233.230109067633748,4731268.603333379141986],[3787227.725009094923735,4731297.351533699780703],[3787213.740209158975631,4731373.084234562702477],[3787259.450009792111814,4731422.721934959292412],[3787335.781910908408463,4731524.315435836091638],[3787347.320711239241064,4731595.625536572188139],[3787343.872411414049566,4731667.886637357063591],[3787370.621411815285683,4731708.05063771083951],[3787373.607211858499795,4731712.533937754109502],[3787510.99251363100484,4731812.670138440094888],[3787669.127115657087415,4731925.218539196997881],[3787717.813716280739754,4731959.870639430359006],[3787736.571816585026681,4731994.082239747978747],[3787748.024316921830177,4732068.323340508155525],[3787739.779616937972605,4732104.714840927161276],[3787739.143616939894855,4732107.522240955382586],[3787638.777016147971153,4732210.570942360907793],[3787587.168115721084177,4732253.839842973276973],[3787473.18931477656588,4732351.513044348917902],[3787467.072714732494205,4732358.753444449976087],[3787433.938914488535374,4732397.974444963037968],[3787371.585314027033746,4732471.784245942719281],[3787277.654713372699916,4732596.625747551210225],[3787216.747912864200771,4732645.895248259417713],[3787158.679312319960445,4732675.837048748508096],[3787117.273011912591755,4732686.925548986531794],[3787066.456611378118396,4732693.726449206471443],[3787031.549011069349945,4732716.779449556954205],[3786957.582210315857083,4732730.397949919104576],[3786836.341409291140735,4732827.94945131894201],[3786795.532008988317102,4732874.734751940704882],[3786790.666608951054513,4732880.31255201343447],[3786770.700908840633929,4732916.840352464467287],[3786765.921008872799575,4732945.590652786195278],[3786774.851609102915972,4732991.311153253540397],[3786839.425809788983315,4732989.07325304299593],[3786883.019210254773498,4732987.562552900984883],[3786883.76201038621366,4733028.785853338427842],[3786910.074710983317345,4733138.57185444701463],[3786960.88501177309081,4733222.952455205842853],[3786978.124412276782095,4733333.64575634803623],[3786951.812412316910923,4733445.246457623317838],[3786886.663511871825904,4733534.253858770243824],[3786875.953211784362793,4733543.417258895002306],[3786815.714611284900457,4733594.954859632067382],[3786651.489609678275883,4733650.302060696296394],[3786410.142407357227057,4733744.664162406697869],[3786195.107405317481607,4733837.211664027534425],[3786127.380204707849771,4733878.644764668308198],[3786055.983304069377482,4733922.323465346358716],[3786048.423203996848315,4733926.948465419001877],[3785944.889303201343864,4734036.298566894605756],[3785939.647203178144991,4734047.569067029282451],[3785913.838603060226887,4734103.057967698201537],[3785899.321803177241236,4734194.697268726304173],[3785901.136803544126451,4734315.371170016936958],[3785931.078704146668315,4734412.454570975154638],[3785976.445004847366363,4734485.040071620605886],[3786014.552605380304158,4734529.49867198895663],[3786034.51390572451055,4734573.957372406497598],[3786041.772605961188674,4734629.304072979837656],[3786028.162906028330326,4734700.982373787090182],[3786013.90660597011447,4734734.454574191011488],[3785985.439505648799241,4734729.708874219097197],[3785943.369005168788135,4734720.210074240341783],[3785927.338805096689612,4734753.660574649460614],[3785870.888704853132367,4734877.901976142078638],[3785815.688904592301697,4734991.74297752417624],[3785745.178204164840281,4735105.934478956274688],[3785684.935603838879615,4735216.761080323718488],[3785683.531803834717721,4735219.343480354174972],[3785640.223603475373238,4735255.86008087079972],[3785575.819202748127282,4735243.026580919511616],[3785519.985702081117779,4735221.74148085154593],[3785432.571701044216752,4735186.214580722153187],[3785424.257400943432003,4735182.5730807101354],[3785399.527600646018982,4735171.741980671882629],[3785355.379000114742666,4735151.269080576486886],[3785304.714299508370459,4735130.215880502946675],[3785232.933498715981841,4735122.466080621816218],[3785189.18319827504456,4735131.356480851769447],[3785162.062798048369586,4735155.176781179383397],[3785088.402697504032403,4735238.817582288756967],[3785004.372196972370148,4735366.648983909748495],[3784942.951996737159789,4735511.240785636939108],[3784847.461696201004088,4735678.342487713322043],[3784768.791095651686192,4735780.863789041526616],[3784704.770895181689411,4735854.414790015667677],[3784650.960594734642655,4735899.085490652360022],[3784626.271194519009441,4735914.354290884919465],[3784556.479593893513083,4735957.516091551631689],[3784476.978893110062927,4735980.056592027656734],[3784417.228492471389472,4735980.426792201586068],[3784301.907291132956743,4735947.476692183874547],[3784226.055390228051692,4735914.93569206725806],[3784218.795690140686929,4735911.821192050352693],[3784211.535890053026378,4735908.706692036241293],[3784091.955088623333722,4735857.406491837464273],[3784060.516488244757056,4735844.545891791582108],[3783990.775987399742007,4735809.735891626216471],[3783949.048586933873594,4735805.170791694894433],[3783815.442285406868905,4735771.80659172963351],[3783700.071084128692746,4735758.607091926969588],[3783579.590082840062678,4735759.357392286881804],[3783442.478781394660473,4735767.397892776876688],[3783349.227780404966325,4735771.478093089535832],[3783271.217179633677006,4735793.978893562220037],[3783218.926779211498797,4735840.58929421659559],[3783185.3187789702788,4735882.054394756443799],[3783068.065878141671419,4736026.721696654334664],[3783032.089077883400023,4736070.568697230890393],[3783000.775577665306628,4736108.732497733086348],[3782923.647977195680141,4736229.902699259109795],[3782896.804977029561996,4736272.074199785478413],[3782813.22457643551752,4736376.185801149345934],[3782781.024576211813837,4736415.926101669669151],[3782759.502176163718104,4736477.378202392719686],[3782782.234876637812704,4736556.637503173202276],[3782830.495677398517728,4736638.018003904260695],[3782912.446878716349602,4736789.759305289015174],[3782931.577279034536332,4736827.839605640619993],[3782949.117479323409498,4736861.029605943709612],[3782962.597679551225156,4736889.370106210932136],[3782987.828279954381287,4736934.720106617547572],[3783026.068580519873649,4736988.180807078257203],[3783060.48888099566102,4737024.940707369707525],[3783091.158881422132254,4737057.506507629528642],[3783091.759181429632008,4737058.143907632678747],[3783122.774581800214946,4737071.436207685619593],[3783155.499782165046781,4737077.111007648520172],[3783188.13038252433762,4737078.846207574009895],[3783230.015782946255058,4737070.627007364295423],[3783312.443783914670348,4737101.537007450126112],[3783368.697884631343186,4737139.644307693466544],[3783387.709284919779748,4737168.892707953229547],[3783375.672584899235517,4737203.991508355364203],[3783360.882684867829084,4737248.772008884698153],[3783337.937984898220748,4737341.463209942914546],[3783315.324684859253466,4737411.28691076207906],[3783275.28008462395519,4737478.359511589631438],[3783274.407384620513767,4737479.551011605188251],[3783200.968584130052477,4737579.783812898211181],[3783171.730183918960392,4737613.456513343378901],[3783144.89538373472169,4737650.371813814155757],[3783138.815383696462959,4737658.735713924281299],[3783107.391083519440144,4737713.072514593601227],[3783102.017383584752679,4737754.9882150599733],[3783095.970183660276234,4737803.122015589848161],[3783100.098383974283934,4737894.202016554772854],[3783096.355384188704193,4737980.893617492169142],[3783075.892684133723378,4738035.000118131749332],[3783056.534284057561308,4738080.008718671277165],[3783040.382283981889486,4738113.586319077759981],[3783027.702083967626095,4738153.621919544413686],[3783024.796184038743377,4738188.703619925305247],[3782978.255683830473572,4738287.095321116037667],[3782964.155883769039065,4738316.903421472758055],[3782960.646383752580732,4738325.530921578407288],[3782924.114383629057556,4738415.339922645129263],[3782914.087283602915704,4738444.661622988060117],[3782912.716083605308086,4738448.67142303660512],[3782916.855983780231327,4738493.369823498651385],[3782920.040883996989578,4738555.472824149765074],[3782920.26318401331082,4738559.80682420078665],[3782946.599984409753233,4738598.501624535769224],[3783002.14468510216102,4738633.096924738027155],[3783046.180785630363971,4738652.554624817334116],[3783080.174286039080471,4738667.574924881570041],[3783223.531387735623866,4738725.643025079742074],[3783356.163789422251284,4738815.235125646926463],[3783358.350589444860816,4738816.712325654923916],[3783546.538391789421439,4738928.882126300595701],[3783752.871694278903306,4739028.226926761679351],[3783759.944894367363304,4739031.632426774129272],[3783949.00939666479826,4739128.13242725096643],[3784002.921897321939468,4739155.711027382872999],[3784162.610899357125163,4739267.311128107830882],[3784223.85700017772615,4739323.979728535749018],[3784420.222802805714309,4739505.673529900610447],[3784478.359703584108502,4739559.467530304566026],[3784601.756005308590829,4739701.009331452660263],[3784690.673906749114394,4739867.956132978200912],[3784724.566207348834723,4739951.556233768351376],[3784745.113707715179771,4740002.239634245634079],[3784844.919609387870878,4740210.923336180858314],[3784906.617910384200513,4740325.245637224987149],[3784982.635111453011632,4740413.931637943722308],[3785015.496811913792044,4740452.270338254980743],[3785198.776514504570514,4740670.027040050365031],[3785246.427515258081257,4740756.793540828861296],[3785252.640015363693237,4740768.105940931476653],[3785258.852615462616086,4740779.418341036885977],[3785320.358416437637061,4740891.412942050024867],[3785382.160717508755624,4741031.01234335731715],[3785397.481117772404104,4741065.618543683551252],[3785509.98961945110932,4741232.56544512975961],[3785585.680320634506643,4741361.732046284712851],[3785588.793720679823309,4741367.045046331360936],[3785623.405521274544299,4741444.878247059881687],[3785620.684021670836955,4741589.142248600721359],[3785597.094122008420527,4741792.3824508395046],[3785607.982822716701776,4741995.622452969662845],[3785653.349423795007169,4742200.677055017091334],[3785740.453125446103513,4742451.097557430155575],[3785862.034827395807952,4742676.112759468145669],[3785924.556828406173736,4742795.201460551470518],[3785931.326928512658924,4742808.096660669893026],[3785932.75762854097411,4742810.821760690771043],[3786094.272030590567738,4742926.742161461152136],[3786134.232231091242284,4742953.752361628226936],[3786220.498732184991241,4743013.594562012702227],[3786335.658033639192581,4743093.479362527839839],[3786493.784235714469105,4743231.106463531032205],[3786531.640036215540022,4743264.0551637718454],[3786641.426537920720875,4743450.962965435348451],[3786704.939238836523145,4743534.436366138979793],[3786821.984040354378521,4743630.612166819162667],[3786921.789641636889428,4743706.826767344027758],[3786958.082542151678354,4743753.100167727097869],[3786992.220842729788274,4743827.204168418422341],[3786993.75204275501892,4743830.527868448756635],[3787027.41954343020916,4743939.210169507190585],[3787027.590443428605795,4743939.816069507971406],[3787030.350543486420065,4743949.601669603958726],[3787054.259543986991048,4744034.369470437988639],[3787139.548745797947049,4744348.302573515102267],[3787184.040346686728299,4744492.688574922271073],[3787186.294646729249507,4744500.004174995236099],[3787216.672047405038029,4744621.405976194888353],[3787243.835747885052115,4744688.128576821647584],[3787354.389249083120376,4744695.617576585151255],[3787392.440049508586526,4744704.91857657302171],[3787447.637250132858753,4744718.410976553335786],[3787545.029451336245984,4744777.467676897533238],[3787569.684551640879363,4744791.449176981113851],[3787784.365554260555655,4744913.194177646189928],[3787942.887056197039783,4745000.22497811820358],[3788125.238358345814049,4745077.930778418667614],[3788307.589560379739851,4745113.157078264281154],[3788462.484562146943063,4745156.154178275726736],[3788408.09066217020154,4745364.92558064404875],[3788370.719362064730376,4745465.239081815816462],[3788369.719562058802694,4745467.922781843692064],[3788325.490461938548833,4745588.020283246412873],[3788307.080361880827695,4745638.023883822374046],[3788284.797461821697652,4745698.545684526674449],[3788254.865061779506505,4745795.386185639537871],[3788192.134361704811454,4745998.341787968762219],[3788179.11766168801114,4746040.454288451001048],[3788139.279761541634798,4746138.058589603751898],[3788138.477261545136571,4746140.024689624086022],[3788040.28306085569784,4746262.176991198211908],[3787841.079859207384288,4746423.515393477864563],[3787778.219958689063787,4746473.676994187757373],[3787689.976257960312068,4746543.912395187653601],[3787685.369257920887321,4746547.579295238479972],[3787654.309357665479183,4746573.014795598573983],[3787583.924157085828483,4746630.936296410858631],[3787582.611257076729089,4746632.01669642329216],[3787499.447656438685954,4746714.94829754345119],[3787455.932256187312305,4746787.474498433992267],[3787406.2005560467951,4746922.165700002573431],[3787358.541055876296014,4747036.135201342403889],[3787307.411755425855517,4747069.359301837161183],[3787268.39705509133637,4747094.76460222620517],[3787189.460154336877167,4747123.799002757295966],[3787124.133253787178546,4747171.887303453870118],[3787052.455053250771016,4747248.102504465728998],[3786954.813552432693541,4747320.829005519859493],[3786920.893852143082768,4747346.093705880455673],[3786875.52795183705166,4747406.430706649087369],[3786869.176851901691407,4747451.343007146380842],[3786881.879252137150615,4747486.728607479482889],[3786903.655252477619797,4747524.836107820272446],[3786955.372653182595968,4747580.182608255185187],[3786994.387653730344027,4747626.455808633938432],[3787017.070954132825136,4747681.802309148944914],[3787007.090554191265255,4747739.870809791609645],[3786986.95735405664891,4747765.876510126516223],[3786986.13615405280143,4747766.937310140579939],[3786992.613354209810495,4747799.831010464578867],[3786992.653054213151336,4747799.907910471782088],[3787049.735255132429302,4747910.447211474180222],[3787139.560256324708462,4747993.920612090267241],[3787290.176158351823688,4748144.535613248124719],[3787333.678558847866952,4748158.86381327919662],[3787380.30245940387249,4748179.58531335927546],[3787449.720060164574534,4748189.946013260632753],[3787523.934160987380892,4748205.300413209013641],[3787528.530061045195907,4748206.251213213428855],[3787530.774661068804562,4748206.715613207779825],[3787637.251962304580957,4748246.930113334208727],[3787707.705863147974014,4748281.120813485234976],[3787776.087764,4748324.636213748715818],[3787842.915364843327552,4748374.36811407841742],[3787894.719865575898439,4748439.64141461905092],[3787954.587766587734222,4748569.651815814897418],[3787959.362966662738472,4748580.021715912036598],[3787987.896367109846324,4748631.238916374742985],[3788031.483967762440443,4748698.144416951574385],[3788074.999668422155082,4748766.007717544212937],[3788110.045868952292949,4748822.002218032255769],[3788110.384068951942027,4748822.568018035963178],[3788135.093069330323488,4748863.917618402279913],[3788127.310669431928545,4748926.679619085043669],[3788119.034069540910423,4748993.428419813513756],[3788083.808970686048269,4749521.832325484603643],[3788049.619671838823706,4750048.163931127637625],[3788052.673972312361002,4750200.859732723794878],[3788053.764672480989248,4750255.38123329449445],[3788076.558672950137407,4750335.159734067507088],[3788103.597073365002871,4750382.659734494052827],[3788121.168473683763295,4750428.532634920440614],[3788167.649074427317828,4750517.373435721732676],[3788223.240175295621157,4750615.89403660595417],[3788261.780575950630009,4750703.444937412627041],[3788326.161176778841764,4750753.845237758010626],[3788456.562378394417465,4750840.295538293197751],[3788524.861679229419678,4750880.851838517934084],[3788676.454681320115924,4751053.165139897726476],[3788738.619982077274472,4751090.464140109717846],[3788785.862482573371381,4751090.464139976538718],[3788796.500082690734416,4751090.464039948768914],[3788993.496984660159796,4751055.236439011991024],[3789261.84288723487407,4750969.240437345579267],[3789432.796788844279945,4750902.93043615296483],[3789696.998191217426211,4750762.022033920511603],[3789828.58089237427339,4750682.242932705208659],[3789856.337292616255581,4750663.439932428300381],[3789892.818092925008386,4750638.727032067254186],[3789919.756093079224229,4750593.139231510460377],[3789950.838493212126195,4750524.757630698382854],[3789988.137093174271286,4750372.452628986909986],[3790008.858392971102148,4750225.328427380882204],[3790021.304792858660221,4750141.595926464535296],[3790031.651692769490182,4750071.98782570566982],[3790037.817592739127576,4750038.477425334043801],[3790054.520392657257617,4749946.135224310681224],[3790054.444992478936911,4749884.456123669631779],[3790015.710491569712758,4749708.077921916730702],[3790015.311591548379511,4749702.65362186357379],[3790010.92869133176282,4749643.048421242274344],[3790021.289291159715503,4749543.584020171314478],[3790040.355990872718394,4749373.307418319396675],[3790040.773690843954682,4749361.551718194037676],[3790047.190290400758386,4749180.953916276805103],[3790082.692890430800617,4749060.171614899300039],[3790082.968990426044911,4749059.57541489135474],[3790101.064390511251986,4749020.505914427340031],[3790103.158490518573672,4749015.984514377079904],[3790105.252590526361018,4749011.463014321401715],[3790128.004190623760223,4748962.33951373770833],[3790217.107391313184053,4748873.236012549139559],[3790355.94269255688414,4748796.565211344510317],[3790538.975394180975854,4748688.040609679184854],[3790590.097494630143046,4748657.728909212164581],[3790774.520496287383139,4748556.191907621920109],[3790873.984697211533785,4748510.60380685236305],[3790955.714198021218181,4748493.576606446877122],[3790964.581498112995178,4748491.729206400923431],[3791050.119199066888541,4748510.60340635292232],[3791095.706899555400014,4748512.675306252203882],[3791259.408201055135578,4748431.860204931348562],[3791410.676502455025911,4748363.478103785775602],[3791556.949503894895315,4748326.631902979686856],[3791566.459103989414871,4748325.013202937319875],[3791644.831804777029902,4748311.672902572900057],[3791750.512505908031017,4748315.817002320662141],[3791945.296507834922522,4748272.30070131085813],[3792098.730809287168086,4748211.085500235669315],[3792134.432609619107097,4748196.841699979268014],[3792139.846709669101983,4748194.681699944660068],[3792341.080811589956284,4748123.10319862049073],[3792461.266612783074379,4748096.16459799837321],[3792552.442113670054823,4748067.153997430577874],[3792690.100515086669475,4748054.818896917626262],[3792686.133015476167202,4748208.627098551951349],[3792685.132315480615944,4748215.409898621030152],[3792652.338515762705356,4748437.68270105868578],[3792651.08691577706486,4748446.166201157495379],[3792631.332016380038112,4748735.058304256759584],[3792622.898416650015861,4748862.867605632171035],[3792599.069016890600324,4749039.002307548187673],[3792551.409416811075062,4749188.198709260672331],[3792528.493616972584277,4749330.471610823646188],[3792527.518816974479705,4749336.523510885424912],[3792502.714016838464886,4749379.874711412005126],[3792467.96831653919071,4749404.111011770553887],[3792378.347215769346803,4749466.625212679617107],[3792334.868515399750322,4749496.953013122081757],[3792084.136313283350319,4749684.485215804539621],[3792090.353113527875394,4749746.650316439568996],[3792146.108014454133809,4749866.41921754181385],[3792146.205114453565329,4749866.627817546948791],[3792170.662815022282302,4749977.563918650150299],[3792214.684716049116105,4750177.661820631474257],[3792256.12921735458076,4750486.415223762392998],[3792265.754717837553471,4750621.514025154523551],[3792285.140718729700893,4750865.622427666559815],[3792291.357719267718494,4751033.468329412862659],[3792284.206219382584095,4751098.855130120180547],[3792276.852919490076602,4751166.087230851873755],[3792260.276119745336473,4751317.355832486413419],[3792272.709520200733095,4751433.397433669306338],[3792289.287120699416846,4751547.366834822110832],[3792307.937521511223167,4751767.01703708153218],[3792317.116721887607127,4751865.825738085433841],[3792343.165422949474305,4752146.22434096224606],[3792357.966023657470942,4752342.659442983567715],[3792365.960324040614069,4752448.761144072748721],[3792390.826524570118636,4752544.08094499912113],[3792515.157025915104896,4752558.585844806395471],[3792662.281427574343979,4752597.956644801422954],[3792714.792328170500696,4752614.811944832094014],[3792830.12742948718369,4752651.83254489582032],[3792983.468331326264888,4752734.719045339152217],[3793074.644032487180084,4752807.244745841249824],[3793107.284132934175432,4752843.692446132190526],[3793198.974834178108722,4752946.079846946522593],[3793362.677036513574421,4753165.729548788629472],[3793507.534338546916842,4753350.028950314968824],[3793512.520338620524853,4753357.15945037920028],[3793598.905639868229628,4753480.698751427233219],[3793666.251440834254026,4753571.873952198773623],[3793697.334241348784417,4753639.219752819277346],[3793717.020141823682934,4753736.611553781665862],[3793737.742742814123631,4754011.174356600269675],[3793750.467443211935461,4754106.843057565391064],[3793765.876443707384169,4754225.229158760979772],[3793765.199843849986792,4754279.520559333264828],[3793705.779743451625109,4754358.177860322408378],[3793659.001443120185286,4754415.247961054556072],[3793576.115042578428984,4754531.289862500503659],[3793474.384742000605911,4754705.816364606842399],[3793393.764841548167169,4754846.260566304437816],[3793353.132541313301772,4754912.839067112654448],[3793329.641841175965965,4754951.33016758132726],[3793307.770241046324372,4754987.168468022719026],[3793374.080242169089615,4755139.472869428806007],[3793509.285944316070527,4755402.890871800482273],[3793512.908044373150915,4755408.324071850627661],[3793553.323944963980466,4755468.947472367435694],[3793564.721045163460076,4755496.921872625127435],[3793539.855145069770515,4755557.014973320998251],[3793490.123144670855254,4755600.530573919415474],[3793427.95814422564581,4755673.056974860839546],[3793410.344744119793177,4755699.995275180786848],[3793368.407443711534142,4755712.279075428843498],[3793315.025143157690763,4755712.428575581870973],[3793214.750442081131041,4755702.843775765039027],[3793165.958341559395194,4755697.629575844854116],[3793153.719741425011307,4755695.634175859391689],[3793078.797340610995889,4755683.418875942006707],[3792960.683739407919347,4755694.816176393069327],[3792856.039238417055458,4755732.115577075630426],[3792802.162637908011675,4755750.765177421271801],[3792752.643237410578877,4755757.987077631987631],[3792752.537037407048047,4755758.002577636390924],[3792679.904636634979397,4755752.837877785786986],[3792556.610235228668898,4755710.358577691949904],[3792432.279933823272586,4755674.096177658997476],[3792350.259232908952981,4755653.886577680706978],[3792349.707232902292162,4755653.750477680005133],[3792230.899031579494476,4755625.420077722519636],[3792196.052231191657484,4755617.112077730707824],[3792019.917529248632491,4755580.84957785345614],[3791957.705628586933017,4755575.219677967950702],[3791790.942426800727844,4755560.128678280860186],[3791606.519324932713062,4755581.886879030615091],[3791563.768124477006495,4755578.128779110498726],[3791515.006423951592296,4755573.842279206030071],[3791513.620623939204961,4755573.720379203557968],[3791440.74542313022539,4755558.05767924617976],[3791361.698522191960365,4755517.318279050290585],[3791306.054121528286487,4755488.640178906731308],[3791255.647620945237577,4755467.446778825484216],[3791211.947920431848615,4755449.552978763356805],[3791209.017320404294878,4755448.800578761845827],[3791138.207919612992555,4755430.619878776371479],[3791097.145919181872159,4755429.56707888096571],[3791046.059518636669964,4755426.576978995464742],[3791034.725718509405851,4755424.605879002250731],[3791009.733418239280581,4755420.259479030966759],[3790972.434317760635167,4755390.21307882014662],[3790942.387617301661521,4755339.444978374056518],[3790896.96971649536863,4755221.53437726944685],[3790892.740116415079683,4755210.553877172060311],[3790873.987016066908836,4755154.327476633712649],[3790861.572015821468085,4755115.65067627094686],[3790834.633915449958295,4755082.496175996027887],[3790786.479214882012457,4755061.012975908815861],[3790637.777413270436227,4755040.017176110297441],[3790457.498611428309232,4755056.595176797360182],[3790239.107709184288979,4755071.058877569623291],[3790144.60070821410045,4755077.317877903580666],[3790078.632907588966191,4755099.307278321124613],[3789970.538506564684212,4755135.339079006575048],[3789921.890306099783629,4755152.456279325298965],[3789851.782305441331118,4755177.124079784378409],[3789840.251805330161005,4755181.181179855018854],[3789746.110204427503049,4755209.248580419458449],[3789707.013303930871189,4755178.782580212689936],[3789660.313103556167334,4755218.506780764088035],[3789622.373103264719248,4755256.964981274679303],[3789573.892802710644901,4755238.348281216807663],[3789539.15930222067982,4755195.408980865962803],[3789528.722102001309395,4755157.705280503258109],[3789499.716101632453501,4755133.602780332788825],[3789459.985401189420372,4755124.622880354523659],[3789412.143100740853697,4755141.919480670243502],[3789377.204700379632413,4755143.515580788254738],[3789360.894700200296938,4755141.306480811908841],[3789302.191199568565935,4755133.355480895377696],[3789271.912599254399538,4755134.401480989530683],[3789220.323898714035749,4755135.347681153565645],[3789212.466698635835201,4755135.491781173273921],[3789189.167198448441923,4755156.376381454989314],[3789185.207498420961201,4755159.925681506283581],[3789131.309298080857843,4755239.986382498405874],[3789064.491997803095728,4755386.52948421984911],[3789005.473197137471288,4755368.646984208375216],[3788931.641396263148636,4755332.756584041751921],[3788902.514495944604278,4755328.525284085422754],[3788850.238995210267603,4755263.081383544951677],[3788810.640894679352641,4755221.855983224697411],[3788765.571194223128259,4755228.072483421303332],[3788739.669194091111422,4755274.696583984419703],[3788726.200394162908196,4755349.294684802182019],[3788757.28299458604306,4755384.521485080942512],[3788784.221295036375523,4755443.578385620377958],[3788793.546195277478546,4755493.31038611754775],[3788800.798995525576174,4755552.367186708375812],[3788816.340495792217553,4755590.702587062492967],[3788842.135196177754551,4755629.810187397524714],[3788845.297296226490289,4755634.604187442921102],[3788862.964496518019587,4755672.035087785683572],[3788866.072896706871688,4755728.50178836286068],[3788855.712296764366329,4755784.450388977304101],[3788841.689796754624695,4755832.653689521364868],[3788840.41249675443396,4755837.044389569200575],[3788840.983496885281056,4755882.346690041013062],[3788861.92929724836722,4755930.538490487262607],[3788878.506797514855862,4755962.656990775838494],[3788902.336897920351475,4756017.569391281343997],[3788915.806298262439668,4756089.059291992336512],[3788915.806598556227982,4756192.667993074283004],[3788909.590198633726686,4756241.363993601873517],[3788882.65219849999994,4756293.168494219891727],[3788877.47169853374362,4756324.250994555652142],[3788871.255398673005402,4756393.668795299716294],[3788876.435998866800219,4756444.436995817348361],[3788893.522399225272238,4756506.51929641328752],[3788895.392199265304953,4756513.312896483577788],[3788895.37789926957339,4756515.956396505236626],[3788895.086099421139807,4756569.80319707095623],[3788870.219999358523637,4756638.184997853823006],[3788839.868999115657061,4756662.299598190933466],[3788794.586198741570115,4756698.278198694810271],[3788723.096398101188242,4756734.54149928316474],[3788662.724097540602088,4756758.54509970638901],[3788630.222897223196924,4756765.360699870623648],[3788471.261495577637106,4756770.951300385408103],[3788401.000794829800725,4756766.621400540694594],[3788250.379293265286833,4756769.552001002244651],[3788149.018492262810469,4756787.662601486779749],[3788053.387591351754963,4756818.983302081003785],[3787953.456990359351039,4756835.083502545021474],[3787938.492390273138881,4756860.580202851444483],[3787843.460289551410824,4756954.194404103793204],[3787866.25439010001719,4757061.947105165570974],[3787930.49209110531956,4757177.988506189547479],[3787967.048191776964813,4757280.416807152330875],[3787968.431792062241584,4757372.994008111767471],[3787900.356591851916164,4757546.135210113599896],[3787898.193991838954389,4757550.616510161198676],[3787768.591491262894124,4757819.164413335733116],[3787690.806590914260596,4757980.341515244916081],[3787672.509490832686424,4758018.255015689879656],[3787653.860190943349153,4758121.86361682228744],[3787648.680191301740706,4758264.84341832716018],[3787676.128592057619244,4758428.550319952890277],[3787676.909892080817372,4758433.209919999353588],[3787670.438992397859693,4758566.34422140289098],[3787648.681292362045497,4758633.690022168681026],[3787576.155491813085973,4758704.144023112021387],[3787533.717091610189527,4758787.199824103154242],[3787530.649591596797109,4758794.621224182657897],[3787504.666291506495327,4758857.484924911521375],[3787502.594391821883619,4758972.490426116622984],[3787512.408092097844929,4759033.60272672586143],[3787517.370492235291749,4759064.503327031619847],[3787525.388692465610802,4759114.43412753008306],[3787583.409893486183137,4759258.449928859248757],[3787659.044494591187686,4759369.310929795727134],[3787710.849195448681712,4759479.135830790735781],[3787748.148696266580373,4759629.368132245726883],[3787803.061797315254807,4759794.105433797463775],[3787878.696398440282792,4759912.219134805724025],[3787935.681399315595627,4760010.647035665810108],[3787950.71379960514605,4760057.970636111684144],[3787963.655899859964848,4760098.714336503297091],[3787970.962800191249698,4760186.39133738912642],[3787971.453900211490691,4760192.284837448038161],[3787997.847400721162558,4760273.812638223171234],[3788024.785701107233763,4760311.111538528464735],[3788077.626101744361222,4760341.158038690686226],[3788286.915904227644205,4760449.94643921405077],[3788440.256806043908,4760526.61613957490772],[3788630.896708240732551,4760602.249739811755717],[3788766.624109766446054,4760643.692939853295684],[3788830.97611050400883,4760668.921439932659268],[3788857.799710815306753,4760679.437539965845644],[3788910.122211444191635,4760710.001940128393471],[3788978.504112373106182,4760784.599740705452859],[3789090.401613713242114,4760846.764741034246981],[3789213.695915176998824,4760912.037741359323263],[3789272.752915926277637,4760960.733541697263718],[3789299.691516413353384,4761032.223342359997332],[3789367.03751750709489,4761170.022643595933914],[3789400.632818099111319,4761255.963344390504062],[3789411.589518296997994,4761283.991844657808542],[3789426.09481856925413,4761326.471445054747164],[3789464.430019037332386,4761352.373445210978389],[3789627.239820763003081,4761365.200244881212711],[3789631.312020805664361,4761365.521044867113233],[3789768.003222225699574,4761364.80544447619468],[3789893.369423466734588,4761344.08324389718473],[3790148.246225777082145,4761227.004941959865391],[3790270.504226892720908,4761175.200141070410609],[3790421.772628420498222,4761158.622440467588603],[3790618.628930424805731,4761146.188539780676365],[3790981.258633990772069,4761077.805738042108715],[3791190.54783597541973,4761011.495836763642728],[3791259.974436610937119,4760980.706336243078113],[3791428.847238151356578,4760905.814234986901283],[3791766.610541134607047,4760720.35383210144937],[3791982.11584286019206,4760539.038229612633586],[3792161.358044138643891,4760331.820326955989003],[3792207.981744497548789,4760287.268526357598603],[3792244.244644781574607,4760256.185925933532417],[3792291.904545261058956,4760249.96922574006021],[3792362.358345978427678,4760244.788625481538475],[3792427.631646612193435,4760229.247225135564804],[3792506.374047262594104,4760170.190024301409721],[3792585.581847912631929,4760108.884623445570469],[3792589.155447939410806,4760104.564423388801515],[3792720.843148856423795,4759945.358621361665428],[3792847.244749467354268,4759694.625618400983512],[3792867.315349587704986,4759662.097118004225194],[3792907.337349821813405,4759597.233417221345007],[3792967.430150270462036,4759535.0679164044559],[3793066.894251155201346,4759483.26331558264792],[3793149.780951858032495,4759425.242414749227464],[3793198.226452200207859,4759367.107214006595314],[3793232.66745244152844,4759325.777913488447666],[3793293.796352875884622,4759254.287812570109963],[3793398.44085377221927,4759184.869611548259854],[3793490.120654582045972,4759134.862110776826739],[3793523.806854880880564,4759116.487610490061343],[3793658.497956114821136,4759056.394109488464892],[3793742.420756906736642,4759028.4196089617908],[3793865.714958152733743,4759013.914108462631702],[3793953.782159008551389,4758993.192108005285263],[3794083.212660211138427,4758941.27290709875524],[3794137.169060711748898,4758919.629506723023951],[3794242.849661709740758,4758882.330106040462852],[3794380.092362996190786,4758833.44850514922291],[3794387.105163063853979,4758830.95080509968102],[3794485.293363924138248,4758771.468004211783409],[3794632.417265185620636,4758676.147602805867791],[3794664.276965598575771,4758704.491303015500307],[3794664.636765598319471,4758704.811403021216393],[3794664.996465605217963,4758705.13140301592648],[3794782.64996711909771,4758809.802403775043786],[3794965.001569392625242,4758942.420804650522768],[3795039.59987025661394,4758975.575204788707197],[3795101.764970858581364,4758958.997704447247088],[3795288.260172626469284,4758896.832003276795149],[3795485.11637455644086,4758853.315802278928459],[3795613.590875830035657,4758830.521501681767404],[3795708.910976914688945,4758865.748101787641644],[3795886.140778992325068,4758949.762302168644965],[3795886.238878992851824,4758949.915302168577909],[3795956.536080029793084,4759059.4954031156376],[3795926.6741798738949,4759116.020003792829812],[3795898.515579733997583,4759169.320704421959817],[3795738.958978615701199,4759366.177506910637021],[3795715.91007843753323,4759388.702707206830382],[3795647.783677919767797,4759455.281008086167276],[3795588.443177449516952,4759509.777508822269738],[3795546.24747712071985,4759548.529009337536991],[3795465.432976437732577,4759606.550110168755054],[3795429.065476128831506,4759631.433410523459315],[3795422.156976077705622,4759636.160310596227646],[3795415.248476017266512,4759640.887210666202009],[3795386.690675772726536,4759660.426810946315527],[3795359.034675501752645,4759667.564011099748313],[3795322.453375149983913,4759677.004411298781633],[3795243.71087427996099,4759658.35521131567657],[3795171.277373442891985,4759628.034511211328208],[3795160.28847331693396,4759623.434511186555028],[3795019.915971699170768,4759567.180310992524028],[3794833.420369459781796,4759459.428010395728052],[3794717.160168129485101,4759416.357310274615884],[3794713.833368096500635,4759415.765910275280476],[3794627.239067151676863,4759400.371810360811651],[3794597.3099668584764,4759406.672610504552722],[3794509.125465992838144,4759425.238010945729911],[3794233.527063603978604,4759595.157213478349149],[3793910.268960733432323,4759771.292716212570667],[3793744.495559310540557,4759879.04601779859513],[3793719.09845914086327,4759913.407018226571381],[3793714.183659113012254,4759920.056618312373757],[3793694.763859232887626,4760034.45911955460906],[3793721.359959896188229,4760174.086120931431651],[3793722.567359928041697,4760180.425020985305309],[3793723.140460097230971,4760238.787821598351002],[3793721.703160416800529,4760356.68152282666415],[3793723.775860942900181,4760539.032824711874127],[3793746.570161543786526,4760667.50722599029541],[3793774.689562040846795,4760742.491426686756313],[3793796.302662426605821,4760800.126227222383022],[3793822.821062948554754,4760886.309728041291237],[3793841.890963318292052,4760948.286128628067672],[3793909.237064524088055,4761128.565030311234295],[3793996.268665776588023,4761253.931131372228265],[3794125.779667381197214,4761347.178331973962486],[3794272.904069095849991,4761415.55963228084147],[3794442.822371046058834,4761481.868532489985228],[3794487.534271624870598,4761524.791832811199129],[3794488.840871647000313,4761526.046132819727063],[3794490.333971660584211,4761527.479432826861739],[3794504.55267194705084,4761577.369333307258785],[3794531.926372583489865,4761703.590534540824592],[3794567.153473156504333,4761778.188635214231908],[3794626.942274117842317,4761900.208836312405765],[3794630.782974180299789,4761908.261936383321881],[3794655.221374577376992,4761959.503336849622428],[3794651.697974791750312,4762049.716937789693475],[3794649.210474805906415,4762063.260437936522067],[3794635.536274873185903,4762137.710138749331236],[3794637.608575068414211,4762201.947439407929778],[3794660.477075476199389,4762262.66643997002393],[3794697.702176141086966,4762361.504440899938345],[3794764.011977110058069,4762463.040841762907803],[3794720.496676932554692,4762560.43294289149344],[3794679.972376643680036,4762607.711543495766819],[3794675.368476609699428,4762613.082843565382063],[3794657.929876499809325,4762639.697843890637159],[3794640.718376405071467,4762668.186044225469232],[3794640.718476553447545,4762721.026544778607786],[3794679.053977256175131,4762829.815345797687769],[3794798.532878977246583,4763005.968147286213934],[3794840.684179591946304,4763068.114647815935314],[3794980.229881405364722,4763201.168548801913857],[3795018.891481909900904,4763238.032049075700343],[3795203.314984136261046,4763352.001049743965268],[3795342.784185723867267,4763403.973049889318645],[3795409.755286480300128,4763428.929749962873757],[3795338.265585917513818,4763491.095050807110965],[3795280.228185472544283,4763547.19795154966414],[3795238.673185155261308,4763587.368252075277269],[3795213.935784962959588,4763611.281452395021915],[3795190.42118481779471,4763646.895452830009162],[3795000.502983653452247,4763934.540756330825388],[3794931.260883373674005,4764091.278158143162727],[3794809.570382511243224,4764232.810459948144853],[3794733.040781944990158,4764311.253060971386731],[3794597.934680935461074,4764449.738462777808309],[3794500.053080263081938,4764571.429664303548634],[3794553.623980998527259,4764636.243064827285707],[3794594.628781642764807,4764715.606665533035994],[3794617.115182084031403,4764792.986166272312403],[3794614.565082151908427,4764826.372066619805992],[3794609.840682276990265,4764888.222367271780968],[3794664.072682992555201,4764943.776967691257596],[3794713.675183734856546,4765026.44706841185689],[3794752.034484368283302,4765111.101569174788892],[3794793.700484964530915,4765169.962669664993882],[3794728.886884287931025,4765168.640269835479558],[3794664.073283601086587,4765160.704069936648011],[3794610.910183033905923,4765155.742370026186109],[3794564.868682551197708,4765151.445370115339756],[3794451.114181369077414,4765148.800370407290757],[3794313.550479939207435,4765147.478070774115622],[3794197.150478720664978,4765140.864771028980613],[3794027.841477091889828,4765183.192471942864358],[3793900.859675835818052,4765201.711072495207191],[3793763.296174507122487,4765234.779773218557239],[3793628.378073225263506,4765274.461974007077515],[3793515.946272128261626,4765296.948674550279975],[3793373.231170749291778,4765329.431275288574398],[3793372.047670757863671,4765336.781675367616117],[3793361.848970826715231,4765400.121876046992838],[3793306.294770622160286,4765531.733477563597262],[3793285.792870714794844,4765638.21297871787101],[3793265.29087069677189,4765708.31757949758321],[3793219.656870513688773,4765809.506480671465397],[3793154.182270085439086,4765898.12938176561147],[3793140.955370268318802,4766010.561182965524495],[3793165.426371081732213,4766212.27718497812748],[3793167.210871236398816,4766259.74068546295166],[3793172.040571646764874,4766388.199986767955124],[3793168.072972082998604,4766558.831788538023829],[3793137.650872230064124,4766722.850090315565467],[3793135.005472478922457,4766819.408991318196058],[3793127.06957279657945,4766962.263792810030282],[3793124.42457303404808,4767054.85469377040863],[3793168.074673579074442,4767089.245493998751044],[3793276.538474920671433,4767169.93149452842772],[3793362.516076055821031,4767258.55389519687742],[3793394.922876465599984,4767287.653795408084989],[3793408.150376703124493,4767321.383395720273256],[3793412.780077008996159,4767414.63569665979594],[3793426.007577260024846,4767455.640197049826384],[3793474.948677859734744,4767489.369497256353498],[3793530.50327853532508,4767526.405697485432029],[3793552.328378911595792,4767581.298897988162935],[3793652.194480046629906,4767620.318998107686639],[3793797.694681695196778,4767673.227698251605034],[3793933.919483215082437,4767716.245398307219148],[3793941.202683298848569,4767718.545298310928047],[3794050.335684462916106,4767732.74959815107286],[3794121.762885176576674,4767726.135697881691158],[3794209.062986017670482,4767706.294597435742617],[3794295.040086768567562,4767658.675996703095734],[3794368.442487362772226,4767600.407495899125934],[3794423.344387807417661,4767556.825595295056701],[3794492.125888238660991,4767458.94359409622848],[3794534.452788420952857,4767368.997993056662381],[3794571.488988699857146,4767331.961592566221952],[3794625.720889187417924,4767306.829492161981761],[3794687.88908983906731,4767310.797492028214037],[3794785.770990910939872,4767331.960791971534491],[3794833.388991399668157,4767333.944891861639917],[3794882.329991846345365,4767313.442491509951651],[3794942.513892345596105,4767268.469590881839395],[3794997.406992780975997,4767221.512290242128074],[3795085.368193567730486,4767179.184889564290643],[3795166.715994386468083,4767174.554989291355014],[3795224.916095058433712,4767199.025389384478331],[3795280.150595738552511,4767239.771889644674957],[3795196.210395028349012,4767295.387090457603335],[3795195.127795021981001,4767296.421590465120971],[3795136.937694579362869,4767352.024691205471754],[3795091.284494263585657,4767407.545691897161305],[3795091.22219425952062,4767407.760491900146008],[3795070.496594246476889,4767478.711292693391442],[3795053.960394207388163,4767526.524793229065835],[3795008.968993931543082,4767592.13769402820617],[3794928.810493715107441,4767810.724496504291892],[3794928.106093712151051,4767813.401196530088782],[3794873.378993729595095,4768021.36679881811142],[3794810.892593559809029,4768191.426500741392374],[3794808.022393551655114,4768199.237900832667947],[3794760.466393361799419,4768304.35900204628706],[3794673.879592995624989,4768492.91450422257185],[3794650.582492937333882,4768557.814904952421784],[3794634.587792883627117,4768597.406105413101614],[3794559.658992360346019,4768685.99900653026998],[3794515.611992157064378,4768774.771507559344172],[3794542.322492677718401,4768862.729808392003179],[3794568.51719323405996,4768967.052809388376772],[3794571.972193520516157,4769057.734910311177373],[3794565.994593679904938,4769137.151811142452061],[3794565.960693689063191,4769137.602611144073308],[3794536.563493608962744,4769218.371912055648863],[3794503.745193335227668,4769241.690312391147017],[3794465.745093003846705,4769263.281212715432048],[3794397.517692419700325,4769303.872613325715065],[3794365.535792189650238,4769338.4580137738958],[3794323.244991884566844,4769384.191314357332885],[3794268.069191429298371,4769424.801314925774932],[3794265.574991407804191,4769425.684014943428338],[3794214.426690933760256,4769443.782815272919834],[3794133.244690203107893,4769481.783115889877081],[3794074.517289711628109,4769520.646916455589235],[3794015.790089286863804,4769584.55651727411896],[3793995.062889284454286,4769660.556918110698462],[3793981.244789319112897,4769722.73901879042387],[3793981.245089497882873,4769787.511919452808797],[3794004.563489982392639,4769873.875820271670818],[3794026.752690309658647,4769910.205520583316684],[3794087.905191221274436,4770010.330521434545517],[3794110.79189163306728,4770074.671522036194801],[3794122.247691842727363,4770108.772122355177999],[3794125.803991915192455,4770119.35822244733572],[3794130.655892266426235,4770228.399323559366167],[3794098.701692190952599,4770318.217824569903314],[3794048.610791806131601,4770365.718125195242465],[3793981.246991176623851,4770386.445725590921938],[3793903.519390461500734,4770415.809726111590862],[3793748.928389062639326,4770481.446727220900357],[3793657.553788283839822,4770537.649728050455451],[3793648.831888207700104,4770543.014428133144975],[3793605.229787858203053,4770577.656028605997562],[3793634.071488198358566,4770592.613128677010536],[3793727.769489171914756,4770597.606328465975821],[3793836.095890243072063,4770584.805728034116328],[3793843.808390324469656,4770583.664527996443212],[3793913.020091004669666,4770573.423827700316906],[3794014.065691960509866,4770545.787027136422694],[3794154.83879335783422,4770531.104826590977609],[3794287.839294714853168,4770528.513426189310849],[3794364.285395480226725,4770520.635725897736847],[3794367.32209550589323,4770520.531025886535645],[3794411.339695952832699,4770519.013025753200054],[3794502.361696933396161,4770535.947025667876005],[3794512.555497045628726,4770537.843525660224259],[3794609.976698041427881,4770537.148825381882489],[3794637.284298295155168,4770528.046225210651755],[3794684.591398745309561,4770513.670524934306741],[3794725.323899055365473,4770477.060524442233145],[3794749.022299215663224,4770445.602524053305387],[3794730.022298943251371,4770417.966223824769258],[3794683.009698295500129,4770359.856823361478746],[3794678.315598231274635,4770354.429323315620422],[3794660.067197991069406,4770333.329823143780231],[3794597.884897081647068,4770236.602422333322465],[3794587.52099680621177,4770175.284021732397377],[3794597.78149682097137,4770143.145521378144622],[3794691.157697771675885,4770141.601721103303134],[3794810.339999077375978,4770170.965221067890525],[3794934.704000526107848,4770233.146721356548369],[3795134.594802942126989,4770365.483322160318494],[3795141.030103025957942,4770371.729122205637395],[3795245.615104381926358,4770473.237522953189909],[3795321.61570552084595,4770604.5103240897879],[3795379.555006466340274,4770731.029625221155584],[3795406.253106903284788,4770789.328925744630396],[3795492.617308136541396,4770913.6928267814219],[3795629.073010225314647,4771164.147728963755071],[3795775.345012504141778,4771445.779931442812085],[3795924.039014826063067,4771732.074533959850669],[3795935.231214998289943,4771753.624534150585532],[3795938.471715052146465,4771759.86403420008719],[3796040.167716631665826,4771956.103735936805606],[3796130.850117782130837,4772035.558236494660378],[3796267.305119247641414,4772061.466836381703615],[3796407.214820705819875,4772071.830236100591719],[3796686.227723598480225,4772085.0855354629457],[3796699.239623735193163,4772086.250735439360142],[3796869.279225515201688,4772101.4775351267308],[3796904.671025887597352,4772104.64693505782634],[3797060.881627480965108,4772104.646434629335999],[3797106.762627955526114,4772104.646434499882162],[3797248.399429368786514,4772092.554833987727761],[3797374.490730660967529,4772095.145533669739962],[3797466.597932061180472,4772260.153535097837448],[3797618.902034368831664,4772533.009737469255924],[3797750.175736328586936,4772758.41933941654861],[3797813.434337262995541,4772864.236440318636596],[3797867.631338069681078,4772954.896841100417078],[3797902.60913872346282,4773064.147142123430967],[3797958.746239732950926,4773221.761143578216434],[3797981.221440096851438,4773271.463444016873837],[3797981.765240109991282,4773272.665944025851786],[3797982.309040115214884,4773273.868344040587544],[3798022.121040761936456,4773361.890344828367233],[3798036.474240999203175,4773393.625045117922127],[3798110.747642168775201,4773543.03454643022269],[3798168.430543050635606,4773651.407147379592061],[3798224.748743916396052,4773757.216648310422897],[3798261.614944500848651,4773833.301548983901739],[3798305.931345202960074,4773924.762349794618785],[3798346.976545913610607,4774029.360550748184323],[3798376.96464642835781,4774105.781251445412636],[3798381.607546505518258,4774117.612951549701393],[3798463.466247672680765,4774239.096052569337189],[3798560.719148849602789,4774307.549152999185026],[3798591.14954927470535,4774347.29695332236588],[3798584.456249321810901,4774389.831153771840036],[3798556.388249123003334,4774423.081354193389416],[3798484.706548706162721,4774537.513855552300811],[3798421.661148380953819,4774653.673456912860274],[3798346.410148027352989,4774805.184658661484718],[3798324.934147931169719,4774848.424559161067009],[3798313.359048046171665,4774932.471260047517717],[3798314.738248083740473,4774942.245160141959786],[3798321.911948294378817,4774993.084160642698407],[3798322.344048499129713,4775064.334461363963783],[3798306.359948502387851,4775124.58456202223897],[3798294.504948540125042,4775183.779162659309804],[3798296.892948594409972,4775193.541662749834359],[3798306.79894880251959,4775234.039563132449985],[3798343.071849249769002,4775262.539463330060244],[3798402.663149905391037,4775278.948463330045342],[3798456.208850585855544,4775329.039363693445921],[3798496.800151225645095,4775412.812164437025785],[3798515.80055172322318,4775524.221765520982444],[3798552.930652590002865,4775701.107667216099799],[3798554.651052633300424,4775711.311367316171527],[3798576.25625320430845,4775839.449768567457795],[3798607.708253697957844,4775902.982269125059247],[3798613.573453788179904,4775914.829869224689901],[3798702.348054892849177,4775986.268069706857204],[3798808.575856105424464,4776035.49516992084682],[3798889.758157060481608,4776082.131570174358785],[3798998.576858419924974,4776174.540470816195011],[3799028.395358795765787,4776202.122371013276279],[3799102.213859729934484,4776270.404171507805586],[3799174.759660685434937,4776349.858672119677067],[3799196.722961014136672,4776386.646572432480752],[3799203.014361107256263,4776397.184572521597147],[3799278.580762122292072,4776487.956873236224055],[3799281.355362153612077,4776489.600273244082928],[3799338.53376283030957,4776523.467373438179493],[3799388.079263409599662,4776552.813473598100245],[3799517.625464912503958,4776621.040373941883445],[3799613.489365960471332,4776646.085573927499354],[3799703.434766910038888,4776659.168273819610476],[3799705.962366933934391,4776659.535873816348612],[3799775.853667648974806,4776660.76707364525646],[3799819.899368134792894,4776675.448873668909073],[3799878.626968807540834,4776703.085073787719011],[3799921.808869236148894,4776698.766673630103469],[3799950.308969579637051,4776720.357673770748079],[3799996.684270151890814,4776755.873474000953138],[3800023.718370362184942,4776733.311973704025149],[3800021.081470178905874,4776675.946873129345477],[3800019.308370147366077,4776669.536473068408668],[3800011.627169989049435,4776641.766172806732357],[3799970.172369515988976,4776621.038972705602646],[3800015.081569923087955,4776603.766072411090136],[3800093.672770667355508,4776583.038471983745694],[3800165.354771384969354,4776580.447371761314571],[3800204.218571815174073,4776591.67457177489996],[3800222.489272043574601,4776607.134471878409386],[3800230.194972133729607,4776613.654571925289929],[3800272.446172701194882,4776662.492772307246923],[3800284.537272934801877,4776703.083672687411308],[3800279.787472996860743,4776745.402173127047718],[3800275.469373068772256,4776787.28867356851697],[3800312.17417359072715,4776841.265874017030001],[3800375.125574382953346,4776898.428274426609278],[3800381.218374458141625,4776903.960774470120668],[3800493.538875788915902,4776973.402174866758287],[3800642.562377433758229,4777020.331774939782917],[3800646.210077470634133,4777021.480474939569831],[3800795.812779075931758,4777051.992474850267172],[3800852.813079668674618,4777058.037674754858017],[3800944.358780581038445,4777051.992074442096055],[3800971.36048087477684,4777059.404174444265664],[3800979.882480966392905,4777061.743474448099732],[3801025.140481524635106,4777097.749074689112604],[3801026.46728154970333,4777100.324574712663889],[3801038.495681731030345,4777123.673874914646149],[3801050.586782010737807,4777181.53757547121495],[3801064.40508230868727,4777239.401376022025943],[3801104.996382854413241,4777287.765076406300068],[3801147.314683329779655,4777306.76497648190707],[3801173.223983688279986,4777339.583176746033132],[3801193.951584034599364,4777392.265177224762738],[3801149.042483745608479,4777452.719977964647114],[3801111.906083528418094,4777511.447578657418489],[3801101.54268354922533,4777559.811379171907902],[3801086.860983667895198,4777658.266380216926336],[3801070.452484,4777843.085082131437957],[3801057.094284382183105,4778034.067084107547998],[3801048.884884413797408,4778075.512384546920657],[3801033.913684369064867,4778114.220184985548258],[3801030.081884344108403,4778121.538185069337487],[3801013.124884264543653,4778153.923285441473126],[3801005.975184339564294,4778208.4536860184744],[3801003.365384582895786,4778309.834487043321133],[3801031.64028524979949,4778448.623088385909796],[3801031.908185265026987,4778454.173388437367976],[3801037.636385647580028,4778572.860489626415074],[3801156.818786897696555,4778590.132889479398727],[3801320.910288570914418,4778593.586889072321355],[3801427.64238972729072,4778620.561989053152502],[3801507.456490675918758,4778673.041189366951585],[3801556.658491330221295,4778730.925289826467633],[3801595.547991847153753,4778776.677690180949867],[3801711.276093477848917,4778945.950391587801278],[3801820.095094872638583,4779054.768692394718528],[3801944.459796671755612,4779253.405394067056477],[3802044.642398155294359,4779427.860095569863915],[3802059.638098376337439,4779453.060795785859227],[3802127.327699366025627,4779566.816496753133833],[3802155.580399913247675,4779663.243897655978799],[3802183.117700496688485,4779777.611298743635416],[3802170.734900539275259,4779838.951999392360449],[3802137.671900385990739,4779906.653400166891515],[3802136.067100377753377,4779909.939400204457343],[3802098.189900338184088,4780037.589301601052284],[3802044.644900287035853,4780220.681003596633673],[3801979.008900236804038,4780448.682006075978279],[3802018.160700705833733,4780475.977706249803305],[3802224.283003175631166,4780619.681807148270309],[3802423.479905394371599,4780694.968007370829582],[3802433.563805510755628,4780698.779307382181287],[3802697.55780844995752,4780801.04460771009326],[3802829.494609909597784,4780847.068507820367813],[3802837.799309995025396,4780849.965507822111249],[3802916.922410812694579,4780854.589507663622499],[3803055.74961216840893,4780838.632007131353021],[3803170.623213316779584,4780831.501606749370694],[3803203.201813631225377,4780827.273106613196433],[3803402.287615678738803,4780840.769806220196187],[3803594.01541757164523,4780825.223705550655723],[3803717.38381872093305,4780788.466904853470623],[3803719.851718743797392,4780787.605504835024476],[3803783.569219330325723,4780765.365704442374408],[3803834.106919784564525,4780742.313604069873691],[3803913.561520425137132,4780681.858703252859414],[3803974.016020849347115,4780612.76740238815546],[3804036.939821252599359,4780526.098301352001727],[3804058.820621425285935,4780507.035701094195247],[3804126.368621938396245,4780443.525300269946456],[3804225.334522878285497,4780421.902399792335927],[3804339.334824031684548,4780420.174599466845393],[3804383.129024487920105,4780426.713799420744181],[3804434.766925033181906,4780434.424399361014366],[3804510.335625905077904,4780475.015299571678042],[3804676.154627874027938,4780585.560600244440138],[3804835.928229739423841,4780677.969400753267109],[3804949.928831075318158,4780748.787601174786687],[3805014.701831775251776,4780765.196501163765788],[3805063.044332279358059,4780770.746501090936363],[3805165.071933401748538,4780806.225201175548136],[3805279.242834613192827,4780826.815201088786125],[3805368.992935623973608,4780865.504401238635182],[3805425.440536263398826,4780891.688801360316575],[3805477.725536888930947,4780929.639101596549153],[3805545.840737937949598,4781066.604902802966535],[3805709.932640006765723,4781220.332303923554718],[3805931.024942726362497,4781405.150305204093456],[3806183.208145774900913,4781595.150206457823515],[3806295.481347038410604,4781645.240906673483551],[3806392.209048067685217,4781664.240706604905427],[3806428.070848425384611,4781662.634706497192383],[3806507.936649222392589,4781659.058506252244115],[3806637.482550484593958,4781643.512705752626061],[3806773.420151826925576,4781631.711105272173882],[3806799.885552090592682,4781628.943505173549056],[3806820.510252287611365,4781626.786505103111267],[3806830.140752383042127,4781624.885205056518316],[3806859.09995265584439,4781619.167604918591678],[3806888.692652935627848,4781610.43980475794524],[3806926.370753284078091,4781599.327404546551406],[3806967.576353676151484,4781589.57390434294939],[3807001.938354167621583,4781643.511504794470966],[3807057.211755206808448,4781829.193806522525847],[3807087.439355784561485,4781932.830407492816448],[3807175.531057101674378,4782095.194308899343014],[3807282.622758506797254,4782217.830809851177037],[3807429.441960411146283,4782381.921711124479771],[3807605.624762588180602,4782533.921812197193503],[3807681.625363614410162,4782632.376312989741564],[3807767.989364584442228,4782670.376213148236275],[3807963.172066756058484,4782748.103213420137763],[3808195.491169299930334,4782825.83001359552145],[3808326.764570730272681,4782866.420713664963841],[3808478.765072315,4782888.87481349054724],[3808508.182072387542576,4782801.991212536580861],[3808541.699272748082876,4782810.45371254067868],[3808596.629973249975592,4782791.883512206375599],[3808624.833173449151218,4782757.013911784626544],[3808652.860173636581749,4782722.362611361779273],[3808720.190574054606259,4782620.471310160122812],[3808810.781174648087472,4782497.760008686222136],[3808861.821174953598529,4782417.989107748493552],[3808908.781375146470964,4782311.128006551414728],[3808965.34167540865019,4782192.1768052065745],[3809027.731675773859024,4782090.395504012703896],[3809144.692576711066067,4781996.734302766621113],[3809182.512677066959441,4781985.974102556705475],[3809212.367777336854488,4781974.52580236364156],[3809221.445477423723787,4781971.044902302324772],[3809221.459677418228239,4781971.039402307011187],[3809271.193677874747664,4781951.793501981534064],[3809323.863978325389326,4781920.913101532496512],[3809346.54397846898064,4781887.805301143787801],[3809349.308978486340493,4781883.76900109834969],[3809373.494078569114208,4781822.882100416347384],[3809395.134078721981496,4781797.171700099483132],[3809441.174579139333218,4781778.811399793252349],[3809486.485079580917954,4781771.331099605187774],[3809545.755580114666373,4781748.210799219086766],[3809596.305380577221513,4781728.963098892942071],[3809644.632480992935598,4781700.660798482596874],[3809651.528781041502953,4781694.291498397476971],[3809682.746481286361814,4781665.459698027931154],[3809710.796681500039995,4781638.608997685834765],[3809753.637081800028682,4781589.178697071969509],[3809820.517482217401266,4781488.767395888455212],[3809901.717582719400525,4781366.776094445958734],[3809982.277783206664026,4781238.384592941962183],[3810021.488183447625488,4781181.124092265032232],[3810085.305883825290948,4781075.411191027611494],[3810202.98198517691344,4781137.982791353017092],[3810237.129285574890673,4781159.86369149107486],[3810434.039387870114297,4781279.045292186550796],[3810556.048689248040318,4781335.251392439939082],[3810622.557990004308522,4781367.91599259339273],[3810682.964890686329454,4781397.583892738446593],[3810781.446091751568019,4781423.963792750611901],[3810885.497092828154564,4781434.393692592158914],[3810940.485493405722082,4781441.476492520421743],[3811071.405794831458479,4781481.99849259108305],[3811150.860595690086484,4781506.180092630907893],[3811249.315496710594743,4781514.816292466595769],[3811353.815897773485631,4781518.270492233335972],[3811394.622798282653093,4781555.190892500802875],[3811444.929998827632517,4781569.656892515718937],[3811510.566499496810138,4781572.247492375783622],[3811564.112300081178546,4781588.656592407263815],[3811590.664100352209061,4781590.83289236202836],[3811603.729400482028723,4781591.903692336753011],[3811678.112601208500564,4781580.883392035029829],[3811748.930901863146573,4781556.701191609725356],[3811849.97670283075422,4781535.973691143095493],[3811953.613403829280287,4781518.700490698218346],[3812034.795404613483697,4781503.154890339821577],[3812122.0229054489173,4781485.881889940239489],[3812184.204806020017713,4781466.017789580859244],[3812221.839406405109912,4781465.672289482317865],[3812278.341506972908974,4781465.153889334760606],[3812350.887107685208321,4781458.244689081795514],[3812462.296408634632826,4781390.016788103617728],[3812515.028009016998112,4781330.113187365233898],[3812570.251009411644191,4781267.379686590284109],[3812679.069110241252929,4781159.424385219812393],[3812712.660810538567603,4781144.781784986145794],[3812788.433811264112592,4781128.705084634013474],[3812848.315311865415424,4781127.71108446829021],[3812855.434911941178143,4781127.592884448356926],[3812894.954712315928191,4781117.824584252201021],[3812929.246312559582293,4781078.564883768558502],[3812972.955212871078402,4781028.523683154024184],[3813054.545513374265283,4780902.082281667739153],[3813155.076314031612128,4780761.350479988381267],[3813178.182514181360602,4780727.068679584190249],[3813301.751315056812018,4780579.056777769699693],[3813370.92011559009552,4780515.245276952162385],[3813455.039316242095083,4780437.642275952734053],[3813460.719916288740933,4780432.401675888337195],[3813512.578516789246351,4780423.776375669054687],[3813609.729217756073922,4780416.655975355766714],[3813748.820719074457884,4780382.275174652226269],[3813830.324219809379429,4780347.211274093016982],[3813882.431820282712579,4780324.794173736125231],[3813938.066520837135613,4780321.251173555850983],[3814041.363221858162433,4780314.673473225906491],[3814218.974823728203773,4780342.663473059423268],[3814291.17332446295768,4780344.526872897520661],[3814329.765824856702238,4780345.523072807118297],[3814381.776225392706692,4780350.242972728796303],[3814329.966425199992955,4780481.434274186380208],[3814328.063425414729863,4780572.849075111560524],[3814327.166525509208441,4780615.935475554317236],[3814351.037326090969145,4780749.326776837930083],[3814376.049926677718759,4780882.793578122742474],[3814379.341926733031869,4780890.238978188484907],[3814441.108827705495059,4781029.939279445447028],[3814435.769227826036513,4781097.779880145564675],[3814415.288527735043317,4781144.480080666951835],[3814352.802327432204038,4781273.419782126322389],[3814314.737827288452536,4781370.174083197489381],[3814313.809527287259698,4781373.655383239500225],[3814281.571727272123098,4781494.548684539273381],[3814281.346327270846814,4781495.393784549087286],[3814281.98482756363228,4781609.375485698692501],[3814310.485228078905493,4781700.057786542922258],[3814342.440128635149449,4781790.739687377586961],[3814419.30462980363518,4781946.194488755427301],[3814530.714631410315633,4782138.785590415820479],[3814630.897232803050429,4782290.785891687497497],[3814739.716134175658226,4782398.740392507985234],[3814843.353135413024575,4782477.331193038262427],[3814994.490037126000971,4782552.4674934130162],[3815114.53613845910877,4782599.103693584911525],[3815203.491039469838142,4782645.739893827587366],[3815306.264340647030622,4782701.876094141043723],[3815358.946341209113598,4782713.103194120340049],[3815413.355741810519248,4782733.39869418926537],[3815443.583242242224514,4782784.785094629973173],[3815486.765442948788404,4782892.739895609207451],[3815514.402243473101407,4782991.194596532732248],[3815552.402744183316827,4783121.604097746312618],[3815571.403144649695605,4783231.286198809742928],[3815582.630845066159964,4783351.331899983808398],[3815715.631446493789554,4783388.468100025318563],[3815802.859047417063266,4783405.740599983371794],[3815914.268548666965216,4783455.83140021096915],[3816050.723850206937641,4783524.058400556445122],[3816093.90575065696612,4783529.240200498141348],[3816158.678751319181174,4783532.694500372745097],[3816229.497051985468715,4783516.28510002605617],[3816309.81545272981748,4783489.512099556624889],[3816356.451953189447522,4783485.19359939917922],[3816391.861253563314676,4783492.102899382822216],[3816456.634254329372197,4783537.011899668723345],[3816536.952955307904631,4783605.239000152796507],[3816642.317156553268433,4783680.375300653278828],[3816710.112857322674245,4783716.000400844030082],[3816777.908658093772829,4783751.625201031565666],[3816837.499858780764043,4783785.73870122525841],[3816874.2046591732651,4783794.375101222656667],[3816925.159359693992883,4783796.96580112259835],[3817025.341560778208077,4783828.056401182897389],[3817144.523962157778442,4783902.329201634973288],[3817218.797163048759103,4783957.602002003230155],[3817280.979363870806992,4784037.056402646005154],[3817334.52516449149698,4784069.874602844938636],[3817408.798265316523612,4784102.692602992989123],[3817507.253266447223723,4784159.692403323017061],[3817645.435768008697778,4784227.056003655306995],[3817792.254569587763399,4784270.237503726035357],[3817836.496770015917718,4784263.101303544826806],[3817948.399871096014977,4784245.052303086034954],[3817950.645971119403839,4784244.690003075636923],[3818047.20817207172513,4784236.560302751138806],[3818393.34727548295632,4784208.053601611405611],[3818617.029877776745707,4784226.189301245845854],[3818851.076080173254013,4784243.461600841023028],[3818936.948181029874831,4784239.303700580261648],[3818948.547281137667596,4784238.600700547918677],[3819210.350083732046187,4784222.732899742200971],[3819434.8962860442698,4784241.732299387454987],[3819523.031486928928643,4784243.746699186973274],[3819737.169989100191742,4784248.640698710456491],[3819818.418489917181432,4784249.950898533686996],[3819831.339890050701797,4784250.159298498183489],[3819994.832191608380526,4784216.357597760856152],[3819994.837191611528397,4784216.355697756633162],[3820159.597493111155927,4784153.948596727102995],[3820165.724993171636015,4784151.314796686172485],[3820176.14079326344654,4784146.837796616367996],[3820345.171494783833623,4784074.183595470152795],[3820391.532395174726844,4784043.276095046661794],[3820451.398895683698356,4784003.36489449813962],[3820622.399197203572839,4783922.182293263264],[3820725.172298196237534,4783906.636492857709527],[3820817.581699156668037,4783918.727092751301825],[3820891.832899974659085,4783945.478992845863104],[3820958.471000701189041,4783969.488192924298346],[3821052.491701730526984,4784003.362993035465479],[3821160.446702842600644,4784015.021892888471484],[3821294.016004210803658,4784023.470892643555999],[3821337.924504651688039,4784026.248592567630112],[3821389.067205231636763,4784052.475392707623541],[3821397.178005321417004,4784056.634792731143534],[3821440.697905900888145,4784114.339593204669654],[3821473.053306327201426,4784154.066793529316783],[3821508.92570679448545,4784198.112293883226812],[3821739.996309645008296,4784416.709195521660149],[3821747.383609735872597,4784423.714995567686856],[3822050.429113481193781,4784711.112497727386653],[3822180.839015175588429,4784869.157998995855451],[3822378.612817518413067,4785015.976199997588992],[3822506.431718924548477,4785067.79410021007061],[3822687.795920885633677,4785123.930100336670876],[3822757.44092168752104,4785168.076200608164072],[3822845.842322709504515,4785224.111800958402455],[3822933.070123739540577,4785286.293601371347904],[3823034.696824957150966,4785368.201201950199902],[3823041.747425041161478,4785373.883801989257336],[3823112.707425880245864,4785426.202602346427739],[3823135.162126222159714,4785474.566302775405347],[3823162.798826671671122,4785547.111903441138566],[3823230.162927523721009,4785619.657404006458819],[3823278.526828066445887,4785643.839204132556915],[3823326.890628552529961,4785645.566304035484791],[3823387.276529154740274,4785641.59330384619534],[3823458.163629850372672,4785636.929503635503352],[3823565.255030960310251,4785649.020203495398164],[3823663.709932002238929,4785673.201803498901427],[3823713.801132526714355,4785681.83810346480459],[3823742.180332890711725,4785715.892903737723827],[3823745.263632932677865,4785719.5928037725389],[3823786.347133508417755,4785788.929004371166229],[3823812.256433917675167,4785851.111004931852221],[3823819.165834186598659,4785934.020405744202435],[3823826.075134445913136,4786013.475106526166201],[3823853.711734875105321,4786075.657107086852193],[3823893.439335373230278,4786117.111507410183549],[3823972.89433627622202,4786162.020807664841413],[3824016.076336791273206,4786194.838807892054319],[3824036.803837090265006,4786232.838808222673833],[3824060.986037584021688,4786338.202709217555821],[3824083.440837981179357,4786412.475609910674393],[3824111.077538374811411,4786459.112110314890742],[3824174.986839122138917,4786504.020910611376166],[3824245.805339878890663,4786524.748310647904873],[3824318.351140623446554,4786531.657110545784235],[3824396.078641401138157,4786531.656910358928144],[3824541.1699428553693,4786529.929209996946156],[3824653.443143978714943,4786529.928909727372229],[3824770.898145196028054,4786547.201209619641304],[3824827.898245818912983,4786567.928509689867496],[3824885.762346517760307,4786617.155810045078397],[3824983.353847644291818,4786680.201110449619591],[3825064.535948573146015,4786729.428310748189688],[3825138.808949360623956,4786746.700910745188594],[3825195.809249946847558,4786753.609810682944953],[3825283.90035078022629,4786732.882310256361961],[3825404.809751952067018,4786715.609109803102911],[3825468.718952585011721,4786710.427009594626725],[3825524.855653200298548,4786733.745109695009887],[3825552.492153560277075,4786768.2906099781394],[3825568.901453803293407,4786801.972410279326141],[3825569.76525393826887,4786856.381910819560289],[3825571.492754132952541,4786931.518411566503346],[3825577.538454442285001,4787033.427812573499978],[3825599.129654746036977,4787073.155212920159101],[3825666.493755588307977,4787143.109713461250067],[3825806.403657316230237,4787279.564414500258863],[3825954.950059084221721,4787397.018915323540568],[3826094.860060872044414,4787561.973416641354561],[3826176.905961867421865,4787634.518917175941169],[3826233.906262456439435,4787643.15501712821424],[3826301.269963110797107,4787633.655016870237887],[3826375.542863804847002,4787612.927316491492093],[3826449.815864508505911,4787598.245316167362034],[3826479.179564806632698,4787599.108816102147102],[3826518.043365276884288,4787631.927016338333488],[3826535.316365537233651,4787670.790716688148677],[3826536.180265765637159,4787764.927417629398406],[3826538.771365968044847,4787836.609418340027332],[3826548.271766243968159,4787913.47331908904016],[3826594.044766895473003,4787998.109819829463959],[3826631.181467465125024,4788080.155420559458435],[3826667.454668091144413,4788192.42852159217],[3826702.000668676570058,4788292.610522514209151],[3826727.909869067836553,4788349.610523025505245],[3826764.182769451290369,4788358.246923034079373],[3826852.273970338050276,4788359.973822835832834],[3826896.017370761372149,4788353.969722671434283],[3826920.010370993986726,4788350.676522584632039],[3826930.187771085184067,4788349.279622543603182],[3827054.365572276059538,4788328.018622040748596],[3827177.002273499500006,4788324.563721721991897],[3827224.502373976167291,4788324.56362159922719],[3827267.844674331136048,4788292.134921176359057],[3827274.91417438769713,4788286.479321107268333],[3827303.956974626053125,4788263.244820806197822],[3827346.275175016373396,4788249.426520569249988],[3827379.093575341627002,4788250.290120501071215],[3827461.661676227580756,4788273.642420538701117],[3827463.127876244485378,4788274.05712054297328],[3827778.095379682723433,4788399.698521059006453],[3827936.14158142125234,4788467.062021363526583],[3828008.687182184774429,4788481.743621341884136],[3828063.960282712709159,4788473.107021123170853],[3828139.960283388383687,4788436.833920582197607],[3828174.505783680360764,4788412.651920258067548],[3828232.70178424147889,4788403.010320033878088],[3828323.051585127599537,4788396.242319745011628],[3828383.506385730113834,4788394.514619589783251],[3828433.59758621500805,4788390.196519432589412],[3828469.484986535739154,4788373.149819175712764],[3828502.688486833125353,4788357.378018943592906],[3828567.461387451272458,4788344.423218661919236],[3828674.426288529764861,4788347.852618446573615],[3828676.89298855047673,4788347.827718438580632],[3828757.461989352479577,4788347.013418246991932],[3828838.644290191121399,4788358.240618167445064],[3828886.144390718545765,4788379.831518270075321],[3828935.371991301886737,4788418.69521854724735],[3829028.645192347001284,4788467.922318819910288],[3829106.372693164739758,4788486.058318825438619],[3829184.963893960695714,4788489.512818673625588],[3829254.055094652343541,4788489.512618515640497],[3829311.918695173691958,4788464.466918129473925],[3829337.578695360571146,4788435.890817783772945],[3829343.748695408459753,4788429.019617694430053],[3829397.41879584826529,4788385.875517142936587],[3829469.964496504049748,4788356.511516681872308],[3829511.606496890541166,4788344.749916467815638],[3829564.880397390574217,4788329.702916191890836],[3829573.991997472476214,4788327.129316150210798],[3829666.010298328939825,4788297.783515638671815],[3829735.964998876675963,4788232.146614817902446],[3829802.464899268466979,4788114.69151349272579],[3829918.191899995319545,4787929.87241137586534],[3830057.48460079729557,4787673.538908487185836],[3830282.646202526520938,4787446.233405691571534],[3830413.055703717283905,4787395.278304880484939],[3830522.898504820186645,4787397.030404644086957],[3830575.41970534902066,4787397.8686045370996],[3830710.147706762421876,4787425.504704496823251],[3830976.148609584197402,4787494.595104578882456],[3831130.740311301313341,4787570.594704981893301],[3831187.740511923097074,4787591.322005060501397],[3831261.149912790395319,4787648.322005460970104],[3831296.559513232670724,4787688.049305779859424],[3831328.51411358686164,4787703.594605864956975],[3831380.332514110952616,4787704.458105751313269],[3831436.90081465896219,4787696.253505537286401],[3831505.560015312861651,4787682.435005244798958],[3831594.08301612501964,4787649.616504713892937],[3831637.264916527085006,4787638.820804502815008],[3831676.560617008712143,4787677.684504805132747],[3831739.174617789685726,4787745.480005336925387],[3831787.855518371798098,4787786.777005641721189],[3831792.960718431975693,4787790.414505665190518],[3831849.288919091690332,4787830.548205934464931],[3831884.69821952842176,4787866.820806217379868],[3831897.65291974041611,4787902.230006542988122],[3831898.516619828063995,4787939.366506916470826],[3831893.335019923746586,4788002.412207553163171],[3831889.017120056785643,4788080.139808339066803],[3831886.426320211961865,4788157.003609116189182],[3831882.972320560365915,4788326.277010820806026],[3831929.609421472996473,4788519.732012646272779],[3831965.019022092688829,4788637.186713741160929],[3832010.79222279554233,4788745.141714718192816],[3832062.610723446123302,4788801.277815155684948],[3832146.383924419060349,4788861.732515569776297],[3832269.020925845950842,4788948.959716165438294],[3832333.794026636984199,4789013.732416656799614],[3832343.294126813299954,4789049.141516988165677],[3832345.021626989357173,4789119.096517688594759],[3832364.021827332675457,4789184.732818301767111],[3832399.431227725464851,4789204.59651842340827],[3832474.567828520201147,4789222.732718425802886],[3832580.795529618859291,4789238.277818344533443],[3832680.977630637120456,4789246.914018196985126],[3832794.114531820639968,4789270.231918171979487],[3832858.023932524491102,4789298.731818307191133],[3832913.296933121513575,4789317.73171838093549],[3832976.342533739749342,4789314.277018200606108],[3833040.251734319142997,4789289.231117802672088],[3833115.388334993738681,4789254.685517289675772],[3833195.706635739654303,4789229.639616852626204],[3833268.258136434014887,4789216.048416556790471],[3833276.036736510694027,4789215.411916533485055],[3833355.479737284593284,4789208.911616281606257],[3833528.207638992462307,4789202.002215825021267],[3833612.844239797443151,4789183.001915442757308],[3833732.026240878738463,4789132.910514673218131],[3833871.935642136726528,4789074.182613771408796],[3833976.435943119227886,4789044.818513242527843],[3834085.254344090819359,4788995.590812507085502],[3834147.436144630424678,4788959.317712000571191],[3834265.754645628388971,4788875.544410896487534],[3834292.145745827816427,4788848.553310568444431],[3834368.780846590641886,4788847.159610382281244],[3834473.465547358151525,4788721.537308890372515],[3834544.67644794518128,4788668.840808206237853],[3834573.209648232441396,4788668.270108129829168],[3834669.937149213626981,4788675.178907985799015],[3834782.477350421249866,4788711.067708094604313],[3834788.789950486738235,4788715.002208111807704],[3834902.256551781669259,4788785.724008567631245],[3835056.285453613847494,4788914.131409504450858],[3835103.351654164493084,4788952.087809775955975],[3835208.111955421511084,4789044.701410470530391],[3835259.732956058811396,4789099.358810898847878],[3835268.842856378760189,4789202.600611908361316],[3835262.770256564021111,4789311.915413012728095],[3835262.770556877367198,4789449.318214385770261],[3835254.420357053168118,4789566.98351557739079],[3835236.201557040214539,4789642.896716387011111],[3835199.763656934257597,4789757.525617603212595],[3835155.734256678726524,4789838.752718512900174],[3835222.537857344839722,4789839.511718368157744],[3835302.246458092704415,4789818.255717979744077],[3835403.210759023204446,4789784.094417411834002],[3835471.532559622079134,4789746.896916888654232],[3835563.387160431127995,4789696.793916182592511],[3835621.081160945817828,4789670.224315790459514],[3835707.621961793396622,4789664.151015533134341],[3835793.403862677514553,4789674.778515451587737],[3835908.032763875089586,4789699.070415435358882],[3836041.639965262729675,4789724.880515389144421],[3836112.998166016768664,4789744.617515433579683],[3836188.152366880327463,4789793.960915753617883],[3836256.474567805416882,4789903.275516696274281],[3836287.598968287929893,4789981.466017406433821],[3836318.723668795078993,4790068.765918204560876],[3836344.534469350706786,4790202.373019482940435],[3836364.272269782610238,4790307.133020483888686],[3836399.192670311313123,4790387.600821203552186],[3836460.6823710789904,4790458.199821775779128],[3836535.077371950726956,4790515.134322176687419],[3836662.611573422327638,4790606.22982280049473],[3836786.350174808409065,4790674.551123204641044],[3836869.854675708338618,4790707.952723355032504],[3836967.886376779526472,4790750.323823562823236],[3837015.223677500151098,4790861.291324562393129],[3837017.475677929352969,4791042.850426363758743],[3837014.515677975956351,4791077.356426714919508],[3837008.596978028770536,4791129.147627244703472],[3837015.995778175536543,4791161.702127550728619],[3837048.550378583371639,4791198.695827849209309],[3837085.544279028195888,4791232.730028103105724],[3837203.924380376469344,4791311.156428625807166],[3837283.831081317272037,4791376.265129094012082],[3837363.737982283812016,4791451.732129668816924],[3837436.246083213016391,4791547.915630461648107],[3837516.152884348295629,4791700.329831805080175],[3837598.279485486913472,4791846.824833084829152],[3837633.793686035089195,4791934.129933871328831],[3837653.03078644303605,4792033.273134817369282],[3837663.389286684338003,4792093.942935398779809],[3837677.077186944428831,4792150.173435928300023],[3837704.082687267567962,4792176.808936136774719],[3837741.816387673839927,4792187.906936160288751],[3837796.567088230513036,4792194.565736104734242],[3837846.138788712676615,4792190.126235945150256],[3837905.328889331780374,4792204.183635959401727],[3837951.940989828668535,4792220.460636018775403],[3838008.171490425243974,4792234.518136035650969],[3838053.304090928286314,4792261.893636207096279],[3838086.598591352812946,4792304.066336552612484],[3838135.430491969455034,4792363.256337033584714],[3838187.221892632078379,4792429.844737581908703],[3838255.290693525690585,4792527.508038405328989],[3838302.643094219267368,4792629.610739313066006],[3838332.238094596657902,4792668.084139629267156],[3838416.662295300979167,4792604.0848388094455],[3838510.130796168930829,4792578.121138343587518],[3838599.255296769086272,4792448.676536861807108],[3838686.000897354912013,4792322.689135419204831],[3838743.259697828441858,4792278.789534856565297],[3838842.750698756426573,4792249.313334345817566],[3838912.299099376425147,4792216.758633865974844],[3838987.766000002622604,4792160.527833140455186],[3839038.077600385993719,4792107.256632504984736],[3839100.226800831966102,4792028.829731591045856],[3839172.734301426913589,4791971.119230855256319],[3839264.479002368636429,4791984.436530788429081],[3839321.133802960626781,4791998.351630806922913],[3839348.824803249910474,4792005.15283080842346],[3839437.609904224053025,4792043.626331000588834],[3839535.27360527869314,4792082.09933116286993],[3839601.862205964513123,4792095.417031158693135],[3839675.849806681275368,4792083.578730877488852],[3839754.276507392991334,4792053.983530404046178],[3839817.905607927590609,4792008.111029810272157],[3839895.929808552376926,4791938.598328950814903],[3839897.213908558245748,4791937.45422893948853],[3839942.219708971679211,4791920.695128676481545],[3840008.663809555582702,4791885.352128177881241],[3840067.982910142280161,4791883.811328030191362],[3840176.004711163695902,4791857.175527532584965],[3840247.032811872195452,4791858.65502739418298],[3840352.095112927258015,4791864.573627226054668],[3840383.331313261762261,4791873.627427246421576],[3840454.197914011776447,4791894.168427297845483],[3840532.624814908951521,4791948.918927673250437],[3840591.815115632023662,4792012.548128174617887],[3840659.883916534483433,4792115.390429050661623],[3840690.219017029274255,4792203.435629862360656],[3840722.033917564898729,4792306.278130818158388],[3840747.189918047282845,4792412.080131812021136],[3840760.508118459954858,4792541.558333075605333],[3840764.207918719388545,4792644.401034081354737],[3840750.150518836453557,4792764.260835308581591],[3840759.029319072142243,4792830.109735939651728],[3840769.387719274964184,4792875.241936361417174],[3840796.023319688625634,4792947.009837022982538],[3840841.895920330658555,4793031.355437756516039],[3840904.045621074736118,4793089.065638200379908],[3840935.120521564036608,4793171.93143895547837],[3840942.519521797075868,4793247.398739691823721],[3840948.43892207602039,4793349.50144069083035],[3840930.682122069876641,4793426.448541487567127],[3840902.567121949512511,4793500.436142288148403],[3840852.255721571389586,4793558.146642968989909],[3840800.464621122460812,4793586.262043360620737],[3840738.315020593348891,4793626.215543895959854],[3840714.63922043191269,4793661.72954429499805],[3840732.396520868875086,4793780.109545438550413],[3840772.350321531761438,4793905.888246595859528],[3840816.743022175040096,4793999.112347426824272],[3840877.413022983819246,4794093.816148229874671],[3840989.87432435946539,4794213.675749173387885],[3841019.469524767715484,4794265.466849626973271],[3841026.868624970782548,4794326.136550213210285],[3841034.267425184603781,4794391.245650838129222],[3841024.143425189424306,4794438.678651329129934],[3841023.177825183141977,4794443.202651381492615],[3841008.636125138029456,4794488.179851855151355],[3841019.992625231388956,4794479.490951747633517],[3841108.254925960209221,4794411.961750886403024],[3841177.803326630964875,4794403.083150647580624],[3841313.940327933989465,4794380.886450136080384],[3841455.996129242237657,4794335.013949375599623],[3841544.781330064870417,4794308.377948910929263],[3841581.77483036974445,4794278.782948541454971],[3841605.847630462609231,4794209.731447801925242],[3841607.868930466007441,4794203.93334774300456],[3841642.778530546929687,4794079.004346428439021],[3841643.324730548541993,4794077.049746409989893],[3841643.465730543714017,4794076.562746404670179],[3841659.460830581840128,4794021.306045820936561],[3841737.887731354217976,4794015.386945592239499],[3841837.030832304153591,4794002.808645255863667],[3841979.826733673457056,4793979.87204471975565],[3842088.588334678672254,4793944.357744136825204],[3842124.500234989915043,4793924.018043855205178],[3842172.194135402329266,4793897.005643482320011],[3842263.198736330494285,4793907.363543393090367],[3842351.243837222922593,4793917.721543306484818],[3842401.555437741335481,4793927.339943289756775],[3842502.178538773208857,4793940.657243208028376],[3842648.673840225208551,4793942.1365429116413],[3842768.533541378099471,4793924.379242474213243],[3842852.879242170602083,4793902.182642078027129],[3842960.161043151747435,4793862.229041449725628],[3842993.455543500836939,4793874.067041497677565],[3843077.8014444722794,4793933.996641915291548],[3843118.494644952937961,4793970.250342182815075],[3843239.834446394816041,4794081.971143034286797],[3843301.984247137326747,4794143.380543506704271],[3843391.509248171001673,4794212.188844007439911],[3843489.172849261201918,4794266.939344331622124],[3843545.403649899642915,4794306.892444609664381],[3843617.171550657134503,4794326.128944651223719],[3843669.702851258218288,4794363.122544904239476],[3843723.474051878787577,4794407.4280452337116],[3843802.140452545601875,4794354.243744535371661],[3843859.110753046814352,4794322.428844097070396],[3843963.432953948620707,4794259.539243252016604],[3844058.136854812968522,4794223.285042691975832],[3844132.124455507844687,4794205.527742359787226],[3844216.602556293364614,4794183.662441965192556],[3844257.903156687505543,4794172.972741766832769],[3844347.427857532631606,4794155.955541413277388],[3844425.114658285863698,4794146.336941150017083],[3844578.184259811416268,4794149.621140860021114],[3844587.845059910323471,4794149.828440841287374],[3844763.9776616753079,4794161.133340585045516],[3844856.46206261171028,4794167.791840454563498],[3844894.195763017516583,4794183.329240524210036],[3844951.906163649633527,4794211.444340682588518],[3844984.292664025444537,4794236.633740863762796],[3844993.852364132646471,4794244.069040920585394],[3844994.440764138940722,4794244.526640924625099],[3845093.96246524900198,4794301.708741279318929],[3845237.4983668057248,4794366.817441622726619],[3845355.8786680852063,4794417.128541875630617],[3845503.853769667446613,4794470.39914208650589],[3845580.061070489697158,4794502.213542243465781],[3845719.157771989703178,4794560.663042532280087],[3845831.618773185648024,4794598.396442668512464],[3845917.44437407143414,4794615.413342656567693],[3846000.310474918223917,4794628.730742617510259],[3846092.055075843352824,4794636.869242505170405],[3846217.833877102471888,4794641.308142282068729],[3846290.341577863320708,4794663.504142351448536],[3846390.964678927790374,4794693.098742431029677],[3846546.338780596386641,4794755.248042727820575],[3846590.731281078420579,4794775.964342840947211],[3846648.441381582058966,4794741.92994238063693],[3846760.902382530737668,4794664.982441382482648],[3846806.774482938926667,4794641.306441050954163],[3846913.316283899359405,4794595.433940375223756],[3846962.548084358219057,4794582.520340151153505],[3847003.581084742210805,4794571.757539950311184],[3847093.845885623246431,4794562.8786396747455],[3847156.885386251378804,4794565.50533957593143],[3847160.879686291795224,4794565.671739564277232],[3847249.909687211271375,4794582.98783955257386],[3847317.28818788472563,4794585.814239443279803],[3847359.46108828112483,4794576.195839261636138],[3847448.985889096744359,4794539.941638716496527],[3847565.88599016238004,4794495.548738029785454],[3847693.366291306912899,4794440.741137221455574],[3847698.027391347102821,4794437.725137179717422],[3847764.172491919714957,4794394.925136621110141],[3847830.76089246198535,4794338.694435927085578],[3847866.274792719166726,4794294.30173541419208],[3847885.511392812244594,4794245.47003488894552],[3847919.545092837419361,4794096.015133332461119],[3847953.766092873178422,4793949.148831805214286],[3847954.412492871284485,4793946.374831777997315],[3847954.413292878307402,4793946.371231778524816],[3847992.051992881111801,4793770.469729954376817],[3848032.004692906979471,4793589.940128083340824],[3848043.842292688786983,4793427.167526438832283],[3848061.999392486177385,4793242.798924569971859],[3848062.538892478216439,4793237.31972452159971],[3848076.395892385859042,4793125.298323379829526],[3848123.74809298850596,4793188.927523909136653],[3848171.100193575490266,4793245.157924368977547],[3848239.168994387611747,4793310.266724878922105],[3848322.035195363219827,4793384.253925441764295],[3848382.704996049404144,4793425.686725725419819],[3848413.279696377925575,4793438.425925792194903],[3848489.247297199442983,4793470.078925946727395],[3848591.350098272785544,4793500.413526040501893],[3848674.216199132613838,4793519.650126056745648],[3848748.943699915427715,4793535.927026065066457],[3848845.867300900630653,4793549.244725998491049],[3848940.200701852329075,4793555.163325866684318],[3848999.761502419132739,4793546.654525657184422],[3849028.246502626687288,4793506.701125203631818],[3849033.795302532613277,4793434.563424470834434],[3849022.697002275381237,4793364.275323796086013],[3849020.356302194762975,4793336.421623528003693],[3849019.322002159431577,4793324.113523408770561],[3849018.287702125031501,4793311.805423286743462],[3849015.29800202511251,4793276.230122938752174],[3849010.118401615414768,4793102.359421225264668],[3849008.63820144534111,4793026.892220474779606],[3849005.678701260592788,4792951.425119735300541],[3849030.834201375022531,4792887.795619047246873],[3849053.386901503428817,4792838.394018514081836],[3849057.647801524959505,4792829.060518411919475],[3849088.544001713395119,4792770.895017771050334],[3849094.463001640979201,4792707.265817125327885],[3849104.821001572534442,4792625.879516291432083],[3849144.774001798126847,4792541.533615373075008],[3849186.206702067516744,4792471.98511459864676],[3849254.275102634448558,4792417.234313913621008],[3849343.059903413522989,4792369.881913259625435],[3849411.128404000308365,4792324.00961266644299],[3849476.237304500769824,4792254.461111840792],[3849566.501605128869414,4792121.283010329119861],[3849615.333105437923223,4792033.977909363806248],[3849677.482105770148337,4791896.360907872207463],[3849723.354006012436002,4791791.29850672930479],[3849778.104806413408369,4791721.750205926597118],[3849809.17930660257116,4791662.559905275702477],[3849923.119807503186166,4791548.618803905323148],[3849988.228708023671061,4791484.98940313514322],[3850022.262608260381967,4791434.677702569402754],[3850034.100608281325549,4791387.32570207118988],[3850017.823108004871756,4791329.615401534363627],[3849990.500807623844594,4791277.073001069016755],[3849984.925107546150684,4791266.350500968284905],[3849932.440106861758977,4791186.567600280046463],[3849889.568006351590157,4791147.712799981236458],[3849849.130905882455409,4791115.052199739962816],[3849773.663505036849529,4791069.179999440908432],[3849758.511104795150459,4791025.406499032862484],[3849746.354604596737772,4790986.398398665711284],[3849745.681304580997676,4790980.563598611392081],[3849738.149104370269924,4790915.286097974516451],[3849729.270504144951701,4790848.697397332638502],[3849712.992903864011168,4790789.507396775297821],[3849677.914003408048302,4790738.280196332372725],[3849647.548502996563911,4790686.659295883961022],[3849611.109902444761246,4790592.5273950221017],[3849603.518402236048132,4790527.24209438636899],[3849638.438202476594597,4790475.620993802323937],[3849690.059002796187997,4790378.452092726714909],[3849764.453303197398782,4790212.961290923878551],[3849864.658103809226304,4790025.455588850192726],[3849984.600504745263606,4789897.921187335625291],[3850168.356106378138065,4789796.955385949462652],[3850180.548406484536827,4789790.122285855934024],[3850294.325307491235435,4789726.356684992089868],[3850393.012408406473696,4789695.991184482350945],[3850452.224508920684457,4789654.9978839578107],[3850520.546109507326037,4789609.44988336134702],[3850593.422710219398141,4789603.376683152280748],[3850636.193610654678196,4789605.675983090884984],[3850650.10771079454571,4789606.423983070068061],[3850760.431611957494169,4789637.536983153782785],[3850845.454212897457182,4789681.566283420659602],[3850924.404213831759989,4789755.960884002037346],[3851014.741214968264103,4789869.450684950686991],[3851067.500915613491088,4789927.903585428372025],[3851135.443316398654133,4789984.458685853518546],[3851247.035717671737075,4790063.40798641461879],[3851284.992318102158606,4790087.700186582282186],[3851341.878618681803346,4790094.993186536245048],[3851343.041718698106706,4790095.142286539077759],[3851485.403020095545799,4790084.662986148148775],[3851664.557921851053834,4790069.479885633103549],[3851766.419222931843251,4790102.47698575258255],[3851769.386922968085855,4790103.438285761512816],[3851842.194823857862502,4790186.385586439631879],[3851933.291125092189759,4790348.839387873187661],[3851972.766425766982138,4790488.519389192573726],[3851999.336326207499951,4790572.782789972610772],[3852043.745526828337461,4790662.739690784364939],[3852060.165127032902092,4790685.566590977832675],[3852067.517627133987844,4790695.788391064852476],[3852198.97392886178568,4790904.920692881569266],[3852276.686229889281094,4791029.47569396533072],[3852343.990230740513653,4791120.963794742710888],[3852403.180431434884667,4791172.754895135760307],[3852468.289432158693671,4791211.228195389732718],[3852570.392333205323666,4791227.505195350386202],[3852671.015234189108014,4791217.146695048548281],[3852736.124334813095629,4791205.308494796045125],[3852764.07393506122753,4791189.004394577816129],[3852789.395135282538831,4791174.233494374901056],[3852811.591335421893746,4791134.280293935909867],[3852814.550635335966945,4791075.090193341486156],[3852818.285735281649977,4791032.507592909038067],[3852819.153435274492949,4791022.615592809394002],[3852820.021135265938938,4791012.723592708818614],[3852821.949135236442089,4790990.744392488151789],[3852832.307235257700086,4790947.831492038443685],[3852854.865735395345837,4790904.347191559150815],[3852856.707635410595685,4790903.775591550394893],[3852895.93633577413857,4790891.600891349837184],[3852966.964236440137029,4790869.404390987940133],[3853011.356636798940599,4790829.450990498065948],[3853046.87063707318157,4790786.538089997135103],[3853080.718837234191597,4790701.831889090128243],[3853162.704737921245396,4790633.509888245724142],[3853240.135838516522199,4790546.968587229959667],[3853278.04583879513666,4790495.158186639659107],[3853281.864938823040575,4790489.938786580227315],[3853300.865938938688487,4790455.872886198572814],[3853331.23113909130916,4790378.441385372541845],[3853337.195139063056558,4790337.117484945803881],[3853352.486239006742835,4790231.169783860445023],[3853387.405939176212996,4790143.110482905991375],[3853437.508639584295452,4790096.044282340444624],[3853496.778940104879439,4790060.67298186942935],[3853531.640640410594642,4790039.868181593716145],[3853623.993541250005364,4790000.104981007985771],[3853632.475441327318549,4789996.453180955722928],[3853725.977942174766213,4789951.808580327779055],[3853825.276543008629233,4789875.16357936616987],[3853825.888343013823032,4789874.43207935243845],[3853894.50464353710413,4789792.390578404068947],[3853976.490344186779112,4789705.849277371540666],[3854016.667744556907564,4789690.396477138623595],[3854026.185244643129408,4789686.735877089202404],[3854123.762045671697706,4789716.47677718475461],[3854202.711646500509232,4789735.454777226783335],[3854300.453447489067912,4789744.667377119883895],[3854305.581547539681196,4789744.011477104388177],[3854360.610948080196977,4789736.972676920704544],[3854397.049248436465859,4789733.935976818203926],[3854470.828649186529219,4789741.527076749131083],[3854479.322749267797917,4789741.527076735161245],[3854501.098849487490952,4789741.526976689696312],[3854513.220849609933794,4789741.526876666583121],[3854577.170450194273144,4789716.323376286774874],[3854612.690850466955453,4789673.950975795276463],[3854616.534950481262058,4789662.550975675694644],[3854630.861250542569906,4789620.065675221383572],[3854638.452250495087355,4789558.575974592007697],[3854682.481550723314285,4789449.261073414236307],[3854759.153451310005039,4789361.201572380959988],[3854801.83285167068243,4789329.672571985982358],[3854844.671452039852738,4789298.501771587878466],[3854845.507852050010115,4789298.20137158036232],[3854921.607452757656574,4789270.864471162669361],[3854988.410753367003053,4789245.053770772181451],[3855068.878654106054455,4789212.410970292985439],[3855109.112554463092238,4789188.118669966235757],[3855136.441254688892514,4789165.344569684937596],[3855147.788054736331105,4789132.211569333449006],[3855151.603754754643887,4789121.069669213145971],[3855156.937354645226151,4789038.569568376988173],[3855164.528354553040117,4788954.306167520582676],[3855194.893454728182405,4788887.502466793172061],[3855251.828155166003853,4788822.217066030018032],[3855383.916656238026917,4788696.200964506715536],[3855464.384156821295619,4788583.849263231270015],[3855494.749156982172281,4788510.21346243750304],[3855515.245457007084042,4788419.876861494034529],[3855521.318156872875988,4788320.430560485459864],[3855548.646657040342689,4788265.013959878124297],[3855606.720257523469627,4788218.327259299345315],[3855667.450558045879006,4788174.676958741620183],[3855691.742558208759874,4788132.165558271110058],[3855775.246558716520667,4787965.156456433236599],[3855808.64775883872062,4787858.878155312500894],[3855854.195358974859118,4787695.664753586985171],[3855903.538559312466532,4787616.714952695183456],[3856047.773060390260071,4787431.486550560221076],[3856124.444860909599811,4787303.193149127066135],[3856162.401161138899624,4787227.279948296025395],[3856327.891462586820126,4787121.00114690605551],[3856399.249663206748664,4787069.379846247844398],[3856546.520664404146373,4786928.181144547648728],[3856672.536065485328436,4786835.566943374462426],[3856762.872566266451031,4786774.076742577366531],[3856810.69766662362963,4786708.791541837155819],[3856832.712266699410975,4786638.19224108941853],[3856856.624666795600206,4786560.760840262286365],[3856912.799767065793276,4786411.211838659830391],[3856946.201167131774127,4786273.049737203866243],[3856954.551266827154905,4786075.675635213032365],[3856938.608666263520718,4785866.914733149111271],[3856955.309066091198474,4785690.796231348998845],[3856975.046366191003472,4785643.73003083653748],[3857087.39746708702296,4785522.268829406239092],[3857156.478067629039288,4785444.078028483316302],[3857217.208368006628007,4785327.171627191826701],[3857224.799367928411812,4785245.185626353137195],[3857206.579867559950799,4785152.571625459939241],[3857189.878867305349559,4785106.264525027945638],[3857165.586567005608231,4785078.176824798807502],[3857291.602368252817541,4785069.066924453713],[3857349.296168818604201,4785060.716224261559546],[3857518.247370500583202,4785053.355223858729005],[3857521.707870529498905,4785052.826923848129809],[3857614.232971431221813,4785038.700623523443937],[3857907.257574330084026,4785012.889422697015107],[3858128.923676532693207,4785003.779222179204226],[3858245.07077767746523,4784991.632821835577488],[3858412.079579335637391,4784981.76352141238749],[3858477.364779956638813,4784964.303321110084653],[3858568.460480795707554,4784923.31002052128315],[3858649.567181579302996,4784909.110320228151977],[3858957.138884587679058,4784867.933519222773612],[3859088.153085832949728,4784830.500418595038354],[3859180.486886725295335,4784810.536118222400546],[3859249.876287365332246,4784782.026817794889212],[3859341.447188213933259,4784744.404617240652442],[3859405.082688801456243,4784718.201616860926151],[3859459.113289375789464,4784736.317016937769949],[3859520.450990044046193,4784762.876317083835602],[3859584.94349073106423,4784783.365017166361213],[3859587.622690759133548,4784783.645717166364193],[3859713.278592048212886,4784796.809417062439024],[3859885.468893774785101,4784798.05651674605906],[3860208.637597043532878,4784809.28541624173522],[3860478.152899763081223,4784816.771115810610354],[3860587.955400872044265,4784819.266315623186529],[3860797.578302955254912,4784806.788215097039938],[3860924.849404233973473,4784806.787814858369529],[3861002.21030502859503,4784816.769614811986685],[3861082.066405769437551,4784784.327714337967336],[3861191.869006831198931,4784764.36331392545253],[3861371.545808674301952,4784781.831413762643933],[3861651.043311564717442,4784829.2454137140885],[3861948.202514705713838,4784909.95421396382153],[3862055.316415834706277,4784939.046614053659141],[3862200.056117326952517,4784961.505714010447264],[3862255.776917893905193,4784962.916313921101391],[3862397.20161932008341,4784966.496213686652482],[3862589.26232122303918,4784953.400513202883303],[3862603.0344213610515,4784952.461513169109821],[3862800.226623322814703,4784944.035412712022662],[3862923.754524619318545,4784972.733512771315873],[3863110.918026641011238,4785051.341513208113611],[3863266.887728333938867,4785118.719913595356047],[3863361.717229312285781,4785134.940513581037521],[3863444.069030142389238,4785134.94011342804879],[3863551.549231190234423,4785118.760113066062331],[3863555.82973123434931,4785118.115713052451611],[3863593.799831672571599,4785148.665113289840519],[3863679.905932787805796,4785283.69411448109895],[3863703.602733087725937,4785320.855014814063907],[3863789.698334213346243,4785460.603416055440903],[3863918.217635820154101,4785632.793317545205355],[3864049.232337384484708,4785766.302818641997874],[3864227.661939507815987,4785947.226920129731297],[3864411.082641702610999,4786140.628521727398038],[3864522.133343097753823,4786292.854423047974706],[3864606.98104411829263,4786385.188223820179701],[3864751.720845728646964,4786472.530524421483278],[3864845.302846801001579,4786544.900124978274107],[3864881.4878472504206,4786591.06702537368983],[3864893.980547423474491,4786619.339725634083152],[3864899.587947503197938,4786632.030125751160085],[3864925.159848023671657,4786774.487127136439085],[3864976.318248927593231,4786987.853029178455472],[3865000.369749255012721,4787034.932029602117836],[3865034.963249721564353,4787102.646430220454931],[3865131.040750880725682,4787209.953031115233898],[3865213.392751787789166,4787252.376531388610601],[3865569.003355529624969,4787354.691531762480736],[3865714.452257069759071,4787401.748131964355707],[3865726.575357203837484,4787405.670231982134283],[3865772.387757705990225,4787430.803932149894536],[3865802.334058098960668,4787481.961932607926428],[3865846.005958744790405,4787598.003133691847324],[3865913.099759605247527,4787701.518534599803388],[3865933.349259865004569,4787732.760434879921377],[3866095.557861736509949,4787870.013035952113569],[3866235.306663260795176,4787938.639236385934055],[3866463.646065635606647,4787988.548836470581591],[3866685.746667889412493,4788004.768936228007078],[3866925.315670285839587,4788006.016035803593695],[3867157.398272617254406,4788013.501935459673405],[3867302.137874053325504,4788006.015035126358271],[3867469.337175717577338,4788002.27133478410542],[3867577.891876761801541,4787978.563534351065755],[3867645.270477350801229,4787934.89193379599601],[3867682.197077665477991,4787903.350033415481448],[3867705.162577863316983,4787883.733733177185059],[3867761.311578353866935,4787846.301032699644566],[3867839.920179122593254,4787837.566432466730475],[3867895.666679738089442,4787869.386632683686912],[3867897.759779766667634,4787871.261032701469958],[3867977.173580689355731,4787942.377533276565373],[3868080.737581870518625,4788025.976933922618628],[3868164.337482873350382,4788119.558234709315002],[3868234.211883648298681,4788159.48623498249799],[3868363.978685020003468,4788204.40513519756496],[3868471.964286150410771,4788231.401235274039209],[3868518.700386641081423,4788243.085135307163],[3868789.463489410467446,4788279.269135184586048],[3868821.271989727858454,4788279.268935130909085],[3869029.032591804396361,4788279.268434756435454],[3869157.55139306280762,4788265.543034396134317],[3869304.786394469439983,4788229.357533776201308],[3869369.405295076780021,4788207.640833435580134],[3869457.012495905160904,4788178.199132989160717],[3869531.991796570830047,4788131.744132393039763],[3869571.805796921253204,4788107.076732076704502],[3869742.747998422477394,4787987.291630571708083],[3869892.47849980276078,4787922.407929657027125],[3869947.379600261803716,4787870.001929036341608],[3869983.598600553814322,4787832.208128595724702],[3870004.776100728195161,4787810.109528336673975],[3870144.524602030403912,4787757.703327565453947],[3870251.402403011452407,4787706.401626859791577],[3870260.351403093431145,4787702.106126804836094],[3870321.705703593790531,4787637.918326055631042],[3870412.791304195765406,4787464.480024157091975],[3870453.967004450969398,4787374.641423186287284],[3870486.408304563257843,4787256.104621947742999],[3870507.619704502634704,4787099.82312034163624],[3870511.362904523964971,4787088.281420218758285],[3870518.849404553417116,4787065.197919975966215],[3870559.255004905629903,4787033.507019584067166],[3870582.484805107582361,4787015.287519363686442],[3870644.400605687405914,4786994.380319046787918],[3870774.639006911311299,4786950.403518375009298],[3870836.141707476694137,4786920.750117970630527],[3870914.387408195063472,4786883.024417454376817],[3871171.424710601102561,4786788.194216056726873],[3871575.697314451914281,4786673.399514200165868],[3871848.046217105351388,4786632.133213309571147],[3871905.104717660695314,4786623.48841312341392],[3872182.106520466506481,4786640.956112818792462],[3872336.828222057782114,4786665.910912796854973],[3872440.39212313760072,4786689.617912851274014],[3872489.054523632396013,4786694.6087128194049],[3872528.98272401234135,4786683.378812639974058],[3872563.919724305626005,4786650.93701225053519],[3872588.898324493784457,4786613.914911843836308],[3872634.751924837939441,4786545.976611077785492],[3872635.390624843537807,4786545.045611071400344],[3872707.411025378853083,4786440.066009888425469],[3872754.349125659558922,4786328.761108694598079],[3872756.368325656745583,4786317.276808574795723],[3872768.757525661028922,4786246.812007850967348],[3872770.525625661481172,4786236.7556077465415],[3872759.815825343132019,4786113.153906526044011],[3872777.283825169317424,4785914.760604505427182],[3872778.531325031071901,4785826.170003619045019],[3872748.584524316713214,4785587.224801272153854],[3872724.87682388862595,4785477.422400210052729],[3872717.39012367464602,4785396.318199411034584],[3872717.390023590996861,4785348.903498931787908],[3872742.344823714811355,4785274.03809814248234],[3872830.935124292969704,4785098.104196223430336],[3872884.58832470793277,4785026.98209541477263],[3872955.710225314833224,4784964.593994664028287],[3873044.300726105459034,4784904.701593914069235],[3873212.747427647467703,4784818.605892757885158],[3873296.346928377170116,4784754.970091972500086],[3873402.405829292722046,4784668.87469092104584],[3873512.208130206447095,4784560.319689641706645],[3873482.345129806082696,4784500.594089092686772],[3873479.184029763098806,4784494.271989037282765],[3873450.443829358089715,4784425.56218839623034],[3873434.521429070271552,4784353.675887703895569],[3873434.820229072589427,4784349.792087665759027],[3873436.71812904952094,4784325.117887414991856],[3873545.896529946476221,4784212.195686093531549],[3873700.617831302806735,4784097.401584666222334],[3873757.390631809830666,4784056.849384162575006],[3873744.289031538646668,4783978.864783404394984],[3873706.856031032744795,4783902.751782704144716],[3873658.193130313418806,4783769.242081446573138],[3873599.548329468816519,4783620.75918005220592],[3873564.610929002985358,4783553.380579438991845],[3873543.398928703274578,4783502.222578955814242],[3873543.398828602861613,4783444.825778380036354],[3873557.124028657097369,4783396.787277869880199],[3873604.538629134651273,4783397.410977796651423],[3873660.687729767058045,4783433.595678064972162],[3873714.341430408414453,4783495.983278599567711],[3873786.711731411982328,4783655.695980079472065],[3873842.860932161100209,4783763.002781065180898],[3873881.541632633656263,4783809.169581463560462],[3873920.22223307704553,4783844.106581747531891],[3873966.588633569888771,4783857.871481807902455],[3874000.078633918892592,4783867.813781850039959],[3874125.256935208570212,4783885.363281813450158],[3874125.659535217098892,4783885.444581812247634],[3874260.859636621084064,4783912.732181852683425],[3874340.716037468519062,4783940.182581995613873],[3874451.766538702882826,4784006.313282463699579],[3874505.420139342080802,4784064.957682966254652],[3874522.888839591760188,4784108.629083373583853],[3874546.596640079282224,4784254.616484804078937],[3874577.790740548633039,4784345.702585656195879],[3874628.949041215702891,4784436.788586488924921],[3874725.026542378589511,4784552.829587493091822],[3874773.930242954753339,4784601.136587893590331],[3874827.342743574175984,4784653.897488333284855],[3874887.235244215931743,4784673.861488433554769],[3875012.010745433624834,4784653.896888021379709],[3875151.750246800482273,4784631.323187554255128],[3875165.475046932697296,4784629.105987510643899],[3875347.152148711495101,4784605.093586965464056],[3875393.823749176692218,4784598.994586825370789],[3875538.563450627960265,4784598.994186575524509],[3875693.285252265166491,4784648.903986810706556],[3875786.993353286758065,4784697.177487138658762],[3875866.961354157887399,4784736.197787400335073],[3875875.933454248588532,4784738.644687405787408],[3875995.242555503733456,4784771.18318753503263],[3876144.973257003817707,4784768.687187254428864],[3876288.465058428701013,4784757.456986902281642],[3876383.294459325727075,4784727.510686438530684],[3876510.565260460134596,4784640.167385351844132],[3876541.010560726281255,4784618.420485077425838],[3876641.579261616803706,4784546.585284188389778],[3876755.12486262852326,4784466.728683195076883],[3876838.724263304844499,4784370.651182090863585],[3876913.589263868052512,4784260.848380866460502],[3876975.976864395663142,4784198.460480130277574],[3877058.328565121162683,4784137.320279381237924],[3877191.838266392238438,4784094.896078730933368],[3877299.145267437212169,4784077.42717838101089],[3877349.426567928865552,4784068.115778199397027],[3877400.213468422181904,4784058.710478017106652],[3877456.362368963193148,4784043.737477771937847],[3877538.714069733396173,4784008.799977285787463],[3877617.791070412378758,4783939.582076455466449],[3877619.507270428352058,4783937.743376438505948],[3877668.480370832141489,4783885.271875825710595],[3877723.381571301724762,4783837.856875259429216],[3877796.99897198099643,4783797.928574737161398],[3877843.16587241506204,4783782.955374510958791],[3877909.461873077787459,4783778.583874356001616],[3877921.573673201259226,4783779.755974348634481],[3878019.099474194925278,4783789.193674279376864],[3878133.89297537272796,4783804.166274241171777],[3878316.065477282274514,4783851.580474412068725],[3878440.840978547930717,4783854.075574226677418],[3878646.72068057814613,4783831.615573672577739],[3878828.892782310955226,4783771.722772763110697],[3879087.17798472661525,4783661.919471235945821],[3879128.263685118872672,4783650.180471053346992],[3879183.255085649434477,4783634.468570803292096],[3879251.881586335133761,4783634.468370690010488],[3879323.755387086886913,4783650.803070736117661],[3879328.994487142655998,4783651.993770739994943],[3879452.770388411357999,4783666.909470682963729],[3879577.545989673119038,4783670.652370513416827],[3879663.641190533526242,4783670.652070375159383],[3879736.010991280898452,4783681.88167037256062],[3879790.912291890010238,4783713.075470599345863],[3879845.813692509196699,4783754.251270918175578],[3879930.66129344003275,4783802.91337126865983],[3879982.443193995393813,4783826.620671426877379],[3880044.831094644963741,4783839.097971452400088],[3880200.800496205221862,4783832.23497112095356],[3880360.513097777031362,4783811.022670653648674],[3880466.572298832703382,4783807.279070439748466],[3880563.897299810312688,4783804.783370258286595],[3880600.082200173288584,4783803.53537018597126],[3880650.616200635675341,4783779.203869858756661],[3880713.627701208461076,4783741.147269375622272],[3880756.051401601172984,4783721.806969113647938],[3880932.608803351409733,4783704.961768658831716],[3881101.055805001873523,4783680.006168133579195],[3881262.016206617001444,4783677.510067843832076],[3881380.553007825743407,4783684.996467732824385],[3881474.134808785282075,4783697.473667700774968],[3881652.563810560852289,4783687.491067313589156],[3881793.560111933853477,4783656.296766774728894],[3881889.637212895322591,4783652.553266586735845],[3881950.777313504833728,4783652.553066490218043],[3882011.917314091697335,4783635.084366207942367],[3882050.129714439623058,4783609.973265898413956],[3882083.846214764751494,4783601.375465761870146],[3882117.443115109577775,4783605.136165743693709],[3882186.782215831801295,4783623.304965815506876],[3882253.525816513691097,4783627.754365754313767],[3882354.38241750234738,4783615.888565466739237],[3882437.441018326673657,4783608.472365261055529],[3882521.9826191784814,4783606.988965115509927],[3882685.133220809046179,4783599.57256478164345],[3882839.384822373278439,4783609.954464643262327],[3882925.409723205957562,4783591.414364314638078],[3882992.894623852800578,4783568.424663973040879],[3883089.30182477645576,4783538.760663522407413],[3883135.280625206883997,4783519.479163253679872],[3883187.205125676933676,4783489.122862868010998],[3883231.687626084778458,4783463.117662536911666],[3883314.746026851702482,4783421.588261986151338],[3883409.67012779135257,4783408.980861710384488],[3883503.852428739890456,4783408.980561562813818],[3883592.843729592394084,4783385.24926117900759],[3883663.29493028530851,4783374.866760960780084],[3883842.94713213481009,4783402.93646096251905],[3883900.605232730507851,4783411.945760962553322],[3884068.205534462351352,4783441.609060996212065],[3884111.218034914229065,4783451.991261033341289],[3884235.805936211720109,4783481.654561132192612],[3884358.910537515766919,4783520.217061324976385],[3884504.263239040505141,4783563.229161529801786],[3884594.73763998132199,4783583.993661601096392],[3884673.346640792675316,4783594.375661581754684],[3884735.64054146129638,4783622.556061765179038],[3884817.957642349880189,4783658.893862005323172],[3884873.577242931816727,4783674.467262072488666],[3884983.333344084676355,4783707.097162223421037],[3885104.954745396506041,4783764.94096261728555],[3885211.744546572677791,4783828.717863094061613],[3885401.592848678585142,4783957.754764093086123],[3885527.664050052408129,4784023.01446455065161],[3885613.689050976186991,4784061.577264811843634],[3885687.84855174459517,4784079.375264872796834],[3885787.222252779174596,4784103.10596495307982],[3885877.696853760629892,4784147.601365260779858],[3885990.419254973996431,4784198.029365593567491],[3886175.817956953775138,4784275.154766082763672],[3886275.191758053842932,4784338.931566566228867],[3886389.397359284106642,4784392.325866930186749],[3886515.468460626900196,4784444.237167254090309],[3886647.472462065517902,4784516.912967779673636],[3886734.980562984012067,4784540.643767885863781],[3886821.005463867913932,4784555.475467897951603],[3886883.29946449585259,4784556.958267819136381],[3886961.90826529590413,4784562.890767753124237],[3887036.809266056399792,4784568.081967697478831],[3887091.687266600318253,4784564.373767571523786],[3887122.834266932215542,4784576.609967648051679],[3887155.464467302430421,4784605.53206788841635],[3887233.331968158017844,4784653.735368250869215],[3887345.31296935910359,4784704.163568588905036],[3887419.472270138561726,4784727.894268712028861],[3887465.451070609502494,4784729.377368655055761],[3887527.744971223175526,4784723.444368505850434],[3887582.622871762607247,4784717.511568357236683],[3887624.152072161436081,4784704.162768162786961],[3887656.782172476872802,4784698.229868047870696],[3887689.412472809664905,4784701.196168028749526],[3887729.458473238162696,4784716.027968121692538],[3887785.819773796480149,4784711.578167989850044],[3887889.642774837557226,4784711.577767827548087],[3887931.171975234523416,4784696.745867619290948],[3888032.028676157351583,4784640.384566897526383],[3888078.805776589550078,4784613.223266553133726],[3888123.986077001318336,4784586.989366221241653],[3888212.977277798112482,4784523.212065446190536],[3888327.182578803040087,4784428.287764318287373],[3888463.635380011051893,4784321.497863043099642],[3888497.005780276376754,4784277.971062551252544],[3888497.37718028575182,4784277.486562547273934],[3888509.613980312366039,4784219.157761937007308],[3888518.512780254241079,4784121.267260947264731],[3888527.411580180283636,4784012.994559844955802],[3888543.726380176842213,4783901.755358701571822],[3888564.92438029171899,4783838.160458030179143],[3888565.854880298022181,4783835.369058],[3888567.561980311758816,4783830.247657941654325],[3888585.255180374719203,4783754.919657162390649],[3888571.906480188947171,4783722.289456851780415],[3888534.82657977193594,4783695.592356643639505],[3888482.914979220367968,4783671.861456478014588],[3888420.620978563092649,4783651.096956363879144],[3888343.495177692733705,4783593.252955899573863],[3888293.06657709274441,4783530.959155351854861],[3888245.604276474099606,4783434.552054456435144],[3888180.343775640241802,4783321.829953420907259],[3888037.956973738968372,4783013.327250533737242],[3887951.931272573303431,4782813.097148647531867],[3887925.233672186266631,4782735.971447911113501],[3887913.368071963079274,4782670.711247274652123],[3887905.844571814872324,4782620.197546773590147],[3887904.415071779862046,4782610.599546682089567],[3887904.761771720368415,4782566.065846236422658],[3887905.271971626672894,4782500.516745574772358],[3887903.109171578660607,4782487.540145448409021],[3887898.535471495240927,4782460.098545172251761],[3887878.512471226975322,4782417.827744780108333],[3887865.523171037901193,4782378.241844406351447],[3887864.230971020646393,4782374.303844364359975],[3887868.871370994020253,4782326.611743875779212],[3887896.310171182267368,4782269.508943260647357],[3887951.929471584036946,4782164.943942119367421],[3887988.930071835406125,4782088.390641296282411],[3887991.935971859376878,4782082.171541226096451],[3887993.458371764980257,4782010.692240501753986],[3887966.76077139005065,4781940.982639843598008],[3887942.935671048238873,4781872.154839185997844],[3887941.49947102740407,4781868.005839143879712],[3887941.546070947311819,4781816.39463862311095],[3887968.243371146265417,4781773.382338148541749],[3888029.053871648851782,4781699.222737310454249],[3888086.156372088938951,4781610.231336327269673],[3888134.359772434458137,4781517.531935322098434],[3888157.349072617478669,4781487.126434976235032],[3888230.025373340584338,4781477.485534768551588],[3888290.09427392622456,4781467.103034567087889],[3888355.35457456484437,4781452.271034328266978],[3888453.244875500909984,4781419.640633844770491],[3888582.282176741864532,4781381.0773332612589],[3888629.744077195413411,4781361.795732994563878],[3888702.42017783690244,4781300.984832273796201],[3888883.368679461069405,4781168.239030660130084],[3888968.651680188253522,4781079.989129639230669],[3889072.474581102374941,4780993.963928613811731],[3889211.893982386216521,4780912.388027580454946],[3889248.973782754037529,4780906.455227465368807],[3889265.683182885870337,4780883.145327203907073],[3889263.111082852818072,4780877.633727150969207],[3889247.49028264824301,4780844.161426838487387],[3889202.99448207532987,4780764.069426097907126],[3889154.04898143466562,4780667.662225197069347],[3889127.35148108843714,4780615.750724714249372],[3889127.351281015668064,4780569.453224245458841],[3889127.351381017360836,4780569.357924243435264],[3889127.351381009910256,4780564.583724202588201],[3889127.351381009910256,4780564.579124200157821],[3889128.834180871024728,4780462.982423173263669],[3889108.0695805484429,4780388.823122452013195],[3889081.371680151671171,4780302.798221628181636],[3889081.371580082923174,4780258.302621178328991],[3889092.454580163117498,4780234.289420912973583],[3889095.812180181965232,4780227.014620834961534],[3889142.18198050186038,4780127.78191976621747],[3889210.408281007781625,4780004.677018417976797],[3889265.286081474274397,4779949.79901778139174],[3889363.176282330881804,4779859.324216717854142],[3889432.885882938746363,4779794.063715953379869],[3889452.220083087217063,4779766.028915639966726],[3889457.384883131831884,4779758.540015559643507],[3889489.246683355420828,4779693.206814849749207],[3889516.685383498668671,4779605.698613923043013],[3889546.348983690608293,4779530.056013119406998],[3889557.415283725596964,4779480.582612599246204],[3889559.837083736434579,4779469.755712487734854],[3889562.258883739355952,4779458.928712375462055],[3889571.562783774919808,4779417.333711938932538],[3889590.843983788508922,4779297.195310693234205],[3889614.574683812912554,4779153.326009200885892],[3889623.473383763805032,4779061.368308258242905],[3889641.271483785938472,4778954.578807150013745],[3889641.271183667238802,4778878.936206388287246],[3889654.619883733335882,4778831.474105884321034],[3889684.393883986864239,4778796.875305496156216],[3889736.379584403242916,4778726.421104703098536],[3889739.530784424394369,4778716.292104591615498],[3889753.992784497793764,4778669.806404099799693],[3889753.992584405466914,4778610.478803498670459],[3889764.374784420710057,4778548.184902851469815],[3889786.622584552504122,4778485.890902187675238],[3889817.69128476222977,4778415.648101437836885],[3889819.213484768755734,4778412.206601390615106],[3889842.983284950256348,4778373.168500964529812],[3889897.861085460521281,4778340.538300546817482],[3889966.087686102837324,4778309.391100134700537],[3890089.192187271546572,4778254.512799393385649],[3890210.813388429582119,4778208.533598748035729],[3890267.311988965142518,4778180.284098378382623],[3890317.602689433842897,4778155.138498043641448],[3890366.172489911783487,4778142.99589785002172],[3890408.051190316211432,4778132.757997685112059],[3890482.978091061115265,4778123.991097484715283],[3890522.282491404563189,4778083.944997016340494],[3890532.6647914564237,4778049.831596661359072],[3890540.080391411203891,4777968.256195823661983],[3890584.575591578148305,4777776.924793818965554],[3890655.767791889142245,4777502.534790927544236],[3890728.004192342050374,4777313.488188904710114],[3890800.421592869330198,4777172.514387366361916],[3890908.565393806900829,4777066.301086132414639],[3890995.466794548090547,4776971.674785038456321],[3891065.292695184703916,4776926.786384482868016],[3891096.590195479802787,4776906.666484232991934],[3891106.85999557422474,4776900.064384147524834],[3891238.790496758650988,4776800.767682950012386],[3891412.593298327643424,4776663.655881297774613],[3891541.979799543507397,4776601.858980481512845],[3891619.225400234106928,4776538.130979720503092],[3891667.528000683058053,4776508.028979347087443],[3891676.17310076020658,4776502.641379275359213],[3891684.81820084573701,4776497.253779212012887],[3891752.474001469556242,4776455.091278680600226],[3891814.270602017175406,4776401.01907804235816],[3891875.101502556353807,4776348.877977423369884],[3891922.658903007861227,4776330.19447716884315],[3891925.916203043423593,4776328.914777144789696],[3891963.024703409522772,4776324.150377044454217],[3891994.832303733564913,4776320.875976961106062],[3892089.458304650150239,4776293.839576547034085],[3892232.363006030209363,4776243.629475829191506],[3892303.815406730864197,4776227.21467555873096],[3892402.303707695566118,4776205.97167519852519],[3892462.16910826601088,4776178.935574835166335],[3892534.587008929811418,4776127.759974207729101],[3892571.122809287626296,4776122.123374102637172],[3892651.873610131908208,4776134.471974112093449],[3892681.601710435468704,4776139.331274108961225],[3892732.745710968971252,4776147.69117412623018],[3892764.393211298622191,4776152.86427413020283],[3892844.835112126078457,4776160.176774088293314],[3892852.410012205131352,4776160.865374082699418],[3892920.441412885207683,4776151.335873887874186],[3893032.822213932406157,4776091.066673106513917],[3893090.756314410828054,4776013.820872238837183],[3893148.690414882265031,4775931.747071322984993],[3893287.732115906663239,4775665.248568415641785],[3893356.287316400557756,4775523.309266877360642],[3893437.395217139273882,4775463.443466143682599],[3893494.364017668645829,4775433.510665760375559],[3893529.124517970252782,4775393.922065310180187],[3893539.745617954060435,4775311.84836445748806],[3893558.091318030841649,4775234.602463648654521],[3893664.303618792444468,4775012.520461236126721],[3893743.480019382201135,4774863.822159606963396],[3893834.243620176799595,4774774.989058570005],[3893928.869421017821878,4774691.949657591059804],[3894004.184021707158536,4774639.808356951922178],[3894038.944321944378316,4774556.7691560536623],[3894083.360622270032763,4774469.867355107329786],[3894123.914222567807883,4774390.69045424181968],[3894165.189622950740159,4774361.535453887656331],[3894215.728723437525332,4774342.279353617690504],[3894270.483623965643346,4774321.510053331032395],[3894273.479223994072527,4774320.373753311112523],[3894418.523325330112129,4774221.33865209762007],[3894504.349226135294884,4774176.332051513716578],[3894539.109726427122951,4774133.846951028332114],[3894568.076526560354978,4774017.978149810805917],[3894601.313326810020953,4773955.847049129195511],[3894603.651926824823022,4773953.581549102440476],[3894660.771227328572422,4773898.246748456731439],[3894733.902427999768406,4773846.211047817952931],[3894761.190528253559023,4773826.794347588904202],[3894917.613029728177935,4773743.754646516405046],[3895066.311031162273139,4773687.750845731236041],[3895155.143732031807303,4773662.645845351740718],[3895193.766532387118787,4773636.575245029293001],[3895345.361133819445968,4773557.397844004444778],[3895406.057834413368255,4773540.326643746346235],[3895406.607834422960877,4773540.171943742781878],[3895473.977035111747682,4773542.763143674470484],[3895593.397936358582228,4773567.387143757194281],[3895633.184136778116226,4773575.79914378747344],[3895639.902036848012358,4773577.219443784095347],[3895681.944937302730978,4773592.631843886338174],[3895795.318138521164656,4773637.53904418181628],[3895931.464240026194602,4773721.54354484565556],[3896174.788642621133476,4773803.61644534394145],[3896203.205042923800647,4773811.933345384895802],[3896307.264144021086395,4773842.389345553703606],[3896338.136444351170212,4773849.133645572699606],[3896427.768745263107121,4773849.96334545686841],[3896578.397946731187403,4773805.546544789336622],[3896678.81754773017019,4773786.234844455495477],[3896804.341748984530568,4773768.854044099338353],[3896839.498249345924705,4773768.295944047160447],[3896895.152449906338006,4773767.412443955428898],[3896926.00405021943152,4773766.922543914057314],[3896962.824050606228411,4773775.586043942719698],[3896967.410150660201907,4773776.665143954567611],[3897013.281851119361818,4773774.315743867307901],[3897017.798251166474074,4773773.147243843413889],[3897109.68225207272917,4773749.373843475244939],[3897117.626252162735909,4773756.930243542417884],[3897180.915252888575196,4773817.131744065321982],[3897227.621453417465091,4773853.059244362637401],[3897232.131353464443237,4773856.528344390913844],[3897236.641153517644852,4773859.997444427572191],[3897268.782453879248351,4773884.72154463082552],[3897299.030054220929742,4773911.090844854712486],[3897422.608955638017505,4774023.054045826196671],[3897425.805655680131167,4774030.069045894779265],[3897454.17315605469048,4774092.319046490825713],[3897440.655356083530933,4774208.187747687101364],[3897432.30055611114949,4774290.068348531611264],[3897431.637156111653894,4774296.569148600101471],[3897431.805356158409268,4774328.184148919768631],[3897433.494056248106062,4774381.370149455033243],[3897434.862556324340403,4774424.476049893535674],[3897454.174356736708432,4774582.829851478338242],[3897500.529057381208986,4774702.142152631655335],[3897502.467057396657765,4774703.654652644880116],[3897577.768158246297389,4774762.426153133623302],[3897641.547658917494118,4774778.961053217761219],[3897734.191159894689918,4774802.979653331451118],[3897846.858061117120087,4774857.15605372749269],[3897991.033862720243633,4774953.608154507353902],[3898110.764964013826102,4775007.680054889991879],[3898240.151665362063795,4775032.78435496520251],[3898340.571266376879066,4775026.990854767151177],[3898469.957967666443437,4775009.610054410994053],[3898620.587069136556238,4774963.26215373724699],[3898744.18017028644681,4774887.947052799165249],[3898802.114270782098174,4774818.425852010026574],[3898908.326771614607424,4774638.829050039872527],[3899043.506172643043101,4774381.986347235739231],[3899228.895174079108983,4774053.691243644803762],[3899331.245474942494184,4773924.304242179729044],[3899382.077475468628109,4773928.214242152869701],[3899434.240376005880535,4773932.226642121560872],[3899445.505176119506359,4773933.093042113818228],[3899536.113877044990659,4773934.903842008672655],[3899584.963177539873868,4773935.48534195125103],[3899618.986177888698876,4773935.890141903422773],[3899643.103278159163892,4773954.240042061544955],[3899712.157678928691894,4774004.621842482127249],[3899716.496178974863142,4774005.763542483560741],[3899740.044979222118855,4774011.960542522370815],[3899781.202679658774287,4774022.791242574341595],[3899868.10418054042384,4774018.928842411376536],[3899983.571781693026423,4773999.812342061661184],[3899992.826281776186079,4773996.145442010834813],[3900076.667582588735968,4773962.924941557459533],[3900186.742883696686476,4773953.268941312097013],[3900391.44428574712947,4773930.09444080106914],[3900545.935687287710607,4773903.058240313082933],[3900686.90908863954246,4773843.19213951472193],[3900769.948189380578697,4773765.946238618344069],[3900885.973990453407168,4773681.315237598493695],[3900915.969990727957338,4773659.435537330806255],[3900925.032590813934803,4773652.825137256644666],[3901007.537991617806256,4773629.893936907872558],[3901035.993591900449246,4773623.57023680396378],[3901073.137392273638397,4773615.316036674194038],[3901118.201292726676911,4773615.315836611203849],[3901190.699993464630097,4773615.315736518241465],[3901201.440193580463529,4773615.315736504271626],[3901272.07189430622384,4773624.429236497730017],[3901389.845395533367991,4773642.351236520335078],[3901592.615797699894756,4773715.734136995859444],[3901749.038699357304722,4773764.012137278914452],[3901870.700900601223111,4773769.805337182246149],[3902052.228702572640032,4773860.568737862631679],[3902239.550104609690607,4773957.125438597053289],[3902359.281305965501815,4774057.544639457017183],[3902562.05190820991993,4774194.655440584756434],[3902666.334009335841984,4774242.93374093901366],[3902760.960310438647866,4774349.146341892890632],[3902900.003212069626898,4774515.224543403834105],[3902992.698413108475506,4774584.745443988591433],[3903068.013113910797983,4774611.781344160437584],[3903141.396814751438797,4774685.1645448198542],[3903180.019815176725388,4774706.406944976188242],[3903237.954215771052986,4774710.26914494112134],[3903371.203217124566436,4774710.26894476544112],[3903458.239618028979748,4774726.935044818557799],[3903460.103318051435053,4774727.2919448222965],[3903585.560419332701713,4774733.442044723778963],[3903670.599820222239941,4774749.368544775061309],[3903679.358920312486589,4774751.777244781143963],[3903739.08642094116658,4774768.20204487349838],[3903782.537321399431676,4774778.823344926349819],[3903833.71272192383185,4774783.651144905947149],[3903976.617423363495618,4774770.132644585333765],[3904011.171423702966422,4774763.357044472359121],[3904075.1057243430987,4774750.820844253525138],[3904183.249625420197845,4774733.440343940630555],[3904304.911926661618054,4774737.302243823185563],[3904370.570827328599989,4774737.302043735049665],[3904477.74942840822041,4774729.577143519185483],[3904556.926429218612611,4774732.473543443717062],[3904673.760530420113355,4774742.129143390804529],[3904787.698231577407569,4774743.094343258067966],[3904823.563731957226992,4774752.875843307003379],[3904826.873531991615891,4774753.778543312102556],[3904932.534133113920689,4774791.372543558478355],[3904996.26203378289938,4774808.752643650397658],[3905106.33733494579792,4774841.581843845546246],[3905141.098035321570933,4774857.030943957157433],[3905287.865336881484836,4774907.240344277583063],[3905345.799637486226857,4774920.758144336752594],[3905403.734038092661649,4774934.27594440523535],[3905474.127838791813701,4774922.956344198435545],[3905478.862638841383159,4774921.292844172567129],[3905540.845139445737004,4774899.514943874441087],[3905591.054939946625382,4774893.721243753097951],[3905626.295540363062173,4774941.021344183944166],[3905628.706540406681597,4774951.629644290544093],[3905634.1413404927589,4774975.542544525116682],[3905643.196140632033348,4775015.383444922976196],[3905652.85204080119729,4775069.455345455557108],[3905715.347041442990303,4775076.380145446397364],[3905721.838841517455876,4775081.373845493420959],[3905779.193042156286538,4775125.492145866155624],[3905809.275042492896318,4775148.631846060045063],[3905932.868343767244369,4775162.149446040391922],[3905987.457744312472641,4775154.225145891308784],[3906052.599344961345196,4775144.768945715390146],[3906102.95454546622932,4775139.345845595002174],[3906178.123746224213392,4775131.250645412132144],[3906267.018047092482448,4775104.697445030324161],[3906326.821747678797692,4775086.833844773471355],[3906385.663248201366514,4775027.992044100537896],[3906440.758948694448918,4774972.895943467505276],[3906510.280049304943532,4774897.58114261738956],[3906568.214349875692278,4774884.062942404299974],[3906568.214449910447001,4774909.970742665231228],[3906568.214449917431921,4774916.328342731110752],[3906542.113649875856936,4775092.343744555488229],[3906535.570749856997281,4775132.95254497602582],[3906533.824949856381863,4775142.380045074038208],[3906508.349949770607054,4775279.947946505621076],[3906475.520949637051672,4775440.233048178255558],[3906428.428949319757521,4775567.239449528045952],[3906411.793549210298806,4775612.105150003917515],[3906388.11634910851717,4775724.279651176184416],[3906386.647049113176763,4775736.034451298415661],[3906375.102449110709131,4775828.393452247604728],[3906345.16994889266789,4775893.086852948181331],[3906298.339548450428993,4775923.985353320837021],[3906211.230047661345452,4775997.731854176148772],[3906207.642347628716379,4776001.474054224789143],[3906113.915846803691238,4776099.237255332991481],[3906082.052046561148018,4776160.551255995407701],[3906076.7414465630427,4776207.864256485365331],[3906084.466446741949767,4776285.110057257115841],[3906075.845846785698086,4776388.559058317914605],[3906070.948846812359989,4776447.326358925551176],[3906050.672046722844243,4776538.090259870514274],[3906005.29044638806954,4776636.578760925680399],[3905947.356345922220498,4776734.101661985740066],[3905908.628345651552081,4776829.596363008953631],[3905876.869945428799838,4776907.905063846148551],[3905849.834345274139196,4777000.600064819678664],[3905839.213345316238701,4777117.434266021475196],[3905812.17764522973448,4777264.201467541977763],[3905776.451945075765252,4777425.452069218270481],[3905755.209544964600354,4777505.594670061953366],[3905713.89034465700388,4777593.398871004581451],[3905711.308844636660069,4777598.884471056982875],[3905662.515144227538258,4777666.84547181520611],[3905611.339843763504177,4777705.468472270295024],[3905568.742843322455883,4777700.628572274930775],[3905566.16614329488948,4777700.33577227871865],[3905475.045142395887524,4777719.38897258695215],[3905475.03984239557758,4777719.390172590501606],[3905371.529341420158744,4777775.197473289445043],[3905309.280840837396681,4777810.117673723958433],[3905131.644339126069099,4777879.958174656145275],[3905029.920838160440326,4777928.542875282466412],[3904955.526137430220842,4777951.317075608298182],[3904886.065636759623885,4777973.332075918093324],[3904839.379236397333443,4778061.391476877965033],[3904787.758635992184281,4778152.487277863547206],[3904689.07203521206975,4778321.014779699034989],[3904640.488034861162305,4778429.190880852751434],[3904604.049834608100355,4778516.111581785604358],[3904583.174034440424293,4778554.068082192912698],[3904583.623134510591626,4778602.46128268353641],[3904665.16053550131619,4778730.945583879947662],[3904716.022636110894382,4778805.340084563940763],[3904772.198536794167012,4778890.362785352393985],[3904809.396337272599339,4778973.107986140996218],[3904846.593737727031112,4779030.80178667511791],[3904892.51733826007694,4779087.043787186965346],[3904892.1337382607162,4779087.869387199170887],[3904857.981138012837619,4779161.372387981042266],[3904815.849737739656121,4779282.453989265486598],[3904804.172637670766562,4779317.283189633861184],[3904800.285937642678618,4779328.875789752230048],[3904796.399337623268366,4779340.468389871530235],[3904750.185437326785177,4779478.309891327284276],[3904705.397137056104839,4779613.435492755845189],[3904663.645036731846631,4779692.385193603113294],[3904651.49913668865338,4779750.838294208049774],[3904654.53593684732914,4779851.802695225924253],[3904677.219137155450881,4779911.787095800042152],[3904688.696937308181077,4779942.139296094886959],[3904730.449337789323181,4779985.409696481190622],[3904752.639838085975498,4780043.274197032675147],[3904752.05613809498027,4780054.831697151064873],[3904749.428038135636598,4780106.870597685687244],[3904746.686238192021847,4780168.288198301568627],[3904749.258138219825923,4780174.289398359134793],[3904764.610938426572829,4780210.112298702821136],[3904819.268639096990228,4780306.521799605339766],[3904858.743739601224661,4780384.712300344370306],[3904868.61253975937143,4780430.260000790469348],[3904871.869339896831661,4780509.070301581174135],[3904871.956739896908402,4780511.186501605436206],[3904872.078139901161194,4780514.123901635408401],[3904864.432839888613671,4780565.060602156445384],[3904852.671239856630564,4780628.393402814865112],[3904810.919439561665058,4780726.321403857320547],[3904789.663839425425977,4780785.533704480156302],[3904784.349939409643412,4780815.899004791863263],[3904743.357139054685831,4780864.48350534029305],[3904728.8180389595218,4780903.254705744795501],[3904725.839338942430913,4780911.197905829176307],[3904744.116539234761149,4780995.813206661492586],[3904755.940539454575628,4781073.008707425557077],[3904755.618039454799145,4781073.531907429918647],[3904716.029139138758183,4781137.770708126015961],[3904661.019538692198694,4781225.919309089891613],[3904657.020538661628962,4781232.327409160323441],[3904622.656738385092467,4781283.270609717816114],[3904581.840438052080572,4781347.971410423517227],[3904578.980838035233319,4781357.001810516230762],[3904565.515537961386144,4781399.523910962976515],[3904555.85323789762333,4781430.036811282858253],[3904550.627937964163721,4781520.962412206456065],[3904548.262237994000316,4781562.125512625090778],[3904505.751537780743092,4781729.134514360688627],[3904496.194837722927332,4781758.579714673571289],[3904449.576337438542396,4781902.216616183519363],[3904332.670436460059136,4782051.006617837585509],[3904256.757735815830529,4782147.416318900883198],[3904203.618435294833034,4782155.767119059339166],[3904117.077434398699552,4782137.548218986950815],[3904018.39043338643387,4782122.365818962454796],[3903969.805932946037501,4782160.322519401088357],[3903918.18543252395466,4782239.272320267744362],[3903874.156132271979004,4782383.507421784102917],[3903851.382432123180479,4782444.237922418862581],[3903810.389631760306656,4782480.866122846491635],[3903751.177131155040115,4782478.019522889517248],[3903677.921130395960063,4782459.421122803352773],[3903654.98143017385155,4782465.88292290084064],[3903647.963430105708539,4782467.859822927974164],[3903640.945430038496852,4782469.836822953075171],[3903570.124429348856211,4782489.786423248238862],[3903523.058328888379037,4782500.414623418822885],[3903425.130527939647436,4782529.261823837645352],[3903280.136426518205553,4782555.83182429894805],[3903205.741725800558925,4782577.846724613569677],[3903108.57312487764284,4782620.358325166627765],[3903014.441023983061314,4782661.351725708693266],[3902930.936823250725865,4782746.374726672656834],[3902817.067322212271392,4782825.324627622030675],[3902689.533521010074764,4782886.055528394877911],[3902481.531919064000249,4782999.925729818642139],[3902416.246618453413248,4783036.364330274052918],[3902343.370017755310982,4783060.656630611978471],[3902224.94581660348922,4783089.50403106212616],[3902097.411915397737175,4783147.198331809602678],[3902018.462514664046466,4783192.746432377956808],[3901984.471614337060601,4783206.342832555994391],[3901941.764213918242604,4783216.000732708722353],[3901878.78241333225742,4783248.922433127649128],[3901827.161512861959636,4783283.84263354819268],[3901786.16881249519065,4783320.281033963896334],[3901780.921212483663112,4783348.85083426348865],[3901772.504512462299317,4783394.675934735685587],[3901757.322012392338365,4783459.961235411465168],[3901749.383612404111773,4783528.763536117970943],[3901748.798212403897196,4783533.837236165069044],[3901751.307412500493228,4783587.607236706651747],[3901751.36531250551343,4783587.719236702658236],[3901774.023412793409079,4783631.524937110953033],[3901854.237513689789921,4783702.082837716676295],[3901862.842113815248013,4783733.248138015158474],[3901811.98041339032352,4783796.256238718517125],[3901740.622212744317949,4783848.63633933942765],[3901707.97971244668588,4783869.89223959762603],[3901656.358911983203143,4783914.301540115848184],[3901605.117811591364443,4784005.017941092140973],[3901534.51881099306047,4784087.763342019170523],[3901494.285110632423311,4784119.646842394024134],[3901391.802509669680148,4784172.027343054302037],[3901315.130408985540271,4784236.553743809461594],[3901258.955008550547063,4784329.926844818517566],[3901152.676807627081871,4784437.723846053704619],[3901082.836906983982772,4784482.512746592983603],[3900942.39800571417436,4784587.273247835226357],[3900911.463405449409038,4784618.732448196038604],[3900905.377705399412662,4784624.921448264271021],[3900904.816905393730849,4784625.491748264059424],[3900869.114205135963857,4784703.592649098485708],[3900875.999205367174,4784819.676350254565477],[3900875.64380536461249,4784822.821850288659334],[3900860.35900539252907,4784957.840551663190126],[3900810.310605085920542,4785102.723653184249997],[3900773.872404820285738,4785174.08215394988656],[3900696.441504180431366,4785275.805955074727535],[3900650.134703833144158,4785363.106156009249389],[3900515.281602685339749,4785515.016757723875344],[3900518.589902721345425,4785520.414457768201828],[3900555.243903176859021,4785580.217958319932222],[3900614.456303897779435,4785676.627359204925597],[3900631.839404131751508,4785718.841259605251253],[3900631.762304132804275,4785720.821159626357257],[3900627.362104238942266,4785833.767460761591792],[3900646.638504475355148,4785865.894861064851284],[3900647.248604484368116,4785866.911661067046225],[3900739.71390551654622,4785944.600361722521484],[3900841.437606678809971,4786048.601062629371881],[3900932.533707734197378,4786157.915563597343862],[3900974.286208279896528,4786254.325264508835971],[3900980.092008475679904,4786351.987565478309989],[3900960.622308459598571,4786485.86026684846729],[3900927.220808196812868,4786540.517767439596355],[3900886.987107921857387,4786634.650168434716761],[3900845.994007453788072,4786593.657268083654344],[3900784.504206792451441,4786559.49646782130003],[3900706.313806002028286,4786551.905367854051292],[3900614.458905092906207,4786561.774368074722588],[3900505.144004004076123,4786562.533768228255212],[3900366.982102614361793,4786562.534168414771557],[3900236.411501292604953,4786548.870268456637859],[3900174.16280066780746,4786548.111168533563614],[3900045.110499380156398,4786550.388968729414046],[3899985.898298770189285,4786538.2429686980322],[3899938.832198303192854,4786542.797968803904951],[3899866.714797637425363,4786583.032069305889308],[3899821.926097221206874,4786606.565369598567486],[3899769.545996698085219,4786610.361069704405963],[3899680.727795814163983,4786614.15696987323463],[3899505.36839404143393,4786599.734069960191846],[3899364.929092581383884,4786561.018569767475128],[3899323.176792170852423,4786567.091869886033237],[3899238.913391349371523,4786586.070370194502175],[3899194.883890944998711,4786607.32607046328485],[3899127.321390354074538,4786669.575171178206801],[3899092.401590089779347,4786736.378771897405386],[3899072.6641899747774,4786793.313672494143248],[3899038.503489672672004,4786822.919872839003801],[3898989.919189237989485,4786863.153973306529224],[3898923.115888667292893,4786934.512474111281335],[3898847.961988022550941,4787011.184974983334541],[3898835.883287962060422,4787053.944475430063903],[3898836.709587989840657,4787066.338775549083948],[3898839.611888071987778,4787109.872075982391834],[3898847.055488287005574,4787207.516276951879263],[3898847.666688301134855,4787214.824477017857134],[3898855.174588499125093,4787304.589077908545732],[3898854.035988540854305,4787342.925178300589323],[3898836.196488391608,4787366.078778549097478],[3898689.304987066425383,4787467.802779770456254],[3898643.757086634170264,4787483.365079991519451],[3898579.231086006388068,4787497.029580216854811],[3898523.080085500143468,4787537.220680693164468],[3898515.513485433533788,4787545.528180790133774],[3898497.550685284659266,4787565.249681008979678],[3898476.368985099252313,4787588.505181269720197],[3898472.038785106036812,4787620.261981593444943],[3898467.259685105178505,4787655.308781951665878],[3898458.736985247582197,4787822.930983641184866],[3898458.443785250652581,4787828.697383697144687],[3898458.150985489133745,4787998.436085396446288],[3898456.962185550946742,4788051.940785931423306],[3898455.873985605314374,4788100.918786422349513],[3898475.219085962511599,4788219.119687577709556],[3898474.763586043845862,4788281.466388199478388],[3898470.119786014780402,4788291.968688311055303],[3898430.064185736700892,4788382.556489270180464],[3898396.884285510983318,4788457.449090068228543],[3898376.925285367295146,4788502.499390541575849],[3898322.641084934119135,4788579.31729138828814],[3898295.421184723265469,4788621.034491844475269],[3898294.384484716691077,4788625.699791888706386],[3898260.019884591922164,4788780.341693481430411],[3898273.684985041152686,4789011.117495764046907],[3898270.844285088125616,4789066.160596317611635],[3898263.031885222066194,4789217.534297838807106],[3898259.734385246876627,4789259.084598258137703],[3898257.929285245481879,4789271.720898386090994],[3898241.802685243543237,4789384.609999538399279],[3898220.547085115220398,4789443.822400158271194],[3898155.2618845901452,4789534.918401158414781],[3898089.977084102574736,4789653.342902424745262],[3898073.707784047350287,4789729.267503203824162],[3898072.732984038069844,4789733.816603249870241],[3898077.831384173594415,4789791.504803817719221],[3898074.79488420067355,4789832.498004234395921],[3898049.743683999404311,4789868.936304629780352],[3898018.619483766146004,4789925.871205240488052],[3897996.60488366195932,4790010.134906108491123],[3897966.998983473051339,4790084.529806894250214],[3897945.731783316470683,4790124.532807320356369],[3897944.701083311345428,4790126.471507346257567],[3897941.428683287464082,4790132.626807412132621],[3897905.050782973878086,4790170.669007840566337],[3897853.129682520870119,4790215.859808362089097],[3897794.676882030908018,4790281.145209094509482],[3897754.440681672189385,4790314.840809484012425],[3897717.625281351152807,4790345.671609841287136],[3897666.004280890338123,4790383.628310296684504],[3897608.310480370651931,4790424.621610781177878],[3897508.86447943886742,4790463.33751130476594],[3897461.798379026353359,4790504.330711781047285],[3897301.62217765673995,4790667.544313631951809],[3897198.760276813525707,4790798.115315079689026],[3897098.175875999033451,4790930.583916532807052],[3896999.488975130021572,4791009.533817456103861],[3896898.145074201282114,4791068.746418192051351],[3896665.09227202553302,4791170.470419529825449],[3896419.133969721850008,4791273.713020904920995],[3896275.658468408044428,4791351.144721873104572],[3896095.744766821619123,4791494.621023557148874],[3895887.743464986793697,4791664.667125542648137],[3895786.779064067173749,4791719.324826230295002],[3895718.457463464234024,4791777.018926903605461],[3895679.213763150386512,4791829.573727475479245],[3895675.10036312090233,4791835.082127540372312],[3895670.987163085956126,4791840.590527599677444],[3895653.55196294747293,4791863.939627858810127],[3895571.945662238169461,4791938.33472871594131],[3895517.288361758925021,4791985.780529262498021],[3895420.119760929606855,4792076.49693030398339],[3895255.768259473145008,4792204.411131806671619],[3895125.198158385232091,4792352.442033463157713],[3895104.692058227490634,4792383.600733799859881],[3895066.745357932988554,4792441.260534428991377],[3895007.533457558136433,4792587.013935965485871],[3894996.146657533012331,4792653.437836643308401],[3895020.818657916970551,4792746.810937530361116],[3895062.571458528749645,4792887.250038867816329],[3895086.104658958036453,4793022.754840176552534],[3895090.65985910454765,4793096.390640902332962],[3895059.020458881743252,4793158.47204156499356],[3894999.979058389086276,4793224.649942304939032],[3894993.561458345036954,4793236.762042433023453],[3894952.498558048158884,4793314.261643261648715],[3894870.787557415198535,4793439.724044621922076],[3894863.438457356300205,4793451.008244749158621],[3894805.616156924050301,4793545.42534576356411],[3894739.183856559451669,4793752.280947912484407],[3894687.563456361182034,4793973.94735018722713],[3894676.935856306925416,4794008.867450545541942],[3894676.936056401580572,4794072.63445117790252],[3894710.338256918359548,4794203.20485242176801],[3894757.059757586568594,4794344.742353756912053],[3894759.509557620622218,4794352.164053831249475],[3894828.003958311863244,4794359.016153805889189],[3894936.559759428258985,4794388.621953941881657],[3895089.904460999183357,4794424.300654073245823],[3895218.956662306562066,4794447.07435411401093],[3895481.616064939182252,4794466.810953934676945],[3895585.617265996988863,4794488.066353997215629],[3895684.87096704589203,4794532.178854295052588],[3895738.045667473226786,4794463.065653532743454],[3896162.892369969282299,4793252.431740925647318],[3896317.14846930699423,4791699.35192528180778],[3896782.333373338449746,4791275.594320411793888],[3897482.507379745133221,4790872.413715415634215],[3897563.494880531448871,4790860.169715181924403],[3898627.008890903554857,4790699.382912108674645],[3899500.687399468384683,4790602.806209945119917],[3899919.162704776972532,4791440.90461771376431],[3900362.855011206120253,4792927.892331888899207],[3900499.702315381728113,4795007.459952321834862],[3900631.697918873745948,4796622.14836810529232],[3900958.05802380759269,4797889.532180172391236],[3901974.321235416922718,4799080.650290543213487],[3902796.692044442519546,4799781.11929633654654],[3904503.145762127358466,4800476.86650094203651],[3904858.120065822266042,4800639.744002083316445],[3904961.137666895054281,4800687.013102408498526],[3906938.460687933955342,4801964.848812414333224],[3907020.521389836445451,4802832.421420814469457],[3907048.665690487250686,4803129.973023687489331],[3907599.755098340567201,4805082.358342077583075],[3908182.324305505491793,4806263.255852864123881],[3909252.998917495366186,4807522.849563792347908],[3909882.802224203012884,4807995.206267615780234],[3910370.916029451414943,4808404.573470995761454],[3910811.771134230308235,4808813.948174431920052],[3910921.992735744453967,4809176.081977813504636],[3910845.605335495900363,4809583.445981860160828],[3910780.273535287007689,4809931.851685320958495],[3910764.545036475174129,4811034.021696013398468],[3910921.986738913226873,4811789.782903130166233],[3911095.202641202136874,4812293.613307796418667],[3911252.639543177559972,4812671.497711253352463],[3911551.790446578525007,4813096.638214997015893],[3911803.719849336892366,4813364.295917276293039],[3912039.904051706194878,4813443.000017752870917],[3912386.285854975692928,4813380.03141672629863],[3912622.459957062732428,4813222.581614926457405],[3913315.263062777463347,4812403.829806200228631],[3913945.046668217983097,4811852.757200134918094],[3914054.084269199986011,4811788.017499377951026],[3914448.903172740712762,4811553.598696649074554],[3914999.983277979306877,4811474.850995252840221],[3915346.359281204640865,4811364.646293780766428],[3915708.519284451846033,4811144.22309122979641],[3916180.859688557684422,4810734.828986729495227],[3916952.373195866122842,4810593.143184477463365],[3917158.705397870391607,4810593.136984243988991],[3917503.457301203627139,4810593.126483854837716],[3917561.690401747822762,4810571.038683574646711],[3917836.518104289192706,4810466.795982262119651],[3917960.057505436707288,4810419.937181665562093],[3917986.481305669993162,4810400.118881449103355],[3918400.916309334803373,4810089.285577969625592],[3918951.991814295761287,4809742.896274001337588],[3919014.127014852594584,4809699.58947350922972],[3919471.594818937126547,4809380.743869920261204],[3919880.969522422645241,4808939.890465189702809],[3920920.132731141056865,4807664.529551669955254],[3921581.410536647774279,4806798.534142537042499],[3922289.954842776991427,4806074.276934728957713],[3923092.938149415887892,4804940.628422826528549],[3923439.336451827548444,4804011.675713389180601],[3923848.715554884169251,4803098.452504032291472],[3924006.157355787698179,4802484.366597858257592],[3924667.448761553969234,4801791.606390384025872],[3925340.72896748688072,4801136.772583271376789],[3925816.842371688690037,4800673.703678240999579],[3926503.129477965179831,4800210.448272999376059],[3926784.882180545479059,4800020.260470854118466],[3927076.444083213340491,4799823.451168625615537],[3927301.150385309942067,4799705.750267248600721],[3927737.730889377184212,4799477.069464568048716],[3928524.980996784754097,4799130.674060392193496],[3928902.878500375896692,4799004.707758782431483],[3929091.807202097959816,4798862.985757203772664],[3929139.038702288642526,4798579.592054366134107],[3929091.803901600185782,4798343.404452089220285],[3928745.409797893837094,4798044.253549478016794],[3928414.765594147611409,4797540.412244830280542],[3928399.025393595453352,4797131.019340801984072],[3928792.645596914924681,4796548.469234677962959],[3929579.898303928319365,4795761.208326137624681],[3930886.734015963971615,4794816.480215551331639],[3931422.071420598309487,4794107.95490803103894],[3931453.574820541776717,4793714.349804102443159],[3931264.614218200091273,4793210.494699278846383],[3930430.127309338655323,4792596.430393971502781],[3929816.076202774420381,4792108.324789704754949],[3929611.38090048590675,4791840.669087242335081],[3929516.907899232581258,4791510.037684046663344],[3929406.685897633899003,4790990.439478984102607],[3929406.705797333735973,4790675.533775848336518]]]]}}
]
}
