{"type": "FeatureCollection", "features": [{"type": "Feature", "geometry": {"type": "MultiPolygon", "coordinates": [[[[68.60347, 23.225695], [68.611809, 23.227638], [68.612923, 23.221251], [68.60347, 23.225695]]], [[[68.595413, 23.260681], [68.597641, 23.260139], [68.594582, 23.259581], [68.595413, 23.260681]]], [[[68.574028, 23.24514], [68.54097, 23.285143], [68.567917, 23.281248], [68.558197, 23.313751], [68.612076, 23.296532], [68.614861, 23.27153], [68.572365, 23.260975], [68.574028, 23.24514]]], [[[68.627914, 23.286528], [68.629303, 23.28903], [68.629028, 23.285418], [68.627914, 23.286528]]], [[[68.618752, 23.299311], [68.598473, 23.30208], [68.58847, 23.319031], [68.609306, 23.316807], [68.618752, 23.299311]]], [[[68.646248, 23.30736], [68.633186, 23.307919], [68.634308, 23.313751], [68.646248, 23.30736]]], [[[68.630417, 23.313192], [68.634026, 23.314028], [68.631248, 23.31208], [68.630417, 23.313192]]], [[[68.62986, 23.315697], [68.627907, 23.311531], [68.625687, 23.31208], [68.62986, 23.315697]]], [[[68.631805, 23.320139], [68.632362, 23.31875], [68.631248, 23.319578], [68.631805, 23.320139]]], [[[68.625137, 23.324306], [68.629028, 23.32375], [68.629028, 23.321529], [68.625137, 23.324306]]], [[[68.537636, 23.31847], [68.502357, 23.32375], [68.505974, 23.342361], [68.527641, 23.337084], [68.537636, 23.31847]]], [[[68.544586, 23.33847], [68.541527, 23.337082], [68.540413, 23.33931], [68.544586, 23.33847]]], [[[68.545418, 23.34042], [68.550697, 23.339306], [68.545135, 23.338753], [68.545418, 23.34042]]], [[[68.55542, 23.339022], [68.553192, 23.339863], [68.553749, 23.34181], [68.55542, 23.339022]]], [[[68.531807, 23.342361], [68.532082, 23.339306], [68.521248, 23.342638], [68.531807, 23.342361]]], [[[68.560966, 23.34292], [68.56514, 23.34264], [68.561249, 23.34181], [68.560966, 23.34292]]], [[[68.632637, 23.347918], [68.634308, 23.34236], [68.628471, 23.348749], [68.632637, 23.347918]]], [[[68.567917, 23.37207], [68.595139, 23.358749], [68.61792, 23.354031], [68.617363, 23.327641], [68.567917, 23.37207]]], [[[68.47097, 23.35597], [68.476517, 23.355421], [68.47625, 23.35347], [68.47097, 23.35597]]], [[[68.574577, 23.35903], [68.575691, 23.35236], [68.56958, 23.358749], [68.574577, 23.35903]]], [[[68.599586, 23.359583], [68.59597, 23.359581], [68.596252, 23.360695], [68.599586, 23.359583]]], [[[68.539307, 23.374861], [68.537918, 23.37513], [68.539024, 23.377083], [68.539307, 23.374861]]], [[[68.532082, 23.384583], [68.534302, 23.37125], [68.530418, 23.383196], [68.532082, 23.384583]]], [[[68.502914, 23.380974], [68.505142, 23.377361], [68.50264, 23.378469], [68.502914, 23.380974]]], [[[68.58625, 23.38014], [68.58709, 23.375971], [68.577919, 23.384029], [68.58625, 23.38014]]], [[[68.535423, 23.380701], [68.53653, 23.38236], [68.542915, 23.380138], [68.535423, 23.380701]]], [[[68.555695, 23.360416], [68.546249, 23.396807], [68.528198, 23.390692], [68.550697, 23.402361], [68.555695, 23.360416]]], [[[68.505142, 23.38126], [68.504303, 23.38097], [68.503754, 23.384308], [68.505142, 23.38126]]], [[[68.520416, 23.39403], [68.527359, 23.399031], [68.527359, 23.38625], [68.520416, 23.39403]]], [[[68.556526, 23.403749], [68.556808, 23.402639], [68.552917, 23.402081], [68.556526, 23.403749]]], [[[68.422363, 23.405142], [68.42347, 23.400688], [68.413193, 23.403749], [68.422363, 23.405142]]], [[[68.462082, 23.402361], [68.462906, 23.403749], [68.469017, 23.403469], [68.462082, 23.402361]]], [[[68.471252, 23.404306], [68.475975, 23.402916], [68.469856, 23.404581], [68.471252, 23.404306]]], [[[68.432358, 23.405701], [68.432358, 23.40486], [68.429581, 23.40597], [68.432358, 23.405701]]], [[[68.461533, 23.40625], [68.463196, 23.406811], [68.464577, 23.405142], [68.461533, 23.40625]]], [[[68.55542, 23.405142], [68.551247, 23.404306], [68.557358, 23.409309], [68.55542, 23.405142]]], [[[68.409859, 23.407921], [68.409859, 23.405701], [68.409027, 23.40625], [68.409859, 23.407921]]], [[[68.549858, 23.414862], [68.54792, 23.410418], [68.541527, 23.40543], [68.549858, 23.414862]]], [[[68.462914, 23.410973], [68.457916, 23.411249], [68.457916, 23.412083], [68.462914, 23.410973]]], [[[68.402641, 23.41847], [68.401802, 23.415972], [68.398483, 23.419031], [68.402641, 23.41847]]], [[[68.401253, 23.42292], [68.402641, 23.420691], [68.401802, 23.420416], [68.401253, 23.42292]]], [[[68.401253, 23.42318], [68.398193, 23.421806], [68.398476, 23.427084], [68.401253, 23.42318]]], [[[68.501251, 23.43014], [68.50042, 23.43014], [68.50042, 23.43125], [68.501251, 23.43014]]], [[[68.51403, 23.43264], [68.516251, 23.429859], [68.513748, 23.430416], [68.51403, 23.43264]]], [[[68.500969, 23.435417], [68.496803, 23.43458], [68.498749, 23.436251], [68.500969, 23.435417]]], [[[68.502083, 23.443195], [68.500687, 23.43903], [68.499306, 23.442362], [68.502083, 23.443195]]], [[[68.412086, 23.443472], [68.472862, 23.480419], [68.494858, 23.455973], [68.484581, 23.403191], [68.458191, 23.417917], [68.474586, 23.459864], [68.418198, 23.439861], [68.421249, 23.420141], [68.412086, 23.443472]]], [[[68.525139, 23.443201], [68.502907, 23.429312], [68.506813, 23.456541], [68.525139, 23.443201]]], [[[68.502357, 23.449581], [68.496803, 23.444027], [68.495972, 23.448475], [68.502357, 23.449581]]], [[[68.40625, 23.45236], [68.401253, 23.453751], [68.401253, 23.455139], [68.40625, 23.45236]]], [[[68.49514, 23.47403], [68.502357, 23.458195], [68.500137, 23.455139], [68.49514, 23.47403]]], [[[68.495972, 23.47736], [68.487083, 23.485695], [68.498466, 23.489031], [68.495972, 23.47736]]], [[[68.471252, 23.480417], [68.458748, 23.487364], [68.46653, 23.497923], [68.471252, 23.480417]]], [[[68.486809, 23.48597], [68.479576, 23.477921], [68.480698, 23.501251], [68.486809, 23.48597]]], [[[68.489586, 23.49375], [68.48764, 23.486523], [68.48597, 23.489031], [68.489586, 23.49375]]], [[[68.507362, 23.492361], [68.509026, 23.490417], [68.506805, 23.490417], [68.507362, 23.492361]]], [[[68.509308, 23.492081], [68.511528, 23.492361], [68.511253, 23.49069], [68.509308, 23.492081]]], [[[68.439308, 23.499582], [68.43959, 23.498751], [68.437363, 23.499031], [68.439308, 23.499582]]], [[[68.470413, 23.518751], [68.464302, 23.515417], [68.463196, 23.518751], [68.470413, 23.518751]]], [[[68.46875, 23.524584], [68.474586, 23.522078], [68.471527, 23.520691], [68.46875, 23.524584]]], [[[68.476517, 23.532921], [68.474861, 23.53042], [68.472076, 23.53097], [68.476517, 23.532921]]], [[[68.47625, 23.539305], [68.457359, 23.542641], [68.479309, 23.55542], [68.47625, 23.539305]]], [[[68.481529, 23.54875], [68.483192, 23.54875], [68.482086, 23.547083], [68.481529, 23.54875]]], [[[68.445969, 23.54014], [68.43042, 23.50765], [68.435417, 23.557083], [68.479576, 23.589861], [68.481247, 23.561251], [68.445969, 23.54014]]], [[[68.227356, 23.585421], [68.228195, 23.584307], [68.22403, 23.584028], [68.227356, 23.585421]]], [[[68.245972, 23.589029], [68.253471, 23.582081], [68.244858, 23.587078], [68.245972, 23.589029]]], [[[68.217636, 23.587084], [68.217102, 23.58625], [68.215141, 23.587078], [68.217636, 23.587084]]], [[[68.467636, 23.591806], [68.444305, 23.578194], [68.458473, 23.600418], [68.467636, 23.591806]]], [[[68.479027, 23.60404], [68.486526, 23.603195], [68.480141, 23.59819], [68.479027, 23.60404]]], [[[68.456253, 23.624861], [68.46653, 23.600981], [68.45182, 23.602922], [68.440407, 23.586531], [68.434593, 23.616249], [68.456253, 23.624861]]], [[[68.484581, 23.627918], [68.490974, 23.604305], [68.47876, 23.606531], [68.468193, 23.59264], [68.484581, 23.627918]]], [[[68.38958, 23.685972], [68.346802, 23.59819], [68.314857, 23.583197], [68.274307, 23.59181], [68.292641, 23.60014], [68.277916, 23.63125], [68.306808, 23.630701], [68.277092, 23.632643], [68.26403, 23.60236], [68.242081, 23.606251], [68.250137, 23.590694], [68.197083, 23.597086], [68.186249, 23.62431], [68.204582, 23.64764], [68.210136, 23.640417], [68.260139, 23.63986], [68.311813, 23.650141], [68.231247, 23.642916], [68.269577, 23.64958], [68.339302, 23.74264], [68.349861, 23.731808], [68.334862, 23.758751], [68.348747, 23.781528], [68.350418, 23.80069], [68.397919, 23.784861], [68.426247, 23.794861], [68.399307, 23.750973], [68.417358, 23.760418], [68.418457, 23.724298], [68.37542, 23.643188], [68.38958, 23.685972]]], [[[68.482086, 23.71986], [68.472641, 23.714581], [68.473473, 23.720972], [68.482086, 23.71986]]], [[[68.450142, 23.730415], [68.447357, 23.73181], [68.447639, 23.732641], [68.450142, 23.730415]]], [[[68.48764, 23.729031], [68.459297, 23.724861], [68.467361, 23.739861], [68.48764, 23.729031]]], [[[68.483467, 23.742371], [68.484863, 23.737638], [68.481796, 23.73624], [68.483467, 23.742371]]], [[[68.274033, 23.70125], [68.257362, 23.715975], [68.267639, 23.772362], [68.31292, 23.821251], [68.324303, 23.734308], [68.291252, 23.72764], [68.285698, 23.754583], [68.284859, 23.732084], [68.294586, 23.723188], [68.274033, 23.70125]]], [[[68.22403, 23.76403], [68.214859, 23.758196], [68.21653, 23.77931], [68.22403, 23.76403]]], [[[68.48764, 23.737082], [68.465416, 23.775419], [68.476807, 23.74069], [68.437363, 23.739311], [68.447906, 23.806532], [68.496529, 23.830973], [68.519859, 23.817923], [68.498474, 23.794582], [68.522362, 23.775419], [68.48764, 23.737082]]], [[[68.346802, 23.780138], [68.341805, 23.789305], [68.349312, 23.80014], [68.346802, 23.780138]]], [[[68.601807, 23.796249], [68.593475, 23.803473], [68.605141, 23.809586], [68.601807, 23.796249]]], [[[68.593475, 23.812084], [68.595413, 23.810139], [68.594307, 23.810139], [68.593475, 23.812084]]], [[[68.389862, 23.832083], [68.401527, 23.790417], [68.355141, 23.810972], [68.330139, 23.787361], [68.377907, 23.87431], [68.439308, 23.839031], [68.405418, 23.793192], [68.389862, 23.832083]]], [[[68.265686, 23.792921], [68.254028, 23.71875], [68.266808, 23.691807], [68.237923, 23.68125], [68.192642, 23.73097], [68.211807, 23.763481], [68.213753, 23.755417], [68.219582, 23.75486], [68.234306, 23.77486], [68.212914, 23.834583], [68.234581, 23.83597], [68.245407, 23.85376], [68.260406, 23.82486], [68.287361, 23.839308], [68.248749, 23.85376], [68.259308, 23.871805], [68.305138, 23.865696], [68.317642, 23.879301], [68.259018, 23.875141], [68.277084, 23.914862], [68.334587, 23.917641], [68.359863, 23.97764], [68.395973, 23.965416], [68.430138, 23.99542], [68.412918, 23.927361], [68.344856, 23.901251], [68.337639, 23.819305], [68.303749, 23.824583], [68.265686, 23.792921]]], [[[68.234024, 23.842916], [68.215973, 23.86681], [68.248192, 23.880421], [68.234024, 23.842916]]], [[[68.534859, 23.864861], [68.524025, 23.858473], [68.530418, 23.870972], [68.534859, 23.864861]]], [[[68.422363, 23.894861], [68.40847, 23.885139], [68.417076, 23.87236], [68.377357, 23.87653], [68.349861, 23.846251], [68.367638, 23.890694], [68.352913, 23.900694], [68.449303, 23.938473], [68.442093, 23.870422], [68.419586, 23.870972], [68.422363, 23.894861]]], [[[68.517082, 23.856527], [68.48597, 23.88987], [68.525696, 23.892641], [68.51403, 23.904583], [68.537636, 23.917639], [68.525414, 23.94014], [68.558472, 23.923195], [68.588753, 23.916811], [68.546806, 23.872917], [68.532639, 23.876251], [68.517082, 23.856527]]], [[[68.443466, 23.848471], [68.453186, 23.87986], [68.462914, 23.932083], [68.448761, 23.94014], [68.428192, 23.93792], [68.447639, 23.980694], [68.482086, 23.99264], [68.518471, 23.924305], [68.467361, 23.894583], [68.472923, 23.86293], [68.443466, 23.848471]]], [[[68.522919, 23.945415], [68.51458, 23.949306], [68.51458, 23.949583], [68.522919, 23.945415]]], [[[72.283752, 10.043473], [72.286797, 10.04069], [72.281807, 10.037916], [72.283752, 10.043473]]], [[[72.331528, 10.128195], [72.331802, 10.124861], [72.325974, 10.126805], [72.331528, 10.128195]]], [[[72.169304, 10.81236], [72.165138, 10.81208], [72.16597, 10.81375], [72.169304, 10.81236]]], [[[72.170975, 10.818194], [72.172363, 10.817921], [72.170975, 10.81736], [72.170975, 10.818194]]], [[[72.194305, 10.870694], [72.203751, 10.86875], [72.172638, 10.819861], [72.194305, 10.870694]]], [[[72.29097, 10.936251], [72.284302, 10.935417], [72.285698, 10.944862], [72.29097, 10.936251]]], [[[72.317642, 10.94375], [72.314857, 10.948472], [72.32653, 10.953195], [72.317642, 10.94375]]], [[[72.334305, 10.955973], [72.331802, 10.955139], [72.332085, 10.958473], [72.334305, 10.955973]]], [[[72.105972, 11.209862], [72.103752, 11.208196], [72.104027, 11.21125], [72.105972, 11.209862]]], [[[72.104309, 11.21264], [72.100136, 11.214311], [72.100418, 11.21514], [72.104309, 11.21264]]], [[[72.18486, 11.59736], [72.189026, 11.598751], [72.189026, 11.59597], [72.18486, 11.59736]]], [[[70.873749, 20.727083], [70.863197, 20.754862], [70.843582, 20.760389], [70.840347, 20.728451], [70.86097, 20.752918], [70.874031, 20.704863], [70.838196, 20.690142], [70.807358, 20.700138], [70.827637, 20.69792], [70.816528, 20.71903], [70.803749, 20.700695], [70.67473962585034, 20.77043071513512], [70.666252, 20.752359], [70.439026, 20.85264], [70.417084, 20.887083], [70.22625, 20.999027], [70.099586, 21.104582], [69.778198, 21.457914], [69.805138, 21.463751], [69.775139, 21.45986], [69.712906, 21.528471], [69.764313, 21.578751], [69.73764, 21.650419], [69.725418, 21.63236], [69.675697, 21.63875], [69.717361, 21.60264], [69.696808, 21.59292], [69.632637, 21.64292], [69.685974, 21.595694], [69.723473, 21.572371], [69.710693, 21.539307], [69.602081, 21.637362], [69.587639, 21.62097], [69.055138, 22.128469], [68.957367, 22.237652], [68.935974, 22.310139], [68.984581, 22.414305], [69.06736, 22.480141], [69.085419, 22.472361], [69.043747, 22.432638], [69.069305, 22.395695], [69.194031, 22.42375], [69.204308, 22.40181], [69.178749, 22.37792], [69.157913, 22.312916], [69.232635, 22.257917], [69.319862, 22.291248], [69.334297, 22.33042], [69.419304, 22.315695], [69.488472, 22.337917], [69.52375, 22.385695], [69.498192, 22.435694], [69.550697, 22.404861], [69.561806, 22.355694], [69.591248, 22.36097], [69.571808, 22.334305], [69.575691, 22.319031], [69.581802, 22.346251], [69.609016, 22.34931], [69.606804, 22.325693], [69.61792, 22.368473], [69.654587, 22.35903], [69.664017, 22.393751], [69.699303, 22.395969], [69.697906, 22.442921], [69.671806, 22.450701], [69.703476, 22.447081], [69.728203, 22.473751], [69.744583, 22.430693], [69.759583, 22.44153], [69.797638, 22.399858], [69.829033, 22.44486], [69.797081, 22.457083], [69.832642, 22.450972], [69.834305, 22.500694], [69.83625, 22.454029], [69.87014, 22.446529], [69.914024, 22.456249], [69.93486, 22.51264], [69.957359, 22.495417], [69.945969, 22.528473], [69.97625, 22.543194], [70.023476, 22.539583], [70.039017, 22.56292], [70.162918, 22.551531], [70.24292, 22.66264], [70.253197, 22.692921], [70.238472, 22.701811], [70.255142, 22.706532], [70.252914, 22.733473], [70.303192, 22.757639], [70.353737, 22.870701], [70.42347, 22.932638], [70.471527, 23.01236], [70.493469, 23.07514], [70.43792, 23.062641], [70.401253, 23.030701], [70.386803, 22.948195], [70.347641, 22.930416], [70.23764, 22.979586], [70.227081, 22.965973], [70.197914, 22.998472], [70.219856, 22.95653], [70.161797, 22.94264], [70.123192, 22.960695], [70.153198, 23.029581], [70.112358, 22.972639], [70.126526, 22.946527], [70.11097, 22.952641], [70.10125, 22.941807], [70.090973, 22.952641], [70.099861, 22.938192], [70.13903, 22.94125], [70.13208, 22.924582], [69.79847, 22.850695], [69.752357, 22.819586], [69.705139, 22.727917], [69.662361, 22.756805], [69.666809, 22.777363], [69.659302, 22.756527], [69.643196, 22.765694], [69.633751, 22.79542], [69.634583, 22.777363], [69.641251, 22.766531], [69.600975, 22.759027], [69.555138, 22.79236], [69.469582, 22.773748], [69.355698, 22.828753], [69.190697, 22.841249], [68.659027, 23.14986], [68.630974, 23.177082], [68.681526, 23.141806], [68.59153, 23.214029], [68.59903, 23.240417], [68.60125, 23.21847], [68.630692, 23.213194], [68.603752, 23.242929], [68.671806, 23.27014], [68.65625, 23.272081], [68.640686, 23.266529], [68.630142, 23.295694], [68.725136, 23.295694], [68.758186, 23.33042], [68.72403, 23.297083], [68.708473, 23.314861], [68.658752, 23.303471], [68.668747, 23.32542], [68.650139, 23.304308], [68.636803, 23.346807], [68.605972, 23.380974], [68.602364, 23.359306], [68.580971, 23.38986], [68.558472, 23.38707], [68.560417, 23.41931], [68.535698, 23.421249], [68.516251, 23.47514], [68.523193, 23.446529], [68.502357, 23.46542], [68.518753, 23.48959], [68.491806, 23.500971], [68.496803, 23.65292], [68.523193, 23.651251], [68.537918, 23.660961], [68.520142, 23.654583], [68.524864, 23.690697], [68.632637, 23.757917], [68.666252, 23.808472], [68.742638, 23.83708], [68.722084, 23.831806], [68.761253, 23.87487], [68.63736, 23.83597], [68.603752, 23.85014], [68.525139, 23.759026], [68.526253, 23.773472], [68.515419, 23.785419], [68.537361, 23.81514], [68.52597, 23.802078], [68.522919, 23.817083], [68.515137, 23.824862], [68.572914, 23.880972], [68.663193, 23.91736], [68.619858, 23.90653], [68.59597, 23.941805], [68.558746, 23.924028], [68.537361, 23.94681], [68.546806, 23.963194], [68.749245, 23.962046], [68.772652, 24.294136], [68.826355, 24.308395], [68.847725, 24.20838], [68.887543, 24.19585], [68.947243, 24.276627], [69.000534, 24.22588], [69.092926, 24.269083], [69.199768, 24.235199], [69.310272, 24.276688], [69.501167, 24.25502], [69.600677, 24.277847], [69.724579, 24.175097], [70.000641, 24.166395], [70.059303, 24.192802], [70.119041, 24.290699], [70.574867, 24.420315], [70.61187, 24.400539], [70.572067, 24.344549], [70.574249, 24.252333], [70.655304, 24.225088], [70.805763, 24.222727], [70.894104, 24.257097], [70.885139, 24.290751], [70.959747, 24.346241], [71.047188, 24.34734], [71.131767, 24.4018], [71.11895, 24.431049], [71.007568, 24.442242], [71.000557, 24.599213], [71.10669898043287, 24.68039583733409], [70.945488, 24.934542], [70.89431, 25.144058], [70.674171, 25.38932], [70.687866, 25.517349], [70.665962, 25.697229], [70.61705, 25.706631], [70.399658, 25.663799], [70.279617, 25.70126], [70.096077, 25.944317], [70.082573, 26.073858], [70.172668, 26.245077], [70.183899, 26.486834], [70.16774, 26.550743], [70.066193, 26.599291], [69.815361, 26.592157], [69.51545, 26.740055], [69.483734, 26.806231], [69.513206, 27.016869], [69.586662, 27.177984], [70.016266, 27.555996], [70.156952, 27.834049], [70.366165, 28.008249], [70.483757, 28.034012], [70.56263, 28.019802], [70.672104, 27.914318], [70.678413, 27.839052], [70.757668, 27.717209], [70.884171, 27.6984], [71.272957, 27.841928], [71.658287, 27.868931], [71.897377, 27.95742], [71.933258, 28.12686], [71.99588, 28.206957], [72.184425, 28.358006], [72.301956, 28.664816], [72.384697, 28.763941], [72.711296, 28.93503], [72.941719, 29.027201], [73.271317, 29.556961], [73.391373, 29.93787], [73.787216, 30.066401], [73.966316, 30.195049], [73.966652, 30.121189], [73.968109, 30.184299], [73.957848, 30.26169], [73.873215, 30.383438], [73.988518, 30.50456], [74.034012, 30.536261], [74.077614, 30.529362], [74.090996, 30.612791], [74.150932, 30.632622], [74.232155, 30.719622], [74.281807, 30.730234], [74.262207, 30.76803], [74.297379, 30.78273], [74.285759, 30.799591], [74.316147, 30.847582], [74.363007, 30.845806], [74.365524, 30.885406], [74.538116, 30.993542], [74.558395, 31.067526], [74.600182, 31.043547], [74.672218, 31.061571], [74.694427, 31.09544], [74.677322, 31.13061], [74.592369, 31.13335], [74.592796, 31.087408], [74.551933, 31.085621], [74.543411, 31.12171], [74.504593, 31.13851], [74.511116, 31.272331], [74.551872, 31.298454], [74.642067, 31.459961], [74.626457, 31.486691], [74.5662, 31.500839], [74.603851, 31.534111], [74.600906, 31.567839], [74.517281, 31.722912], [74.518044, 31.745201], [74.551796, 31.75322], [74.55574, 31.827669], [74.599106, 31.885111], [74.703262, 31.924898], [74.709198, 31.957949], [74.735916, 31.937389], [74.809143, 31.955139], [74.862251, 32.045109], [74.914261, 32.06522], [75.004929, 32.028755], [75.116257, 32.082809], [75.164452, 32.06797], [75.19532, 32.11665], [75.239166, 32.087151], [75.314232, 32.159187], [75.333282, 32.20472], [75.314201, 32.214909], [75.363152, 32.23468], [75.366997, 32.268749], [75.32696355235454, 32.33667284183588], [75.18853, 32.42448], [75.12793, 32.421169], [75.071609, 32.482964], [75.030167, 32.49176], [74.979347, 32.447769], [74.835327, 32.496212], [74.698418, 32.48494], [74.642212, 32.61105], [74.676208, 32.658001], [74.650139, 32.71841], [74.697021, 32.839714], [74.641998, 32.822899], [74.614235, 32.757732], [74.531532, 32.74073], [74.466057, 32.781361], [74.413895, 32.90395], [74.318031, 32.919701], [74.349831, 33.016251], [74.205246, 33.043301], [74.176247, 33.107151], [74.111702, 33.16444], [74.014275, 33.19825], [74.020302, 33.258781], [74.102982, 33.270542], [74.170746, 33.346649], [74.187073, 33.455521], [74.095711, 33.570396], [74.028442, 33.57468], [73.956253, 33.720291], [74.065727, 33.820099], [74.219673, 33.867176], [74.261124, 33.924797], [74.262741, 33.974289], [74.214676, 34.038555], [74.123695, 34.05518], [74.006073, 34.022442], [73.89817, 34.032822], [73.883217, 34.04995], [73.904083, 34.12225], [73.976578, 34.211803], [73.976227, 34.264809], [73.899406, 34.359814], [73.841751, 34.338322], [73.773392, 34.349751], [73.76432, 34.371071], [73.776985, 34.416302], [73.898743, 34.49577], [73.89534, 34.546669], [73.948067, 34.57309], [73.92733, 34.645889], [73.96022, 34.696682], [74.141792, 34.6912], [74.307297, 34.800304], [74.580177, 34.7701], [74.671303, 34.700699], [74.910507, 34.683208], [75.018745, 34.641499], [75.142296, 34.662411], [75.24971, 34.647312], [75.261856, 34.610882], [75.377823, 34.552422], [75.749207, 34.515831], [76.036461, 34.670269], [76.157913, 34.64341], [76.474342, 34.794373], [76.561813, 34.758339], [76.681816, 34.75959], [76.74324, 34.840099], [76.749367, 34.926601], [76.870041, 34.972431], [76.99749, 34.939152], [77.018097, 35.038464], [77.068367, 35.02412], [77.156822, 35.054699], [77.650566, 35.367081], [77.823929, 35.501331], [77.846779, 35.500782], [77.899567, 35.427895], [77.990646, 35.48711], [78.109833, 35.476768], [77.99707, 35.394089], [77.991852, 35.348549], [78.042763, 35.202332], [78.124176, 35.135422], [78.08287, 35.082489], [78.248032, 34.695099], [78.300339, 34.66193], [78.398361, 34.648632], [78.425117, 34.603462], [78.569336, 34.61195], [78.824951, 34.414131], [78.981461, 34.332851], [78.993401, 34.288742], [78.9562, 34.217831], [78.706383, 34.072182], [78.770363, 34.01973], [78.71579, 33.964531], [78.711563, 33.922501], [78.783989, 33.770432], [78.710983, 33.654869], [78.823257, 33.48349], [79.066597, 33.295891], [79.074966, 33.228611], [79.185463, 33.191231], [79.409836, 33.178772], [79.35247, 32.979031], [79.448578, 32.889229], [79.47123, 32.802822], [79.540527, 32.748692], [79.564293, 32.670761], [79.545357, 32.607361], [79.448013, 32.586079], [79.312218, 32.487091], [79.258408, 32.52338], [79.202957, 32.51083], [79.126526, 32.46431], [79.104469, 32.371712], [79.049217, 32.383369], [78.977203, 32.34277], [78.781181, 32.4753], [78.76371, 32.56781], [78.780327, 32.59832], [78.745926, 32.696079], [78.654427, 32.649231], [78.625671, 32.607052], [78.54493, 32.612309], [78.412239, 32.556061], [78.416527, 32.515099], [78.382431, 32.529652], [78.438393, 32.505352], [78.43811, 32.45639], [78.518761, 32.418499], [78.464073, 32.35223], [78.466156, 32.284019], [78.439209, 32.24646], [78.539421, 32.249981], [78.592911, 32.21867], [78.57431, 32.158619], [78.597336, 32.122032], [78.647873, 32.107132], [78.731407, 32.007648], [78.771027, 31.999811], [78.691353, 31.79335], [78.724663, 31.763861], [78.711342, 31.741262], [78.734398, 31.69198], [78.779648, 31.68984], [78.831093, 31.615261], [78.72126, 31.540951], [78.716583, 31.484882], [78.748932, 31.49062], [78.795479, 31.452763], [78.776436, 31.40123], [78.834229, 31.372471], [78.82901, 31.3302], [78.91116379704428, 31.24257224473875], [78.923103, 31.32539], [78.991608, 31.364031], [79.045197, 31.468121], [79.12886, 31.43873], [79.248093, 31.296619], [79.233887, 31.25404], [79.27282, 31.23074], [79.284897, 31.170101], [79.325096, 31.12981], [79.381851, 31.118351], [79.413086, 31.037552], [79.501259, 31.039141], [79.53112, 30.9741], [79.587242, 30.94309], [79.742149, 31.00679], [79.854927, 30.97891], [79.915047, 30.89222], [80.044113, 30.844], [80.103149, 30.779671], [80.157272, 30.812752], [80.190453, 30.763811], [80.223839, 30.764099], [80.237297, 30.7377], [80.219772, 30.69725], [80.180496, 30.669861], [80.208961, 30.645082], [80.215736, 30.579041], [80.400551, 30.53117], [80.526489, 30.454309], [80.58419, 30.487223], [80.737488, 30.39814], [80.811287, 30.319981], [81.019608, 30.252953], [81.018875, 30.236837], [80.911919, 30.223215], [80.864571, 30.168896], [80.879219, 30.128515], [80.762932, 30.049492], [80.749397, 30.00663], [80.677917, 29.958115], [80.605339, 29.958717], [80.554512, 29.849237], [80.497215, 29.797415], [80.437714, 29.805716], [80.36972, 29.750616], [80.386017, 29.675014], [80.421921, 29.639114], [80.409492, 29.594919], [80.344353, 29.552864], [80.351326, 29.518946], [80.288437, 29.477221], [80.304222, 29.453079], [80.24482, 29.444506], [80.243347, 29.411587], [80.318138, 29.315639], [80.299004, 29.20503], [80.249916, 29.220615], [80.273407, 29.142023], [80.235016, 29.118416], [80.18602, 29.137316], [80.146027, 29.103001], [80.137321, 29.007311], [80.060143, 28.916317], [80.07180146086593, 28.833836985899598], [80.263588, 28.748941], [80.257904, 28.729336], [80.31852, 28.700115], [80.373322, 28.629021], [80.45282, 28.628815], [80.470253, 28.582916], [80.519341, 28.551723], [80.53199, 28.573425], [80.505188, 28.665226], [80.570419, 28.687803], [80.592041, 28.679726], [80.591454, 28.647625], [80.669342, 28.641821], [80.691925, 28.587029], [80.76963, 28.565517], [80.790756, 28.52426], [80.867287, 28.489439], [80.877625, 28.509718], [80.910309, 28.49754], [80.917389, 28.457523], [80.981514, 28.455162], [80.980888, 28.434311], [81.019173, 28.451559], [81.034119, 28.398716], [81.212418, 28.360516], [81.234535, 28.288885], [81.322411, 28.197168], [81.323021, 28.168713], [81.303841, 28.166929], [81.329727, 28.148207], [81.319786, 28.133419], [81.373116, 28.142216], [81.376938, 28.176893], [81.445709, 28.16214], [81.485817, 28.118132], [81.480225, 28.082516], [81.625916, 28.001451], [81.704002, 27.986521], [81.886848, 27.857159], [81.928017, 27.859646], [81.970116, 27.928816], [82.069717, 27.923416], [82.125221, 27.86484], [82.210205, 27.842991], [82.450714, 27.678616], [82.709915, 27.721699], [82.713753, 27.664936], [82.757881, 27.586615], [82.737007, 27.503101], [82.931618, 27.500866], [82.956223, 27.467808], [83.036118, 27.448715], [83.190216, 27.454016], [83.319603, 27.329988], [83.361214, 27.343016], [83.41169, 27.412506], [83.386833, 27.435125], [83.403984, 27.457493], [83.39093, 27.47949], [83.616737, 27.469423], [83.833221, 27.369509], [83.858505, 27.350962], [83.83760033777546, 27.328794790830663], [83.905518, 27.376215], [83.875237, 27.391912], [83.870247, 27.428507], [83.93322, 27.449415], [84.029419, 27.43363], [84.097549, 27.489431], [84.099792, 27.516773], [84.153015, 27.516615], [84.150993, 27.485704], [84.207916, 27.469416], [84.21064, 27.442333], [84.256248, 27.4519], [84.295891, 27.384172], [84.622017, 27.338207], [84.693062, 27.214802], [84.676422, 27.095484], [84.644852, 27.047197], [84.795723, 26.995569], [84.831886, 27.019304], [84.893646, 26.969595], [84.964485, 26.960276], [84.969826, 26.916033], [85.062416, 26.886705], [85.024445, 26.855433], [85.197708, 26.866594], [85.179115, 26.811914], [85.212288, 26.758703], [85.336319, 26.741415], [85.409637, 26.791138], [85.455635, 26.781893], [85.577652, 26.860731], [85.587517, 26.84696], [85.636688, 26.871902], [85.736717, 26.795616], [85.734619, 26.654316], [85.819824, 26.602524], [85.853317, 26.609516], [85.852119, 26.568415], [85.95034, 26.61322], [85.962524, 26.651081], [86.030739, 26.666422], [86.219612, 26.58811], [86.25457, 26.616783], [86.33004, 26.619154], [86.54422, 26.538115], [86.572777, 26.496895], [86.733521, 26.422045], [86.7677, 26.458458], [86.8358, 26.438698], [86.896416, 26.461716], [86.894112, 26.485786], [86.932228, 26.489317], [86.935097, 26.516493], [87.017715, 26.531815], [87.04731, 26.586956], [87.07428, 26.585466], [87.093918, 26.450016], [87.165016, 26.403816], [87.258705, 26.41086], [87.268387, 26.373611], [87.343414, 26.347515], [87.371292, 26.407755], [87.469093, 26.440065], [87.608414, 26.380602], [87.654388, 26.393213], [87.680237, 26.435095], [87.76886, 26.412096], [87.792213, 26.468916], [87.851219, 26.436214], [87.890633, 26.48642], [87.929306, 26.417948], [88.032555, 26.364632], [88.097404, 26.437443], [88.100655, 26.536129], [88.16304, 26.636293], [88.190498, 26.771412], [88.176086, 26.865206], [88.123016, 26.950115], [88.137482, 26.985268], [88.079552, 27.035074], [88.04026, 27.036318], [87.994171, 27.105207], [88.034294, 27.285995], [88.069214, 27.335581], [88.049416, 27.405216], [88.082619, 27.426414], [88.046333, 27.495766], [88.199921, 27.790529], [88.17572, 27.820215], [88.198914, 27.853516], [88.129982, 27.881516], [88.123909, 27.95092], [88.18866, 27.94368], [88.229698, 27.96792], [88.243889, 27.94854], [88.345192, 27.989481], [88.389801, 27.978081], [88.483116, 28.045588], [88.538948, 28.038891], [88.554451, 28.084831], [88.616463, 28.10368], [88.607468, 28.12755], [88.666771, 28.07408], [88.751083, 28.073313], [88.829056, 28.01516], [88.83625, 27.932001], [88.881386, 27.89253], [88.880997, 27.838961], [88.854263, 27.816523], [88.846611, 27.6689], [88.767067, 27.56496], [88.81176, 27.402561], [88.922371, 27.326321], [88.873177, 27.259062], [88.801102, 27.24758], [88.7882, 27.185835], [88.74036583674629, 27.1441700207431], [88.869919, 27.108721], [88.874985, 26.951546], [88.919006, 26.996201], [88.95369, 26.968204], [88.939865, 26.94241], [88.962379, 26.924131], [89.024918, 26.940271], [89.046455, 26.90365], [89.09034, 26.89397], [89.131073, 26.808069], [89.255592, 26.81687], [89.377167, 26.866291], [89.391006, 26.840958], [89.449226, 26.83386], [89.459282, 26.806259], [89.558884, 26.815554], [89.644737, 26.780945], [89.65451, 26.763512], [89.613441, 26.728121], [89.632179, 26.71925], [89.673813, 26.740381], [89.72641, 26.722334], [89.75666, 26.736464], [89.774399, 26.699558], [89.856941, 26.703781], [89.862389, 26.737003], [89.957779, 26.723166], [90.127838, 26.749043], [90.188721, 26.770573], [90.184044, 26.809732], [90.214821, 26.853701], [90.301506, 26.84823], [90.355103, 26.89609], [90.409706, 26.90192], [90.559937, 26.801018], [90.699867, 26.768015], [91.053978, 26.779472], [91.096596, 26.819803], [91.336319, 26.779652], [91.408348, 26.835562], [91.492767, 26.789764], [91.623802, 26.821323], [91.687248, 26.805094], [91.801971, 26.85206], [91.85778, 26.914028], [92.055191, 26.848053], [92.107887, 26.89382], [92.117386, 26.960218], [92.103287, 27.00775], [92.033745, 27.064816], [92.023376, 27.162334], [92.069649, 27.22364], [92.039597, 27.266672], [92.120613, 27.287571], [92.058792, 27.3272], [92.018761, 27.479746], [91.773811, 27.464516], [91.720016, 27.47036], [91.690086, 27.50275], [91.653236, 27.482981], [91.562004, 27.584209], [91.576126, 27.608311], [91.557739, 27.633467], [91.623741, 27.705971], [91.640022, 27.757992], [91.628159, 27.800831], [91.565468, 27.815315], [91.552521, 27.858572], [91.669327, 27.85671], [91.746277, 27.80335], [91.824211, 27.81035], [91.860527, 27.736933], [91.918762, 27.715101], [91.983856, 27.769991], [92.055397, 27.75913], [92.210396, 27.85899], [92.264023, 27.857931], [92.315956, 27.77824], [92.40686, 27.822088], [92.454933, 27.803263], [92.501328, 27.841501], [92.560692, 27.821041], [92.605072, 27.877508], [92.669212, 27.900131], [92.739487, 27.98941], [92.662933, 28.062771], [92.686989, 28.125799], [92.799637, 28.20223], [92.826469, 28.172035], [92.895256, 28.204611], [92.964523, 28.26181], [93.000359, 28.230791], [93.033783, 28.26313], [93.023666, 28.3032], [93.218979, 28.333731], [93.231522, 28.400711], [93.182663, 28.439991], [93.275917, 28.504829], [93.299873, 28.59955], [93.336906, 28.64016], [93.445671, 28.676041], [93.474197, 28.65365], [93.491119, 28.683962], [93.533836, 28.65885], [93.731567, 28.68928], [93.775177, 28.668518], [93.84404, 28.70739], [93.926132, 28.671801], [94.001427, 28.775539], [93.994911, 28.84137], [94.155136, 28.954762], [94.214691, 29.084089], [94.287727, 29.148149], [94.356926, 29.15259], [94.372276, 29.190229], [94.431183, 29.226822], [94.557899, 29.22891], [94.628159, 29.348591], [94.777382, 29.241119], [94.797989, 29.16461], [94.871803, 29.18429], [95.022797, 29.130621], [94.997498, 29.173012], [95.098396, 29.143801], [95.121758, 29.116251], [95.250763, 29.10988], [95.266556, 29.05765], [95.454338, 29.036991], [95.49633, 29.14031], [95.546806, 29.128651], [95.53772, 29.214001], [95.5858, 29.217993], [95.598732, 29.261862], [95.638023, 29.24984], [95.777626, 29.3564], [95.796486, 29.33633], [95.880852, 29.391491], [95.957108, 29.382668], [96.080536, 29.463345], [96.185783, 29.344481], [96.183083, 29.309252], [96.243568, 29.235123], [96.292999, 29.235788], [96.363152, 29.285631], [96.392807, 29.2565], [96.346359, 29.17103], [96.260201, 29.16016], [96.185623, 29.09462], [96.114502, 29.077602], [96.184853, 28.988119], [96.145248, 28.937489], [96.166527, 28.90593], [96.248299, 28.942841], [96.346703, 29.032269], [96.435791, 29.037588], [96.5252, 29.079281], [96.477402, 28.99404], [96.487526, 28.96534], [96.518829, 28.970989], [96.537453, 28.884121], [96.615997, 28.77858], [96.585938, 28.721588], [96.47274, 28.68821], [96.494057, 28.638191], [96.42807, 28.587141], [96.400917, 28.594311], [96.406609, 28.564041], [96.325676, 28.53401], [96.372963, 28.48704], [96.263771, 28.41338], [96.319878, 28.38616], [96.370941, 28.3943], [96.399406, 28.3445], [96.458267, 28.419222], [96.510262, 28.418308], [96.57959, 28.463093], [96.664566, 28.465771], [96.751053, 28.421713], [96.774376, 28.374071], [96.898666, 28.3859], [96.925903, 28.34503], [96.996498, 28.316231], [97.092567, 28.369692], [97.17392, 28.299061], [97.282066, 28.27626], [97.400566, 28.2005], [97.330803, 28.162971], [97.339012, 28.119541], [97.307747, 28.077101], [97.37352, 28.070238], [97.377068, 28.039091], [97.415161, 28.02408], [97.378067, 27.986151], [97.389023, 27.896379], [97.321167, 27.889511], [97.308708, 27.92996], [97.256477, 27.909531], [97.102463, 27.793421], [97.09642, 27.749929], [97.028572, 27.749121], [96.978302, 27.671873], [96.942322, 27.66745], [96.897583, 27.620802], [96.937683, 27.53006], [96.91185, 27.462709], [97.167206, 27.155479], [97.146431, 27.10284], [97.062683, 27.11116], [96.984657, 27.16671], [96.866226, 27.19969], [96.888779, 27.263599], [96.802361, 27.354431], [96.712547, 27.38073], [96.620483, 27.37282], [96.522331, 27.29397], [96.470749, 27.312462], [96.234329, 27.28488], [96.03643, 27.196051], [95.945969, 27.05971], [95.877136, 27.020498], [95.807938, 27.020451], [95.730812, 26.887491], [95.673363, 26.910221], [95.611519, 26.821213], [95.532776, 26.831209], [95.423309, 26.696712], [95.302582, 26.656021], [95.250786, 26.69239], [95.154709, 26.61949], [95.154488, 26.580803], [95.066307, 26.456779], [95.135742, 26.387833], [95.121231, 26.238701], [95.14254, 26.214241], [95.120567, 26.109741], [95.185699, 26.080351], [95.106468, 25.968151], [95.021866, 25.91], [95.052528, 25.762659], [94.937576, 25.669031], [94.919678, 25.611141], [94.888977, 25.593111], [94.904991, 25.56711], [94.849442, 25.56069], [94.812492, 25.495371], [94.68063291055628, 25.459944940129464], [94.673828, 25.416201], [94.63118, 25.387291], [94.585358, 25.21575], [94.745659, 25.136591], [94.74221, 25.025249], [94.70314, 24.978271], [94.71907, 24.942471], [94.637848, 24.84236], [94.610847, 24.722113], [94.550987, 24.716539], [94.531487, 24.632391], [94.465492, 24.57556], [94.429596, 24.49334], [94.403419, 24.48778], [94.403908, 24.421141], [94.365341, 24.399679], [94.383369, 24.37941], [94.326347, 24.338949], [94.327988, 24.292431], [94.262718, 24.167747], [94.259697, 24.08956], [94.23307, 24.0669], [94.245323, 24.044243], [94.195969, 23.937721], [94.170776, 23.935093], [94.161461, 23.852779], [94.122643, 23.84273], [94.096092, 23.893572], [93.953781, 23.950199], [93.815987, 23.929829], [93.756943, 24.009493], [93.620659, 24.01424], [93.603462, 23.969591], [93.563538, 23.989578], [93.508713, 23.9489], [93.468857, 23.97394], [93.424736, 24.071711], [93.351433, 24.112419], [93.334007, 24.09013], [93.334427, 23.98695], [93.39872, 23.930281], [93.405289, 23.761591], [93.444702, 23.682428], [93.397186, 23.433311], [93.414238, 23.388012], [93.365807, 23.354481], [93.394707, 23.224279], [93.373947, 23.150301], [93.393646, 23.138613], [93.297722, 23.005798], [93.253197, 23.006481], [93.19445, 23.06031], [93.132942, 23.047501], [93.129196, 23.000769], [93.16835, 22.91913], [93.138756, 22.913179], [93.099266, 22.81041], [93.112686, 22.74424], [93.091751, 22.709341], [93.144371, 22.59886], [93.111687, 22.53179], [93.133659, 22.519939], [93.142067, 22.463261], [93.190811, 22.427259], [93.20858, 22.261068], [93.14711, 22.24654], [93.169823, 22.20006], [93.154411, 22.17819], [93.076988, 22.21011], [93.046661, 22.19762], [93.065567, 22.102053], [93.013268, 22.102211], [93.009247, 21.983931], [92.955803, 22.029921], [92.93161, 22.017509], [92.910889, 21.94623], [92.867737, 22.065363], [92.717888, 22.15263], [92.699356, 22.148333], [92.693558, 22.07725], [92.683838, 22.105349], [92.684357, 22.01791], [92.60968, 21.976837], [92.60498, 22.057631], [92.570419, 22.129122], [92.609978, 22.121309], [92.613892, 22.172941], [92.526978, 22.676161], [92.457687, 22.821136], [92.447533, 22.893591], [92.375427, 22.934881], [92.393669, 23.058168], [92.365799, 23.105949], [92.361099, 23.237537], [92.40863, 23.24608], [92.323196, 23.473803], [92.300179, 23.625259], [92.281441, 23.630051], [92.29525, 23.692699], [92.268501, 23.728611], [92.247452, 23.7241], [92.224052, 23.65732], [92.179451, 23.743181], [92.150459, 23.732491], [92.072571, 23.64472], [92.023125, 23.657965], [91.98362, 23.72974], [91.962112, 23.727701], [91.942307, 23.681808], [91.975166, 23.482443], [91.941811, 23.46911], [91.94178, 23.43759], [91.903511, 23.441448], [91.847359, 23.40023], [91.770912, 23.26376], [91.835503, 23.09391], [91.780357, 23.068529], [91.785042, 23.03171], [91.773376, 23.04406], [91.725578, 22.989321], [91.652138, 22.991951], [91.618713, 22.944151], [91.611961, 22.973351], [91.583351, 22.963221], [91.548889, 22.994762], [91.521721, 23.139103], [91.497429, 23.153311], [91.510933, 23.182039], [91.474243, 23.188837], [91.485977, 23.21224], [91.458618, 23.215422], [91.4748, 23.22562], [91.459717, 23.254711], [91.423683, 23.25502], [91.419006, 23.280222], [91.38884, 23.179461], [91.421997, 23.05925], [91.377678, 23.064051], [91.330338, 23.157673], [91.332306, 23.25275], [91.306419, 23.29056], [91.321548, 23.30217], [91.297256, 23.32098], [91.325607, 23.36231], [91.296669, 23.354471], [91.253777, 23.489719], [91.206879, 23.517771], [91.218018, 23.548361], [91.166573, 23.59874], [91.161278, 23.670601], [91.198891, 23.646971], [91.21006, 23.687551], [91.158287, 23.691221], [91.160431, 23.739429], [91.224617, 23.740101], [91.257607, 23.839651], [91.235222, 23.9286], [91.276268, 23.926241], [91.266083, 23.948641], [91.306412, 23.998569], [91.378197, 23.976879], [91.396507, 24.051352], [91.375427, 24.107531], [91.596199, 24.08021], [91.640312, 24.10836], [91.648087, 24.214371], [91.667526, 24.2304], [91.692398, 24.159328], [91.7612, 24.141582], [91.743469, 24.247128], [91.815559, 24.208952], [91.847488, 24.228321], [91.841751, 24.19772], [91.902626, 24.137838], [91.941856, 24.267578], [91.920433, 24.335751], [91.957108, 24.356251], [91.99543, 24.32126], [91.974091, 24.388639], [92.119209, 24.38381], [92.13913, 24.42445], [92.172798, 24.430891], [92.155876, 24.524229], [92.23220255300537, 24.501578055615845], [92.2593, 24.680862], [92.298271, 24.736551], [92.240517, 24.899191], [92.298378, 24.92005], [92.391472, 24.849941], [92.491798, 24.874022], [92.50473, 24.904371], [92.489273, 24.954359], [92.456413, 24.946239], [92.460548, 24.976151], [92.435158, 24.966379], [92.425903, 25.03182], [92.347168, 25.052191], [92.347832, 25.078253], [92.233543, 25.097], [92.212318, 25.116461], [92.232323, 25.11961], [92.187546, 25.12196], [92.07177, 25.189623], [91.752876, 25.179821], [91.744003, 25.15122], [91.707306, 25.1588], [91.644531, 25.122721], [91.605583, 25.145802], [91.617416, 25.175911], [91.474068, 25.13386], [91.419807, 25.170111], [91.342323, 25.172258], [91.273788, 25.204308], [91.082497, 25.197493], [90.866959, 25.15612], [90.785423, 25.183969], [90.739281, 25.15443], [90.673012, 25.166641], [90.671173, 25.19729], [90.648781, 25.17334], [90.516701, 25.17507], [90.452362, 25.144503], [90.34153, 25.193501], [90.115196, 25.226921], [89.971237, 25.303061], [89.834267, 25.29567], [89.847397, 25.310251], [89.821663, 25.385361], [89.885208, 25.629829], [89.831802, 25.725], [89.843567, 25.76824], [89.814529, 25.81698], [89.890358, 25.940229], [89.828201, 25.94356], [89.875397, 25.97611], [89.839577, 26.01046], [89.839752, 25.98101], [89.82296, 25.984909], [89.813072, 26.041971], [89.798607, 26.018211], [89.804687, 26.0375], [89.777931, 26.035706], [89.803802, 26.05929], [89.789261, 26.102713], [89.759132, 26.109041], [89.77066, 26.127453], [89.748436, 26.157801], [89.722672, 26.154961], [89.7326960802646, 26.172411873847874], [89.687073, 26.159033], [89.705177, 26.17165], [89.676361, 26.201361], [89.689346, 26.228281], [89.637581, 26.227678], [89.653038, 26.189939], [89.629837, 26.18619], [89.660622, 26.175631], [89.594696, 26.15704], [89.608177, 26.116529], [89.632988, 26.1189], [89.596657, 26.100891], [89.632668, 26.10697], [89.652351, 26.062231], [89.60836, 26.06361], [89.581482, 26.024208], [89.59066, 25.975651], [89.554497, 25.964621], [89.552292, 26.00086], [89.433922, 26.011921], [89.429543, 26.045618], [89.398407, 26.00688], [89.352448, 26.010509], [89.261566, 26.063921], [89.272202, 26.09164], [89.230171, 26.122641], [89.167236, 26.133841], [89.140587, 26.180099], [89.146881, 26.235361], [89.108429, 26.282343], [89.112518, 26.31699], [89.130501, 26.2885], [89.144447, 26.32078], [89.091141, 26.32188], [89.107201, 26.338961], [89.093536, 26.399233], [89.041039, 26.397921], [88.96434, 26.463133], [88.951447, 26.429171], [88.91127, 26.412069], [88.919891, 26.36994], [88.963623, 26.365803], [88.963799, 26.33267], [88.991432, 26.352211], [89.007629, 26.32864], [88.99189, 26.304779], [89.065163, 26.29394], [89.069702, 26.255333], [88.970436, 26.241558], [88.934853, 26.2883], [88.888351, 26.291571], [88.86821, 26.27747], [88.885109, 26.23885], [88.846786, 26.23427], [88.819206, 26.259701], [88.821587, 26.300713], [88.761581, 26.300591], [88.749191, 26.353241], [88.704369, 26.33436], [88.681816, 26.38031], [88.702682, 26.38846], [88.62455, 26.435431], [88.620697, 26.471069], [88.595207, 26.4718], [88.597023, 26.44939], [88.557121, 26.45685], [88.561058, 26.48892], [88.526657, 26.481741], [88.486061, 26.541311], [88.43541, 26.54682], [88.415352, 26.634123], [88.388802, 26.610901], [88.334366, 26.47868], [88.355911, 26.44581], [88.367607, 26.487053], [88.483246, 26.461109], [88.524826, 26.359838], [88.487022, 26.34922], [88.457893, 26.373751], [88.438103, 26.337049], [88.40696, 26.33042], [88.41613, 26.315971], [88.351753, 26.281582], [88.352516, 26.21999], [88.180443, 26.145693], [88.160957, 26.077982], [88.186157, 26.068708], [88.187111, 26.024061], [88.143997, 26.01182], [88.086761, 25.9125], [88.108353, 25.889591], [88.117142, 25.796659], [88.151703, 25.773771], [88.269928, 25.80814], [88.271759, 25.779921], [88.378578, 25.712551], [88.407143, 25.669319], [88.456726, 25.6605], [88.446396, 25.596981], [88.500046, 25.581263], [88.542923, 25.50662], [88.609428, 25.513161], [88.649818, 25.476999], [88.698883, 25.469971], [88.711121, 25.497042], [88.769096, 25.4923], [88.762856, 25.52132], [88.810387, 25.519751], [88.839073, 25.469591], [88.816887, 25.408178], [88.844963, 25.392019], [88.843658, 25.36241], [88.925606, 25.30356], [89.011253, 25.292381], [88.956642, 25.25927], [88.958878, 25.219601], [88.934853, 25.218151], [88.947388, 25.18404], [88.923027, 25.16713], [88.84491, 25.211201], [88.803787, 25.172291], [88.709229, 25.2096], [88.617073, 25.206108], [88.565811, 25.177691], [88.499718, 25.211679], [88.445847, 25.196289], [88.462646, 25.142031], [88.436539, 25.05018], [88.453812, 25.035601], [88.397461, 24.96912], [88.401497, 24.94569], [88.341728, 24.939011], [88.326332, 24.9107], [88.347893, 24.892179], [88.32515, 24.865891], [88.277428, 24.895733], [88.263817, 24.87546], [88.263573, 24.918261], [88.227966, 24.959431], [88.139687, 24.936129], [88.175606, 24.860983], [88.147606, 24.850231], [88.136108, 24.805311], [88.122459, 24.82163], [88.105927, 24.779449], [88.070587, 24.769421], [88.064743, 24.72138], [88.010567, 24.66666], [88.14785, 24.50563], [88.333008, 24.38319], [88.44838, 24.377041], [88.528709, 24.344181], [88.555, 24.29649], [88.586258, 24.325941], [88.702507, 24.310659], [88.734688, 24.27524], [88.731979, 24.197399], [88.699516, 24.166031], [88.694687, 24.1134], [88.737633, 24.059429], [88.727188, 23.994501], [88.758743, 24.008183], [88.770988, 23.984781], [88.734962, 23.97817], [88.731537, 23.912983], [88.702118, 23.91288], [88.658623, 23.868059], [88.575981, 23.859751], [88.60173, 23.816851], [88.55928, 23.78413], [88.578796, 23.765341], [88.561676, 23.642071], [88.592422, 23.636572], [88.580856, 23.60074], [88.64492, 23.608061], [88.659187, 23.55266], [88.74292, 23.48078], [88.798508, 23.49489], [88.790947, 23.441351], [88.765297, 23.44281], [88.757408, 23.419008], [88.762306, 23.36175], [88.733559, 23.3463], [88.746078, 23.309801], [88.697403, 23.29648], [88.72036, 23.252663], [88.796707, 23.21557], [88.817879, 23.25099], [88.85276, 23.224609], [88.913467, 23.23], [88.919159, 23.208311], [88.994698, 23.21236], [88.869568, 23.09536], [88.873413, 23.004341], [88.846733, 23.002432], [88.867973, 22.989601], [88.861473, 22.955151], [88.895447, 22.95051], [88.913879, 22.918619], [88.909332, 22.877401], [88.946007, 22.877439], [88.967529, 22.842628], [88.958443, 22.79421], [88.919189, 22.761711], [88.95919, 22.69117], [88.947281, 22.659851], [88.931946, 22.64555], [88.920258, 22.666948], [88.911758, 22.676561], [88.905029, 22.679106], [88.864853, 22.664869], [88.864113, 22.693651], [88.847977, 22.70903], [88.809593, 22.71067], [88.809082, 22.751137], [88.839417, 22.734941], [88.84713, 22.744049], [88.847305, 22.751741], [88.839996, 22.735643], [88.808914, 22.753431], [88.805771, 22.7332], [88.809013, 22.709463], [88.861282, 22.694195], [88.863785, 22.663748], [88.910278, 22.675001], [88.932556, 22.618744], [88.95771, 22.610781], [88.937607, 22.569933], [88.896385, 22.563334], [88.868889, 22.545835], [88.842812, 22.507874], [88.844604, 22.500904], [88.858849, 22.499151], [88.86525, 22.487516], [88.851112, 22.475], [88.852448, 22.432833], [88.824532, 22.436119], [88.829681, 22.446753], [88.811562, 22.481379], [88.771667, 22.51338], [88.784164, 22.525], [88.766388, 22.560835], [88.768883, 22.513592], [88.701942, 22.530561], [88.690666, 22.524412], [88.677406, 22.593498], [88.689255, 22.52405], [88.777992, 22.506502], [88.802521, 22.443422], [88.818481, 22.430573], [88.848343, 22.430565], [88.846107, 22.388332], [88.861107, 22.365023], [88.876289, 22.35531], [88.849236, 22.364542], [88.818886, 22.363611], [88.80262, 22.328983], [88.804428, 22.28273], [88.792709, 22.27619], [88.790543, 22.259481], [88.743614, 22.229166], [88.733612, 22.195555], [88.701958, 22.209442], [88.665627, 22.217451], [88.63504, 22.2164], [88.684921, 22.294275], [88.690552, 22.326666], [88.666122, 22.339041], [88.679169, 22.293892], [88.630913, 22.22205], [88.639343, 22.20812], [88.672462, 22.201199], [88.619286, 22.108841], [88.60463, 22.159775], [88.572746, 22.1891], [88.603371, 22.159088], [88.597572, 22.130621], [88.619965, 22.104549], [88.627296, 22.05481], [88.629539, 22.050611], [88.636658, 22.04529], [88.603401, 22.02356], [88.606354, 22.047722], [88.596733, 22.063297], [88.601662, 22.07361], [88.596581, 22.067266], [88.59623, 22.061041], [88.604919, 22.048328], [88.599907, 22.023596], [88.614441, 22.01972], [88.606667, 21.913057], [88.578331, 21.889444], [88.586388, 21.928051], [88.572502, 21.907223], [88.550278, 21.921391], [88.54361, 21.970001], [88.56778, 21.958891], [88.546249, 21.97349], [88.542633, 21.970631], [88.540886, 21.960213], [88.548668, 21.922279], [88.570541, 21.903608], [88.540558, 21.90387], [88.528053, 21.853056], [88.494263, 21.879091], [88.521774, 21.913742], [88.525536, 21.929441], [88.521721, 21.94268], [88.493698, 21.967052], [88.54332, 21.981995], [88.554619, 22.035709], [88.54142, 21.98171], [88.49157, 21.96689], [88.52066, 21.915396], [88.483238, 21.90996], [88.473557, 21.895342], [88.452896, 21.939537], [88.470207, 21.9589], [88.44593, 21.96596], [88.460892, 22.01158], [88.441628, 21.99106], [88.445328, 21.964155], [88.468925, 21.95797], [88.451485, 21.942026], [88.458481, 21.91884], [88.419724, 21.906551], [88.408669, 21.88533], [88.384743, 21.899153], [88.407776, 21.919493], [88.398811, 21.953093], [88.373886, 21.965279], [88.39431, 21.970661], [88.375816, 21.969721], [88.37278, 21.96666], [88.374443, 21.962818], [88.398056, 21.952221], [88.406364, 21.919785], [88.382797, 21.900681], [88.390671, 21.798981], [88.364006, 21.797831], [88.354881, 21.8228], [88.37056, 21.89653], [88.356453, 21.924311], [88.35318, 21.856924], [88.308937, 21.8564], [88.309799, 21.877684], [88.261978, 21.85869], [88.266388, 21.883612], [88.258904, 21.858807], [88.313828, 21.846607], [88.258972, 21.807621], [88.258362, 21.80077], [88.263626, 21.788], [88.281937, 21.761101], [88.251663, 21.801943], [88.282738, 21.757582], [88.272003, 21.73048], [88.272781, 21.755751], [88.217224, 21.764444], [88.16333, 21.879444], [88.177208, 21.926111], [88.153664, 21.959173], [88.223892, 22.075275], [88.203056, 22.166941], [88.165558, 22.198891], [88.069725, 22.211945], [88.105003, 22.304699], [88.049156, 22.220001], [87.984863, 22.245701], [87.958687, 22.28467], [87.946388, 22.406111], [87.923332, 22.434999], [87.883766, 22.441589], [87.942223, 22.366388], [87.940002, 22.260279], [87.981407, 22.215851], [88.008614, 22.201389], [88.135559, 22.184723], [88.188889, 22.099167], [88.062233, 22.01306], [88.031944, 22.063887], [87.991943, 22.102501], [87.963356, 22.103477], [88.053055, 22.010279], [87.980278, 21.85778], [87.789719, 21.695], [87.48122726151946, 21.60995254318517], [87.379997, 21.545555], [87.200897, 21.548491], [87.106949, 21.517735], [86.910843, 21.340281], [86.822502, 21.19389], [86.83667, 21.09971], [86.970276, 20.82333], [86.957497, 20.784719], [86.939453, 20.790279], [86.881386, 20.797503], [86.827766, 20.771669], [86.755699, 20.613344], [86.773613, 20.645281], [86.815872, 20.6364], [86.820557, 20.639584], [86.814087, 20.663658], [86.804733, 20.66917], [86.796509, 20.665571], [86.802238, 20.675211], [86.828537, 20.67227], [86.839302, 20.653419], [86.844658, 20.650763], [86.933937, 20.710711], [87.0, 20.69528], [87.045189, 20.709484], [86.885002, 20.61639], [86.733887, 20.479166], [86.729431, 20.404881], [86.779716, 20.39167], [86.77861, 20.354719], [86.788887, 20.369722], [86.769173, 20.331112], [86.68, 20.263332], [86.671112, 20.282223], [86.679733, 20.258051], [86.553612, 20.210003], [86.50972, 20.177221], [86.497498, 20.190281], [86.46833, 20.147221], [86.459999, 20.162222], [86.466042, 20.14599], [86.491112, 20.15777], [86.462219, 20.114719], [86.47139, 20.0975], [86.503883, 20.16444], [86.558891, 20.20056], [86.520554, 20.169167], [86.483887, 20.110275], [86.436783, 20.060968], [86.411766, 20.05554], [86.427223, 20.049723], [86.411667, 20.03639], [86.407219, 20.019718], [86.41111, 20.0], [86.387497, 19.976389], [86.382233, 19.99556], [86.342216, 19.986391], [86.3274, 20.03067], [86.290466, 20.060982], [86.287224, 20.049723], [86.269157, 20.06278], [86.262497, 20.061953], [86.247856, 20.053188], [86.236656, 20.026951], [86.264999, 20.016947], [86.294945, 20.02442], [86.321945, 19.984444], [86.302666, 19.983543], [86.341026, 19.97238], [86.317497, 19.949165], [86.342438, 19.969503], [86.362663, 19.95278], [86.2416, 19.92205], [86.227783, 19.90361], [86.222527, 19.925621], [86.208046, 19.90472], [86.227966, 19.900881], [86.095146, 19.859911], [85.904999, 19.832222], [85.419197, 19.62307], [84.905693, 19.269583], [84.777916, 19.11014], [84.745697, 19.11764], [84.725418, 19.096531], [84.75042, 19.135971], [84.73542, 19.143751], [84.703186, 19.120701], [84.7187472879496, 19.09629061665005], [84.750969, 19.082081], [84.783195, 19.110971], [84.687637, 18.972361], [84.582642, 18.876251], [84.553467, 18.791809], [84.339027, 18.550694], [84.356247, 18.556805], [84.125687, 18.35153], [84.12458, 18.309305], [83.71347, 18.110695], [83.572639, 18.018194], [83.529587, 17.949306], [83.460419, 17.904583], [83.457359, 17.920694], [83.344307, 17.724861], [83.306526, 17.68819], [83.282356, 17.68931], [83.272636, 17.711811], [83.263474, 17.710972], [83.282356, 17.687641], [83.298187, 17.686531], [83.295418, 17.675138], [83.21347, 17.590973], [82.607635, 17.296249], [82.368462, 17.11875], [82.249031, 16.93042], [82.256248, 16.886528], [82.311806, 16.840139], [82.354309, 16.851528], [82.359306, 16.944311], [82.324303, 16.98875], [82.357918, 16.963753], [82.365692, 16.902081], [82.342918, 16.737917], [82.311806, 16.733473], [82.291252, 16.707359], [82.245697, 16.71681], [82.256531, 16.642639], [82.292358, 16.608749], [82.259865, 16.586805], [82.299576, 16.59181], [82.267914, 16.564028], [82.30986, 16.56764], [81.720413, 16.310141], [81.54097, 16.359032], [81.405418, 16.343748], [81.382919, 16.361811], [81.365135, 16.359859], [81.345703, 16.33069], [81.37986, 16.359859], [81.392639, 16.342083], [81.265419, 16.281252], [81.230972, 16.23514], [81.140976, 16.018194], [81.145691, 15.97375], [81.004303, 15.84042], [81.012085, 15.770139], [80.966805, 15.731806], [80.822083, 15.712916], [80.780693, 15.78042], [80.813469, 15.739582], [80.80542, 15.84264], [80.774017, 15.866252], [80.686813, 15.882641], [80.537361, 15.854861], [80.430969, 15.8057], [80.270416, 15.673196], [80.200417, 15.498194], [80.200691, 15.465416], [80.098198, 15.314305], [80.079865, 15.315973], [80.099304, 15.30986], [80.08847, 15.21931], [80.078194, 15.189027], [80.045967, 15.209309], [80.060974, 15.190415], [80.081253, 15.185971], [80.04792, 15.07735], [80.088753, 14.811532], [80.059303, 14.81986], [80.093201, 14.810142], [80.129601, 14.692071], [80.135696, 14.718751], [80.199028, 14.587083], [80.172363, 14.535141], [80.169861, 14.360694], [80.122086, 14.114584], [80.244858, 13.819584], [80.236252, 13.63986], [80.31514, 13.433751], [80.287636, 13.459312], [80.264313, 13.56125], [80.144028, 13.701527], [80.147087, 13.724311], [80.12986, 13.723751], [80.138474, 13.612916], [80.108749, 13.64208], [80.125969, 13.670421], [80.106796, 13.674031], [80.106796, 13.70931], [80.100418, 13.702083], [80.10347, 13.65431], [80.079308, 13.655971], [80.094856, 13.647361], [80.050957, 13.588192], [80.115417, 13.507641], [80.262093, 13.47292], [80.268471, 13.417362], [80.277641, 13.435695], [80.312996, 13.427916], [80.312126, 13.369381], [80.316254, 13.428473], [80.329033, 13.36653], [80.326248, 13.44264], [80.344856, 13.273191], [80.306252, 13.215141], [80.333748, 13.23514], [80.266808, 13.013194], [80.247917, 12.805152], [80.232643, 12.846251], [80.231804, 12.784861], [80.248192, 12.80264], [80.254028, 12.779031], [80.185417, 12.577639], [80.181526, 12.609862], [80.164856, 12.603749], [80.184586, 12.574583], [80.155983, 12.46681], [80.050697, 12.32597], [80.064026, 12.34986], [80.058197, 12.367362], [80.017082, 12.34042], [80.013748, 12.322641], [80.063187, 12.351251], [80.009308, 12.256527], [80.011528, 12.272641], [79.94458, 12.220141], [80.00708, 12.254583], [79.884865, 12.064861], [79.823753, 11.88181], [79.790695, 11.878749], [79.81958, 11.874309], [79.800415, 11.808399], [79.781761, 11.840271], [79.800697, 11.80764], [79.75708, 11.56375], [79.827362, 11.362922], [79.810692, 11.370971], [79.837906, 11.356811], [79.846542, 11.24403], [79.804581, 11.236252], [79.840141, 11.229031], [79.847641, 11.242921], [79.855141, 10.977641], [79.801453, 10.986212], [79.854576, 10.976022], [79.852081, 10.82763], [79.844025, 10.827361], [79.823753, 10.817921], [79.851524, 10.825973], [79.882919, 10.30236], [79.835693, 10.275416], [79.74292, 10.275138], [79.784859, 10.280695], [79.75708, 10.312083], [79.778473, 10.302362], [79.761253, 10.313195], [79.730141, 10.310971], [79.710419, 10.325151], [79.636528, 10.318191], [79.62986, 10.363195], [79.613472, 10.317361], [79.551247, 10.312359], [79.662361, 10.289041], [79.67347, 10.301533], [79.681808, 10.290139], [79.739029, 10.27736], [79.526527, 10.305416], [79.588753, 10.332638], [79.545143, 10.34792], [79.525696, 10.318471], [79.455971, 10.342083], [79.486526, 10.32625], [79.457085, 10.320418], [79.512367, 10.309031], [79.385696, 10.31681], [79.294861, 10.260695], [79.229027, 10.144311], [79.22847, 10.092082], [79.267365, 10.037916], [79.155136, 9.932361], [79.121803, 9.85458], [78.981529, 9.690421], [78.898178, 9.489032], [78.939308, 9.406252], [79.034302, 9.318471], [79.190697, 9.281809], [78.834862, 9.245142], [78.832642, 9.268761], [78.832359, 9.243196], [78.718475, 9.19014], [78.657913, 9.192362], [78.642357, 9.17375], [78.657356, 9.157641], [78.578186, 9.131251], [78.484016, 9.127919], [78.489021, 9.13292], [78.488747, 9.150138], [78.481796, 9.127361], [78.365417, 9.092082], [78.270973, 9.00542], [78.260971, 9.018751], [78.168747, 8.882082], [78.157364, 8.771528], [78.190971, 8.765418], [78.198471, 8.789032], [78.230133, 8.748751], [78.197639, 8.763194], [78.223473, 8.745972], [78.170692, 8.745141], [78.12764, 8.65042], [78.122643, 8.66236], [78.104858, 8.65153], [78.096527, 8.58125], [78.114861, 8.57986], [78.135971, 8.592081], [78.101807, 8.592361], [78.11042, 8.61236], [78.12236, 8.598191], [78.127357, 8.638472], [78.138748, 8.588751], [78.130417, 8.497079], [78.065407, 8.420421], [78.049591, 8.38042], [78.066803, 8.370416], [77.804031, 8.248196], [77.746246, 8.177082], [77.575691, 8.135695], [77.550972, 8.076526], [77.315971, 8.120972], [77.090698, 8.297361], [77.121948, 8.322942], [77.090698, 8.29747], [76.975418, 8.384581], [76.631805, 8.836251], [76.546249, 8.90236], [76.463478, 9.134029], [76.483749, 9.126805], [76.490417, 9.17014], [76.470703, 9.14236], [76.422638, 9.245693], [76.46125, 9.139584], [76.337914, 9.415972], [76.237358, 9.965422], [76.253197, 9.969583], [76.265419, 9.93458], [76.295418, 9.91792], [76.296524, 9.892916], [76.266525, 9.912361], [76.265419, 9.896806], [76.257362, 9.9157], [76.269577, 9.866252], [76.287636, 9.898472], [76.284584, 9.832639], [76.302917, 9.84736], [76.295692, 9.889862], [76.319313, 9.876251], [76.321808, 9.807642], [76.347641, 9.711806], [76.320686, 9.87125], [76.34903, 9.827921], [76.370697, 9.820143], [76.359581, 9.798751], [76.360695, 9.700417], [76.39875, 9.674305], [76.367081, 9.610973], [76.357086, 9.525416], [76.383194, 9.506527], [76.383194, 9.525972], [76.442352, 9.511251], [76.479027, 9.528751], [76.480423, 9.511251], [76.502083, 9.530973], [76.41597, 9.565971], [76.41375, 9.69681], [76.382637, 9.703469], [76.390976, 9.742085], [76.36792, 9.790972], [76.381248, 9.826812], [76.395142, 9.818194], [76.340141, 9.919584], [76.323753, 9.914305], [76.343193, 9.885141], [76.329308, 9.902921], [76.335419, 9.884027], [76.318748, 9.888761], [76.321526, 9.892362], [76.304031, 9.934305], [76.311531, 9.948472], [76.30014, 9.936809], [76.303474, 9.925694], [76.267365, 10.032084], [76.260139, 10.034311], [76.257362, 10.023193], [76.268196, 9.982641], [76.24958, 10.029862], [76.266251, 10.03736], [76.254028, 10.03932], [76.240417, 10.070973], [76.25708, 10.045971], [76.26458, 10.07931], [76.225693, 10.127083], [76.239304, 10.075139], [76.205696, 10.147082], [76.210419, 10.09125], [76.230141, 10.059862], [76.219582, 10.068473], [76.238747, 10.03042], [76.230415, 10.016805], [76.237083, 10.015973], [76.237358, 9.996805], [76.239586, 9.995142], [76.242081, 9.978194], [76.245415, 9.972362], [76.22403, 9.977079], [76.16597, 10.174861], [76.202637, 10.139028], [76.177086, 10.182639], [76.191528, 10.194311], [76.159859, 10.188472], [76.099304, 10.380694], [76.034027, 10.525695], [76.052635, 10.532083], [76.052361, 10.543472], [76.067642, 10.544584], [76.041527, 10.575421], [76.048187, 10.535142], [76.031807, 10.537084], [76.036247, 10.51014], [75.910141, 10.79236], [75.825142, 11.122917], [75.858475, 11.138472], [75.845139, 11.14376], [75.82486, 11.125417], [75.801804, 11.158194], [75.828751, 11.158194], [75.812363, 11.162362], [75.829025, 11.180696], [75.802086, 11.162638], [75.68264, 11.448195], [75.617363, 11.477083], [75.542358, 11.681811], [75.472076, 11.76376], [75.507637, 11.761248], [75.474861, 11.766529], [75.500137, 11.798195], [75.474304, 11.803472], [75.480698, 11.779306], [75.453751, 11.770139], [75.460136, 11.80736], [75.454025, 11.778472], [75.383751, 11.85681], [75.355141, 11.85986], [75.298737, 11.94347], [75.356529, 11.928471], [75.372086, 11.939584], [75.385139, 11.91653], [75.399307, 11.915416], [75.374863, 11.956532], [75.358749, 11.931532], [75.317917, 11.94625], [75.309593, 11.96986], [75.314308, 11.949583], [75.27903, 12.002085], [75.27369001723756, 12.004045073020439], [75.295975, 11.947916], [75.23104094623055, 12.024713155284958], [75.200417, 12.007361], [75.178749, 12.080694], [75.189308, 12.089583], [75.195137, 12.070142], [75.220139, 12.070142], [75.189026, 12.091251], [75.172638, 12.085702], [75.192917, 12.10068], [75.197357, 12.117361], [75.192093, 12.132643], [75.181808, 12.09514], [75.129028, 12.212082], [75.117638, 12.20625], [75.056808, 12.362361], [75.062637, 12.340972], [74.973473, 12.498749], [74.866531, 12.752641], [74.88514424530096, 12.757721613333766], [74.867081, 12.754452], [74.820969, 12.852362], [74.820969, 12.929312], [74.802361, 12.93125], [74.774582, 13.077638], [74.784241, 13.059032], [74.789581, 13.09875], [74.773483, 13.08319], [74.690407, 13.34847], [74.713196, 13.330693], [74.721802, 13.28403], [74.725136, 13.278196], [74.729027, 13.277081], [74.735977, 13.289591], [74.71125, 13.341811], [74.695137, 13.347641], [74.670692, 13.63375], [74.606796, 13.866529], [74.614586, 13.85125], [74.633186, 13.84903], [74.501526, 14.022641], [74.517914, 14.027083], [74.480423, 14.093201], [74.47097, 14.183473], [74.35376, 14.502921], [74.373192, 14.537083], [74.393471, 14.529311], [74.383186, 14.551811], [74.364586, 14.553762], [74.375969, 14.57375], [74.354309, 14.542915], [74.337364, 14.568749], [74.355972, 14.522079], [74.309593, 14.520691], [74.24958, 14.739584], [74.207077, 14.73764], [74.204865, 14.717916], [74.166809, 14.76653], [74.153198, 14.74597], [74.142921, 14.777921], [74.119041, 14.774861], [74.092636, 14.80319], [74.120972, 14.802083], [74.130417, 14.839862], [74.10469438861604, 14.899986805995887], [74.042923, 14.918471], [74.053474, 14.958194], [74.034309, 14.98375], [74.05014, 14.988195], [73.989029, 15.020141], [73.966805, 15.065972], [73.911804, 15.084028], [73.948471, 15.145972], [73.886528, 15.35042], [73.808197, 15.376805], [73.782913, 15.40875], [73.876808, 15.396805], [73.896797, 15.41486], [73.84903, 15.452083], [73.787636, 15.461528], [73.80542, 15.49486], [73.76458, 15.49458], [73.731247, 15.590417], [73.75486, 15.617361], [73.722641, 15.63014], [73.679306, 15.722361], [73.79726227269292, 15.725092827389547], [73.677086, 15.725417], [73.648483, 15.74569], [73.674576, 15.753191], [73.662361, 15.804583], [73.636253, 15.815694], [73.590416, 15.912361], [73.509857, 15.937361], [73.483192, 16.035973], [73.454865, 16.05514], [73.447365, 16.224583], [73.429863, 16.199032], [73.410973, 16.27347], [73.435699, 16.28653], [73.410423, 16.27792], [73.385406, 16.336531], [73.389305, 16.362083], [73.411247, 16.362083], [73.36792, 16.36347], [73.370972, 16.389591], [73.405418, 16.404861], [73.365417, 16.397638], [73.364861, 16.439583], [73.316246, 16.51347], [73.318176, 16.556528], [73.364029, 16.515972], [73.34903, 16.504301], [73.390137, 16.514311], [73.345703, 16.556528], [73.373466, 16.55014], [73.394028, 16.552641], [73.356247, 16.555416], [73.316803, 16.600969], [73.352638, 16.596531], [73.351807, 16.625139], [73.321808, 16.642363], [73.339584, 16.685696], [73.30542, 16.729305], [73.333191, 16.81653], [73.295418, 16.816792], [73.285698, 16.880701], [73.313469, 16.88903], [73.277084, 16.892084], [73.294304, 16.985971], [73.270973, 16.986528], [73.283752, 17.012083], [73.254303, 17.027361], [73.265976, 17.04764], [73.289307, 17.006821], [73.284309, 17.040138], [73.319862, 17.038195], [73.290138, 17.04764], [73.278473, 17.040419], [73.298195, 17.078472], [73.231247, 17.198195], [73.247093, 17.210421], [73.223473, 17.266529], [73.189308, 17.29792], [73.222092, 17.302919], [73.227638, 17.28153], [73.244026, 17.307362], [73.207077, 17.38431], [73.167084, 17.405138], [73.205696, 17.43903], [73.185974, 17.441805], [73.184029, 17.505699], [73.137085, 17.555973], [73.168472, 17.582361], [73.127083, 17.637081], [73.114029, 17.694309], [73.135139, 17.716249], [73.087357, 17.838751], [73.134033, 17.824581], [73.090416, 17.843752], [73.075974, 17.896805], [73.05014, 17.906807], [73.052086, 17.929029], [73.072357, 17.927361], [73.092361, 17.940695], [73.029602, 17.944311], [73.038193, 17.98431], [73.002083, 18.02125], [73.023468, 18.02375], [73.045418, 18.041531], [73.029587, 18.032084], [73.040413, 18.053194], [73.025139, 18.050421], [73.015694, 18.032084], [72.989861, 18.05514], [73.002907, 18.075701], [72.97097, 18.13208], [72.98764, 18.195141], [72.930969, 18.220417], [72.935417, 18.28153], [72.964577, 18.28014], [72.981529, 18.242081], [73.069305, 18.222082], [73.055695, 18.187084], [73.088196, 18.151527], [73.059586, 18.190695], [73.080399, 18.231253], [73.042923, 18.297079], [73.08625, 18.287916], [73.087906, 18.326811], [73.040138, 18.301531], [73.054581, 18.27042], [73.027916, 18.264305], [72.914017, 18.354853], [72.926247, 18.38653], [72.895416, 18.472643], [72.904587, 18.539305], [72.928467, 18.541811], [72.855141, 18.69681], [72.869308, 18.804583], [72.916252, 18.79236], [72.940697, 18.827921], [72.970413, 18.78986], [72.982643, 18.80958], [72.988747, 18.865973], [72.926529, 18.850971], [72.907913, 18.902084], [72.957642, 18.908472], [72.939316, 18.945971], [72.955696, 18.97403], [72.979309, 18.962639], [73.012642, 18.977638], [73.031517, 18.993191], [73.032349, 18.99931], [73.002907, 19.00153], [72.99292, 19.059032], [72.963196, 19.058472], [72.909302, 18.991249], [72.862076, 19.002918], [72.844864, 18.924862], [72.80764, 18.89097], [72.823471, 18.94153], [72.791817, 18.950701], [72.814583, 19.027082], [72.838196, 19.039282], [72.815971, 19.04236], [72.826813, 19.09403], [72.803467, 19.141533], [72.829865, 19.182364], [72.793472, 19.12986], [72.780136, 19.16625], [72.839577, 19.267361], [72.782364, 19.193195], [72.799026, 19.331251], [72.757637, 19.375973], [72.744583, 19.462921], [72.786247, 19.525972], [72.764862, 19.504305], [72.718193, 19.53875], [72.712639, 19.59597], [72.737923, 19.597919], [72.693748, 19.729313], [72.708748, 19.72625], [72.719307, 19.75514], [72.693466, 19.735691], [72.695686, 19.804861], [72.659302, 19.820971], [72.650696, 19.854311], [72.681252, 19.865139], [72.664307, 19.93292], [72.69014, 19.958195], [72.719856, 19.968752], [72.75486, 19.927361], [72.753746, 19.94264], [72.716248, 19.972361], [72.707642, 20.070141], [72.726807, 20.083191], [72.740417, 20.24292], [72.775696, 20.333471], [72.831329, 20.368738], [72.830406, 20.44042], [72.891808, 20.531252], [72.892365, 20.633194], [72.850983, 20.741528], [72.88958, 20.748196], [72.834587, 20.781805], [72.850693, 20.79903], [72.791817, 20.89653], [72.793747, 20.945143], [72.776802, 20.91486], [72.752083, 20.946529], [72.723198, 21.049028], [72.770416, 21.066805], [72.704308, 21.07486], [72.720695, 21.143194], [72.68264, 21.158194], [72.667076, 21.155418], [72.659859, 21.13875], [72.659027, 21.087931], [72.627083, 21.07597], [72.618469, 21.222639], [72.653198, 21.226805], [72.609581, 21.22986], [72.604858, 21.277361], [72.587357, 21.275688], [72.595695, 21.315971], [72.649307, 21.367361], [72.623192, 21.365139], [72.62542, 21.381531], [72.696808, 21.464581], [72.645142, 21.43375], [72.674026, 21.52042], [72.736809, 21.538197], [72.742363, 21.55014], [72.683197, 21.542919], [72.625687, 21.492359], [72.597359, 21.552361], [72.629303, 21.617651], [72.700966, 21.651812], [72.723198, 21.63875], [72.787361, 21.64514], [72.835136, 21.667921], [72.779861, 21.663195], [72.736252, 21.689583], [72.537636, 21.664305], [72.507362, 21.70125], [72.569862, 21.824308], [72.517639, 21.857361], [72.502357, 21.955141], [72.547363, 22.14986], [72.582085, 22.200972], [72.647362, 22.217085], [72.757637, 22.174028], [72.808746, 22.245972], [72.877907, 22.223751], [72.910423, 22.243193], [72.91597, 22.278194], [72.889305, 22.244028], [72.865143, 22.243462], [72.84375, 22.282364], [72.752083, 22.23097], [72.68792, 22.238468], [72.635414, 22.284582], [72.541252, 22.243195], [72.542641, 22.280972], [72.48597, 22.197359], [72.49292, 22.248194], [72.470695, 22.23875], [72.435143, 22.30125], [72.388748, 22.310417], [72.412361, 22.358473], [72.393753, 22.382641], [72.361809, 22.375669], [72.40403, 22.353201], [72.37236, 22.316526], [72.414024, 22.297085], [72.416527, 22.227362], [72.399582, 22.199306], [72.356247, 22.27125], [72.362076, 22.205141], [72.391525, 22.167915], [72.375969, 22.14986], [72.357643, 22.192921], [72.343491, 22.124861], [72.316246, 22.14653], [72.317642, 22.180695], [72.294304, 22.202362], [72.312637, 22.180695], [72.310417, 22.144581], [72.323753, 22.130136], [72.270981, 21.96764], [72.278473, 21.932079], [72.241531, 22.049583], [72.29792, 22.063471], [72.30014, 22.108749], [72.277359, 22.090694], [72.265419, 22.105419], [72.278191, 22.08042], [72.233192, 22.053753], [72.232635, 22.017639], [72.185966, 22.019581], [72.172363, 22.041531], [72.179863, 22.019028], [72.200417, 22.004305], [72.213737, 21.999029], [72.230972, 22.007641], [72.22097, 21.956251], [72.190697, 21.94236], [72.14653, 21.983473], [72.147087, 21.954861], [72.19014, 21.93708], [72.220139, 21.94792], [72.253197, 21.897362], [72.26458, 21.740417], [72.247086, 21.790972], [72.203194, 21.824862], [72.182915, 21.82375], [72.241249, 21.787361], [72.305969, 21.628469], [72.223198, 21.438749], [72.121529, 21.32542], [72.109016, 21.282921], [72.075974, 21.302084], [72.113747, 21.196527], [72.007637, 21.132643], [72.010696, 21.18597], [71.976807, 21.12097], [71.819862, 21.072083], [71.796806, 21.05792], [71.806808, 21.037916], [71.514862, 20.948195], [71.515976, 20.922359], [71.439583, 20.869305], [71.377907, 20.874029], [71.384583, 20.857084], [71.155693, 20.778473], [71.154861, 20.759306], [70.986809, 20.72208], [70.999031, 20.742359], [70.94890262795674, 20.73359919396352], [70.997643, 20.714027], [70.977081, 20.70153], [70.873474, 20.709862], [70.920418, 20.736807], [70.873749, 20.727083]], [[79.99602736730053, 28.724737920253265], [80.002869, 28.72695], [80.03370274874112, 28.762173522018827], [79.99602736730053, 28.724737920253265]], [[79.922379, 28.73271], [79.967827, 28.71562], [79.97898339833354, 28.71922715692937], [79.922379, 28.73271]], [[78.501846, 29.711708], [78.49435495909525, 29.721450301826877], [78.527359, 29.624363], [78.501846, 29.711708]], [[78.473579, 29.74847], [78.45685786821875, 29.75409459932046], [78.4750384440458, 29.74657195344353], [78.473579, 29.74847]], [[77.56540327472901, 30.385146789412342], [77.592018, 30.370861], [77.56834743552666, 30.398346840014984], [77.56540327472901, 30.385146789412342]], [[77.415321, 30.156691], [77.398003, 30.118723], [77.4183501109788, 30.15835856359755], [77.415321, 30.156691]], [[77.180168, 29.906212], [77.18103880355142, 29.89368368957827], [77.18680403707071, 29.913883106291987], [77.180168, 29.906212]], [[77.121101, 29.691561], [77.12223240252054, 29.68839227438371], [77.143326, 29.705971], [77.121101, 29.691561]], [[77.120033, 29.349791], [77.153946, 29.33548], [77.1193093505921, 29.356088154993238], [77.120033, 29.349791]], [[77.19014, 28.955662], [77.214188, 29.00596], [77.21386465120635, 29.006310254462143], [77.19014, 28.955662]], [[77.18177, 28.889801], [77.18194394008037, 28.887243057641598], [77.221191, 28.904133], [77.18177, 28.889801]], [[77.18244128527975, 28.87992915765071], [77.14681362301774, 28.84460095438838], [77.19542107971469, 28.86331443923902], [77.18244128527975, 28.87992915765071]], [[77.21042508865462, 28.82533400867351], [77.217323, 28.835279], [77.20258397849314, 28.854145607882558], [77.21042508865462, 28.82533400867351]], [[77.194611, 28.815363], [77.19587717577502, 28.804359707879822], [77.20294319751085, 28.81454707059836], [77.194611, 28.815363]], [[77.196922, 28.79528], [77.224678, 28.787628], [77.19621394906537, 28.801433088238984], [77.196922, 28.79528]], [[77.31956404275198, 28.602027143443404], [77.336182, 28.60887], [77.33292859643514, 28.613530636431147], [77.31956404275198, 28.602027143443404]], [[77.293648, 28.57972], [77.29868233681381, 28.571641539360932], [77.30451505004044, 28.58907377543472], [77.293648, 28.57972]], [[77.337738, 28.50897], [77.3536812984422, 28.49770902280511], [77.32609483756767, 28.527653459788795], [77.337738, 28.50897]], [[77.49421465446808, 28.293417133734067], [77.495789, 28.307041], [77.463753, 28.338011], [77.49421465446808, 28.293417133734067]], [[77.464813, 28.27743], [77.492737, 28.28063], [77.49408128403716, 28.292262990073926], [77.464813, 28.27743]], [[77.515579, 28.229761], [77.541206, 28.247742], [77.53440684929743, 28.249763916138622], [77.515579, 28.229761]], [[77.45194727303918, 27.88256171309272], [77.458488, 27.8853], [77.45927376293389, 27.887550364715985], [77.45194727303918, 27.88256171309272]], [[77.412292, 27.896158], [77.4422, 27.878481], [77.4441587712771, 27.879301043058604], [77.412292, 27.896158]], [[77.288887, 27.82914], [77.27797965015444, 27.808452054484263], [77.30794424289951, 27.83339361428848], [77.288887, 27.82914]], [[77.312332, 27.73868], [77.304146, 27.78801], [77.2974529016884, 27.792384368948696], [77.312332, 27.73868]], [[77.33843130622998, 27.682108196740412], [77.336548, 27.69618], [77.33591898162415, 27.696543461197063], [77.33843130622998, 27.682108196740412]], [[77.311211, 27.611691], [77.342323, 27.65303], [77.34192665517658, 27.65599143361564], [77.311211, 27.611691]], [[77.498413, 27.09519], [77.5153563007578, 27.090100937545127], [77.50516555819343, 27.09722894813815], [77.498413, 27.09519]], [[77.51790003549603, 27.086622741294114], [77.518227, 27.088093], [77.51755269294233, 27.088564650404237], [77.51790003549603, 27.086622741294114]], [[77.52137, 27.067223], [77.565681, 27.078011], [77.5206306459845, 27.071356551397756], [77.52137, 27.067223]], [[77.67578022159316, 27.04738814226504], [77.71231354900955, 27.00032451766798], [77.678169, 27.050529], [77.67578022159316, 27.04738814226504]], [[77.722313, 27.00034], [77.726486, 27.03154], [77.71480685442697, 27.000328378098153], [77.722313, 27.00034]], [[77.464317, 26.76955], [77.455971, 26.78038], [77.45275130315792, 26.779172216735294], [77.464317, 26.76955]], [[77.493347, 26.766991], [77.4923278204299, 26.76870700515204], [77.48957469785745, 26.765295574836415], [77.493347, 26.766991]], [[78.11472730357545, 26.95271510829389], [78.111343, 26.953232], [78.112709, 26.92749], [78.11472730357545, 26.95271510829389]], [[78.20498122905144, 26.83550089418227], [78.2101316922433, 26.835989639868412], [78.2082943040558, 26.840309631697544], [78.20498122905144, 26.83550089418227]], [[78.35603225063882, 26.868345172827723], [78.351357, 26.874371], [78.282066, 26.864088], [78.35603225063882, 26.868345172827723]], [[79.076797, 26.362692], [79.133743, 26.344971], [79.07888115995449, 26.365236107242694], [79.076797, 26.362692]], [[79.020393, 26.234253], [79.02009215497458, 26.232221426185085], [79.057053, 26.232891], [79.020393, 26.234253]], [[78.224182, 24.54134], [78.22279327685219, 24.53556449241619], [78.258888, 24.558189], [78.224182, 24.54134]], [[78.219719, 24.522779], [78.240173, 24.509581], [78.22087642130951, 24.527592555215325], [78.219719, 24.522779]], [[78.325996, 24.329618], [78.33128466927343, 24.324393687116423], [78.32714060094372, 24.331457561792522], [78.325996, 24.329618]], [[78.434776, 24.297661], [78.43798713243064, 24.313885485286765], [78.41790107723841, 24.290019531617464], [78.434776, 24.297661]], [[78.467796, 24.33934], [78.505371, 24.39395], [78.45327369250043, 24.332048749845058], [78.467796, 24.33934]], [[78.8796613251205, 25.557355631711296], [78.874359, 25.557013], [78.87449314675301, 25.554351880067117], [78.8796613251205, 25.557355631711296]], [[78.93194843408166, 25.556623757538983], [78.93074, 25.559721], [78.92941912168138, 25.557969553360387], [78.93194843408166, 25.556623757538983]], [[78.80328552219612, 25.312871577354034], [78.814568, 25.310961], [78.843506, 25.332361], [78.80328552219612, 25.312871577354034]], [[78.783287, 25.303181], [78.78591001492909, 25.302872399138288], [78.78696828088793, 25.304964818667028], [78.783287, 25.303181]], [[78.95372852086976, 25.34659630397584], [78.952858, 25.349871], [78.927612, 25.331711], [78.95372852086976, 25.34659630397584]], [[78.952797, 25.311878], [78.970047, 25.28521], [78.95521258453853, 25.341013603359983], [78.952797, 25.311878]], [[78.9415562185797, 25.26555097380947], [78.9129419155384, 25.27277806505955], [78.940613, 25.26269], [78.9415562185797, 25.26555097380947]], [[78.872177, 25.25079], [78.87410459254713, 25.21634754780866], [78.87561094562398, 25.249852333663135], [78.872177, 25.25079]], [[78.877136, 25.162182], [78.948341, 25.220181], [78.87672859121425, 25.169461628491224], [78.877136, 25.162182]], [[79.124336, 25.11187], [79.12819370639833, 25.112278648796753], [79.107811, 25.1437], [79.124336, 25.11187]], [[79.2401535662798, 25.15954142474384], [79.23584, 25.160961], [79.213913, 25.14838], [79.2401535662798, 25.15954142474384]], [[79.25808, 25.12402], [79.26002851636997, 25.12362318358062], [79.259201, 25.153273], [79.25808, 25.12402]], [[79.276543, 25.12026], [79.28725469708233, 25.129174103236014], [79.26333399744051, 25.122950020561323], [79.276543, 25.12026]], [[79.28775, 25.290241], [79.310043, 25.261921], [79.31315013359966, 25.263041925980588], [79.28775, 25.290241]], [[79.259547239796, 25.276771043506496], [79.259453, 25.271441], [79.271111, 25.266502], [79.259547239796, 25.276771043506496]], [[79.303037337211, 25.339053303688054], [79.294731, 25.340219], [79.260139, 25.31024], [79.303037337211, 25.339053303688054]], [[79.849213, 25.096981], [79.84902904089378, 25.101327377091952], [79.745636, 25.143883], [79.849213, 25.096981]], [[79.872177, 25.148512], [79.87175356873117, 25.15006246190799], [79.847672, 25.13339], [79.872177, 25.148512]], [[80.314102, 25.00351], [80.31497819605111, 25.00395192613309], [80.30349559588143, 25.009521682419205], [80.314102, 25.00351]], [[80.38739, 25.012421], [80.365761, 25.05776], [80.38007238405436, 25.015922769334836], [80.38739, 25.012421]], [[80.405251, 25.06085], [80.4084118279496, 25.07159302393066], [80.39793639728634, 25.068195507633433], [80.405251, 25.06085]], [[80.4416060614189, 25.080934833099764], [80.440712, 25.082069], [80.43416081867956, 25.079944242935802], [80.4416060614189, 25.080934833099764]], [[82.4362959805424, 24.699446056843332], [82.432312, 24.706282], [82.42736190020868, 24.702658867316437], [82.4362959805424, 24.699446056843332]], [[82.657387, 24.134798], [82.66428346526978, 24.1274922894769], [82.670853, 24.15847], [82.657387, 24.134798]], [[82.741997, 24.0214], [82.74325431984818, 24.021030139832995], [82.74263638661945, 24.022888186127002], [82.741997, 24.0214]], [[82.646118, 23.888733], [82.65394883844007, 23.878511010707836], [82.656517, 23.907862], [82.646118, 23.888733]], [[82.64131485377081, 23.851046396136432], [82.652023, 23.856501], [82.65254935659877, 23.8625166211102], [82.64131485377081, 23.851046396136432]], [[82.527351, 23.82408], [82.585983, 23.822861], [82.61290533832695, 23.836574922794043], [82.527351, 23.82408]], [[82.5094517006093, 23.787493239320806], [82.516197, 23.784231], [82.544518, 23.794189], [82.5094517006093, 23.787493239320806]], [[81.8427283038222, 23.82250723517184], [81.852936, 23.82432], [81.86005982295157, 23.82977949994572], [81.8427283038222, 23.82250723517184]], [[81.719063, 23.840429], [81.782661, 23.81184], [81.79705796841021, 23.81439672950209], [81.719063, 23.840429]], [[81.597389, 23.86194], [81.59977475298314, 23.85523031713169], [81.614853, 23.87277], [81.597389, 23.86194]], [[81.605827, 23.838209], [81.62478768972552, 23.834908788412218], [81.60096523785866, 23.851882201869653], [81.605827, 23.838209]], [[81.63086782034492, 23.828658501699596], [81.630539, 23.830811], [81.62944297072544, 23.831591917016546], [81.63086782034492, 23.828658501699596]], [[80.593163, 21.324791], [80.656532, 21.330772], [80.65965047773732, 21.336751216051148], [80.593163, 21.324791]], [[80.519432, 21.38957], [80.51206309467679, 21.39132194719751], [80.593163, 21.324791], [80.519432, 21.38957]], [[80.603447, 21.227423], [80.672951, 21.298288], [80.66982351387139, 21.304475542444827], [80.603447, 21.227423]], [[80.457298, 21.17284], [80.45604635465222, 21.169387067197015], [80.603447, 21.227423], [80.457298, 21.17284]], [[80.455559, 20.93211], [80.45735662976945, 20.932147710618594], [80.423759, 21.00959], [80.455559, 20.93211]], [[80.41048408616903, 19.250226369219202], [80.437027, 19.26107], [80.44004611652889, 19.266861983894582], [80.41048408616903, 19.250226369219202]], [[80.379181, 19.232611], [80.386673, 19.18902], [80.38361469910289, 19.235106001492262], [80.379181, 19.232611]], [[80.34541520858808, 18.814544896244964], [80.347786, 18.815941], [80.335732, 18.856119], [80.34541520858808, 18.814544896244964]], [[80.294159, 18.79059], [80.28501395099097, 18.778976004727774], [80.32605261317205, 18.803142715508304], [80.294159, 18.79059]], [[80.242157, 18.759748], [80.24484605669512, 18.755322068841004], [80.25404418524838, 18.760738632165793], [80.242157, 18.759748]], [[80.26754, 18.71797], [80.33184618202162, 18.60413707515009], [80.29631, 18.68564], [80.26754, 18.71797]], [[80.341843, 18.586441], [80.34625100806753, 18.59012944205892], [80.34058354138105, 18.58867045685492], [80.341843, 18.586441]], [[80.381561, 18.593599], [80.45067353713279, 18.617011104236855], [80.37444677386414, 18.59738792409127], [80.381561, 18.593599]], [[80.632683, 18.518841], [80.488388, 18.62672], [80.48616134086907, 18.626146787503817], [80.632683, 18.518841]], [[80.733269, 18.21879], [80.788277, 18.249781], [80.78590993678469, 18.252622169884592], [80.733269, 18.21879]], [[81.045227, 17.783991], [81.073601, 17.786291], [81.04352941702935, 17.786248339339874], [81.045227, 17.783991]], [[81.263367, 17.810463], [81.30096439765684, 17.809013368007047], [81.26028522375198, 17.811714973456393], [81.263367, 17.810463]], [[81.409256, 17.804838], [81.384972, 17.806593], [81.393829, 17.885139], [81.38440588732391, 17.805796138610884], [81.409256, 17.804838]], [[81.45985214551554, 17.824283899882303], [81.459427, 17.824711], [81.4563664230011, 17.823966234247987], [81.45985214551554, 17.824283899882303]], [[81.48584, 17.80261], [81.568741, 17.827881], [81.48475647526391, 17.80388254410628], [81.48584, 17.80261]], [[82.059723, 18.045118], [82.072212, 18.065638], [82.05372324292104, 18.047301627544325], [82.059723, 18.045118]], [[82.11676657603925, 18.053752936314506], [82.113266, 18.057821], [82.072212, 18.065638], [82.11676657603925, 18.053752936314506]], [[82.177406, 18.010571], [82.16375, 18.04162], [82.16158271236083, 18.041205604657904], [82.177406, 18.010571]], [[82.261078, 17.982401], [82.26129953537222, 17.984884835739198], [82.25702261033359, 17.983766335200578], [82.261078, 17.982401]], [[82.26624984451922, 18.040387280592476], [82.258156, 18.03487], [82.26330981863292, 18.007423960570307], [82.26624984451922, 18.040387280592476]], [[83.837097, 18.86471], [83.840271, 18.90406], [83.83766663366798, 18.90465624343611], [83.837097, 18.86471]], [[83.870178, 18.81843], [83.87800905029685, 18.81597418370688], [83.837097, 18.86471], [83.870178, 18.81843]], [[83.939789, 18.7966], [83.901978, 18.816921], [83.89411305232971, 18.810923970890265], [83.939789, 18.7966]], [[84.697548, 19.108818], [84.71823215522019, 19.096595026175162], [84.69871365136324, 19.114922216233357], [84.697548, 19.108818]], [[72.150726, 24.634102], [72.13159181625026, 24.632724050302045], [72.16129331915903, 24.61998391179422], [72.150726, 24.634102]], [[72.19320021836508, 24.613313971941015], [72.17503674939256, 24.61408881600443], [72.185898, 24.60943], [72.19320021836508, 24.613313971941015]], [[72.96328, 24.383739], [72.991463, 24.363972], [72.96721453972063, 24.38908638146404], [72.96328, 24.383739]], [[73.000343, 24.470631], [72.981003, 24.45105], [73.012787, 24.482401], [73.000343, 24.470631]], [[73.094383, 24.494728], [73.051041, 24.46526], [73.09543279659269, 24.489578976158537], [73.094383, 24.494728]], [[73.947296, 23.37352], [73.938896, 23.341419], [73.95886980128478, 23.375284230589774], [73.947296, 23.37352]], [[73.971031, 23.377138], [73.96574263755146, 23.37633187843527], [73.990776, 23.337629], [73.971031, 23.377138]], [[74.101662, 23.29575], [74.044472, 23.296091], [74.10353095135086, 23.29421970479853], [74.101662, 23.29575]], [[74.133781, 23.269451], [74.12015266941769, 23.280609861296554], [74.13361345565214, 23.26720515217327], [74.133781, 23.269451]], [[74.322777, 23.062691], [74.282539, 23.095013], [74.33182288897038, 23.047123533523518], [74.322777, 23.062691]], [[74.370796, 22.980053], [74.36694671417688, 22.986677404545116], [74.36984905387737, 22.9795541150473], [74.370796, 22.980053]], [[74.138161, 21.953371], [74.19674742409285, 21.92767367786891], [74.14747086472536, 21.960061832206556], [73.879601, 21.83864], [74.138161, 21.953371]], [[73.885628, 21.64506], [73.8879200947946, 21.656851668218057], [73.87409660758628, 21.642705838267627], [73.885628, 21.64506]], [[74.069206, 21.559509], [74.03938191382368, 21.553429320788446], [74.09352527186826, 21.55659914272026], [74.069206, 21.559509]], [[74.182869, 21.56156], [74.18213999761555, 21.561339199326394], [74.205238, 21.529211], [74.182869, 21.56156]], [[74.305916, 21.479391], [74.327721, 21.49575], [74.26648162889724, 21.467807626751497], [74.305916, 21.479391]], [[74.231033, 21.47982], [74.249672, 21.46287], [74.25598316117312, 21.46472382785259], [74.231033, 21.47982]], [[74.108986, 21.448023], [74.10960745221756, 21.448506078100692], [74.078148, 21.457811], [74.108986, 21.448023]], [[73.562943, 20.64739], [73.61079742854183, 20.629547467958652], [73.607307, 20.636301], [73.562943, 20.64739]], [[73.439919, 20.664841], [73.45757048895447, 20.711375546594695], [73.453697, 20.71047], [73.439919, 20.664841]], [[73.43045621068644, 20.607617123647476], [73.4051619740198, 20.6440518381689], [73.402733, 20.642599], [73.43045621068644, 20.607617123647476]], [[73.48082, 20.583599], [73.43883610744776, 20.597043149526424], [73.440361, 20.595119], [73.48082, 20.583599]], [[73.426826, 20.201571], [73.42645253840324, 20.2047974031869], [73.41144943384926, 20.198591646555826], [73.426826, 20.201571]], [[73.398079, 20.196001], [73.40190124603176, 20.196741595902072], [73.395287, 20.209169], [73.398079, 20.196001]], [[73.376328, 20.20532], [73.374313, 20.192659], [73.395287, 20.209169], [73.376328, 20.20532]], [[73.23446595377332, 20.13951540196748], [73.259468, 20.12464], [73.235489, 20.140991], [73.23446595377332, 20.13951540196748]], [[73.21454297342824, 20.109144747869085], [73.2212960313996, 20.120880594791846], [73.2076384862033, 20.12672632358007], [73.21454297342824, 20.109144747869085]], [[73.22637774371114, 20.185677918137653], [73.196098, 20.156113], [73.229156, 20.184299], [73.22637774371114, 20.185677918137653]], [[73.15194828849758, 20.205474568763556], [73.21961486148795, 20.189034505864186], [73.180176, 20.208609], [73.15194828849758, 20.205474568763556]], [[73.14819042318155, 20.187700757893033], [73.14602558635133, 20.20481690643022], [73.142181, 20.20439], [73.14819042318155, 20.187700757893033]], [[73.15007, 20.17284], [73.14990626592906, 20.174134553307457], [73.13943474220738, 20.165990560399457], [73.15007, 20.17284]], [[73.096161, 20.17424], [73.124947, 20.15666], [73.1267380725511, 20.15781350690112], [73.096161, 20.17424]], [[73.082443, 20.15659], [73.08356255577574, 20.158344477760526], [73.0813621203878, 20.159355348811737], [73.082443, 20.15659]], [[73.158203, 20.290482], [73.15118720506763, 20.281906143412996], [73.1721119117501, 20.287777040909887], [73.158203, 20.290482]], [[73.177101, 20.312323], [73.1786621733567, 20.28961486425689], [73.179543, 20.289862], [73.177101, 20.312323]], [[73.1614, 20.31719], [73.112869, 20.304941], [73.177101, 20.312323], [73.1614, 20.31719]], [[73.121956, 20.332878], [73.12099264186875, 20.33471697006232], [73.112869, 20.304941], [73.121956, 20.332878]], [[73.10570946593285, 20.357284599466688], [73.11700563659107, 20.342327829519693], [73.107376, 20.36071], [73.10570946593285, 20.357284599466688]], [[72.92546880662272, 20.276940885541443], [72.945976, 20.29343], [72.924591, 20.27866], [72.92546880662272, 20.276940885541443]], [[72.96222363884223, 20.237253478758497], [72.93080076724434, 20.266498664715257], [72.940849, 20.24682], [72.96222363884223, 20.237253478758497]], [[72.970428, 20.21233], [72.986687, 20.17131], [72.96956872133293, 20.230417429333826], [72.970428, 20.21233]], [[72.837059, 20.422331], [72.868927, 20.40593], [72.83958965105205, 20.426295502371122], [72.837059, 20.422331]], [[70.73498731780859, 20.987558094280953], [70.76955467307967, 20.962128175211923], [70.735512, 20.989832], [70.73498731780859, 20.987558094280953]], [[70.886986, 20.94521], [70.8834982704716, 20.947367250524263], [70.89005609744737, 20.931423288628626], [70.886986, 20.94521]], [[70.900238, 20.8857], [70.89779360251151, 20.896676916279826], [70.88876897034753, 20.880948495670843], [70.900238, 20.8857]], [[75.22345129826287, 12.100921005134902], [75.274529, 12.100261], [75.223061, 12.10484], [75.22345129826287, 12.100921005134902]], [[75.325157, 12.144891], [75.363609, 12.13497], [75.36787559383359, 12.140445863106429], [75.325157, 12.144891]], [[75.39592467999545, 12.137527180244003], [75.40002587492232, 12.13530501173831], [75.402519, 12.136841], [75.39592467999545, 12.137527180244003]], [[75.298737, 12.00347], [75.333191, 12.010141], [75.299309, 12.015689], [75.339302, 12.047638], [75.307083, 12.034309], [75.3043662491384, 12.053981600556217], [75.301529, 12.0246], [75.27276225380191, 12.02048145586111], [75.298737, 12.00347]], [[75.26756322646655, 12.019737109475443], [75.26458, 12.01931], [75.26684722752411, 12.015510988241923], [75.26756322646655, 12.019737109475443]], [[74.16587288752476, 15.6517710482441], [74.173431, 15.652052], [74.190132, 15.680981], [74.16587288752476, 15.6517710482441]], [[74.211838, 14.92142], [74.186562, 14.953381], [74.182673350209, 14.950731997486235], [74.211838, 14.92142]], [[73.86898832599657, 15.788905620141291], [73.88004598656443, 15.76167959734422], [73.873497, 15.795321], [73.86898832599657, 15.788905620141291]], [[73.88519192783323, 15.74900933011751], [73.885902, 15.747261], [73.945366, 15.741522], [73.88519192783323, 15.74900933011751]], [[73.971306, 15.687251], [73.969261, 15.644321], [73.97526190026672, 15.637932080040251], [73.971306, 15.687251]], [[73.98977713024618, 15.622478291706077], [74.002388, 15.609052], [74.027931, 15.6046], [73.98977713024618, 15.622478291706077]], [[74.10235659432784, 15.639264017011786], [74.039299, 15.620851], [74.027931, 15.6046], [74.10235659432784, 15.639264017011786]], [[74.12030032840153, 15.647621382630463], [74.12603, 15.65029], [74.096527, 15.67085], [74.12030032840153, 15.647621382630463]], [[73.14738935836732, 20.078155053682753], [73.139542, 20.08427], [73.11155064294796, 20.08951678306296], [73.14738935836732, 20.078155053682753]], [[73.060638, 20.09906], [73.05328396836701, 20.06956776811957], [73.059212, 20.06793], [73.060638, 20.09906]], [[73.05002109861648, 20.07046921810947], [73.010208, 20.110401], [73.045273, 20.071781], [73.05002109861648, 20.07046921810947]], [[73.01040342402572, 20.129508984574287], [73.010513, 20.140223], [73.00675160672537, 20.126696661044175], [73.01040342402572, 20.129508984574287]], [[72.9914139443241, 20.114884879314605], [72.98837236774459, 20.11416909175622], [72.989243, 20.113213], [72.9914139443241, 20.114884879314605]], [[76.65167707939302, 28.092830787994444], [76.682182, 28.097771], [76.65123, 28.09676], [76.65167707939302, 28.092830787994444]], [[76.85724018169493, 28.22367287587377], [76.864440258934, 28.220478481571767], [76.863632, 28.22464], [76.85724018169493, 28.22367287587377]], [[76.903778, 27.832661], [76.884079, 27.730909], [76.88449413914462, 27.73049929400783], [76.903778, 27.832661]], [[76.88092, 27.699369], [76.902626, 27.65852], [76.90365853528765, 27.65906226908677], [76.88092, 27.699369]], [[77.193848, 27.821939], [77.231743, 27.785801], [77.23308159453539, 27.78712026905014], [77.193848, 27.821939]], [[78.16841040430994, 26.82798131012577], [78.16095, 26.82704], [78.17322213449063, 26.805198654610148], [78.16841040430994, 26.82798131012577]], [[78.17564072562882, 26.79374707136143], [78.1507693130809, 26.794817234486263], [78.176117, 26.791492], [78.17564072562882, 26.79374707136143]], [[78.10418565417913, 26.796821628642828], [78.099831, 26.797009], [78.09568, 26.771799], [78.10418565417913, 26.796821628642828]], [[74.9139820328332, 24.89892557370434], [74.9118397645706, 24.901410468552463], [74.912521, 24.899099], [74.9139820328332, 24.89892557370434]], [[74.90848674831399, 24.91278743354674], [74.912933, 24.928389], [74.90129195115418, 24.937199768341262], [74.90848674831399, 24.91278743354674]], [[74.84728448173598, 24.97262066318933], [74.846352, 24.974291], [74.84514548352625, 24.97186194665263], [74.84728448173598, 24.97262066318933]], [[74.82769073076167, 24.936720672950106], [74.823608, 24.928501], [74.82559219394075, 24.92387244350252], [74.82769073076167, 24.936720672950106]], [[74.85793886491447, 24.83169588173935], [74.85826488352194, 24.828277290558958], [74.859032, 24.82901], [74.85793886491447, 24.83169588173935]], [[74.858566, 24.813061], [74.916946, 24.787182], [74.878052, 24.813181], [74.858566, 24.813061]], [[75.007057, 24.796061], [75.020233, 24.752768], [75.021378, 24.77286], [75.007057, 24.796061]], [[73.881866, 30.01124], [73.889442, 29.97761], [73.8894762610507, 29.977608135738794], [73.881866, 30.01124]], [[74.524643, 29.951561], [74.18669478138239, 29.961435457272657], [74.519066, 29.94335], [74.505028, 29.907761], [74.524643, 29.951561]], [[75.29335914920505, 12.56600965330705], [75.316193, 12.568662], [75.327858, 12.585181], [75.29335914920505, 12.56600965330705]], [[75.27092, 12.55354], [75.273360163698, 12.545090249935546], [75.27535513267956, 12.556004646336607], [75.27092, 12.55354]], [[75.336761, 12.457782], [75.3403634259828, 12.458904403359155], [75.334846, 12.490241], [75.336761, 12.457782]], [[75.53707147635089, 12.207980409487462], [75.537933, 12.211052], [75.482727, 12.286181], [75.53707147635089, 12.207980409487462]], [[75.658226, 12.094301], [75.660588659783, 12.09462947251727], [75.635086, 12.142391], [75.658226, 12.094301]], [[75.7866436891521, 12.07288105582869], [75.751907, 12.07741], [75.717056, 12.06209], [75.7866436891521, 12.07288105582869]], [[75.793259, 12.04751], [75.799683, 12.071181], [75.79515660115733, 12.071771148576502], [75.793259, 12.04751]], [[75.876747, 11.940712], [75.998192, 11.923621], [75.87139983769248, 11.944714690569686], [75.876747, 11.940712]], [[76.116531, 11.84304], [76.184036, 11.863762], [76.11589335894166, 11.852477694165627], [76.116531, 11.84304]], [[76.451363, 11.65512], [76.4178193934285, 11.662822648217643], [76.43346198198292, 11.634873585840056], [76.423462, 11.659321], [76.451363, 11.65512]], [[77.767006, 12.10914], [77.7576432269402, 12.121437597192637], [77.76648396879385, 12.108472324019226], [77.767006, 12.10914]], [[77.719513, 12.17152], [77.604118, 12.195162], [77.72194570519714, 12.16832474701119], [77.719513, 12.17152]], [[77.49469977319653, 12.190626408274403], [77.511307, 12.183971], [77.604118, 12.195162], [77.49469977319653, 12.190626408274403]], [[77.47470121666173, 12.263232342360732], [77.470177, 12.26187], [77.46962163997361, 12.2545281379877], [77.47470121666173, 12.263232342360732]], [[77.606339, 12.36026], [77.60702435526686, 12.364510168915695], [77.60544062949326, 12.359179230490009], [77.606339, 12.36026]], [[78.22671840055158, 12.718060284087763], [78.228867, 12.720202], [78.22390069835772, 12.73409324952115], [78.22671840055158, 12.718060284087763]], [[80.045418, 13.521981], [80.007713, 13.532372], [79.989677, 13.52676], [80.045418, 13.521981]], [[80.23662377829214, 13.470571912024951], [80.230331, 13.47685], [80.1521, 13.47888], [80.23662377829214, 13.470571912024951]], [[80.27597, 13.389142], [80.259888, 13.447362], [80.24383999222442, 13.463372544144754], [80.27597, 13.389142]], [[79.70811948053563, 11.978704126834105], [79.7099, 11.976221], [79.73468, 11.994311], [79.70811948053563, 11.978704126834105]], [[79.731903, 10.98704], [79.73277600691733, 10.984241818814207], [79.783417, 10.967332], [79.731903, 10.98704]], [[74.99394005226752, 12.787418177183572], [74.992287, 12.79046], [74.98936643481208, 12.786169776840056], [74.99394005226752, 12.787418177183572]], [[76.380066, 11.622419], [76.424797, 11.62329], [76.43212980098608, 11.633092689704124], [76.380066, 11.622419]], [[76.34746099174674, 11.583457537201262], [76.350113, 11.582742], [76.35219223684305, 11.585496244323512], [76.34746099174674, 11.583457537201262]], [[77.187798, 10.092502], [77.248093, 10.02023], [77.18963145784032, 10.093776944768607], [77.187798, 10.092502]], [[77.190338, 8.654891], [77.24950192691279, 8.565976115070713], [77.155319, 8.73756], [77.190338, 8.654891]], [[77.247543, 8.50138], [77.26516, 8.53745], [77.26389110385924, 8.539761694237365], [77.247543, 8.50138]], [[77.686966, 17.49157], [77.68692171776152, 17.49161343452906], [77.684013, 17.472851], [77.686966, 17.49157]], [[77.590302, 16.286852], [77.59039933015785, 16.290633172137344], [77.564987, 16.29771], [77.590302, 16.286852]], [[77.39635097357596, 15.93687051615341], [77.509453, 15.92086], [77.426422, 15.942279], [77.39635097357596, 15.93687051615341]], [[77.16548753679214, 15.944183830866805], [77.248917, 15.957741], [77.180626, 15.950063], [77.16548753679214, 15.944183830866805]], [[77.0716102696971, 15.902324270280516], [77.1089748405717, 15.922236576730711], [77.076797, 15.90974], [77.0716102696971, 15.902324270280516]], [[77.076271, 15.721411], [77.04836220998968, 15.73245103250991], [77.047089, 15.725012], [77.076271, 15.721411]], [[77.120926, 15.637201], [77.124977, 15.659051], [77.116203, 15.62511], [77.120926, 15.637201]], [[77.158157, 15.19382], [77.15285639868786, 15.197721535099054], [77.15801414138105, 15.179575725835525], [77.158157, 15.19382]], [[77.157707, 15.148951], [77.15779869730893, 15.158094036787], [77.13208, 15.142681], [77.157707, 15.148951]], [[76.77558054982805, 15.06420695299508], [76.796936, 15.09076], [76.774223, 15.071381], [76.77558054982805, 15.06420695299508]], [[77.049629, 14.239542], [76.94149887525968, 14.240102064249768], [76.943466, 14.23631], [77.049629, 14.239542]], [[77.011421, 13.732721], [76.99386576337662, 13.741886010144345], [76.993927, 13.74151], [77.011421, 13.732721]], [[77.449753, 13.675791], [77.45229641159396, 13.715854853789546], [77.444817, 13.695761], [77.449753, 13.675791]], [[77.476486, 13.6776], [77.4770077252516, 13.679002800363355], [77.449753, 13.675791], [77.476486, 13.6776]], [[77.6272799995647, 13.73045344530654], [77.595596, 13.743579], [77.621246, 13.727402], [77.6272799995647, 13.73045344530654]], [[77.63247585575891, 13.73852583241568], [77.6292013899531, 13.731425108897135], [77.636749, 13.735242], [77.63247585575891, 13.73852583241568]], [[78.106041, 13.853541], [78.0926199959322, 13.854135132087041], [78.10743946414688, 13.844750014872002], [78.106041, 13.853541]], [[78.321587, 12.86285], [78.327492, 12.874041], [78.304092, 12.865761], [78.321587, 12.86285]], [[80.20672760827907, 18.69894736347841], [80.2118447605984, 18.700548052513025], [80.207878, 18.70046], [80.20672760827907, 18.69894736347841]], [[79.909096, 18.80669], [79.931992, 18.78443], [79.894012, 18.830839], [79.909096, 18.80669]], [[79.81145820024713, 19.573061828380233], [79.828217, 19.53701], [79.816597, 19.56901], [79.81145820024713, 19.573061828380233]], [[79.740326, 19.60314], [79.80977792657319, 19.574386686496148], [79.785423, 19.59359], [79.740326, 19.60314]], [[79.62684199214067, 19.566185577429312], [79.712929, 19.58333], [79.639717, 19.575001], [79.62684199214067, 19.566185577429312]], [[79.598053, 19.503771], [79.62002895762554, 19.561520743132057], [79.615807, 19.55863], [79.598053, 19.503771]], [[77.73232209308485, 18.670326483656453], [77.757629, 18.70709], [77.732857, 18.676001], [77.73232209308485, 18.670326483656453]], [[77.748093, 18.60531], [77.73095516444725, 18.655825532790573], [77.729721, 18.642733], [77.748093, 18.60531]], [[77.53367441600525, 18.440935877038182], [77.585213, 18.44545], [77.534508, 18.4424], [77.53367441600525, 18.440935877038182]], [[77.566917, 18.317949], [77.519501, 18.349253], [77.56393669381295, 18.31327469902265], [77.566917, 18.317949]], [[74.434593, 16.11062], [74.481857, 16.086969], [74.48426207790628, 16.089384161050766], [74.434593, 16.11062]], [[74.48872980905459, 16.093870622893235], [74.496407, 16.10158], [74.485809, 16.14699], [74.48872980905459, 16.093870622893235]], [[74.512878, 16.188263], [74.51096777798465, 16.196631200447786], [74.485809, 16.14699], [74.512878, 16.188263]], [[74.50804976886448, 16.209414261803882], [74.503113, 16.231041], [74.49180745559138, 16.234746146587167], [74.50804976886448, 16.209414261803882]], [[74.38432033974436, 16.286701273592524], [74.380066, 16.293501], [74.36958826108344, 16.289140718469405], [74.38432033974436, 16.286701273592524]], [[74.35745363174881, 16.28409092665939], [74.333839, 16.26807], [74.359863, 16.27961], [74.35745363174881, 16.28409092665939]], [[74.33301335239011, 16.2753567827559], [74.348717, 16.29147], [74.331787, 16.28618], [74.33301335239011, 16.2753567827559]], [[74.285759, 16.50337], [74.27725516179467, 16.540640388846427], [74.271553, 16.53866], [74.285759, 16.50337]], [[74.27846267544447, 16.541059764278074], [74.289619, 16.52257], [74.284317, 16.543093], [74.27846267544447, 16.541059764278074]], [[74.4517265006362, 22.00901328886846], [74.446037, 22.02652], [74.43938059683231, 22.02578890728149], [74.4517265006362, 22.00901328886846]], [[74.43725432889934, 21.99963521465504], [74.453918, 22.00227], [74.45272978012481, 22.005926177131514], [74.43725432889934, 21.99963521465504]], [[74.51145322982266, 21.728031064790702], [74.51786, 21.763708], [74.503647, 21.807182], [74.51145322982266, 21.728031064790702]], [[74.511757, 21.724951], [74.54382633769394, 21.720133738178397], [74.51158695610815, 21.726675152807744], [74.511757, 21.724951]], [[74.557297, 21.683533], [74.552376, 21.718399], [74.55178765532648, 21.71851837593915], [74.557297, 21.683533]], [[74.58360551407085, 21.684714778060425], [74.58345, 21.685131], [74.57810612744659, 21.684467745695127], [74.58360551407085, 21.684714778060425]], [[74.590553, 21.66416], [74.59136619216878, 21.663943895576416], [74.5869642580169, 21.67572534763735], [74.590553, 21.66416]], [[74.793083, 21.610338], [74.81813261925888, 21.6106961697941], [74.79115970906713, 21.610849111265434], [74.793083, 21.610338]], [[74.832458, 21.610901], [74.864861, 21.634029], [74.83195545057372, 21.6108938143409], [74.832458, 21.610901]], [[75.122978, 21.453333], [75.219856, 21.41087], [75.12092042078534, 21.456853384262562], [75.122978, 21.453333]], [[75.79659612171291, 21.387173191510087], [75.73835, 21.393433], [75.673416, 21.38035], [75.79659612171291, 21.387173191510087]], [[75.94693448151659, 21.39550073174944], [75.888107, 21.39963], [75.8571858338417, 21.390529375962956], [75.94693448151659, 21.39550073174944]], [[76.052376, 21.352701], [75.968742, 21.39397], [75.96333263330402, 21.394349698834244], [76.052376, 21.352701]], [[76.114319, 21.17046], [76.11610551898285, 21.16675682491814], [76.11988693232232, 21.170487665822723], [76.114319, 21.17046]], [[76.135666, 21.126211], [76.14775322263975, 21.118544196801437], [76.12322107531782, 21.152007386951876], [76.135666, 21.126211]], [[76.168648, 21.085821], [76.17154131648672, 21.08609593626919], [76.16860628753209, 21.090099476225028], [76.168648, 21.085821]], [[76.49014777926597, 21.195611059622408], [76.487373, 21.19606], [76.45269, 21.114868], [76.49014777926597, 21.195611059622408]], [[80.50607454635173, 21.392745716400007], [80.485497, 21.397638], [80.448318, 21.40233], [80.50607454635173, 21.392745716400007]], [[74.201637, 21.925529], [74.25427497140593, 21.931756592649034], [74.20121211656569, 21.925715363422054], [74.201637, 21.925529]], [[74.290649, 21.93606], [74.30204, 21.96744], [74.28977553365812, 21.935956660292476], [74.290649, 21.93606]], [[74.349358, 21.976391], [74.35116456054607, 21.978421740078346], [74.32359152351344, 21.972257818762877], [74.349358, 21.976391]], [[82.217682, 16.75169], [82.174637, 16.725109], [82.21796099414158, 16.748289816195634], [82.217682, 16.75169]], [[82.2666762431244, 16.72171675605036], [82.25469372019528, 16.720833969316313], [82.263702, 16.71937], [82.2666762431244, 16.72171675605036]], [[82.21974782702368, 16.72651315740143], [82.21837514374091, 16.743242453006296], [82.210968, 16.72794], [82.21974782702368, 16.72651315740143]], [[74.646973, 29.904671], [74.639862, 29.922491], [74.63965680961992, 29.905877747436534], [74.646973, 29.904671]], [[76.930267, 30.39259], [76.9211979609748, 30.396964541447275], [76.92630965506486, 30.389989070410824], [76.930267, 30.39259]], [[76.818817, 30.660591], [76.834793, 30.655821], [76.8366044943158, 30.657369436420613], [76.818817, 30.660591]], [[76.794373, 30.669319], [76.81792636302958, 30.684607017912338], [76.836296, 30.71427], [76.794373, 30.669319]], [[76.7360169806425, 30.692115311307997], [76.73848, 30.689152], [76.794373, 30.669319], [76.7360169806425, 30.692115311307997]], [[76.846786, 30.792521], [76.828186, 30.76379], [76.82961487448483, 30.75506523249212], [76.846786, 30.792521]], [[76.827751, 30.832569], [76.81016135295405, 30.839166691993526], [76.846786, 30.792521], [76.827751, 30.832569]], [[76.712601, 30.963421], [76.76566763380454, 30.895834550566782], [76.810188, 30.93038], [76.769859, 30.906391], [76.712601, 30.963421]], [[76.809799, 30.906801], [76.81467896165883, 30.90266746083026], [76.810188, 30.93038], [76.809799, 30.906801]], [[77.15736933132979, 30.602177136866636], [77.158638, 30.603142], [77.153526, 30.688721], [77.15736933132979, 30.602177136866636]], [[77.131058, 30.54151], [77.185349, 30.525881], [77.12729135945843, 30.546473716722282], [77.131058, 30.54151]], [[77.415901, 30.41283], [77.4195441432183, 30.41107851458], [77.453346, 30.440361], [77.415901, 30.41283]], [[77.434952, 30.403671], [77.486832, 30.412613], [77.42416854739608, 30.408855276016975], [77.434952, 30.403671]], [[77.542892, 30.39723], [77.56487876592506, 30.385428326127144], [77.50985, 30.44883], [77.542892, 30.39723]], [[76.879372, 28.50905], [76.876312, 28.5284], [76.85908577141603, 28.541127358776507], [76.879372, 28.50905]], [[76.83607347206708, 28.577515284675727], [76.83560732868301, 28.583717911839777], [76.832916, 28.582508], [76.83607347206708, 28.577515284675727]], [[77.12854, 28.865391], [77.139198, 28.841669], [77.1421722503865, 28.842814062781148], [77.12854, 28.865391]], [[77.574631, 30.426519], [77.573172955392, 30.419981903717137], [77.63324558209007, 30.440668798864934], [77.574631, 30.426519]], [[78.862251, 31.11241], [78.86501772841586, 31.11215426858867], [78.818733, 31.147211], [78.862251, 31.11241]], [[78.942116, 31.105028], [78.98318847936787, 31.114481141916805], [78.89851689793338, 31.109057907612293], [78.942116, 31.105028]], [[78.996696, 31.11759], [78.97187, 31.182371], [78.99582596890524, 31.117389755760126], [78.996696, 31.11759]], [[78.9143515797092, 31.23019749498921], [78.915649, 31.225161], [78.97187, 31.182371], [78.9143515797092, 31.23019749498921]], [[75.545151, 32.360821], [75.54114921920052, 32.353416527609554], [75.60688424615674, 32.37839453988178], [75.545151, 32.360821]], [[75.745926, 32.476349], [75.69359021078495, 32.411341094387666], [75.711533, 32.418159], [75.745926, 32.476349]], [[75.923622, 32.6437], [75.804337, 32.487061], [75.872543, 32.576191], [75.923622, 32.6437]], [[75.851387, 32.521309], [75.854102025708, 32.51779714550411], [75.872543, 32.576191], [75.851387, 32.521309]], [[75.82106, 32.842762], [75.873787, 32.81369], [75.81503264306474, 32.85022000251775], [75.82106, 32.842762]], [[75.789833, 32.881401], [75.79834638629224, 32.87086688743889], [75.79130680743155, 32.885336765331424], [75.789833, 32.881401]], [[75.867119, 32.93021], [75.84970980118378, 32.93008641781593], [75.88482522145782, 32.920063439786844], [75.867119, 32.93021]], [[75.94256309206789, 32.8869767204029], [75.91235314224396, 32.9042885492228], [75.933777, 32.884312], [75.94256309206789, 32.8869767204029]], [[76.082207, 32.9688], [75.9548386613276, 32.8906997589974], [75.987419, 32.900581], [76.082207, 32.9688]], [[76.755341, 33.249489], [76.75988, 33.22467], [76.75996473612572, 33.25074385850886], [76.755341, 33.249489]], [[76.778267, 33.255711], [76.7633928385992, 33.251674228114986], [76.802757, 33.23666], [76.778267, 33.255711]], [[76.71305219188089, 30.719744740210334], [76.690628, 30.76008], [76.690681, 30.74666], [76.71305219188089, 30.719744740210334]], [[76.75285867925842, 30.795366090291196], [76.750923, 30.796848], [76.690628, 30.76008], [76.75285867925842, 30.795366090291196]], [[76.77248401343968, 30.780341404184146], [76.769302, 30.776979], [76.77478845750086, 30.778577176968916], [76.77248401343968, 30.780341404184146]], [[76.797768, 30.785271], [76.793137, 30.76652], [76.80093837686555, 30.765912343323834], [76.797768, 30.785271]], [[75.92843068015259, 32.42165388670731], [75.934631, 32.424759], [75.89755929007167, 32.461585674362375], [75.92843068015259, 32.42165388670731]], [[76.62078868164483, 31.225869302337845], [76.616257, 31.229441], [76.580612, 31.216352], [76.62078868164483, 31.225869302337845]], [[76.63394058150595, 31.215186025366133], [76.634148, 31.21534], [76.63348770266128, 31.215860421037018], [76.63394058150595, 31.215186025366133]], [[89.86091052878777, 26.628634101719552], [89.876373, 26.6495], [89.857292, 26.63209], [89.86091052878777, 26.628634101719552]], [[89.877548, 26.584242], [89.877228, 26.61305], [89.8692535672589, 26.580848119438855], [89.877548, 26.584242]], [[89.8550484000137, 26.51057320562894], [89.85733997379901, 26.532739354075368], [89.8535, 26.517233], [89.8550484000137, 26.51057320562894]], [[89.71744770518347, 26.29947828593434], [89.71756647758899, 26.301426553914318], [89.715683, 26.301981], [89.71744770518347, 26.29947828593434]], [[89.734177, 26.17499], [89.72972329865979, 26.17469047783589], [89.73332725448749, 26.17351068206257], [89.734177, 26.17499]], [[86.832008, 22.09511], [86.96489718177588, 22.078028493376816], [86.957237, 22.083368], [86.832008, 22.09511]], [[86.97624089062684, 22.07012139530612], [87.0200320358634, 22.033745444756356], [87.017616, 22.041281], [86.97624089062684, 22.07012139530612]], [[87.26852876155725, 21.81100728732988], [87.271561, 21.8034], [87.29656368848386, 21.797913195410956], [87.26852876155725, 21.81100728732988]], [[87.370117, 21.760073], [87.42720009383781, 21.763609807146633], [87.383301, 21.770861], [87.370117, 21.760073]], [[87.43959512709331, 21.761562412344098], [87.442932, 21.72905], [87.443672, 21.760889], [87.43959512709331, 21.761562412344098]], [[87.46549600844712, 21.725284615844437], [87.465179, 21.72636], [87.442932, 21.72905], [87.46549600844712, 21.725284615844437]], [[87.46592980328926, 21.723813058527096], [87.458649, 21.644939], [87.470833, 21.70718], [87.46592980328926, 21.723813058527096]], [[88.23135889949678, 26.39159299171572], [88.229248, 26.389851], [88.23761, 26.375378], [88.23135889949678, 26.39159299171572]], [[88.27118652714137, 26.377134884466166], [88.267593, 26.381161], [88.23761, 26.375378], [88.27118652714137, 26.377134884466166]], [[88.2730375489677, 26.336351776466483], [88.261131, 26.337851], [88.214256, 26.281681], [88.2730375489677, 26.336351776466483]], [[87.96594355213105, 26.08477916767062], [87.937881, 26.084461], [87.968132, 26.081362], [87.96594355213105, 26.08477916767062]], [[88.06914222405373, 25.50718105017608], [88.070412, 25.480501], [88.072853, 25.503901], [88.06914222405373, 25.50718105017608]], [[87.986633, 25.50263], [87.99237913045131, 25.49982692994623], [87.98604288028545, 25.524647912038095], [87.986633, 25.50263]], [[87.92538066076624, 25.53542603242202], [87.9853608364981, 25.524948291479838], [87.955612, 25.53805], [87.92538066076624, 25.53542603242202]], [[87.7832134620332, 25.443928374442105], [87.781326, 25.444651], [87.77119710431212, 25.4265981941056], [87.7832134620332, 25.443928374442105]], [[87.76029251009598, 25.40716285497217], [87.759102, 25.405041], [87.765701, 25.377991], [87.76029251009598, 25.40716285497217]], [[87.783981, 25.33243], [87.85237257522272, 25.291123529817625], [87.85041, 25.297438], [87.783981, 25.33243]], [[87.85428402710964, 25.284973545956955], [87.85225999912845, 25.27228752891233], [87.856522, 25.277773], [87.85428402710964, 25.284973545956955]], [[87.787582, 25.22049], [87.78331, 25.246178], [87.77919690060874, 25.152244342252537], [87.787582, 25.22049]], [[87.77674803354685, 25.09631789395189], [87.776527, 25.09127], [87.876976, 25.02804], [87.77674803354685, 25.09631789395189]], [[87.692558, 24.18618], [87.68995101897465, 24.154494281791965], [87.692482, 24.15447], [87.692558, 24.18618]], [[87.66530576133317, 24.15473072410939], [87.616058, 24.16466], [87.569382, 24.155651], [87.66530576133317, 24.15473072410939]], [[87.482758, 24.013653], [87.448517, 24.01634], [87.43383, 24.008322], [87.482758, 24.013653]], [[86.05078838650297, 23.581500696518745], [86.046867, 23.58387], [86.04513760253472, 23.582326172335325], [86.05078838650297, 23.581500696518745]], [[85.88185116268518, 23.473837778955815], [85.874123, 23.476231], [85.87136361585381, 23.47144655341455], [85.88185116268518, 23.473837778955815]], [[85.86556596281257, 23.46139410698915], [85.859543, 23.450951], [85.862877, 23.409971], [85.86556596281257, 23.46139410698915]], [[85.826363, 23.263121], [85.831558, 23.19512], [85.83220173105636, 23.195101230812707], [85.826363, 23.263121]], [[86.21125177180991, 22.995079070478006], [86.212479, 22.99185], [86.298256, 23.013283], [86.21125177180991, 22.995079070478006]], [[86.759941, 22.57243], [86.764519, 22.550631], [86.77281602460445, 22.547919637249542], [86.759941, 22.57243]], [[86.79141205115401, 22.5125181238195], [86.79608964664439, 22.49229932721351], [86.798607, 22.498821], [86.79141205115401, 22.5125181238195]], [[86.74862015096446, 22.47559327393013], [86.79266099033481, 22.483416754372268], [86.748268, 22.478661], [86.74862015096446, 22.47559327393013]], [[86.75028722086918, 22.46107076988145], [86.75148, 22.45068], [86.7605187079525, 22.430444304036087], [86.75028722086918, 22.46107076988145]], [[86.76295830001615, 22.424982589426477], [86.763893, 22.42289], [86.843933, 22.396061], [86.76295830001615, 22.424982589426477]], [[86.88514238659022, 22.294702018998123], [86.885681, 22.252121], [86.88623, 22.294121], [86.88514238659022, 22.294702018998123]], [[86.78143350491827, 22.213745732055603], [86.792206, 22.223843], [86.776016, 22.213779], [86.78143350491827, 22.213745732055603]], [[86.77893946302258, 22.230101091896085], [86.775887, 22.231541], [86.7756254274632, 22.224878385068056], [86.77893946302258, 22.230101091896085]], [[86.76801187799448, 22.212879920934697], [86.76310067708404, 22.211689375622818], [86.767036, 22.211342], [86.76801187799448, 22.212879920934697]], [[86.7227122965134, 22.214527473108298], [86.72083269891883, 22.21501788323625], [86.715446, 22.143492], [86.7227122965134, 22.214527473108298]], [[81.87161193146248, 20.040528653513963], [81.87726380819346, 20.045530686049474], [81.873756, 20.046181], [81.87161193146248, 20.040528653513963]], [[82.388817, 19.88176], [82.44119029378098, 19.902507735126157], [82.439491, 19.90292], [82.388817, 19.88176]], [[82.50734431140408, 19.88645813967952], [82.5903736994976, 19.865334845304112], [82.590767, 19.866219], [82.50734431140408, 19.88645813967952]], [[82.70074756183392, 19.83084347726191], [82.702713, 19.831039], [82.70603997637429, 19.83998358036784], [82.70074756183392, 19.83084347726191]], [[82.71089487386612, 19.853035978674356], [82.717506, 19.87081], [82.71021383734873, 19.880467014220937], [82.71089487386612, 19.853035978674356]], [[83.19075048665479, 21.13838892003142], [83.192749, 21.139441], [83.218353, 21.26012], [83.19075048665479, 21.13838892003142]], [[83.274803, 21.290571], [83.254097, 21.31238], [83.27361471074919, 21.28690357851626], [83.274803, 21.290571]], [[83.557266, 22.099979], [83.620721383624, 22.197327333179622], [83.61927, 22.19636], [83.557266, 22.099979]], [[83.976097, 22.502211], [83.99040670305143, 22.523129778916687], [83.980103, 22.522013], [83.976097, 22.502211]], [[85.023743, 22.111992], [84.980499, 22.091261], [84.98276450669954, 22.08651187271978], [85.023743, 22.111992]], [[84.98406426936371, 22.083787211465165], [84.987427, 22.076738], [84.99523629192254, 22.0814345272177], [84.98406426936371, 22.083787211465165]], [[85.35843716017015, 22.12171338751482], [85.361382, 22.121441], [85.363197, 22.15457], [85.35843716017015, 22.12171338751482]], [[85.40017146220094, 22.155755657752838], [85.39444, 22.1586], [85.363197, 22.15457], [85.40017146220094, 22.155755657752838]], [[86.02008812072152, 22.37961087971556], [86.0215, 22.381762], [86.008743, 22.42432], [86.02008812072152, 22.37961087971556]], [[85.96378040078554, 22.484568994257472], [85.97572926036254, 22.50233217155115], [85.969246, 22.499781], [85.96378040078554, 22.484568994257472]], [[86.11086740428273, 22.484090454732396], [86.111923, 22.482931], [86.279823, 22.44552], [86.11086740428273, 22.484090454732396]], [[84.37496813163202, 22.88417904891], [84.389053, 22.93874], [84.370857, 22.901609], [84.37496813163202, 22.88417904891]], [[84.369888, 22.8645], [84.37242917593288, 22.874343824745996], [84.32946, 22.85955], [84.369888, 22.8645]], [[82.98751162888155, 23.876628474564967], [82.94532626881409, 23.875971348825693], [82.949501, 23.87299], [82.98751162888155, 23.876628474564967]], [[83.189568, 23.921101], [83.11132586324591, 23.88848028959068], [83.127411, 23.89002], [83.189568, 23.921101]], [[83.349007, 24.126438], [83.32485841128407, 24.10488989849521], [83.32676448841809, 24.10448921125615], [83.349007, 24.126438]], [[83.381409, 24.45565], [83.3948477200176, 24.501641369459236], [83.393013, 24.50119], [83.381409, 24.45565]], [[83.4480637605507, 24.514733337284095], [83.50425081780685, 24.52644464041575], [83.498169, 24.52706], [83.4480637605507, 24.514733337284095]], [[83.54049858214175, 24.62530674113748], [83.541412, 24.626181], [83.49752, 24.651661], [83.54049858214175, 24.62530674113748]], [[83.3266242935297, 25.053915774510788], [83.321922, 25.05583], [83.31994649617886, 25.024990111899317], [83.3266242935297, 25.053915774510788]], [[83.357361, 25.124191], [83.348137, 25.1786], [83.33676059409032, 25.181086446647292], [83.357361, 25.124191]], [[83.33625133546985, 25.18249294789766], [83.33784991047102, 25.184461244546693], [83.335861, 25.183571], [83.33625133546985, 25.18249294789766]], [[83.480263, 25.28241], [83.511177, 25.287821], [83.5244986224912, 25.301867330056197], [83.480263, 25.28241]], [[83.53659322337414, 25.31461988748771], [83.53719732719307, 25.315256855066888], [83.534653, 25.315201], [83.53659322337414, 25.31461988748771]], [[83.54523096556977, 25.315433215799935], [83.564171, 25.308149], [83.564262, 25.315851], [83.54523096556977, 25.315433215799935]], [[83.622383, 25.329521], [83.62564214932713, 25.33402336984674], [83.564171, 25.308149], [83.622383, 25.329521]], [[84.167267, 26.025471], [84.116051, 26.074881], [84.091042, 26.09654], [84.167267, 26.025471]], [[84.01246324279023, 26.237575612836153], [84.01604666421277, 26.239383824887398], [84.01152, 26.240683], [84.01246324279023, 26.237575612836153]], [[84.14534, 26.26166], [84.157303, 26.244131], [84.15829377922975, 26.247086998366523], [84.14534, 26.26166]], [[83.897957, 27.25943], [83.91276040987262, 27.292337307002153], [83.896156, 27.277071], [83.897957, 27.25943]], [[83.9219837471269, 27.312840366312333], [83.923599, 27.316431], [83.91853339274185, 27.320976890802505], [83.9219837471269, 27.312840366312333]], [[83.91428879736426, 27.324786003136722], [83.908043, 27.330391], [83.854637, 27.31123], [83.91428879736426, 27.324786003136722]], [[83.83103106959503, 27.321828768596934], [83.830589, 27.32136], [83.854637, 27.31123], [83.83103106959503, 27.321828768596934]], [[87.60198536988555, 25.31455040487875], [87.59871214496725, 25.316670574944226], [87.599892, 25.314663], [87.60198536988555, 25.31455040487875]], [[84.29441499357208, 24.563261729246793], [84.292976, 24.56599], [84.269226, 24.564253], [84.29441499357208, 24.563261729246793]], [[87.07812870668148, 24.817430602109344], [87.077301, 24.80835], [87.096672, 24.801493], [87.07812870668148, 24.817430602109344]], [[87.114471, 24.85553], [87.078568, 24.82225], [87.07828364592172, 24.819130409085847], [87.114471, 24.85553]], [[87.15337436319714, 25.0309898687998], [87.146767, 25.024311], [87.14696503560289, 25.021891745298312], [87.15337436319714, 25.0309898687998]], [[87.21944507280695, 25.08824289019015], [87.211357, 25.0896], [87.198018149415, 25.076116794924236], [87.21944507280695, 25.08824289019015]], [[87.467636, 25.193142], [87.46797545915454, 25.19637998591358], [87.391777, 25.227518], [87.467636, 25.193142]], [[87.490067, 25.305201], [87.481506, 25.295172], [87.49572, 25.26248], [87.490067, 25.305201]], [[88.55899, 27.188751], [88.520752, 27.178181], [88.56620441666358, 27.188643076393678], [88.55899, 27.188751]], [[88.619019, 27.187853], [88.60442514683074, 27.188071315816455], [88.656456, 27.162401], [88.619019, 27.187853]], [[88.72958631753109, 27.14032203617153], [88.691498, 27.178699], [88.724541, 27.138521], [88.72958631753109, 27.14032203617153]], [[88.09138282187496, 27.13902760585142], [88.08300962968032, 27.156955787156164], [88.085846, 27.14151], [88.09138282187496, 27.13902760585142]], [[92.32965675428775, 23.915489846849542], [92.32398730633491, 23.881741109986766], [92.331146, 23.911802], [92.32965675428775, 23.915489846849542]], [[92.32115677888325, 23.86985511815854], [92.291969, 23.871449], [92.320198, 23.865829], [92.32115677888325, 23.86985511815854]], [[92.231087, 24.460381], [92.26613083394736, 24.400364262480167], [92.2565, 24.4363], [92.231087, 24.460381]], [[92.27076259121979, 24.383081687107378], [92.212852, 24.24931], [92.27224, 24.377569], [92.27076259121979, 24.383081687107378]], [[92.29695086900402, 24.25083562581951], [92.29763, 24.227228], [92.31243590811242, 24.210442883984168], [92.29695086900402, 24.25083562581951]], [[90.01532829796734, 25.603776360567903], [90.01844, 25.608391], [89.946953, 25.658831], [90.01532829796734, 25.603776360567903]], [[89.89989859944828, 25.736701709755245], [89.892616, 25.735001], [89.946953, 25.658831], [89.89989859944828, 25.736701709755245]], [[91.875786, 26.097731], [91.869347, 26.05686], [91.87047102901742, 26.054685689925897], [91.875786, 26.097731]], [[92.241173, 26.06254], [92.29294948104088, 26.074496528174944], [92.297318, 26.079149], [92.241173, 26.06254]], [[92.25613515411857, 26.035289277304123], [92.20550897971, 25.989393133523272], [92.221687, 25.998602], [92.25613515411857, 26.035289277304123]], [[92.764648, 25.24935], [92.80195140421668, 25.218571192949234], [92.80442, 25.21933], [92.764648, 25.24935]], [[92.666908, 25.177061], [92.62271963349524, 25.1191128847736], [92.624702, 25.11869], [92.666908, 25.177061]], [[93.14512957466911, 24.085545636815993], [93.142197, 24.086788], [93.100922, 24.04509], [93.14512957466911, 24.085545636815993]], [[93.655113, 26.966478], [93.6570718216913, 26.967805243598768], [93.489357, 26.93853], [93.655113, 26.966478]], [[93.768478, 27.043291], [93.718933, 27.01922], [93.69725629952785, 26.99503313841691], [93.768478, 27.043291]], [[94.259056, 27.5226], [94.25901381148154, 27.523174859828277], [94.157211, 27.478048], [94.259056, 27.5226]], [[95.758713, 27.726681], [95.76183559098348, 27.723487121516452], [95.75999707722539, 27.727360111592468], [95.758713, 27.726681]], [[95.777847, 27.66626], [95.801453, 27.64901], [95.7809234094754, 27.6698612029088], [95.777847, 27.66626]], [[95.785042, 27.627399], [95.78737904758685, 27.623876960398377], [95.801453, 27.64901], [95.785042, 27.627399]], [[95.798027, 27.60783], [95.824196, 27.60301], [95.78801874637466, 27.622912904520163], [95.798027, 27.60783]], [[96.0170861225581, 27.370016721670023], [96.020912, 27.37126], [95.977783, 27.435499], [96.0170861225581, 27.370016721670023]], [[95.534813, 27.27062], [95.51907527160009, 27.267758714430343], [95.55201926380899, 27.257826508615366], [95.534813, 27.27062]], [[95.510887, 27.26627], [95.459709, 27.21343], [95.51442458664347, 27.266913170688753], [95.510887, 27.26627]], [[95.198456, 27.04443], [95.1963039556844, 27.04254301179291], [95.213806, 27.03348], [95.198456, 27.04443]], [[94.928162, 26.952101], [94.92393092866064, 26.950246044676668], [94.985672, 26.918249], [94.928162, 26.952101]], [[94.89447, 26.93733], [94.88163857447098, 26.922840509578126], [94.92303461520301, 26.94985308949197], [94.89447, 26.93733]], [[94.821083, 26.85446], [94.81815607021653, 26.84695480929325], [94.83995059742028, 26.875765650840318], [94.821083, 26.85446]], [[94.467941, 26.669821], [94.46766679524974, 26.668088705566564], [94.498268, 26.673712], [94.467941, 26.669821]], [[93.388718, 25.24592], [93.353073, 25.181801], [93.39651196180428, 25.2517090066107], [93.388718, 25.24592]], [[93.039169, 24.411131], [92.99294024999563, 24.404164650602947], [93.024353, 24.390471], [93.000496, 24.403271], [93.039169, 24.411131]], [[93.006706, 24.25396], [93.01537720254714, 24.24465814868094], [93.01128532520606, 24.265128872642396], [93.006706, 24.25396]], [[93.01492313426847, 24.20526118676805], [93.022293, 24.21006], [93.02059294141854, 24.21856500321457], [93.01492313426847, 24.20526118676805]], [[92.976379, 24.11482], [93.005447, 24.16061], [93.0041773875723, 24.180047023773966], [92.976379, 24.11482]], [[92.832703, 24.376369], [92.8629, 24.3995], [92.83250083832408, 24.380020620930633], [92.832703, 24.376369]], [[92.436569, 24.15243], [92.43710618952942, 24.152106999357905], [92.418976, 24.194361], [92.436569, 24.15243]], [[92.465973, 24.13475], [92.46636774922584, 24.13529480950219], [92.4495257774294, 24.144639365224062], [92.465973, 24.13475]], [[93.60450048035796, 25.205248897512284], [93.608017, 25.202051], [93.610060162144, 25.205896569436298], [93.60450048035796, 25.205248897512284]], [[94.286743, 25.5117], [94.308983, 25.493801], [94.31230931700875, 25.495261034680208], [94.286743, 25.5117]], [[94.573013, 25.697651], [94.59428745398782, 25.688104428769567], [94.595619, 25.69128], [94.573013, 25.697651]], [[94.57933883250855, 25.652453830239928], [94.577232, 25.648331], [94.57757429785832, 25.648245635089985], [94.57933883250855, 25.652453830239928]], [[95.215042, 26.970371], [95.20707179239025, 26.97825083789032], [95.22441218439647, 26.93076162586097], [95.215042, 26.970371]]], [[[71.387642, 20.863468], [71.386803, 20.863468], [71.385971, 20.865419], [71.387642, 20.863468]]], [[[71.50708, 20.902916], [71.520142, 20.906252], [71.530418, 20.903473], [71.50708, 20.902916]]], [[[71.648476, 20.974585], [71.644302, 20.974581], [71.645142, 20.977083], [71.648476, 20.974585]]], [[[71.687363, 20.991528], [71.673752, 20.985142], [71.674026, 20.99292], [71.687363, 20.991528]]], [[[71.698196, 20.99931], [71.703751, 20.995138], [71.695419, 20.996811], [71.698196, 20.99931]]], [[[71.714027, 20.99765], [71.705971, 20.99736], [71.706528, 20.998753], [71.714027, 20.99765]]], [[[72.103203, 21.27042], [72.09903, 21.265409], [72.102081, 21.270691], [72.103203, 21.27042]]], [[[72.587082, 21.339861], [72.587357, 21.33625], [72.585983, 21.33625], [72.587082, 21.339861]]], [[[72.582916, 21.36236], [72.578751, 21.36014], [72.579582, 21.364311], [72.582916, 21.36236]]], [[[72.599861, 21.377914], [72.587639, 21.367361], [72.59375, 21.380701], [72.599861, 21.377914]]], [[[69.718483, 21.557638], [69.722084, 21.554583], [69.719582, 21.554028], [69.718483, 21.557638]]], [[[72.358749, 21.579861], [72.345413, 21.60235], [72.353195, 21.61347], [72.365143, 21.597639], [72.358749, 21.579861]]], [[[69.734863, 21.609583], [69.740143, 21.59264], [69.724586, 21.60903], [69.734863, 21.609583]]], [[[72.606247, 21.628471], [72.607361, 21.61903], [72.605148, 21.619581], [72.606247, 21.628471]]], [[[72.599022, 21.617361], [72.595963, 21.63014], [72.611526, 21.635695], [72.601517, 21.62681], [72.599022, 21.617361]]], [[[72.584023, 21.625971], [72.581253, 21.626249], [72.583473, 21.62903], [72.584023, 21.625971]]], [[[72.602638, 21.63986], [72.599586, 21.637083], [72.595695, 21.640694], [72.602638, 21.63986]]], [[[72.287636, 21.707361], [72.267639, 21.73653], [72.274307, 21.749582], [72.282639, 21.734583], [72.287636, 21.707361]]], [[[72.357361, 21.92931], [72.347641, 21.929029], [72.354858, 21.943199], [72.357361, 21.92931]]], [[[72.215973, 22.002083], [72.210419, 22.003193], [72.212357, 22.005421], [72.215973, 22.002083]]], [[[72.467918, 22.20542], [72.472359, 22.20319], [72.467918, 22.20236], [72.467918, 22.20542]]], [[[72.390137, 22.213482], [72.392082, 22.210411], [72.387642, 22.210136], [72.390137, 22.213482]]], [[[72.376526, 22.203751], [72.363472, 22.214027], [72.370697, 22.23514], [72.368187, 22.22403], [72.376526, 22.203751]]], [[[69.309288, 22.304581], [69.31208, 22.304029], [69.311806, 22.303194], [69.309288, 22.304581]]], [[[69.458191, 22.352079], [69.437363, 22.354305], [69.439583, 22.35681], [69.458191, 22.352079]]], [[[69.185692, 22.367083], [69.185417, 22.36404], [69.18264, 22.36681], [69.185692, 22.367083]]], [[[69.192642, 22.37097], [69.19458, 22.36764], [69.189857, 22.369305], [69.192642, 22.37097]]], [[[69.340416, 22.380972], [69.332077, 22.372641], [69.322906, 22.38236], [69.340416, 22.380972]]], [[[69.215141, 22.384027], [69.214302, 22.38236], [69.212364, 22.384027], [69.215141, 22.384027]]], [[[69.200691, 22.384859], [69.199585, 22.387083], [69.202362, 22.387642], [69.200691, 22.384859]]], [[[69.489029, 22.39292], [69.484581, 22.387642], [69.480141, 22.390139], [69.489029, 22.39292]]], [[[69.278198, 22.417921], [69.280693, 22.415695], [69.277641, 22.415974], [69.278198, 22.417921]]], [[[69.277916, 22.418194], [69.275139, 22.419031], [69.275696, 22.419861], [69.277916, 22.418194]]], [[[69.636528, 22.40653], [69.588196, 22.43708], [69.62764, 22.459583], [69.657082, 22.428194], [69.636528, 22.40653]]], [[[69.11097, 22.464031], [69.084862, 22.420959], [69.093483, 22.461531], [69.136803, 22.477638], [69.146805, 22.463194], [69.11097, 22.464031]]], [[[69.141808, 22.454306], [69.142639, 22.452917], [69.140694, 22.454584], [69.141808, 22.454306]]], [[[69.324585, 22.469584], [69.301247, 22.452917], [69.302086, 22.47403], [69.324585, 22.469584]]], [[[69.085136, 22.48819], [69.086807, 22.486803], [69.08403, 22.485138], [69.085136, 22.48819]]], [[[69.363747, 22.512362], [69.335136, 22.507359], [69.315697, 22.519859], [69.35125, 22.526541], [69.363747, 22.512362]]], [[[69.406517, 22.527081], [69.403198, 22.524305], [69.401802, 22.528194], [69.406517, 22.527081]]], [[[69.947083, 22.53153], [69.947639, 22.530416], [69.943474, 22.530416], [69.947083, 22.53153]]], [[[69.895142, 22.522921], [69.918747, 22.553196], [69.941528, 22.517916], [69.89653, 22.511806], [69.862358, 22.527081], [69.895142, 22.522921]]], [[[69.956802, 22.534031], [69.95237, 22.53264], [69.955139, 22.535973], [69.956802, 22.534031]]], [[[69.96347, 22.541811], [69.954033, 22.535973], [69.958191, 22.542641], [69.96347, 22.541811]]], [[[69.941803, 22.550421], [69.953194, 22.536806], [69.938751, 22.538481], [69.941803, 22.550421]]], [[[70.019859, 22.547916], [70.011528, 22.549583], [70.015976, 22.551531], [70.019859, 22.547916]]], [[[70.00486, 22.54903], [69.995972, 22.548752], [70.000687, 22.552361], [70.00486, 22.54903]]], [[[70.016823, 22.55792], [70.024582, 22.55514], [70.012642, 22.554028], [70.016823, 22.55792]]], [[[70.04097, 22.56653], [70.040413, 22.564306], [70.038475, 22.564585], [70.04097, 22.56653]]], [[[70.045967, 22.56986], [70.042076, 22.56736], [70.042076, 22.570141], [70.045967, 22.56986]]], [[[69.965141, 22.577921], [70.009033, 22.593201], [70.027084, 22.567917], [69.957916, 22.54958], [69.965141, 22.577921]]], [[[70.183197, 22.58264], [70.183197, 22.580971], [70.180138, 22.58153], [70.183197, 22.58264]]], [[[70.191803, 22.598194], [70.189308, 22.597639], [70.188751, 22.599583], [70.191803, 22.598194]]], [[[69.953194, 22.595415], [69.958191, 22.60375], [69.963753, 22.599028], [69.953194, 22.595415]]], [[[70.22097, 22.643473], [70.220413, 22.640141], [70.216805, 22.642084], [70.22097, 22.643473]]], [[[70.238472, 22.683203], [70.238472, 22.682362], [70.235138, 22.682362], [70.238472, 22.683203]]], [[[70.239029, 22.682079], [70.243752, 22.684311], [70.243469, 22.682362], [70.239029, 22.682079]]], [[[70.24736, 22.68819], [70.242638, 22.68681], [70.241806, 22.689583], [70.24736, 22.68819]]], [[[70.246529, 22.714582], [70.245415, 22.711805], [70.243469, 22.71236], [70.246529, 22.714582]]], [[[69.654861, 22.75597], [69.666527, 22.75069], [69.630974, 22.761251], [69.654861, 22.75597]]], [[[69.637352, 22.778749], [69.637642, 22.77569], [69.635139, 22.777916], [69.637352, 22.778749]]], [[[70.450966, 22.98597], [70.435692, 22.983749], [70.455139, 22.995701], [70.450966, 22.98597]]], [[[70.434303, 23.013748], [70.41375, 22.989849], [70.448471, 23.052084], [70.434303, 23.013748]]], [[[70.414581, 23.022638], [70.429016, 23.04653], [70.441528, 23.049583], [70.429863, 23.034861], [70.414581, 23.022638]]], [[[70.451805, 23.026527], [70.458191, 23.049862], [70.482361, 23.065418], [70.451805, 23.026527]]], [[[70.45903, 23.05764], [70.457359, 23.055141], [70.449593, 23.052641], [70.45903, 23.05764]]], [[[70.451813, 23.05097], [70.45153, 23.052361], [70.453476, 23.053194], [70.451813, 23.05097]]], [[[70.468193, 23.05875], [70.460419, 23.05571], [70.46125, 23.05792], [70.468193, 23.05875]]], [[[70.449028, 23.05792], [70.445969, 23.058195], [70.44709, 23.05932], [70.449028, 23.05792]]], [[[68.657082, 23.268749], [68.660423, 23.268749], [68.660141, 23.267916], [68.657082, 23.268749]]], [[[68.708748, 23.309584], [68.708473, 23.306528], [68.69986, 23.309313], [68.708748, 23.309584]]], [[[68.643471, 23.318211], [68.643196, 23.31542], [68.63958, 23.31625], [68.643471, 23.318211]]], [[[68.702637, 23.850414], [68.710693, 23.849861], [68.710419, 23.848751], [68.702637, 23.850414]]], [[[68.700417, 23.851526], [68.694862, 23.84931], [68.695137, 23.85153], [68.700417, 23.851526]]], [[[73.012917, 8.27875], [73.01236, 8.276806], [73.010406, 8.277362], [73.012917, 8.27875]]], [[[73.049309, 8.266805], [73.018753, 8.271529], [73.055687, 8.28264], [73.080971, 8.327642], [73.049309, 8.266805]]], [[[73.633751, 10.068751], [73.630142, 10.067639], [73.62986, 10.068751], [73.633751, 10.068751]]], [[[73.627914, 10.071805], [73.62542, 10.072917], [73.628197, 10.075142], [73.627914, 10.071805]]], [[[73.652077, 10.095971], [73.647919, 10.06125], [73.641808, 10.057084], [73.652077, 10.095971]]], [[[73.665138, 10.141811], [73.662086, 10.129861], [73.658478, 10.152922], [73.665138, 10.141811]]], [[[72.649017, 10.56181], [72.623192, 10.54708], [72.642082, 10.577361], [72.649017, 10.56181]]], [[[73.662086, 10.808472], [73.677086, 10.817641], [73.702637, 10.814862], [73.662086, 10.808472]]], [[[72.732918, 11.127915], [72.720139, 11.110694], [72.715973, 11.125139], [72.732918, 11.127915]]], [[[72.761253, 11.180139], [72.777916, 11.240972], [72.790138, 11.259861], [72.778198, 11.217362], [72.761253, 11.180139]]], [[[73.009033, 11.48736], [73.007637, 11.467641], [73.001808, 11.491531], [72.996803, 11.495421], [73.009033, 11.48736]]], [[[73.002357, 11.485694], [73.001808, 11.484582], [73.000694, 11.485416], [73.002357, 11.485694]]], [[[72.716805, 11.702084], [72.71653, 11.692083], [72.704865, 11.680695], [72.716805, 11.702084]]], [[[75.364853, 11.93875], [75.36792, 11.939582], [75.364304, 11.935972], [75.364853, 11.93875]]], [[[75.365967, 11.940692], [75.363747, 11.93792], [75.366806, 11.943472], [75.365967, 11.940692]]], [[[75.302361, 11.961249], [75.302361, 11.959581], [75.300423, 11.96153], [75.302361, 11.961249]]], [[[75.288483, 11.982641], [75.296249, 11.969311], [75.285416, 11.987083], [75.288483, 11.982641]]], [[[75.295135, 12.012917], [75.287918, 12.014312], [75.292358, 12.013752], [75.295135, 12.012917]]], [[[75.299858, 12.02236], [75.295967, 12.02153], [75.295418, 12.023472], [75.299858, 12.02236]]], [[[75.181808, 12.04986], [75.164307, 12.089312], [75.157639, 12.109311], [75.164856, 12.10153], [75.181808, 12.04986]]], [[[75.170692, 12.110141], [75.168747, 12.095969], [75.160431, 12.111811], [75.170692, 12.110141]]], [[[75.192093, 12.115419], [75.19458, 12.114031], [75.191803, 12.113751], [75.192093, 12.115419]]], [[[75.162086, 12.134042], [75.15847, 12.120971], [75.149582, 12.139583], [75.162086, 12.134042]]], [[[75.157372, 12.110161], [75.123466, 12.191811], [75.126526, 12.205142], [75.127357, 12.194861], [75.157372, 12.110161]]], [[[75.134308, 12.18236], [75.151802, 12.159582], [75.150139, 12.146805], [75.134308, 12.18236]]], [[[75.134308, 12.189311], [75.134026, 12.18736], [75.13208, 12.18875], [75.134308, 12.189311]]], [[[75.131531, 12.19569], [75.129303, 12.19458], [75.129303, 12.196531], [75.131531, 12.19569]]], [[[74.670143, 13.198471], [74.676247, 13.194861], [74.675972, 13.191527], [74.670143, 13.198471]]], [[[74.728195, 13.279027], [74.727356, 13.278471], [74.725136, 13.280142], [74.728195, 13.279027]]], [[[74.701248, 13.279305], [74.699303, 13.278749], [74.698753, 13.28153], [74.701248, 13.279305]]], [[[74.724586, 13.28514], [74.72847, 13.287084], [74.728203, 13.28597], [74.724586, 13.28514]]], [[[74.692085, 13.332083], [74.69236, 13.330691], [74.689857, 13.330693], [74.692085, 13.332083]]], [[[74.689857, 13.335418], [74.687637, 13.33514], [74.685692, 13.337084], [74.689857, 13.335418]]], [[[74.681526, 13.342916], [74.687363, 13.342082], [74.68708, 13.34125], [74.681526, 13.342916]]], [[[74.674858, 13.380695], [74.67514, 13.37569], [74.670143, 13.37985], [74.674858, 13.380695]]], [[[74.482918, 14.00653], [74.480423, 14.004861], [74.47847, 14.00931], [74.482918, 14.00653]]], [[[74.323456, 14.015421], [74.330414, 14.018194], [74.327637, 14.01125], [74.323456, 14.015421]]], [[[74.404587, 14.312638], [74.399017, 14.31264], [74.40181, 14.315421], [74.404587, 14.312638]]], [[[74.372917, 14.552362], [74.378197, 14.545418], [74.366806, 14.541249], [74.372917, 14.552362]]], [[[74.255142, 14.703752], [74.251526, 14.704321], [74.25264, 14.705974], [74.255142, 14.703752]]], [[[74.240143, 14.70903], [74.237923, 14.70903], [74.238197, 14.710694], [74.240143, 14.70903]]], [[[74.158211, 14.739311], [74.157356, 14.73764], [74.153198, 14.74014], [74.158211, 14.739311]]], [[[74.112915, 14.757918], [74.12014, 14.753471], [74.109848, 14.754029], [74.112915, 14.757918]]], [[[74.08625, 14.79486], [74.089027, 14.795421], [74.089027, 14.793752], [74.08625, 14.79486]]], [[[74.056252, 14.815969], [74.054306, 14.81625], [74.054863, 14.817084], [74.056252, 14.815969]]], [[[74.06208, 14.820416], [74.057358, 14.819028], [74.057083, 14.820142], [74.06208, 14.820416]]], [[[74.062637, 14.820689], [74.065697, 14.81986], [74.06292, 14.819306], [74.062637, 14.820689]]], [[[74.094864, 14.836805], [74.092918, 14.835971], [74.093193, 14.838196], [74.094864, 14.836805]]], [[[74.102081, 14.844584], [74.100975, 14.842084], [74.097084, 14.842916], [74.102081, 14.844584]]], [[[74.094582, 14.877921], [74.097359, 14.87708], [74.094307, 14.875972], [74.094582, 14.877921]]], [[[73.782082, 15.348471], [73.760696, 15.352081], [73.762077, 15.35514], [73.782082, 15.348471]]], [[[73.792641, 15.37681], [73.799309, 15.37764], [73.796249, 15.37237], [73.792641, 15.37681]]], [[[73.865417, 15.403749], [73.86264, 15.403196], [73.861526, 15.407084], [73.865417, 15.403749]]], [[[73.456802, 15.888752], [73.456802, 15.887081], [73.454582, 15.888474], [73.456802, 15.888752]]], [[[73.461525, 15.889027], [73.464302, 15.889584], [73.464302, 15.886805], [73.461525, 15.889027]]], [[[73.467636, 15.894584], [73.467361, 15.893472], [73.465141, 15.894862], [73.467636, 15.894584]]], [[[73.462357, 16.04431], [73.46125, 16.038752], [73.457077, 16.04071], [73.462357, 16.04431]]], [[[73.44236, 16.100971], [73.444313, 16.10153], [73.443748, 16.099581], [73.44236, 16.100971]]], [[[73.085976, 17.816528], [73.083458, 17.81403], [73.082359, 17.818201], [73.085976, 17.816528]]], [[[73.03875, 18.05014], [73.03653, 18.05069], [73.036797, 18.051811], [73.03875, 18.05014]]], [[[72.962906, 18.30068], [72.967087, 18.299305], [72.96347, 18.29847], [72.962906, 18.30068]]], [[[73.079308, 18.30625], [73.076248, 18.304861], [73.075691, 18.30792], [73.079308, 18.30625]]], [[[73.082085, 18.319027], [73.080414, 18.319027], [73.081253, 18.321527], [73.082085, 18.319027]]], [[[72.865417, 18.634027], [72.863472, 18.632641], [72.864304, 18.635695], [72.865417, 18.634027]]], [[[72.814857, 18.704584], [72.81514, 18.702921], [72.812637, 18.70236], [72.814857, 18.704584]]], [[[72.842636, 18.706251], [72.841248, 18.705141], [72.841805, 18.708195], [72.842636, 18.706251]]], [[[72.90847, 18.959583], [72.908752, 18.953192], [72.89875, 18.940969], [72.90847, 18.959583]]], [[[72.924309, 18.963472], [72.942093, 18.965691], [72.934029, 18.95208], [72.924309, 18.963472]]], [[[73.028198, 18.998751], [73.028473, 18.992916], [73.025696, 18.99736], [73.028198, 18.998751]]], [[[72.78347, 19.134861], [72.78347, 19.13236], [72.780418, 19.132917], [72.78347, 19.134861]]], [[[72.72625, 19.467081], [72.736526, 19.465696], [72.732918, 19.457361], [72.72625, 19.467081]]], [[[72.847076, 20.753759], [72.855415, 20.759581], [72.857643, 20.75264], [72.847076, 20.753759]]], [[[72.654587, 21.07375], [72.657356, 21.065142], [72.647919, 21.067921], [72.654587, 21.07375]]], [[[72.680687, 21.096531], [72.680687, 21.095421], [72.678749, 21.096806], [72.680687, 21.096531]]], [[[72.67292, 21.104305], [72.676247, 21.09708], [72.672081, 21.115141], [72.67292, 21.104305]]], [[[72.703186, 21.11458], [72.699577, 21.11236], [72.697639, 21.116812], [72.703186, 21.11458]]], [[[72.676529, 21.155701], [72.710419, 21.140694], [72.696808, 21.11875], [72.689026, 21.089861], [72.676529, 21.155701]]], [[[72.621803, 21.403193], [72.61264, 21.395695], [72.628197, 21.41736], [72.621803, 21.403193]]], [[[72.635696, 21.413193], [72.631531, 21.411806], [72.635132, 21.417641], [72.635696, 21.413193]]], [[[72.672638, 21.44014], [72.66375, 21.439583], [72.665413, 21.443201], [72.672638, 21.44014]]], [[[72.610138, 21.63125], [72.610687, 21.62986], [72.609863, 21.629591], [72.610138, 21.63125]]], [[[72.615974, 21.63625], [72.614586, 21.635418], [72.614296, 21.63653], [72.615974, 21.63625]]], [[[72.618469, 21.638458], [72.617081, 21.639029], [72.617081, 21.639584], [72.618469, 21.638458]]], [[[72.745972, 21.658751], [72.716797, 21.64459], [72.710136, 21.659031], [72.745972, 21.658751]]], [[[77.555969, 8.076805], [77.553192, 8.077361], [77.553467, 8.078751], [77.555969, 8.076805]]], [[[78.120697, 8.614311], [78.117363, 8.610141], [78.109863, 8.614583], [78.120697, 8.614311]]], [[[78.119858, 8.615141], [78.119026, 8.615417], [78.120407, 8.617921], [78.119858, 8.615141]]], [[[78.122643, 8.63403], [78.11792, 8.617361], [78.111252, 8.632362], [78.122643, 8.63403]]], [[[78.12764, 8.645141], [78.128197, 8.642917], [78.125969, 8.643195], [78.12764, 8.645141]]], [[[78.12458, 8.649583], [78.124031, 8.638194], [78.117081, 8.65653], [78.12458, 8.649583]]], [[[78.212067, 8.83903], [78.211525, 8.835417], [78.210136, 8.835417], [78.212067, 8.83903]]], [[[78.227081, 8.87125], [78.227356, 8.867361], [78.222916, 8.872362], [78.227081, 8.87125]]], [[[78.251808, 8.953194], [78.255417, 8.95542], [78.254585, 8.952918], [78.251808, 8.953194]]], [[[78.49514, 9.090694], [78.493195, 9.085694], [78.487923, 9.09014], [78.49514, 9.090694]]], [[[78.538193, 9.102917], [78.534859, 9.102361], [78.538193, 9.105973], [78.538193, 9.102917]]], [[[78.57653, 9.11042], [78.58625, 9.108749], [78.571808, 9.102081], [78.57653, 9.11042]]], [[[78.486809, 9.130971], [78.484581, 9.131251], [78.484863, 9.133473], [78.486809, 9.130971]]], [[[78.696526, 9.151251], [78.693192, 9.151239], [78.694305, 9.154861], [78.696526, 9.151251]]], [[[78.728752, 9.152361], [78.732086, 9.155421], [78.731804, 9.151251], [78.728752, 9.152361]]], [[[78.828476, 9.165418], [78.820137, 9.157639], [78.814857, 9.157922], [78.828476, 9.165418]]], [[[78.904861, 9.183473], [78.931541, 9.18154], [78.898476, 9.179307], [78.904861, 9.183473]]], [[[78.965416, 9.188471], [78.97097, 9.185973], [78.968483, 9.184031], [78.965416, 9.188471]]], [[[79.085136, 9.191806], [79.058197, 9.197079], [79.070137, 9.208195], [79.085136, 9.191806]]], [[[79.141251, 9.212917], [79.138466, 9.212361], [79.138748, 9.214029], [79.141251, 9.212917]]], [[[79.120956, 9.215971], [79.134857, 9.21653], [79.135971, 9.214861], [79.120956, 9.215971]]], [[[79.183197, 9.24152], [79.20153, 9.234031], [79.180969, 9.240141], [79.183197, 9.24152]]], [[[79.238197, 9.24431], [79.239304, 9.240973], [79.234581, 9.239581], [79.238197, 9.24431]]], [[[79.220413, 9.292083], [79.267639, 9.293195], [79.312363, 9.328472], [79.335136, 9.311531], [79.325974, 9.261805], [79.439857, 9.158195], [79.298759, 9.24681], [79.214584, 9.254028], [79.220413, 9.292083]]], [[[79.222076, 9.247079], [79.200966, 9.241251], [79.207642, 9.24931], [79.222076, 9.247079]]], [[[79.529137, 9.384028], [79.529305, 9.384197], [79.529305, 9.384028], [79.529137, 9.384028]]], [[[79.530136, 9.385694], [79.529984, 9.385694], [79.53009, 9.385958], [79.530136, 9.385694]]], [[[79.530136, 9.387084], [79.530418, 9.387084], [79.530418, 9.385972], [79.530136, 9.387084]]], [[[79.530136, 9.38875], [79.530136, 9.388317], [79.52993, 9.388636], [79.530136, 9.38875]]], [[[79.529709, 9.388955], [79.529678, 9.389115], [79.529861, 9.389021], [79.529709, 9.388955]]], [[[79.529305, 9.389304], [79.529587, 9.389311], [79.529587, 9.38916], [79.529305, 9.389304]]], [[[79.528946, 9.389603], [79.528648, 9.389853], [79.529305, 9.38986], [79.528946, 9.389603]]], [[[79.528358, 9.390138], [79.528748, 9.390141], [79.528648, 9.389853], [79.528358, 9.390138]]], [[[76.465973, 9.529861], [76.479027, 9.537083], [76.479309, 9.530139], [76.465973, 9.529861]]], [[[76.404861, 9.527638], [76.382362, 9.534031], [76.404297, 9.54153], [76.404861, 9.527638]]], [[[76.434029, 9.528473], [76.405693, 9.542362], [76.434586, 9.551528], [76.434029, 9.528473]]], [[[76.436806, 9.551528], [76.464302, 9.529861], [76.435417, 9.528473], [76.436806, 9.551528]]], [[[76.382919, 9.534861], [76.414307, 9.563195], [76.425697, 9.54986], [76.382919, 9.534861]]], [[[76.387917, 9.619032], [76.384583, 9.613473], [76.381813, 9.617931], [76.387917, 9.619032]]], [[[76.381531, 9.71486], [76.380966, 9.716811], [76.381813, 9.717092], [76.381531, 9.71486]]], [[[76.373192, 9.752361], [76.372917, 9.751251], [76.370132, 9.75653], [76.373192, 9.752361]]], [[[76.329033, 9.81764], [76.325417, 9.80735], [76.322914, 9.809027], [76.329033, 9.81764]]], [[[76.371803, 9.82319], [76.373474, 9.824861], [76.373192, 9.821528], [76.371803, 9.82319]]], [[[76.369858, 9.826251], [76.370132, 9.824031], [76.366806, 9.82569], [76.369858, 9.826251]]], [[[76.379303, 9.837081], [76.376251, 9.836806], [76.377083, 9.83903], [76.379303, 9.837081]]], [[[76.373466, 9.84125], [76.375137, 9.83764], [76.372643, 9.840418], [76.373466, 9.84125]]], [[[76.290413, 9.84625], [76.288193, 9.84403], [76.287918, 9.846811], [76.290413, 9.84625]]], [[[76.371803, 9.830973], [76.34903, 9.838472], [76.349586, 9.874582], [76.366249, 9.855421], [76.371803, 9.830973]]], [[[76.308472, 9.92153], [76.31736, 9.886532], [76.304306, 9.902921], [76.308472, 9.92153]]], [[[76.294029, 9.92569], [76.267357, 9.939312], [76.260696, 9.970696], [76.274864, 9.966251], [76.294029, 9.92569]]], [[[76.270973, 9.970969], [76.268753, 9.972081], [76.268753, 9.972642], [76.270973, 9.970969]]], [[[76.244308, 9.978472], [76.243195, 9.978194], [76.243187, 9.980421], [76.244308, 9.978472]]], [[[76.258751, 9.990141], [76.246529, 9.976528], [76.241806, 10.014311], [76.258751, 9.990141]]], [[[76.269859, 10.00042], [76.269028, 9.996805], [76.266808, 10.00153], [76.269859, 10.00042]]], [[[76.253746, 10.01236], [76.251808, 10.01236], [76.25042, 10.014311], [76.253746, 10.01236]]], [[[76.257919, 10.023749], [76.267082, 10.02292], [76.262642, 10.018473], [76.257919, 10.023749]]], [[[76.259308, 10.02514], [76.258194, 10.02514], [76.259583, 10.02931], [76.259308, 10.02514]]], [[[76.246529, 10.096809], [76.248192, 10.09069], [76.240417, 10.091811], [76.246529, 10.096809]]], [[[79.702919, 10.288195], [79.706802, 10.285141], [79.702362, 10.287083], [79.702919, 10.288195]]], [[[79.700966, 10.28931], [79.700691, 10.288191], [79.697083, 10.288751], [79.700966, 10.28931]]], [[[79.696251, 10.289583], [79.693466, 10.289581], [79.693466, 10.291249], [79.696251, 10.289583]]], [[[79.688751, 10.295694], [79.692917, 10.295418], [79.690414, 10.293471], [79.688751, 10.295694]]], [[[79.686806, 10.297084], [79.68486, 10.295418], [79.683472, 10.298196], [79.686806, 10.297084]]], [[[79.629303, 10.29903], [79.629303, 10.298191], [79.62014, 10.29903], [79.629303, 10.29903]]], [[[79.605972, 10.30264], [79.609024, 10.300972], [79.605698, 10.301528], [79.605972, 10.30264]]], [[[79.694031, 10.308195], [79.69236, 10.304306], [79.689308, 10.306807], [79.694031, 10.308195]]], [[[79.68264, 10.305416], [79.669586, 10.306531], [79.669861, 10.30736], [79.68264, 10.305416]]], [[[79.622093, 10.307921], [79.623474, 10.306529], [79.621246, 10.305416], [79.622093, 10.307921]]], [[[79.620697, 10.306531], [79.616249, 10.306531], [79.615974, 10.308195], [79.620697, 10.306531]]], [[[79.631531, 10.306807], [79.627914, 10.306807], [79.627914, 10.308195], [79.631531, 10.306807]]], [[[79.605423, 10.31015], [79.609863, 10.309305], [79.605141, 10.30625], [79.605423, 10.31015]]], [[[79.71653, 10.315141], [79.715973, 10.311531], [79.692909, 10.313751], [79.71653, 10.315141]]], [[[79.632919, 10.32986], [79.62764, 10.32597], [79.627907, 10.330421], [79.632919, 10.32986]]], [[[79.624863, 10.338751], [79.628754, 10.342083], [79.628197, 10.336811], [79.624863, 10.338751]]], [[[76.051529, 10.533752], [76.049309, 10.533752], [76.05014, 10.535142], [76.051529, 10.533752]]], [[[76.051247, 10.536528], [76.049309, 10.535974], [76.049576, 10.53903], [76.051247, 10.536528]]], [[[75.83625, 11.128191], [75.831528, 11.126527], [75.830139, 11.129862], [75.83625, 11.128191]]], [[[75.811249, 11.159584], [75.810143, 11.15931], [75.81041, 11.16153], [75.811249, 11.159584]]], [[[79.704849, 10.306531], [79.710693, 10.30736], [79.703751, 10.30375], [79.704849, 10.306531]]], [[[79.845413, 10.825691], [79.840141, 10.823751], [79.841248, 10.825141], [79.845413, 10.825691]]], [[[79.84153, 11.23514], [79.842087, 11.234021], [79.837349, 11.233191], [79.84153, 11.23514]]], [[[79.827919, 11.235696], [79.823753, 11.234583], [79.824577, 11.23681], [79.827919, 11.235696]]], [[[79.991531, 12.249581], [79.985138, 12.245141], [79.987358, 12.250141], [79.991531, 12.249581]]], [[[80.325142, 13.435973], [80.324852, 13.434312], [80.321251, 13.434861], [80.325142, 13.435973]]], [[[80.275696, 13.455132], [80.284859, 13.452641], [80.286247, 13.448472], [80.275696, 13.455132]]], [[[80.227081, 13.490693], [80.22403, 13.490141], [80.22403, 13.491812], [80.227081, 13.490693]]], [[[80.234863, 13.492081], [80.230415, 13.490693], [80.229309, 13.492922], [80.234863, 13.492081]]], [[[80.267906, 13.510419], [80.265976, 13.499579], [80.264305, 13.516249], [80.267906, 13.510419]]], [[[80.195419, 13.518193], [80.197083, 13.512921], [80.188469, 13.515141], [80.195419, 13.518193]]], [[[80.183746, 13.532641], [80.179863, 13.533482], [80.179863, 13.534031], [80.183746, 13.532641]]], [[[80.13903, 13.607079], [80.167641, 13.58986], [80.141808, 13.544861], [80.126526, 13.58486], [80.158195, 13.590973], [80.120415, 13.605694], [80.13903, 13.607079]]], [[[80.052361, 13.588192], [80.055969, 13.588753], [80.056808, 13.586806], [80.052361, 13.588192]]], [[[80.09626, 13.63736], [80.09153, 13.63625], [80.093193, 13.63986], [80.09626, 13.63736]]], [[[80.108192, 13.646805], [80.10125, 13.636806], [80.100136, 13.639311], [80.108192, 13.646805]]], [[[80.102081, 13.67681], [80.106247, 13.67681], [80.104309, 13.668194], [80.102081, 13.67681]]], [[[80.062363, 15.19764], [80.062363, 15.19708], [80.059303, 15.199028], [80.062363, 15.19764]]], [[[80.211807, 15.499311], [80.209587, 15.499031], [80.20903, 15.500421], [80.211807, 15.499311]]], [[[81.025696, 15.76125], [81.02903, 15.76319], [81.020416, 15.757651], [81.025696, 15.76125]]], [[[80.79097, 15.831249], [80.789307, 15.824305], [80.782913, 15.83764], [80.79097, 15.831249]]], [[[80.790413, 15.841811], [80.78875, 15.83764], [80.786247, 15.84153], [80.790413, 15.841811]]], [[[80.780136, 15.847916], [80.780418, 15.843472], [80.771797, 15.855971], [80.780136, 15.847916]]], [[[80.787918, 15.854583], [80.787636, 15.84486], [80.783752, 15.852083], [80.787918, 15.854583]]], [[[81.513191, 16.35014], [81.53347, 16.351805], [81.53653, 16.35486], [81.546806, 16.34903], [81.513191, 16.35014]]], [[[81.532356, 16.355421], [81.53347, 16.35236], [81.531517, 16.35264], [81.532356, 16.355421]]], [[[82.317085, 16.57403], [82.314857, 16.57375], [82.315414, 16.575974], [82.317085, 16.57403]]], [[[82.309586, 16.651251], [82.310692, 16.60236], [82.257072, 16.651251], [82.265976, 16.67153], [82.258751, 16.690111], [82.310417, 16.70125], [82.332077, 16.724861], [82.33625, 16.69125], [82.339859, 16.718201], [82.368187, 16.722919], [82.318474, 16.628752], [82.309586, 16.651251]]], [[[82.260696, 16.67597], [82.263474, 16.674862], [82.262642, 16.66958], [82.260696, 16.67597]]], [[[82.270142, 16.702362], [82.285393, 16.697639], [82.258751, 16.690111], [82.270142, 16.702362]]], [[[82.307083, 16.712917], [82.30014, 16.71125], [82.301529, 16.714031], [82.307083, 16.712917]]], [[[82.299438, 16.714128], [82.299576, 16.714031], [82.299385, 16.714029], [82.299438, 16.714128]]], [[[82.314026, 16.71958], [82.30986, 16.718748], [82.30986, 16.721252], [82.314026, 16.71958]]], [[[82.331253, 16.725971], [82.331802, 16.728201], [82.333748, 16.725973], [82.331253, 16.725971]]], [[[83.172363, 17.566801], [83.170692, 17.565969], [83.171249, 17.56875], [83.172363, 17.566801]]], [[[83.304031, 17.680695], [83.29792, 17.679308], [83.311249, 17.68486], [83.304031, 17.680695]]], [[[83.30542, 17.683195], [83.302917, 17.68264], [83.303749, 17.684031], [83.30542, 17.683195]]], [[[83.270142, 17.71014], [83.268753, 17.708195], [83.268471, 17.709862], [83.270142, 17.71014]]], [[[84.767365, 19.101805], [84.764862, 19.101528], [84.766525, 19.104586], [84.767365, 19.101805]]], [[[84.756805, 19.101528], [84.758469, 19.10486], [84.765419, 19.104031], [84.756805, 19.101528]]], [[[86.237221, 19.907778], [86.236656, 19.908331], [86.238335, 19.911112], [86.237221, 19.907778]]], [[[86.372498, 19.954445], [86.367821, 19.95216], [86.355133, 19.949921], [86.370827, 19.954975], [86.372093, 19.95764], [86.372498, 19.954445]]], [[[86.386108, 19.963333], [86.383331, 19.959442], [86.378891, 19.959442], [86.386108, 19.963333]]], [[[86.390472, 19.965509], [86.399353, 19.972321], [86.3965, 19.969004], [86.390472, 19.965509]]], [[[86.372223, 19.969166], [86.364998, 19.968611], [86.364998, 19.971945], [86.372223, 19.969166]]], [[[86.320732, 19.991409], [86.32, 19.988611], [86.318611, 19.995001], [86.320732, 19.991409]]], [[[86.320831, 19.993328], [86.315613, 19.999165], [86.319008, 20.002333], [86.320831, 19.993328]]], [[[86.327217, 19.99861], [86.335831, 20.003056], [86.335571, 19.990829], [86.327217, 19.99861]]], [[[86.309998, 20.011667], [86.31472, 20.015278], [86.315277, 20.008055], [86.309998, 20.011667]]], [[[86.321388, 20.01], [86.301109, 20.02639], [86.315002, 20.03167], [86.321388, 20.01]]], [[[86.40889, 20.01889], [86.412498, 20.025833], [86.412216, 20.020559], [86.40889, 20.01889]]], [[[86.254158, 20.022209], [86.25528, 20.024721], [86.258331, 20.021938], [86.254158, 20.022209]]], [[[86.326668, 20.024443], [86.325836, 20.023056], [86.320953, 20.0245], [86.326668, 20.024443]]], [[[86.267776, 20.020828], [86.264717, 20.022209], [86.270836, 20.027222], [86.267776, 20.020828]]], [[[86.263336, 20.033611], [86.267776, 20.030834], [86.262497, 20.032221], [86.263336, 20.033611]]], [[[86.424721, 20.0375], [86.42083, 20.031944], [86.425835, 20.043612], [86.424721, 20.0375]]], [[[86.313332, 20.040001], [86.313606, 20.03861], [86.309166, 20.038891], [86.313332, 20.040001]]], [[[86.303886, 20.039721], [86.303047, 20.03861], [86.299171, 20.040279], [86.303886, 20.039721]]], [[[86.245232, 20.02936], [86.267502, 20.053055], [86.308052, 20.034445], [86.279716, 20.02667], [86.266937, 20.03528], [86.245232, 20.02936]]], [[[86.298332, 20.048334], [86.299721, 20.043888], [86.291107, 20.047779], [86.298332, 20.048334]]], [[[86.434723, 20.051666], [86.43222, 20.051111], [86.432503, 20.056944], [86.434723, 20.051666]]], [[[86.256927, 20.057501], [86.25528, 20.0525], [86.250557, 20.051666], [86.256927, 20.057501]]], [[[86.49472, 20.148901], [86.492226, 20.145555], [86.489166, 20.146667], [86.49472, 20.148901]]], [[[86.508057, 20.172501], [86.493958, 20.162451], [86.489639, 20.170387], [86.508057, 20.172501]]], [[[86.553329, 20.206417], [86.555328, 20.207088], [86.555115, 20.206282], [86.553329, 20.206417]]], [[[86.79583, 20.372223], [86.792221, 20.365276], [86.790382, 20.36858], [86.79583, 20.372223]]], [[[86.791107, 20.37639], [86.797119, 20.376072], [86.796387, 20.374443], [86.791107, 20.37639]]], [[[86.791107, 20.385563], [86.793892, 20.387501], [86.793892, 20.384171], [86.791107, 20.385563]]], [[[86.814865, 20.406691], [86.803886, 20.371389], [86.806946, 20.413334], [86.814865, 20.406691]]], [[[86.795341, 20.393353], [86.787796, 20.405081], [86.791389, 20.429171], [86.795341, 20.393353]]], [[[86.801239, 20.46048], [86.802452, 20.462643], [86.803596, 20.461971], [86.801239, 20.46048]]], [[[86.809448, 20.476667], [86.800827, 20.473902], [86.805275, 20.491945], [86.809448, 20.476667]]], [[[86.878334, 20.677778], [86.872063, 20.67267], [86.878326, 20.679453], [86.878334, 20.677778]]], [[[86.793053, 20.679171], [86.789246, 20.675138], [86.798607, 20.70056], [86.793053, 20.679171]]], [[[86.885277, 20.70722], [86.878326, 20.733061], [86.883888, 20.70722], [86.856392, 20.68611], [86.853523, 20.656725], [86.842003, 20.652239], [86.830223, 20.672508], [86.803474, 20.676567], [86.796669, 20.672508], [86.79541, 20.665623], [86.819122, 20.639242], [86.773796, 20.646387], [86.801506, 20.683405], [86.830002, 20.76], [86.991943, 20.771112], [87.006943, 20.743059], [87.001389, 20.71583], [86.928711, 20.714651], [86.892891, 20.695122], [86.859177, 20.664721], [86.885277, 20.70722]]], [[[86.874443, 20.774166], [86.877777, 20.774166], [86.877502, 20.772779], [86.874443, 20.774166]]], [[[86.868614, 20.779444], [86.871666, 20.77611], [86.865547, 20.777771], [86.868614, 20.779444]]], [[[86.941948, 20.779722], [86.95153, 20.77471], [86.86528, 20.782499], [86.941948, 20.779722]]], [[[86.980553, 20.78056], [86.987503, 20.77944], [86.981392, 20.77833], [86.980553, 20.78056]]], [[[86.94371, 20.784309], [86.943611, 20.78528], [86.946106, 20.786671], [86.94371, 20.784309]]], [[[87.002434, 20.709003], [87.015831, 20.722221], [87.01722, 20.714331], [87.002434, 20.709003]]], [[[87.00602, 20.713366], [87.003304, 20.713432], [87.009018, 20.720249], [87.00602, 20.713366]]], [[[87.068047, 20.73778], [87.071793, 20.748812], [87.071938, 20.744551], [87.068047, 20.73778]]], [[[87.050133, 20.74259], [87.049026, 20.743841], [87.054306, 20.74608], [87.050133, 20.74259]]], [[[87.084526, 20.764391], [87.092056, 20.75223], [87.072479, 20.754101], [87.084526, 20.764391]]], [[[87.002502, 20.832222], [87.018578, 20.822874], [87.01651, 20.80283], [87.005722, 20.80957], [87.002502, 20.832222]]], [[[87.123611, 21.514444], [87.119164, 21.516666], [87.121666, 21.520555], [87.123611, 21.514444]]], [[[88.53389, 21.57806], [88.531387, 21.5425], [88.506111, 21.541111], [88.503052, 21.565281], [88.504173, 21.544453], [88.481705, 21.554726], [88.497711, 21.599754], [88.53389, 21.57806]]], [[[88.020546, 21.566669], [88.01667, 21.572208], [88.015831, 21.581671], [88.020546, 21.566669]]], [[[88.186668, 21.559999], [88.167778, 21.591665], [88.17778, 21.60111], [88.188889, 21.58194], [88.186668, 21.559999]]], [[[88.757187, 21.59898], [88.735832, 21.571672], [88.707207, 21.594221], [88.728851, 21.637081], [88.73558, 21.611052], [88.757187, 21.59898]]], [[[88.524376, 21.6532], [88.587502, 21.601942], [88.575546, 21.574171], [88.550003, 21.56361], [88.536949, 21.58695], [88.556664, 21.604446], [88.536934, 21.588398], [88.510002, 21.602221], [88.524376, 21.6532]]], [[[88.751945, 21.576666], [88.75824, 21.600039], [88.729568, 21.63995], [88.771942, 21.653063], [88.798058, 21.591665], [88.751945, 21.576666]]], [[[88.602219, 21.620558], [88.553978, 21.63953], [88.570808, 21.666], [88.567528, 21.69047], [88.602219, 21.620558]]], [[[88.300369, 21.704029], [88.346107, 21.68861], [88.35807, 21.647501], [88.315277, 21.608055], [88.315796, 21.677591], [88.300369, 21.704029]]], [[[88.204506, 21.721182], [88.216591, 21.700541], [88.198334, 21.694445], [88.195557, 21.681944], [88.231667, 21.64361], [88.21167, 21.620831], [88.211945, 21.601667], [88.181389, 21.68611], [88.204506, 21.721182]]], [[[88.470688, 21.672991], [88.44223, 21.615], [88.418556, 21.68257], [88.454033, 21.709341], [88.470688, 21.672991]]], [[[88.216393, 21.616388], [88.234734, 21.635378], [88.23333, 21.668056], [88.197777, 21.689169], [88.220383, 21.700029], [88.220909, 21.76215], [88.272003, 21.754406], [88.26207, 21.730173], [88.31028, 21.67639], [88.28833, 21.623058], [88.306107, 21.583328], [88.248337, 21.563889], [88.216393, 21.616388]]], [[[88.63028, 21.649166], [88.640396, 21.678574], [88.639442, 21.668056], [88.63028, 21.649166]]], [[[88.386742, 21.73385], [88.394997, 21.755001], [88.428566, 21.702011], [88.413307, 21.691067], [88.411163, 21.658663], [88.431938, 21.627359], [88.398613, 21.595556], [88.379723, 21.680832], [88.403542, 21.716673], [88.368637, 21.727341], [88.386742, 21.73385]]], [[[88.697121, 21.712879], [88.707428, 21.68119], [88.751373, 21.64872], [88.722893, 21.63862], [88.687042, 21.683331], [88.697121, 21.712879]]], [[[88.591942, 21.690559], [88.606339, 21.679977], [88.588547, 21.657331], [88.580391, 21.682995], [88.591942, 21.690559]]], [[[88.730553, 21.684721], [88.758331, 21.682501], [88.806656, 21.706673], [88.796944, 21.655277], [88.730553, 21.684721]]], [[[88.562721, 21.706364], [88.569168, 21.669443], [88.550919, 21.63649], [88.517242, 21.71084], [88.54567, 21.73613], [88.570831, 21.7325], [88.590698, 21.690628], [88.580246, 21.684681], [88.569939, 21.710621], [88.543015, 21.723913], [88.568298, 21.709761], [88.574203, 21.694027], [88.562721, 21.706364]]], [[[88.370827, 21.760818], [88.360237, 21.747351], [88.359673, 21.73488], [88.36528, 21.722219], [88.398056, 21.713333], [88.360558, 21.68639], [88.337509, 21.71077], [88.348892, 21.725554], [88.342789, 21.754391], [88.370827, 21.760818]]], [[[88.195869, 21.730068], [88.201378, 21.73667], [88.199997, 21.728889], [88.195869, 21.730068]]], [[[88.735863, 21.719292], [88.762756, 21.69293], [88.729294, 21.686756], [88.730774, 21.682032], [88.754997, 21.66564], [88.748047, 21.658331], [88.711113, 21.69018], [88.695, 21.743891], [88.716202, 21.807381], [88.728058, 21.777779], [88.759262, 21.759218], [88.752769, 21.731579], [88.776657, 21.721109], [88.735863, 21.719292]]], [[[88.297279, 21.705601], [88.27803, 21.72817], [88.28891, 21.778484], [88.297279, 21.705601]]], [[[88.386696, 21.740679], [88.361519, 21.74766], [88.384903, 21.764441], [88.386696, 21.740679]]], [[[88.630836, 21.7425], [88.608887, 21.708055], [88.598846, 21.715523], [88.619446, 21.725554], [88.623055, 21.736666], [88.58625, 21.756598], [88.591202, 21.78331], [88.609726, 21.790279], [88.630836, 21.7425]]], [[[88.072853, 21.780182], [88.136948, 21.875], [88.172501, 21.811953], [88.163643, 21.799549], [88.170662, 21.742401], [88.143402, 21.679552], [88.154724, 21.65], [88.109169, 21.625834], [88.041664, 21.649166], [88.072853, 21.780182]]], [[[88.467216, 21.737221], [88.433136, 21.704481], [88.423363, 21.767725], [88.446037, 21.797958], [88.458611, 21.788651], [88.474998, 21.791389], [88.467216, 21.737221]]], [[[88.616371, 21.727627], [88.57972, 21.72584], [88.569, 21.769178], [88.582222, 21.777781], [88.585609, 21.753891], [88.616371, 21.727627]]], [[[88.202217, 21.761391], [88.196388, 21.7575], [88.193886, 21.76333], [88.202217, 21.761391]]], [[[88.504173, 21.770828], [88.544571, 21.81032], [88.57222, 21.787783], [88.561943, 21.77], [88.572502, 21.735556], [88.541718, 21.737679], [88.519447, 21.719166], [88.504387, 21.75741], [88.535286, 21.792021], [88.504173, 21.770828]]], [[[88.42086, 21.767231], [88.42276, 21.71982], [88.38266, 21.7791], [88.421806, 21.81109], [88.442688, 21.79965], [88.42086, 21.767231]]], [[[88.280563, 21.76722], [88.279167, 21.769722], [88.281944, 21.768612], [88.280563, 21.76722]]], [[[88.787498, 21.745001], [88.75666, 21.73341], [88.764389, 21.7605], [88.749756, 21.76965], [88.766373, 21.786791], [88.782104, 21.825193], [88.793556, 21.80974], [88.787262, 21.795797], [88.79583, 21.787222], [88.782219, 21.766947], [88.787498, 21.745001]]], [[[88.263626, 21.79236], [88.287392, 21.78443], [88.283333, 21.769444], [88.263626, 21.79236]]], [[[88.317101, 21.70891], [88.311111, 21.783056], [88.31086, 21.795635], [88.293892, 21.80278], [88.310349, 21.793486], [88.296013, 21.77405], [88.28598, 21.789068], [88.259773, 21.804207], [88.307022, 21.829691], [88.315353, 21.84466], [88.311661, 21.853937], [88.352722, 21.854242], [88.350372, 21.826401], [88.360817, 21.796831], [88.379967, 21.78727], [88.342934, 21.759588], [88.340279, 21.740477], [88.345001, 21.721666], [88.317101, 21.70891]]], [[[88.501015, 21.781832], [88.506386, 21.788334], [88.506935, 21.7875], [88.501015, 21.781832]]], [[[88.18528, 21.790554], [88.179169, 21.790001], [88.180832, 21.795834], [88.18528, 21.790554]]], [[[88.746109, 21.772223], [88.728333, 21.779722], [88.750633, 21.814215], [88.746109, 21.772223]]], [[[88.174149, 21.799721], [88.169167, 21.79056], [88.165268, 21.80028], [88.174149, 21.799721]]], [[[88.496086, 21.807781], [88.45314, 21.80566], [88.450333, 21.81513], [88.484879, 21.83469], [88.496086, 21.807781]]], [[[88.185478, 21.82065], [88.185555, 21.819164], [88.17778, 21.824718], [88.185478, 21.82065]]], [[[88.614166, 21.798059], [88.576042, 21.817034], [88.592216, 21.85], [88.61805, 21.829245], [88.607224, 21.815832], [88.614166, 21.798059]]], [[[88.56028, 21.827499], [88.556641, 21.824024], [88.555779, 21.825769], [88.56028, 21.827499]]], [[[88.638893, 21.784718], [88.621109, 21.83139], [88.594719, 21.854445], [88.621666, 21.897779], [88.633331, 21.869722], [88.653519, 21.867708], [88.638893, 21.784718]]], [[[88.705002, 21.82778], [88.728058, 21.8375], [88.696663, 21.838055], [88.718056, 21.907223], [88.780563, 21.85944], [88.768608, 21.852501], [88.757767, 21.781111], [88.751663, 21.815283], [88.72583, 21.794447], [88.705002, 21.82778]]], [[[88.527496, 21.84333], [88.515831, 21.839445], [88.519958, 21.854637], [88.527496, 21.84333]]], [[[88.401527, 21.798031], [88.419006, 21.902403], [88.482109, 21.887819], [88.488472, 21.83783], [88.448067, 21.815283], [88.461456, 21.78981], [88.424026, 21.812401], [88.418266, 21.811611], [88.401527, 21.798031]]], [[[88.536491, 21.853718], [88.541618, 21.85738], [88.540794, 21.855062], [88.536491, 21.853718]]], [[[88.576393, 21.888611], [88.551033, 21.817291], [88.530556, 21.849169], [88.542503, 21.85556], [88.550262, 21.880959], [88.541161, 21.902561], [88.576393, 21.888611]]], [[[88.5858, 21.873993], [88.581139, 21.872528], [88.584686, 21.876591], [88.5858, 21.873993]]], [[[88.639999, 21.92168], [88.667503, 21.911671], [88.634453, 21.87056], [88.623383, 21.901409], [88.639999, 21.92168]]], [[[88.136017, 21.89447], [88.138596, 21.8981], [88.13781, 21.896151], [88.136017, 21.89447]]], [[[88.112778, 21.910555], [88.109299, 21.883881], [88.104446, 21.897779], [88.112778, 21.910555]]], [[[88.776108, 21.86972], [88.718887, 21.909166], [88.72361, 21.931944], [88.736115, 21.918056], [88.799446, 21.919722], [88.814163, 21.902781], [88.776108, 21.86972]]], [[[88.49028, 21.889444], [88.488609, 21.91028], [88.504723, 21.912781], [88.49028, 21.889444]]], [[[88.422775, 21.906111], [88.425125, 21.903603], [88.4207, 21.903877], [88.422775, 21.906111]]], [[[88.445679, 21.90613], [88.442261, 21.90877], [88.456474, 21.913815], [88.445679, 21.90613]]], [[[88.129448, 21.89889], [88.116112, 21.91832], [88.134789, 21.926744], [88.144623, 21.91526], [88.129448, 21.89889]]], [[[88.159721, 21.92861], [88.171402, 21.932219], [88.165268, 21.916111], [88.159721, 21.92861]]], [[[88.75071, 21.954851], [88.775841, 21.94145], [88.786453, 21.95265], [88.788902, 21.940714], [88.805786, 21.93648], [88.73333, 21.924721], [88.723732, 21.973816], [88.745392, 21.979738], [88.75071, 21.954851]]], [[[88.047226, 21.911671], [88.073326, 21.995281], [88.141388, 22.02639], [88.087502, 21.932779], [88.047226, 21.911671]]], [[[88.667778, 21.953331], [88.688057, 21.952778], [88.678154, 21.942867], [88.628647, 21.958031], [88.634575, 21.995405], [88.659973, 22.019213], [88.715782, 22.000641], [88.667778, 21.953331]]], [[[88.752777, 21.988333], [88.742836, 21.9834], [88.758293, 22.00712], [88.752777, 21.988333]]], [[[88.751427, 22.050333], [88.775658, 22.049723], [88.778908, 22.037184], [88.791046, 22.029371], [88.761673, 22.021391], [88.751427, 22.050333]]], [[[88.730934, 22.043598], [88.733391, 22.0436], [88.733986, 22.042261], [88.730934, 22.043598]]], [[[88.629448, 22.052502], [88.628609, 22.061951], [88.632225, 22.061668], [88.629448, 22.052502]]], [[[88.029167, 22.058889], [88.027496, 22.061947], [88.029442, 22.062498], [88.029167, 22.058889]]], [[[88.798897, 22.108362], [88.803467, 22.085274], [88.836212, 22.066339], [88.748428, 22.057423], [88.798897, 22.108362]]], [[[88.688965, 22.081112], [88.688995, 22.081903], [88.690361, 22.081072], [88.688965, 22.081112]]], [[[88.703987, 22.088303], [88.692032, 22.08552], [88.722305, 22.099134], [88.703987, 22.088303]]], [[[88.721046, 22.005301], [88.663773, 22.023762], [88.634186, 22.106211], [88.69519, 22.208612], [88.789169, 22.169449], [88.738052, 22.134541], [88.683052, 22.080832], [88.735741, 22.031614], [88.721046, 22.005301]]], [[[88.735519, 22.123619], [88.729851, 22.123449], [88.736275, 22.128777], [88.735519, 22.123619]]], [[[88.70472, 22.065001], [88.749161, 22.135], [88.809196, 22.179411], [88.82959, 22.165291], [88.838272, 22.167032], [88.828056, 22.20804], [88.844749, 22.189192], [88.85025, 22.1922], [88.853241, 22.204332], [88.860489, 22.203295], [88.868286, 22.171186], [88.850792, 22.173565], [88.8433, 22.167179], [88.855888, 22.144453], [88.777641, 22.111221], [88.739166, 22.056992], [88.70472, 22.065001]]], [[[87.993889, 22.215563], [87.996666, 22.212778], [87.991943, 22.212778], [87.993889, 22.215563]]], [[[88.794151, 22.17057], [88.747246, 22.198629], [88.752937, 22.231453], [88.791565, 22.258436], [88.795052, 22.276075], [88.812599, 22.283392], [88.825676, 22.241442], [88.79847, 22.225973], [88.834053, 22.166853], [88.809616, 22.183338], [88.794151, 22.17057]]], [[[87.932777, 22.40889], [87.933334, 22.409721], [87.937233, 22.40361], [87.932777, 22.40889]]], [[[87.919212, 22.42911], [87.919357, 22.42952], [87.923378, 22.427912], [87.919212, 22.42911]]], [[[87.908058, 22.430832], [87.912781, 22.43111], [87.91832, 22.43], [87.908058, 22.430832]]], [[[88.67482, 24.314569], [88.675102, 24.315378], [88.675972, 24.3155], [88.67482, 24.314569]]], [[[87.306801, 27.83659], [87.306175, 27.843218], [87.306213, 27.843216], [87.306801, 27.83659]]], [[[87.252487, 27.842867], [87.251183, 27.843061], [87.262917, 27.850716], [87.252487, 27.842867]]], [[[87.267212, 27.850117], [87.266281, 27.849453], [87.262917, 27.850716], [87.267212, 27.850117]]], [[[92.569443, 10.57889], [92.513054, 10.511667], [92.434723, 10.548333], [92.385277, 10.532222], [92.420563, 10.61472], [92.38028, 10.6675], [92.376114, 10.781667], [92.397499, 10.760555], [92.456947, 10.861391], [92.499512, 10.890694], [92.510559, 10.86917], [92.515831, 10.897641], [92.530281, 10.865279], [92.531944, 10.885001], [92.558334, 10.863333], [92.560371, 10.801217], [92.587708, 10.786945], [92.596779, 10.678326], [92.539795, 10.610556], [92.569443, 10.57889]]], [[[92.609093, 10.930417], [92.618332, 10.93389], [92.620003, 10.928612], [92.609093, 10.930417]]], [[[92.222221, 10.972777], [92.214722, 10.977499], [92.22139, 10.982919], [92.222221, 10.972777]]], [[[92.658447, 10.98655], [92.661942, 10.992779], [92.669792, 10.988453], [92.658447, 10.98655]]], [[[92.674721, 11.189445], [92.681114, 11.18111], [92.677498, 11.176942], [92.674721, 11.189445]]], [[[92.687363, 11.242082], [92.692497, 11.280834], [92.705978, 11.289166], [92.705833, 11.263057], [92.687363, 11.242082]]], [[[92.710281, 11.30861], [92.712158, 11.303122], [92.698334, 11.308056], [92.710281, 11.30861]]], [[[92.556404, 11.395196], [92.562744, 11.397218], [92.562675, 11.393663], [92.556404, 11.395196]]], [[[92.545883, 11.395921], [92.550369, 11.397175], [92.550735, 11.394563], [92.545883, 11.395921]]], [[[92.622948, 11.405332], [92.613632, 11.47418], [92.631989, 11.514491], [92.668587, 11.489961], [92.685791, 11.436611], [92.649345, 11.407248], [92.690872, 11.37034], [92.600296, 11.346521], [92.587105, 11.400479], [92.622948, 11.405332]]], [[[92.671242, 11.487289], [92.670197, 11.48881], [92.672356, 11.488987], [92.671242, 11.487289]]], [[[92.615334, 11.509516], [92.610321, 11.50774], [92.616257, 11.511298], [92.615334, 11.509516]]], [[[92.64389, 11.51419], [92.645676, 11.515396], [92.646049, 11.514051], [92.64389, 11.51419]]], [[[92.27047, 11.517091], [92.272781, 11.518195], [92.273346, 11.516531], [92.27047, 11.517091]]], [[[92.552727, 11.53099], [92.569061, 11.527382], [92.566437, 11.516989], [92.552727, 11.53099]]], [[[92.606392, 11.534461], [92.606461, 11.5219], [92.600761, 11.530137], [92.606392, 11.534461]]], [[[92.620277, 11.55609], [92.610481, 11.531806], [92.601593, 11.553471], [92.620277, 11.55609]]], [[[92.629723, 11.546668], [92.626648, 11.544026], [92.628273, 11.549241], [92.629723, 11.546668]]], [[[92.269829, 11.522507], [92.214546, 11.529451], [92.20726, 11.585251], [92.270729, 11.584091], [92.269829, 11.522507]]], [[[92.583618, 11.53444], [92.592438, 11.577393], [92.597168, 11.562606], [92.583618, 11.53444]]], [[[92.577011, 11.568958], [92.572853, 11.565621], [92.577011, 11.570902], [92.577011, 11.568958]]], [[[92.567024, 11.568677], [92.565208, 11.568126], [92.565552, 11.570749], [92.567024, 11.568677]]], [[[92.569397, 11.588422], [92.530182, 11.554127], [92.531952, 11.595065], [92.569397, 11.588422]]], [[[92.611023, 11.58826], [92.614616, 11.562699], [92.600601, 11.568094], [92.611023, 11.58826]]], [[[92.576599, 11.584859], [92.577217, 11.585281], [92.579445, 11.584444], [92.576599, 11.584859]]], [[[92.700752, 11.659437], [92.692833, 11.660702], [92.695107, 11.663421], [92.700752, 11.659437]]], [[[92.550568, 11.723652], [92.549454, 11.724267], [92.551407, 11.725304], [92.550568, 11.723652]]], [[[92.761948, 12.020555], [92.739243, 12.040917], [92.736626, 12.015921], [92.768753, 11.99904], [92.748444, 11.977568], [92.728081, 11.994791], [92.714424, 11.932956], [92.724426, 11.850859], [92.707047, 11.816401], [92.680077, 11.81858], [92.692467, 11.808762], [92.710182, 11.814516], [92.718193, 11.824522], [92.746254, 11.931821], [92.784492, 11.936051], [92.755074, 11.701056], [92.701897, 11.70713], [92.708199, 11.670119], [92.666206, 11.653901], [92.694572, 11.622729], [92.695099, 11.652946], [92.729843, 11.65923], [92.721458, 11.68632], [92.756653, 11.665071], [92.711281, 11.477318], [92.699097, 11.506521], [92.646889, 11.522021], [92.64727, 11.572363], [92.617859, 11.56282], [92.620277, 11.573621], [92.619118, 11.582721], [92.607376, 11.59478], [92.608231, 11.619721], [92.636063, 11.61555], [92.644386, 11.63629], [92.63176, 11.650861], [92.630997, 11.628252], [92.608398, 11.634029], [92.588135, 11.717883], [92.561562, 11.69485], [92.546402, 11.834947], [92.522964, 11.825575], [92.513519, 11.848001], [92.562401, 11.946474], [92.611046, 11.87126], [92.623611, 12.102781], [92.63588, 12.120461], [92.661987, 12.215507], [92.655121, 12.18169], [92.700867, 12.235609], [92.703712, 12.16543], [92.7575, 12.176391], [92.736214, 12.106604], [92.735275, 12.065278], [92.783607, 12.04694], [92.761948, 12.020555]]], [[[92.595558, 11.915001], [92.601112, 11.918892], [92.601669, 11.914445], [92.595558, 11.915001]]], [[[92.56292, 11.947347], [92.567955, 11.950102], [92.568611, 11.94368], [92.56292, 11.947347]]], [[[92.609444, 11.942777], [92.598877, 11.92778], [92.588608, 11.97528], [92.609444, 11.942777]]], [[[92.581474, 11.979382], [92.583961, 11.98268], [92.585052, 11.97773], [92.581474, 11.979382]]], [[[92.628723, 12.115082], [92.630379, 12.11655], [92.630318, 12.11332], [92.628723, 12.115082]]], [[[92.630318, 12.119462], [92.631538, 12.120454], [92.631416, 12.119011], [92.630318, 12.119462]]], [[[92.680077, 12.218881], [92.682816, 12.224433], [92.683533, 12.223131], [92.680077, 12.218881]]], [[[92.696106, 12.246611], [92.696999, 12.250825], [92.699409, 12.248281], [92.696106, 12.246611]]], [[[92.66861, 12.534231], [92.68457, 12.53878], [92.678116, 12.52222], [92.66861, 12.534231]]], [[[92.700943, 12.63911], [92.702164, 12.640744], [92.703369, 12.639356], [92.700943, 12.63911]]], [[[92.654266, 12.771398], [92.656769, 12.773994], [92.657539, 12.773176], [92.654266, 12.771398]]], [[[92.694542, 12.797143], [92.710968, 12.82903], [92.718033, 12.7189], [92.694542, 12.797143]]], [[[92.663162, 12.879142], [92.629883, 12.882731], [92.664543, 12.8806], [92.670578, 12.912283], [92.636871, 12.919539], [92.67012, 12.918037], [92.695656, 12.991959], [92.719887, 12.978359], [92.721497, 12.888345], [92.701225, 12.841205], [92.6754, 12.835888], [92.689011, 12.81673], [92.668159, 12.782572], [92.648163, 12.861159], [92.663162, 12.879142]]], [[[92.67009, 12.9483], [92.670067, 12.94948], [92.672607, 12.9492], [92.67009, 12.9483]]], [[[92.668121, 12.95361], [92.669838, 12.952218], [92.668686, 12.95163], [92.668121, 12.95361]]], [[[92.706116, 13.07014], [92.696106, 13.095001], [92.71917, 13.098891], [92.706116, 13.07014]]], [[[88.834724, 21.607222], [88.876114, 21.592222], [88.90361, 21.555834], [88.842781, 21.553888], [88.834724, 21.607222]]], [[[88.965767, 21.641535], [88.969902, 21.640341], [88.986549, 21.64484], [88.991386, 21.64357], [88.9925, 21.616667], [88.955917, 21.617567], [88.93972, 21.646667], [88.955208, 21.677092], [88.961617, 21.664192], [88.962021, 21.64868], [88.965767, 21.641535]]], [[[88.89389, 21.649166], [88.889008, 21.654573], [88.889999, 21.65447], [88.89389, 21.649166]]], [[[88.982895, 21.645912], [88.950844, 21.700722], [88.984489, 21.705688], [88.987907, 21.652981], [88.996391, 21.649038], [89.022758, 21.654026], [89.022339, 21.636095], [89.037491, 21.61813], [89.0, 21.601671], [88.992363, 21.64414], [88.982895, 21.645912]]], [[[89.028488, 21.635319], [89.024727, 21.69486], [89.009796, 21.70487], [89.059204, 21.721804], [89.095039, 21.643961], [89.05159, 21.617531], [89.028488, 21.635319]]], [[[88.873055, 21.694445], [88.883057, 21.745279], [88.940277, 21.695278], [88.92083, 21.632221], [88.873055, 21.694445]]], [[[88.999725, 21.715279], [89.00779, 21.70713], [89.024162, 21.687733], [89.007759, 21.652222], [88.990074, 21.654121], [88.99276, 21.700001], [88.977997, 21.726875], [88.999725, 21.715279]]], [[[88.808899, 21.63879], [88.815002, 21.710001], [88.762512, 21.70137], [88.781593, 21.716], [88.790833, 21.74917], [88.86528, 21.758612], [88.839165, 21.706944], [88.859955, 21.637226], [88.8442, 21.626995], [88.828613, 21.650555], [88.845833, 21.620001], [88.808899, 21.63879]]], [[[88.98748, 21.74472], [88.969444, 21.722778], [88.98333, 21.705832], [88.922783, 21.719707], [88.927101, 21.76195], [88.968895, 21.739199], [88.98748, 21.74472]]], [[[89.016373, 21.732443], [89.005119, 21.764977], [89.05928, 21.72592], [89.01741, 21.717779], [89.016373, 21.732443]]], [[[88.987877, 21.746649], [88.951111, 21.757778], [89.011581, 21.780228], [88.996666, 21.765833], [89.015396, 21.725651], [89.00428, 21.716072], [88.976669, 21.728611], [88.988663, 21.739849], [88.987877, 21.746649]]], [[[89.016479, 21.81197], [89.014008, 21.76597], [88.99881, 21.766941], [89.012787, 21.7798], [88.990181, 21.790039], [88.999573, 21.81167], [89.016479, 21.81197]]], [[[88.790833, 21.75001], [88.784187, 21.766293], [88.821671, 21.822901], [88.830276, 21.766665], [88.790833, 21.75001]]], [[[88.906937, 21.79417], [88.883057, 21.808058], [88.937233, 21.816669], [88.897781, 21.751944], [88.906937, 21.79417]]], [[[88.91333, 21.727779], [88.834999, 21.781668], [88.855278, 21.858061], [88.87722, 21.851669], [88.882233, 21.797218], [88.898056, 21.77861], [88.891388, 21.753611], [88.921387, 21.74361], [88.91333, 21.727779]]], [[[88.938889, 21.816668], [88.924446, 21.835833], [88.941391, 21.847221], [88.953903, 21.825293], [88.976669, 21.820557], [88.940277, 21.793055], [88.940422, 21.782366], [88.958885, 21.770834], [88.921387, 21.766111], [88.914169, 21.75556], [88.938889, 21.816668]]], [[[88.977867, 21.823511], [88.950287, 21.838091], [88.979126, 21.867441], [88.979057, 21.89349], [89.028893, 21.865843], [89.024757, 21.849216], [88.989243, 21.868122], [89.029991, 21.83453], [88.994156, 21.814173], [88.970497, 21.775091], [88.942787, 21.786501], [88.976639, 21.80509], [88.977867, 21.823511]]], [[[88.794998, 21.791389], [88.788887, 21.79583], [88.795563, 21.80167], [88.794441, 21.812502], [88.789719, 21.82139], [88.784157, 21.826111], [88.765831, 21.82889], [88.800552, 21.877781], [88.798889, 21.870832], [88.801392, 21.868061], [88.82972, 21.862221], [88.794998, 21.791389]]], [[[88.943336, 21.884722], [88.94722, 21.840563], [88.915001, 21.880833], [88.906937, 21.878889], [88.939163, 21.85], [88.888046, 21.812222], [88.878052, 21.853889], [88.819618, 21.9282], [88.836555, 21.917892], [88.890068, 21.914656], [88.915176, 21.928181], [88.973892, 21.897779], [88.955559, 21.853889], [88.958885, 21.869722], [88.943336, 21.884722]]], [[[88.811386, 21.896389], [88.840836, 21.886944], [88.829437, 21.864717], [88.800278, 21.870556], [88.811386, 21.896389]]], [[[88.764442, 21.984442], [88.800293, 21.970453], [88.776665, 21.990833], [88.753609, 21.988058], [88.801392, 22.029722], [88.902496, 22.011669], [88.907272, 21.929537], [88.856583, 21.91906], [88.787224, 21.955], [88.775558, 21.943331], [88.752502, 21.956112], [88.764442, 21.984442]]], [[[88.99955, 21.949484], [89.032501, 22.002083], [88.992439, 21.973631], [88.975563, 21.991392], [88.999359, 22.007105], [88.974472, 21.993643], [88.968079, 22.015541], [88.984932, 22.054949], [89.015686, 22.062931], [89.073578, 22.00416], [89.059761, 21.931971], [88.99955, 21.949484]]], [[[88.890213, 22.045843], [88.891701, 22.014725], [88.851982, 22.041231], [88.890213, 22.045843]]], [[[88.780159, 22.037832], [88.831429, 22.050241], [88.832207, 22.02717], [88.780159, 22.037832]]], [[[88.950546, 22.10417], [88.966942, 22.078611], [88.924637, 22.064592], [88.931107, 22.000002], [88.93486, 22.05514], [88.963638, 22.056992], [88.977097, 22.038393], [88.962219, 22.017221], [88.972496, 21.987791], [88.992233, 21.970003], [89.013527, 21.979107], [88.990936, 21.951935], [89.021347, 21.921659], [89.012573, 21.901995], [88.968834, 21.921139], [88.976387, 21.946112], [88.966103, 21.92293], [88.935883, 21.936491], [88.901436, 22.065283], [88.940346, 22.127977], [88.91317, 22.13003], [88.893936, 22.169699], [88.919716, 22.161112], [88.949966, 22.189192], [88.984917, 22.127123], [88.968903, 22.082613], [88.950546, 22.10417]]], [[[88.845551, 22.06167], [88.834381, 22.06389], [88.852921, 22.078753], [88.890289, 22.047832], [88.853951, 22.044626], [88.850037, 22.041033], [88.85923, 22.025574], [88.83596, 22.02545], [88.845551, 22.06167]]], [[[88.897217, 22.089151], [88.890907, 22.060356], [88.870964, 22.064358], [88.870209, 22.086901], [88.897217, 22.089151]]], [[[88.825256, 22.08729], [88.798691, 22.110929], [88.845726, 22.119421], [88.867943, 22.08502], [88.838448, 22.090193], [88.8675, 22.082502], [88.851181, 22.079363], [88.838089, 22.073078], [88.819206, 22.104422], [88.825256, 22.08729]]], [[[89.027672, 22.053522], [89.027687, 22.079153], [89.026047, 22.052933], [89.014725, 22.064444], [88.985291, 22.056982], [88.977913, 22.039923], [88.962357, 22.06048], [88.996941, 22.138027], [88.972687, 22.193438], [89.00193, 22.199171], [89.022217, 22.148611], [89.050476, 22.130632], [89.014648, 22.114008], [89.03553, 22.109295], [89.027672, 22.053522]]], [[[88.860245, 22.142448], [88.848846, 22.168888], [88.89994, 22.148092], [88.915749, 22.0903], [88.89222, 22.114449], [88.894966, 22.091223], [88.872253, 22.087805], [88.845863, 22.121962], [88.830696, 22.127081], [88.860245, 22.142448]]], [[[88.961586, 22.19721], [88.93148, 22.177011], [88.908066, 22.19631], [88.918793, 22.230808], [88.961586, 22.19721]]], [[[88.887611, 22.265932], [88.84333, 22.289721], [88.887238, 22.26491], [88.885658, 22.236214], [88.913887, 22.216108], [88.904488, 22.197243], [88.91861, 22.16535], [88.898224, 22.177908], [88.872269, 22.17137], [88.86618, 22.194147], [88.883438, 22.200052], [88.883507, 22.212271], [88.841011, 22.214264], [88.875839, 22.252804], [88.839432, 22.215527], [88.841949, 22.21174], [88.849464, 22.209789], [88.882278, 22.211599], [88.881081, 22.200165], [88.854469, 22.206213], [88.850372, 22.202471], [88.848312, 22.191551], [88.844269, 22.190317], [88.829903, 22.210131], [88.824615, 22.204336], [88.825462, 22.1984], [88.819489, 22.19636], [88.80056, 22.225842], [88.828423, 22.241905], [88.815453, 22.282972], [88.806526, 22.285749], [88.818336, 22.358892], [88.849861, 22.362917], [88.936928, 22.299112], [88.930336, 22.259413], [88.954079, 22.225241], [88.918968, 22.233032], [88.913872, 22.219904], [88.887047, 22.2363], [88.895477, 22.25239], [88.887611, 22.265932]]], [[[89.09626, 22.155012], [89.062187, 22.128429], [89.022949, 22.166262], [89.019722, 22.205553], [88.972519, 22.209711], [88.94722, 22.25556], [88.967361, 22.40769], [88.983612, 22.325338], [89.023331, 22.297503], [88.993889, 22.286112], [89.066902, 22.198315], [89.068642, 22.147362], [89.09626, 22.155012]]], [[[88.861664, 22.410555], [88.865547, 22.385559], [88.880577, 22.403212], [88.874847, 22.386831], [88.898613, 22.336674], [88.860832, 22.370832], [88.861664, 22.410555]]], [[[88.86972, 22.410002], [88.874443, 22.405556], [88.871948, 22.405277], [88.86972, 22.410002]]], [[[88.917221, 22.423613], [88.91143, 22.423697], [88.917191, 22.429029], [88.917221, 22.423613]]], [[[88.93528, 22.39583], [88.939445, 22.41901], [88.934151, 22.395863], [88.953476, 22.365532], [88.941948, 22.309881], [88.896431, 22.379829], [88.93, 22.39028], [88.925819, 22.406233], [88.907776, 22.415833], [88.918556, 22.42201], [88.92054, 22.426691], [88.894722, 22.466112], [88.914444, 22.51111], [88.895042, 22.559641], [88.959961, 22.54862], [88.998611, 22.430292], [88.964165, 22.409166], [88.957779, 22.364721], [88.93528, 22.39583]]], [[[88.882187, 22.403637], [88.856125, 22.422781], [88.867737, 22.487867], [88.860237, 22.500257], [88.843613, 22.5068], [88.897697, 22.548861], [88.892326, 22.465353], [88.902779, 22.414724], [88.921669, 22.40139], [88.888046, 22.378332], [88.898056, 22.366667], [88.876602, 22.386917], [88.882187, 22.403637]]], [[[88.858612, 22.462227], [88.85611, 22.458891], [88.856941, 22.472502], [88.858612, 22.462227]]], [[[88.781387, 22.500563], [88.821686, 22.43479], [88.834831, 22.433804], [88.819229, 22.432253], [88.80397, 22.444452], [88.781387, 22.500563]]], [[[88.936272, 22.561335], [88.933609, 22.557783], [88.930008, 22.563128], [88.936272, 22.561335]]], [[[88.936508, 22.619137], [88.93457, 22.621492], [88.93605, 22.621571], [88.936508, 22.619137]]], [[[92.863266, 8.829931], [92.851944, 8.822221], [92.858612, 8.837432], [92.863266, 8.829931]]], [[[92.796669, 9.11774], [92.796669, 9.118611], [92.798615, 9.118333], [92.796669, 9.11774]]], [[[92.804443, 9.120001], [92.80278, 9.118891], [92.799721, 9.118611], [92.804443, 9.120001]]], [[[92.811668, 9.125558], [92.81472, 9.125834], [92.811668, 9.124441], [92.811668, 9.125558]]], [[[92.824303, 9.195842], [92.854362, 9.209159], [92.825531, 9.192131], [92.830551, 9.138695], [92.789444, 9.116945], [92.731667, 9.124377], [92.720833, 9.21361], [92.76667, 9.215281], [92.773888, 9.256111], [92.824303, 9.195842]]], [[[92.725555, 11.141665], [92.724167, 11.14028], [92.722778, 11.143331], [92.725555, 11.141665]]], [[[92.726944, 11.145556], [92.735001, 11.145556], [92.730278, 11.141458], [92.726944, 11.145556]]], [[[92.712837, 11.309011], [92.721657, 11.33306], [92.723999, 11.33195], [92.712837, 11.309011]]], [[[92.759811, 11.67669], [92.76593, 11.680831], [92.766609, 11.67839], [92.759811, 11.67669]]], [[[92.722763, 11.689622], [92.725197, 11.686702], [92.721756, 11.687721], [92.722763, 11.689622]]], [[[92.731911, 11.944751], [92.726387, 11.941015], [92.723259, 11.95291], [92.731911, 11.944751]]], [[[92.745758, 11.944792], [92.750137, 11.96834], [92.767136, 11.955884], [92.745758, 11.944792]]], [[[92.745163, 11.966054], [92.741966, 11.96614], [92.744392, 11.96744], [92.745163, 11.966054]]], [[[92.774727, 12.012801], [92.771439, 12.013907], [92.771187, 12.01779], [92.774727, 12.012801]]], [[[92.742569, 12.112201], [92.738708, 12.106886], [92.738968, 12.110501], [92.742569, 12.112201]]], [[[92.847206, 12.15044], [92.844025, 12.148995], [92.846764, 12.150971], [92.847206, 12.15044]]], [[[92.763672, 12.179379], [92.759483, 12.178045], [92.756462, 12.18024], [92.763672, 12.179379]]], [[[92.719093, 12.17936], [92.719429, 12.181291], [92.720947, 12.182321], [92.719093, 12.17936]]], [[[92.732506, 12.182351], [92.7285, 12.18158], [92.725403, 12.186072], [92.732506, 12.182351]]], [[[92.846603, 12.19768], [92.850586, 12.157321], [92.822586, 12.165453], [92.8125, 12.106943], [92.764679, 12.06332], [92.739166, 12.09475], [92.767738, 12.18659], [92.769867, 12.236852], [92.742287, 12.24554], [92.781723, 12.28508], [92.776573, 12.310281], [92.796082, 12.303895], [92.809959, 12.31276], [92.830322, 12.30028], [92.866379, 12.305611], [92.889313, 12.265942], [92.87825, 12.25144], [92.86467, 12.251345], [92.858887, 12.245831], [92.880508, 12.195137], [92.846603, 12.19768]]], [[[92.730614, 12.242454], [92.762299, 12.229374], [92.76368, 12.18218], [92.723442, 12.188842], [92.730614, 12.242454]]], [[[92.89167, 12.233891], [92.879234, 12.208278], [92.870842, 12.244692], [92.88446, 12.239249], [92.901672, 12.25585], [92.913277, 12.22281], [92.89167, 12.233891]]], [[[92.869156, 12.24801], [92.861465, 12.243028], [92.866013, 12.250741], [92.869156, 12.24801]]], [[[92.881943, 12.24889], [92.881111, 12.245271], [92.879448, 12.248056], [92.881943, 12.24889]]], [[[92.901413, 12.259071], [92.900299, 12.258615], [92.899445, 12.260792], [92.901413, 12.259071]]], [[[92.723862, 12.29138], [92.710693, 12.230329], [92.701477, 12.267369], [92.723862, 12.29138]]], [[[92.739517, 12.282104], [92.742859, 12.25524], [92.734787, 12.248491], [92.740082, 12.272709], [92.739517, 12.282104]]], [[[92.922089, 12.230951], [92.901466, 12.288221], [92.926735, 12.280581], [92.934448, 12.310561], [92.922089, 12.230951]]], [[[92.738716, 12.27299], [92.735069, 12.269354], [92.738396, 12.275503], [92.738716, 12.27299]]], [[[92.753113, 12.277511], [92.768013, 12.284501], [92.766739, 12.270321], [92.753113, 12.277511]]], [[[92.735947, 12.281571], [92.73539, 12.28851], [92.738174, 12.292403], [92.735947, 12.281571]]], [[[92.768387, 12.292957], [92.768936, 12.28851], [92.766731, 12.289089], [92.768387, 12.292957]]], [[[92.754997, 12.293611], [92.753052, 12.291945], [92.752777, 12.294167], [92.754997, 12.293611]]], [[[92.876976, 12.295899], [92.880211, 12.29785], [92.8806, 12.295416], [92.876976, 12.295899]]], [[[92.763687, 12.298236], [92.76593, 12.297442], [92.763687, 12.29657], [92.763687, 12.298236]]], [[[92.91111, 12.333332], [92.911942, 12.335281], [92.913612, 12.333056], [92.91111, 12.333332]]], [[[92.904533, 12.339971], [92.905373, 12.341143], [92.906609, 12.33985], [92.904533, 12.339971]]], [[[92.909447, 12.348178], [92.918808, 12.35022], [92.911736, 12.337952], [92.909447, 12.348178]]], [[[92.883987, 12.374156], [92.844353, 12.394951], [92.852905, 12.408831], [92.888786, 12.4076], [92.883987, 12.374156]]], [[[92.895416, 12.392797], [92.896187, 12.395181], [92.897789, 12.394319], [92.895416, 12.392797]]], [[[92.89917, 12.41139], [92.897499, 12.40889], [92.898056, 12.41139], [92.89917, 12.41139]]], [[[92.888298, 12.413332], [92.88858, 12.414162], [92.889488, 12.413952], [92.888298, 12.413332]]], [[[92.869217, 12.413781], [92.860603, 12.413491], [92.858902, 12.416808], [92.869217, 12.413781]]], [[[92.838058, 12.425001], [92.84639, 12.415], [92.833893, 12.4175], [92.838058, 12.425001]]], [[[92.899628, 12.42143], [92.900421, 12.426022], [92.904854, 12.42313], [92.899628, 12.42143]]], [[[92.87587, 12.444741], [92.87545, 12.444048], [92.87426, 12.444531], [92.87587, 12.444741]]], [[[92.956947, 12.622778], [92.968422, 12.496669], [92.932137, 12.480721], [92.957939, 12.46771], [92.915321, 12.443711], [92.914528, 12.405893], [92.908989, 12.421072], [92.87825, 12.44467], [92.885757, 12.453992], [92.854233, 12.457729], [92.834679, 12.494781], [92.849007, 12.458614], [92.899017, 12.415629], [92.796509, 12.43796], [92.7911, 12.469722], [92.794197, 12.438181], [92.830276, 12.427779], [92.838608, 12.395001], [92.859802, 12.36255], [92.889977, 12.35038], [92.895119, 12.320345], [92.832428, 12.302559], [92.809692, 12.314871], [92.795097, 12.306144], [92.771523, 12.319691], [92.754768, 12.295681], [92.720436, 12.30031], [92.699448, 12.328487], [92.707497, 12.596946], [92.684486, 12.608141], [92.753326, 12.670781], [92.777069, 12.667082], [92.785431, 12.619247], [92.787392, 12.70721], [92.768883, 12.672121], [92.732887, 12.674411], [92.746117, 12.722499], [92.721176, 12.787741], [92.723915, 12.827084], [92.737778, 12.81028], [92.760834, 12.859445], [92.782219, 12.807499], [92.769463, 12.861674], [92.781448, 12.848129], [92.791908, 12.889854], [92.841728, 12.875607], [92.873543, 12.881161], [92.895973, 12.89884], [92.897781, 12.927411], [92.910408, 12.908636], [92.921921, 12.91223], [92.905083, 12.884951], [92.928047, 12.883761], [92.954147, 12.807041], [92.934196, 12.773821], [92.980515, 12.709729], [92.956947, 12.622778]]], [[[92.732536, 12.703411], [92.730873, 12.702591], [92.731163, 12.704521], [92.732536, 12.703411]]], [[[92.729576, 12.730891], [92.727867, 12.726731], [92.722893, 12.735611], [92.729576, 12.730891]]], [[[92.725548, 12.752171], [92.725418, 12.753678], [92.726677, 12.753349], [92.725548, 12.752171]]], [[[92.720001, 12.777777], [92.717216, 12.78778], [92.724998, 12.761666], [92.720001, 12.777777]]], [[[92.71563, 12.775651], [92.715637, 12.777011], [92.717636, 12.776161], [92.71563, 12.775651]]], [[[92.716515, 12.795896], [92.715111, 12.795048], [92.715401, 12.796954], [92.716515, 12.795896]]], [[[92.715637, 12.800591], [92.717041, 12.798693], [92.716209, 12.798392], [92.715637, 12.800591]]], [[[92.717041, 12.80256], [92.715965, 12.802585], [92.716492, 12.804281], [92.717041, 12.80256]]], [[[92.727303, 12.83394], [92.725395, 12.832303], [92.727058, 12.83814], [92.727303, 12.83394]]], [[[92.720276, 12.864446], [92.718613, 12.835291], [92.709999, 12.833611], [92.720276, 12.864446]]], [[[92.731476, 12.85532], [92.729561, 12.854759], [92.729843, 12.85643], [92.731476, 12.85532]]], [[[92.7612, 12.86773], [92.765762, 12.872614], [92.767189, 12.857941], [92.7612, 12.86773]]], [[[92.77774, 12.866661], [92.776283, 12.86497], [92.77594, 12.866041], [92.77774, 12.866661]]], [[[92.760429, 12.87725], [92.757057, 12.876131], [92.756996, 12.878431], [92.760429, 12.87725]]], [[[92.79171, 12.890961], [92.785835, 12.881945], [92.78167, 12.885277], [92.79171, 12.890961]]], [[[92.892036, 12.899829], [92.893539, 12.89745], [92.891563, 12.897573], [92.892036, 12.899829]]], [[[92.756752, 12.89448], [92.748405, 12.893373], [92.755081, 12.912811], [92.756752, 12.89448]]], [[[92.792892, 12.89177], [92.774239, 12.906029], [92.791626, 12.916592], [92.792892, 12.89177]]], [[[92.865036, 12.913869], [92.863075, 12.913648], [92.863098, 12.914425], [92.865036, 12.913869]]], [[[92.912262, 12.913659], [92.908607, 12.9136], [92.911423, 12.9175], [92.912262, 12.913659]]], [[[92.76815, 12.916419], [92.766693, 12.917231], [92.766708, 12.917821], [92.76815, 12.916419]]], [[[92.767281, 12.920342], [92.764221, 12.917461], [92.762276, 12.921905], [92.767281, 12.920342]]], [[[92.775902, 12.926121], [92.772057, 12.91785], [92.770081, 12.92895], [92.775902, 12.926121]]], [[[92.886086, 12.922985], [92.865036, 12.916734], [92.860039, 12.933109], [92.886086, 12.922985]]], [[[92.766487, 12.92807], [92.763168, 12.925556], [92.761177, 12.932542], [92.766487, 12.92807]]], [[[92.89003, 12.937241], [92.89283, 12.936421], [92.889496, 12.935047], [92.89003, 12.937241]]], [[[92.90226, 12.94089], [92.903069, 12.938349], [92.899757, 12.940854], [92.90226, 12.94089]]], [[[92.910843, 13.003601], [92.91111, 13.00528], [92.912781, 13.003329], [92.910843, 13.003601]]], [[[92.92083, 13.001112], [92.940002, 13.02528], [92.941658, 12.995321], [92.92083, 13.001112]]], [[[92.914589, 13.042221], [92.916107, 13.047501], [92.918892, 13.043611], [92.914589, 13.042221]]], [[[92.913246, 13.061532], [92.91346, 13.066899], [92.916817, 13.062562], [92.913246, 13.061532]]], [[[92.72805, 13.092781], [92.731392, 13.0932], [92.728333, 13.090279], [92.72805, 13.092781]]], [[[92.797638, 13.169301], [92.796806, 13.167641], [92.79361, 13.16861], [92.797638, 13.169301]]], [[[92.818886, 13.416389], [92.815002, 13.403056], [92.81192, 13.40587], [92.818886, 13.416389]]], [[[92.864998, 13.41194], [92.8675, 13.4125], [92.867516, 13.411602], [92.864998, 13.41194]]], [[[92.841942, 13.425831], [92.821663, 13.436671], [92.84333, 13.440832], [92.841942, 13.425831]]], [[[92.874733, 13.504441], [92.871109, 13.501945], [92.866669, 13.509168], [92.874733, 13.504441]]], [[[92.915283, 13.513612], [92.921387, 13.51278], [92.913887, 13.507502], [92.915283, 13.513612]]], [[[92.912498, 13.533333], [92.906113, 13.530279], [92.904724, 13.533889], [92.912498, 13.533333]]], [[[92.878609, 13.53778], [92.875832, 13.534721], [92.873886, 13.536668], [92.878609, 13.53778]]], [[[92.881386, 13.582777], [92.90361, 13.596388], [92.885277, 13.574171], [92.881386, 13.582777]]], [[[93.784447, 6.849166], [93.790916, 6.851042], [93.785278, 6.848061], [93.784447, 6.849166]]], [[[93.945503, 6.95583], [93.897224, 6.902156], [93.902138, 6.812967], [93.882568, 6.792778], [93.850906, 6.816051], [93.828316, 6.754256], [93.804886, 6.764531], [93.815552, 6.81611], [93.786613, 6.830983], [93.794441, 6.850279], [93.771599, 6.876737], [93.78083, 6.890277], [93.741943, 6.925], [93.745277, 6.961945], [93.693886, 7.01514], [93.663033, 7.006646], [93.657272, 7.099621], [93.674721, 7.1125], [93.655563, 7.125281], [93.686111, 7.19], [93.733612, 7.187221], [93.760559, 7.214446], [93.802513, 7.201391], [93.806946, 7.233611], [93.848053, 7.24028], [93.846107, 7.218056], [93.882767, 7.203611], [93.887779, 7.08639], [93.947807, 6.998874], [93.913902, 7.0], [93.945503, 6.95583]]], [[[93.712219, 7.208055], [93.709091, 7.23125], [93.721527, 7.213122], [93.712219, 7.208055]]], [[[93.845901, 7.285641], [93.845001, 7.285555], [93.844223, 7.28844], [93.845901, 7.285641]]], [[[93.71389, 7.392779], [93.713058, 7.443611], [93.755745, 7.359843], [93.648331, 7.2425], [93.621109, 7.308332], [93.6325, 7.370555], [93.71389, 7.392779]]], [[[93.665359, 7.384032], [93.666191, 7.38353], [93.662033, 7.383211], [93.665359, 7.384032]]], [[[93.772499, 7.398333], [93.769997, 7.39362], [93.762222, 7.398055], [93.772499, 7.398333]]], [[[93.683052, 7.405278], [93.695, 7.399445], [93.690834, 7.396667], [93.683052, 7.405278]]], [[[93.652496, 7.473611], [93.651947, 7.470279], [93.644165, 7.470833], [93.652496, 7.473611]]], [[[93.633148, 7.475521], [93.63028, 7.479721], [93.6325, 7.480001], [93.633148, 7.475521]]], [[[93.539719, 7.52], [93.550293, 7.517026], [93.542503, 7.509999], [93.539719, 7.52]]], [[[93.342697, 7.90506], [93.34243, 7.904139], [93.340431, 7.904721], [93.342697, 7.90506]]], [[[93.340462, 7.909511], [93.339378, 7.90865], [93.338783, 7.91058], [93.340462, 7.909511]]], [[[93.356392, 7.88889], [93.358055, 7.941665], [93.330833, 7.923332], [93.310555, 7.961945], [93.326668, 8.0025], [93.379997, 8.024722], [93.474724, 7.8925], [93.46167, 7.872222], [93.422501, 7.907223], [93.356392, 7.88889]]], [[[93.532501, 8.025], [93.582771, 7.99167], [93.577499, 7.928333], [93.507233, 7.984721], [93.532501, 8.025]]], [[[93.601387, 8.05], [93.561386, 8.118055], [93.578613, 8.125279], [93.601387, 8.05]]], [[[93.500832, 7.997219], [93.485275, 8.044443], [93.505623, 8.040696], [93.511108, 8.068333], [93.518059, 8.046946], [93.529861, 8.07868], [93.514442, 8.08389], [93.485001, 8.051944], [93.453888, 8.173611], [93.494652, 8.222774], [93.544167, 8.225001], [93.503052, 8.14818], [93.548332, 8.08833], [93.550278, 8.036111], [93.5084, 8.033815], [93.500832, 7.997219]]], [[[93.239441, 8.22083], [93.220123, 8.245062], [93.235283, 8.26556], [93.251709, 8.233434], [93.239441, 8.22083]]], [[[93.126389, 8.276388], [93.20472, 8.215561], [93.199448, 8.193891], [93.120834, 8.222501], [93.087219, 8.269444], [93.094719, 8.339167], [93.126274, 8.355864], [93.143402, 8.346504], [93.126389, 8.276388]]], [[[93.645279, 8.394721], [93.653336, 8.387777], [93.643677, 8.393404], [93.645279, 8.394721]]], [[[93.633949, 8.394922], [93.633247, 8.398042], [93.635406, 8.396793], [93.633949, 8.394922]]], [[[93.057503, 8.439167], [93.035278, 8.448611], [93.043892, 8.473333], [93.056946, 8.46], [93.057503, 8.439167]]], [[[93.613609, 8.485278], [93.611115, 8.485834], [93.613487, 8.486055], [93.613609, 8.485278]]], [[[93.642426, 8.468536], [93.622856, 8.42162], [93.615997, 8.573626], [93.642426, 8.468536]]], [[[93.609444, 8.579445], [93.60833, 8.578059], [93.60659, 8.58125], [93.609444, 8.579445]]], [[[93.086349, 11.785963], [93.077576, 11.781004], [93.084793, 11.789681], [93.086349, 11.785963]]], [[[93.011971, 11.848491], [93.063316, 11.84476], [93.07222, 11.835562], [93.049988, 11.812221], [93.011971, 11.848491]]], [[[92.925537, 11.99579], [92.964996, 12.049723], [93.009453, 12.018891], [93.054031, 11.90315], [93.042671, 11.882261], [93.000389, 11.9502], [92.97438, 11.948391], [92.925537, 11.99579]]], [[[92.969467, 12.064961], [92.971069, 12.065201], [92.971085, 12.064255], [92.969467, 12.064961]]], [[[92.97509, 12.065711], [92.95961, 12.106483], [93.00528, 12.102781], [92.992775, 12.043617], [92.97509, 12.065711]]], [[[92.957825, 12.099057], [92.949722, 12.088329], [92.948631, 12.115841], [92.957825, 12.099057]]], [[[93.004166, 12.113334], [93.027779, 12.156941], [93.045525, 12.04537], [93.007019, 12.075776], [93.007263, 12.10723], [92.955605, 12.142192], [92.984985, 12.148141], [93.004166, 12.113334]]], [[[92.993896, 12.111071], [92.992462, 12.110531], [92.992493, 12.11164], [92.993896, 12.111071]]], [[[93.098755, 12.135815], [93.0979, 12.133509], [93.096321, 12.134783], [93.098755, 12.135815]]], [[[93.123611, 12.140262], [93.115562, 12.129951], [93.109093, 12.143081], [93.123611, 12.140262]]], [[[93.037186, 12.133361], [93.068604, 12.211334], [93.095001, 12.142422], [93.074646, 12.08363], [93.037186, 12.133361]]], [[[92.94162, 12.217351], [92.933167, 12.195855], [92.924881, 12.211471], [92.94162, 12.217351]]], [[[93.021988, 12.224196], [93.019806, 12.222641], [93.01918, 12.22291], [93.021988, 12.224196]]], [[[93.100746, 12.203941], [93.063332, 12.229166], [93.077774, 12.261945], [93.08667, 12.237219], [93.105988, 12.260204], [93.100746, 12.203941]]], [[[93.027, 12.27353], [93.022079, 12.274765], [93.024483, 12.278022], [93.027, 12.27353]]], [[[93.82415, 12.307475], [93.85083, 12.287291], [93.839699, 12.32082], [93.875267, 12.288059], [93.880699, 12.236642], [93.862503, 12.266043], [93.861679, 12.23377], [93.832008, 12.241241], [93.850204, 12.269443], [93.826683, 12.24486], [93.82415, 12.307475]]], [[[93.068527, 12.31906], [93.072937, 12.315391], [93.063011, 12.315922], [93.068527, 12.31906]]], [[[92.956253, 12.43549], [92.932343, 12.359449], [92.919334, 12.364615], [92.930573, 12.41518], [92.956253, 12.43549]]], [[[92.936699, 12.91504], [92.934166, 12.913037], [92.931419, 12.918671], [92.936699, 12.91504]]], [[[93.006737, 12.9969], [92.982826, 12.934481], [92.95195, 12.940539], [92.974243, 12.94533], [92.959747, 12.988912], [92.972206, 12.96914], [93.006737, 12.9969]]], [[[92.986389, 13.000002], [92.989441, 13.00056], [92.988861, 12.998381], [92.986389, 13.000002]]], [[[92.948608, 13.021111], [92.945267, 13.02528], [92.949448, 13.02471], [92.948608, 13.021111]]], [[[92.934448, 13.05139], [92.932495, 13.050004], [92.93222, 13.05278], [92.934448, 13.05139]]], [[[93.059067, 13.22193], [93.05793, 13.226664], [93.059998, 13.225554], [93.059067, 13.22193]]], [[[93.070831, 13.40611], [93.02829, 13.373181], [93.055275, 13.382222], [93.090591, 13.335933], [93.065834, 13.303056], [93.059998, 13.329171], [93.039856, 13.322981], [93.041664, 13.367221], [92.986778, 13.329011], [92.969429, 13.36052], [92.950539, 13.343901], [92.964783, 13.324521], [93.009453, 13.320002], [93.006767, 13.30931], [93.021942, 13.29528], [93.01255, 13.29518], [93.012497, 13.276666], [93.066673, 13.2725], [93.032219, 13.178891], [93.034882, 13.080991], [93.003899, 13.028589], [92.965828, 13.035], [92.974617, 13.012861], [92.934776, 13.042802], [92.936676, 13.084713], [92.934357, 13.060743], [92.914909, 13.07035], [92.89431, 13.056531], [92.91629, 13.05415], [92.901665, 13.021804], [92.908058, 13.0], [92.938522, 12.971276], [92.912682, 12.946451], [92.906937, 12.985028], [92.882301, 12.982724], [92.854439, 12.92743], [92.872932, 12.88323], [92.841713, 12.87663], [92.794197, 12.914382], [92.794136, 12.985611], [92.81826, 12.986781], [92.825066, 13.012708], [92.78833, 13.019172], [92.796669, 13.08944], [92.81028, 13.07528], [92.82222, 13.096391], [92.809998, 13.126929], [92.847496, 13.139159], [92.809723, 13.153055], [92.835556, 13.173891], [92.818886, 13.183889], [92.827774, 13.236667], [92.854439, 13.257221], [92.822502, 13.277222], [92.842224, 13.301944], [92.821663, 13.309721], [92.839439, 13.374721], [92.866943, 13.385561], [92.843063, 13.402222], [92.867775, 13.402222], [92.884163, 13.429722], [92.871666, 13.471391], [92.929443, 13.501667], [92.917503, 13.53639], [92.988892, 13.527777], [92.987778, 13.573061], [93.010117, 13.54196], [93.029442, 13.573334], [93.044998, 13.525279], [93.021111, 13.431121], [93.070831, 13.40611]]], [[[93.016113, 13.284999], [93.015198, 13.283333], [93.014313, 13.284361], [93.016113, 13.284999]]], [[[93.078888, 13.3], [93.073059, 13.29778], [93.071114, 13.300549], [93.078888, 13.3]]], [[[93.025093, 13.328332], [93.021721, 13.302961], [93.00943, 13.310969], [93.025093, 13.328332]]], [[[92.96611, 13.335557], [92.969719, 13.338333], [92.967781, 13.335281], [92.96611, 13.335557]]], [[[93.016121, 13.337932], [93.013908, 13.337708], [93.014427, 13.340386], [93.016121, 13.337932]]], [[[93.036606, 13.342501], [93.038048, 13.343901], [93.038612, 13.342499], [93.036606, 13.342501]]], [[[93.078056, 13.363141], [93.07386, 13.365755], [93.076172, 13.366786], [93.078056, 13.363141]]], [[[93.083473, 13.368821], [93.080971, 13.368055], [93.081947, 13.370001], [93.083473, 13.368821]]], [[[93.061623, 13.38529], [93.063286, 13.38694], [93.063995, 13.385429], [93.061623, 13.38529]]], [[[93.091476, 13.410342], [93.0886, 13.410203], [93.087059, 13.415771], [93.091476, 13.410342]]], [[[93.072685, 13.431103], [93.071907, 13.413631], [93.06897, 13.4133], [93.072685, 13.431103]]], [[[93.103058, 13.434722], [93.104248, 13.429929], [93.098892, 13.430556], [93.103058, 13.434722]]], [[[94.275002, 13.440557], [94.249443, 13.44625], [94.273331, 13.464444], [94.275002, 13.440557]]], [[[93.006813, 13.559361], [93.005554, 13.556945], [93.006187, 13.559976], [93.006813, 13.559361]]], [[[93.057411, 13.562399], [93.053886, 13.559721], [93.052223, 13.564653], [93.057411, 13.562399]]], [[[93.067497, 13.65062], [93.046951, 13.620832], [93.042503, 13.636945], [93.067497, 13.65062]]], [[[93.027779, 13.62694], [92.976669, 13.655], [93.015831, 13.676112], [93.027779, 13.62694]]], [[[93.022919, 13.67128], [93.022697, 13.6743], [93.024239, 13.672511], [93.022919, 13.67128]]], [[[93.23243, 13.983264], [93.21833, 13.976801], [93.224426, 14.015831], [93.23243, 13.983264]]], [[[93.363541, 14.04806], [93.364243, 14.056862], [93.366943, 14.0525], [93.363541, 14.04806]]], [[[93.353333, 14.145831], [93.378609, 14.147221], [93.364304, 14.058731], [93.353333, 14.145831]]], [[[93.382233, 14.127219], [93.380836, 14.128331], [93.382225, 14.129444], [93.382233, 14.127219]]], [[[93.37278, 14.18972], [93.366943, 14.178889], [93.359726, 14.18722], [93.37278, 14.18972]]], [[[93.357498, 14.188888], [93.360153, 14.192361], [93.361107, 14.19111], [93.357498, 14.188888]]], [[[93.549286, 14.785089], [93.550339, 14.788383], [93.550903, 14.787701], [93.549286, 14.785089]]], [[[93.568962, 14.8486], [93.569649, 14.849521], [93.571945, 14.848055], [93.568962, 14.8486]]], [[[93.57132, 14.86132], [93.570557, 14.859168], [93.569725, 14.860834], [93.57132, 14.86132]]], [[[93.611946, 14.835561], [93.612923, 14.873657], [93.641388, 14.902499], [93.636421, 14.874299], [93.611946, 14.835561]]], [[[93.572464, 14.868159], [93.568047, 14.871111], [93.569443, 14.872152], [93.572464, 14.868159]]], [[[93.651947, 14.9327], [93.650833, 14.929721], [93.646111, 14.935278], [93.651947, 14.9327]]]]}, "properties": {"country": "India"}}]}