Rainfall_ID,Station,State,District LGD Code,District,Latitude,Longitude,Date,Daily_Rainfall_mm,Max_Hourly_Rainfall_mm,Rainfall_Readings
1,Joshiyara,Uttarakhand,57,Uttarkashi,30.73122222,78.42733333,2007-01-02,1.0,0.5,2
2,Kempty,Uttarakhand,55,Tehri Garhwal,30.49075,78.04738889,2007-01-03,6.5,6.0,2
3,Joshiyara,Uttarakhand,57,Uttarkashi,30.73122222,78.42733333,2022-01-31,2.0,2.0,1
4,Tanakpur_1,Uttarakhand,48,Champawat,29.07222222,80.1175,2022-06-21,0.5,0.5,1
5,Roorkee_2,Uttarakhand,50,Haridwar,29.86771944,77.88415556,2022-06-23,70.5,13.0,6
6,Roorkee_2,Uttarakhand,50,Haridwar,29.86771944,77.88415556,2022-06-24,26.0,13.0,2
7,Roorkee_2,Uttarakhand,50,Haridwar,29.86771944,77.88415556,2022-06-29,1.5,0.5,3
8,Roorkee_2,Uttarakhand,50,Haridwar,29.86771944,77.88415556,2022-06-30,3.0,2.0,3
9,Roorkee_2,Uttarakhand,50,Haridwar,29.86771944,77.88415556,2022-07-01,8.0,4.0,2
10,Roorkee_2,Uttarakhand,50,Haridwar,29.86771944,77.88415556,2022-07-03,0.5,0.5,1
11,Gairsain (Ramganga),Uttarakhand,47,Chamoli,30.045,79.2855,2022-07-05,26.0,13.0,2
12,Gairsain (Ramganga),Uttarakhand,47,Chamoli,30.045,79.2855,2022-07-06,68.0,14.5,5
13,Roorkee_2,Uttarakhand,50,Haridwar,29.86771944,77.88415556,2022-07-06,5.0,1.0,5
14,Gairsain (Ramganga),Uttarakhand,47,Chamoli,30.045,79.2855,2022-07-07,11.5,9.5,2
15,Roorkee_2,Uttarakhand,50,Haridwar,29.86771944,77.88415556,2022-07-07,3.0,1.0,3
16,Gairsain (Ramganga),Uttarakhand,47,Chamoli,30.045,79.2855,2022-07-09,15.5,4.0,4
17,Roorkee_2,Uttarakhand,50,Haridwar,29.86771944,77.88415556,2022-07-09,1.0,0.5,2
18,Gairsain (Ramganga),Uttarakhand,47,Chamoli,30.045,79.2855,2022-07-10,1.0,0.5,2
19,Roorkee_2,Uttarakhand,50,Haridwar,29.86771944,77.88415556,2022-07-10,4.0,2.5,4
20,Gairsain (Ramganga),Uttarakhand,47,Chamoli,30.045,79.2855,2022-07-11,6.0,1.5,5
21,Tanakpur_1,Uttarakhand,48,Champawat,29.07222222,80.1175,2022-07-11,10.5,1.5,7
22,Roorkee_2,Uttarakhand,50,Haridwar,29.86771944,77.88415556,2022-07-11,1.0,0.5,2
23,Roorkee_2,Uttarakhand,50,Haridwar,29.86771944,77.88415556,2022-07-12,1.0,0.5,2
24,Gairsain (Ramganga),Uttarakhand,47,Chamoli,30.045,79.2855,2022-07-13,19.0,5.0,5
25,Gairsain (Ramganga),Uttarakhand,47,Chamoli,30.045,79.2855,2022-07-14,8.5,4.5,2
26,Roorkee_2,Uttarakhand,50,Haridwar,29.86771944,77.88415556,2022-07-14,70.5,24.0,5
27,Gairsain (Ramganga),Uttarakhand,47,Chamoli,30.045,79.2855,2022-07-15,13.0,5.0,3
28,Roorkee_2,Uttarakhand,50,Haridwar,29.86771944,77.88415556,2022-07-15,15.0,7.5,2
29,Gairsain (Ramganga),Uttarakhand,47,Chamoli,30.045,79.2855,2022-07-16,7.5,1.5,7
30,Gairsain (Ramganga),Uttarakhand,47,Chamoli,30.045,79.2855,2022-07-17,1.5,0.5,3
31,Roorkee_2,Uttarakhand,50,Haridwar,29.86771944,77.88415556,2022-07-17,23.0,6.0,4
32,Tanakpur_1,Uttarakhand,48,Champawat,29.07222222,80.1175,2022-07-18,5.0,2.5,2
33,Roorkee_2,Uttarakhand,50,Haridwar,29.86771944,77.88415556,2022-07-18,84.0,83.0,3
34,Tanakpur_1,Uttarakhand,48,Champawat,29.07222222,80.1175,2022-07-19,20.0,15.5,4
35,Roorkee_2,Uttarakhand,50,Haridwar,29.86771944,77.88415556,2022-07-19,9.0,8.5,2
36,Gairsain (Ramganga),Uttarakhand,47,Chamoli,30.045,79.2855,2022-07-20,4.5,4.5,1
37,Tanakpur_1,Uttarakhand,48,Champawat,29.07222222,80.1175,2022-07-20,11.0,2.5,5
38,Roorkee_2,Uttarakhand,50,Haridwar,29.86771944,77.88415556,2022-07-20,63.5,23.5,4
39,Joshiyara,Uttarakhand,57,Uttarkashi,30.73122222,78.42733333,2022-07-20,35.5,10.0,4
40,Gairsain (Ramganga),Uttarakhand,47,Chamoli,30.045,79.2855,2022-07-21,1.5,0.5,3
41,Tanakpur_1,Uttarakhand,48,Champawat,29.07222222,80.1175,2022-07-21,8.5,2.5,5
42,Roorkee_2,Uttarakhand,50,Haridwar,29.86771944,77.88415556,2022-07-21,47.0,23.5,2
43,Joshiyara,Uttarakhand,57,Uttarkashi,30.73122222,78.42733333,2022-07-21,23.5,10.0,9
44,Gairsain (Ramganga),Uttarakhand,47,Chamoli,30.045,79.2855,2022-07-23,39.0,10.5,4
45,Joshiyara,Uttarakhand,57,Uttarkashi,30.73122222,78.42733333,2022-07-23,1.5,1.5,1
46,Gairsain (Ramganga),Uttarakhand,47,Chamoli,30.045,79.2855,2022-07-24,37.0,9.5,4
47,Joshiyara,Uttarakhand,57,Uttarkashi,30.73122222,78.42733333,2022-07-24,91.5,17.5,6
48,Tanakpur_1,Uttarakhand,48,Champawat,29.07222222,80.1175,2022-07-25,4.5,4.5,1
49,Roorkee_2,Uttarakhand,50,Haridwar,29.86771944,77.88415556,2022-07-25,64.0,64.0,1
50,Joshiyara,Uttarakhand,57,Uttarkashi,30.73122222,78.42733333,2022-07-25,18.5,7.5,3
51,Gairsain (Ramganga),Uttarakhand,47,Chamoli,30.045,79.2855,2022-07-26,16.5,4.0,5
52,Tanakpur_1,Uttarakhand,48,Champawat,29.07222222,80.1175,2022-07-26,25.5,8.0,7
53,Joshiyara,Uttarakhand,57,Uttarkashi,30.73122222,78.42733333,2022-07-26,40.5,6.5,10
54,Gairsain (Ramganga),Uttarakhand,47,Chamoli,30.045,79.2855,2022-07-27,11.0,2.5,5
55,Tanakpur_1,Uttarakhand,48,Champawat,29.07222222,80.1175,2022-07-27,54.5,15.5,4
56,Joshiyara,Uttarakhand,57,Uttarkashi,30.73122222,78.42733333,2022-07-27,3.0,2.0,3
57,Kosi_1,Uttarakhand,45,Almora,29.6191,79.62060833,2022-07-28,4.5,4.5,1
58,Gairsain (Ramganga),Uttarakhand,47,Chamoli,30.045,79.2855,2022-07-28,16.0,16.0,1
59,Tanakpur_1,Uttarakhand,48,Champawat,29.07222222,80.1175,2022-07-28,40.5,25.0,2
60,Joshiyara,Uttarakhand,57,Uttarkashi,30.73122222,78.42733333,2022-07-28,30.0,8.0,7
61,Gairsain (Ramganga),Uttarakhand,47,Chamoli,30.045,79.2855,2022-07-29,13.0,4.5,6
62,Tanakpur_1,Uttarakhand,48,Champawat,29.07222222,80.1175,2022-07-29,129.5,26.0,5
63,Roorkee_2,Uttarakhand,50,Haridwar,29.86771944,77.88415556,2022-07-29,8.5,2.5,4
64,Joshiyara,Uttarakhand,57,Uttarkashi,30.73122222,78.42733333,2022-07-29,47.5,8.5,11
65,Gairsain (Ramganga),Uttarakhand,47,Chamoli,30.045,79.2855,2022-07-30,68.5,31.0,5
66,Tanakpur_1,Uttarakhand,48,Champawat,29.07222222,80.1175,2022-07-30,90.5,42.5,4
67,Roorkee_2,Uttarakhand,50,Haridwar,29.86771944,77.88415556,2022-07-30,19.5,5.0,4
68,Joshiyara,Uttarakhand,57,Uttarkashi,30.73122222,78.42733333,2022-07-30,20.0,15.0,4
69,Gairsain (Ramganga),Uttarakhand,47,Chamoli,30.045,79.2855,2022-07-31,13.5,3.0,5
70,Tanakpur_1,Uttarakhand,48,Champawat,29.07222222,80.1175,2022-07-31,139.0,42.5,7
71,Roorkee_2,Uttarakhand,50,Haridwar,29.86771944,77.88415556,2022-07-31,17.0,5.5,4
72,Joshiyara,Uttarakhand,57,Uttarkashi,30.73122222,78.42733333,2022-07-31,22.5,5.0,7
73,Gairsain (Ramganga),Uttarakhand,47,Chamoli,30.045,79.2855,2022-08-01,7.5,3.0,6
74,Tanakpur_1,Uttarakhand,48,Champawat,29.07222222,80.1175,2022-08-01,111.5,33.5,6
75,Roorkee_2,Uttarakhand,50,Haridwar,29.86771944,77.88415556,2022-08-01,7.5,4.0,2
76,Joshiyara,Uttarakhand,57,Uttarkashi,30.73122222,78.42733333,2022-08-01,10.0,5.0,2
77,Gairsain (Ramganga),Uttarakhand,47,Chamoli,30.045,79.2855,2022-08-02,0.5,0.5,1
78,Tanakpur_1,Uttarakhand,48,Champawat,29.07222222,80.1175,2022-08-02,35.5,33.5,2
79,Roorkee_2,Uttarakhand,50,Haridwar,29.86771944,77.88415556,2022-08-02,8.0,4.0,2
80,Gairsain (Ramganga),Uttarakhand,47,Chamoli,30.045,79.2855,2022-08-03,20.0,7.0,10
81,Tanakpur_1,Uttarakhand,48,Champawat,29.07222222,80.1175,2022-08-03,111.5,59.0,6
82,Joshiyara,Uttarakhand,57,Uttarkashi,30.73122222,78.42733333,2022-08-03,49.5,9.5,6
83,Gairsain (Ramganga),Uttarakhand,47,Chamoli,30.045,79.2855,2022-08-04,17.5,8.5,5
84,Tanakpur_1,Uttarakhand,48,Champawat,29.07222222,80.1175,2022-08-04,91.5,24.5,6
85,Dakpathar,Uttarakhand,49,Dehradun,30.49866667,77.79744444,2022-08-04,24.5,11.0,3
86,Roorkee_2,Uttarakhand,50,Haridwar,29.86771944,77.88415556,2022-08-04,30.0,30.0,1
87,Joshiyara,Uttarakhand,57,Uttarkashi,30.73122222,78.42733333,2022-08-04,89.0,34.5,7
88,Gairsain (Ramganga),Uttarakhand,47,Chamoli,30.045,79.2855,2022-08-05,11.0,2.0,7
89,Tanakpur_1,Uttarakhand,48,Champawat,29.07222222,80.1175,2022-08-05,105.5,27.5,5
90,Dakpathar,Uttarakhand,49,Dehradun,30.49866667,77.79744444,2022-08-05,33.0,11.0,3
91,Joshiyara,Uttarakhand,57,Uttarkashi,30.73122222,78.42733333,2022-08-05,39.5,12.0,4
92,Gairsain (Ramganga),Uttarakhand,47,Chamoli,30.045,79.2855,2022-08-06,16.5,8.5,4
93,Tanakpur_1,Uttarakhand,48,Champawat,29.07222222,80.1175,2022-08-06,14.5,3.0,9
94,Joshiyara,Uttarakhand,57,Uttarkashi,30.73122222,78.42733333,2022-08-06,18.0,7.0,9
95,Gairsain (Ramganga),Uttarakhand,47,Chamoli,30.045,79.2855,2022-08-07,20.0,18.0,2
96,Tanakpur_1,Uttarakhand,48,Champawat,29.07222222,80.1175,2022-08-07,1.0,0.5,2
97,Joshiyara,Uttarakhand,57,Uttarkashi,30.73122222,78.42733333,2022-08-07,78.0,29.0,10
98,Dakpathar,Uttarakhand,49,Dehradun,30.49866667,77.79744444,2022-08-08,1.0,1.0,1
99,Joshiyara,Uttarakhand,57,Uttarkashi,30.73122222,78.42733333,2022-08-08,3.5,1.5,4
100,Dakpathar,Uttarakhand,49,Dehradun,30.49866667,77.79744444,2022-08-09,4.5,1.5,3
101,Joshiyara,Uttarakhand,57,Uttarkashi,30.73122222,78.42733333,2022-08-09,8.5,7.0,2
102,Gairsain (Ramganga),Uttarakhand,47,Chamoli,30.045,79.2855,2022-08-10,73.0,29.5,3
103,Tanakpur_1,Uttarakhand,48,Champawat,29.07222222,80.1175,2022-08-10,6.0,6.0,1
104,Dakpathar,Uttarakhand,49,Dehradun,30.49866667,77.79744444,2022-08-10,47.5,25.0,3
105,Joshiyara,Uttarakhand,57,Uttarkashi,30.73122222,78.42733333,2022-08-10,2.5,2.5,1
106,Gairsain (Ramganga),Uttarakhand,47,Chamoli,30.045,79.2855,2022-08-11,35.0,35.0,1
107,Tanakpur_1,Uttarakhand,48,Champawat,29.07222222,80.1175,2022-08-11,2.0,0.5,4
108,Dakpathar,Uttarakhand,49,Dehradun,30.49866667,77.79744444,2022-08-11,139.0,69.5,2
109,Joshiyara,Uttarakhand,57,Uttarkashi,30.73122222,78.42733333,2022-08-11,92.0,39.0,3
110,Tanakpur_1,Uttarakhand,48,Champawat,29.07222222,80.1175,2022-08-12,1.5,0.5,3
111,Joshiyara,Uttarakhand,57,Uttarkashi,30.73122222,78.42733333,2022-08-13,15.0,5.0,3
112,Gairsain (Ramganga),Uttarakhand,47,Chamoli,30.045,79.2855,2022-08-14,25.5,12.0,3
113,Tanakpur_1,Uttarakhand,48,Champawat,29.07222222,80.1175,2022-08-14,31.5,10.5,3
114,Dakpathar,Uttarakhand,49,Dehradun,30.49866667,77.79744444,2022-08-14,12.0,6.0,2
115,Joshiyara,Uttarakhand,57,Uttarkashi,30.73122222,78.42733333,2022-08-14,62.5,20.5,5
116,Gairsain (Ramganga),Uttarakhand,47,Chamoli,30.045,79.2855,2022-08-15,29.5,27.5,5
117,Tanakpur_1,Uttarakhand,48,Champawat,29.07222222,80.1175,2022-08-15,11.0,11.0,1
118,Dakpathar,Uttarakhand,49,Dehradun,30.49866667,77.79744444,2022-08-15,23.5,8.0,3
119,Joshiyara,Uttarakhand,57,Uttarkashi,30.73122222,78.42733333,2022-08-15,81.0,27.5,7
120,Gairsain (Ramganga),Uttarakhand,47,Chamoli,30.045,79.2855,2022-08-16,1.5,0.5,3
121,Dakpathar,Uttarakhand,49,Dehradun,30.49866667,77.79744444,2022-08-16,1.5,1.5,1
122,Joshiyara,Uttarakhand,57,Uttarkashi,30.73122222,78.42733333,2022-08-16,3.0,1.0,3
123,Tanakpur_1,Uttarakhand,48,Champawat,29.07222222,80.1175,2022-08-17,11.0,5.5,2
124,Dakpathar,Uttarakhand,49,Dehradun,30.49866667,77.79744444,2022-08-17,5.5,1.5,5
125,Joshiyara,Uttarakhand,57,Uttarkashi,30.73122222,78.42733333,2022-08-17,27.0,13.5,2
126,Assan_1,Uttarakhand,49,Dehradun,30.43582222,77.66580833,2022-08-18,28.5,9.5,3
127,Dakpathar,Uttarakhand,49,Dehradun,30.49866667,77.79744444,2022-08-18,1.0,0.5,2
128,Gairsain (Ramganga),Uttarakhand,47,Chamoli,30.045,79.2855,2022-08-19,62.0,32.0,2
129,Tanakpur_1,Uttarakhand,48,Champawat,29.07222222,80.1175,2022-08-19,5.5,4.5,2
130,Assan_1,Uttarakhand,49,Dehradun,30.43582222,77.66580833,2022-08-19,5.0,1.0,5
131,Dakpathar,Uttarakhand,49,Dehradun,30.49866667,77.79744444,2022-08-19,12.0,3.0,5
132,Joshiyara,Uttarakhand,57,Uttarkashi,30.73122222,78.42733333,2022-08-19,58.0,26.5,4
133,Gairsain (Ramganga),Uttarakhand,47,Chamoli,30.045,79.2855,2022-08-20,45.5,35.5,4
134,Tanakpur_1,Uttarakhand,48,Champawat,29.07222222,80.1175,2022-08-20,13.0,13.0,1
135,Assan_1,Uttarakhand,49,Dehradun,30.43582222,77.66580833,2022-08-20,2.0,1.0,2
136,Dakpathar,Uttarakhand,49,Dehradun,30.49866667,77.79744444,2022-08-20,9.0,3.0,5
137,Joshiyara,Uttarakhand,57,Uttarkashi,30.73122222,78.42733333,2022-08-20,88.5,41.5,8
138,Gairsain (Ramganga),Uttarakhand,47,Chamoli,30.045,79.2855,2022-08-21,10.5,3.5,3
139,Dakpathar,Uttarakhand,49,Dehradun,30.49866667,77.79744444,2022-08-21,7.5,1.5,5
140,Joshiyara,Uttarakhand,57,Uttarkashi,30.73122222,78.42733333,2022-08-21,14.0,3.5,4
141,Dakpathar,Uttarakhand,49,Dehradun,30.49866667,77.79744444,2022-08-22,286.5,273.0,12
142,Dakpathar,Uttarakhand,49,Dehradun,30.49866667,77.79744444,2022-08-23,5.5,4.5,2
143,Kosi_1,Uttarakhand,45,Almora,29.6191,79.62060833,2022-08-28,4.5,1.5,3
144,Gairsain (Ramganga),Uttarakhand,47,Chamoli,30.045,79.2855,2022-08-28,11.5,3.5,4
145,Tanakpur_1,Uttarakhand,48,Champawat,29.07222222,80.1175,2022-08-28,162.0,55.0,4
146,Kosi_1,Uttarakhand,45,Almora,29.6191,79.62060833,2022-08-29,11.0,5.0,3
147,Gairsain (Ramganga),Uttarakhand,47,Chamoli,30.045,79.2855,2022-08-29,52.5,5.0,12
148,Tanakpur_1,Uttarakhand,48,Champawat,29.07222222,80.1175,2022-08-29,207.0,70.5,5
149,Assan_1,Uttarakhand,49,Dehradun,30.43582222,77.66580833,2022-08-29,47.5,8.0,8
150,Joshiyara,Uttarakhand,57,Uttarkashi,30.73122222,78.42733333,2022-08-29,68.0,16.5,10
151,Gairsain (Ramganga),Uttarakhand,47,Chamoli,30.045,79.2855,2022-08-30,17.0,5.5,4
152,Tanakpur_1,Uttarakhand,48,Champawat,29.07222222,80.1175,2022-08-30,10.0,3.0,4
153,Assan_1,Uttarakhand,49,Dehradun,30.43582222,77.66580833,2022-08-30,15.0,7.5,2
154,Dakpathar,Uttarakhand,49,Dehradun,30.49866667,77.79744444,2022-08-30,0.5,0.5,1
155,Joshiyara,Uttarakhand,57,Uttarkashi,30.73122222,78.42733333,2022-08-30,35.0,11.5,4
156,Gairsain (Ramganga),Uttarakhand,47,Chamoli,30.045,79.2855,2022-08-31,3.0,0.5,6
157,Tanakpur_1,Uttarakhand,48,Champawat,29.07222222,80.1175,2022-08-31,73.0,19.5,5
158,Dakpathar,Uttarakhand,49,Dehradun,30.49866667,77.79744444,2022-08-31,13.5,4.0,6
159,Joshiyara,Uttarakhand,57,Uttarkashi,30.73122222,78.42733333,2022-08-31,2.5,0.5,5
160,Gairsain (Ramganga),Uttarakhand,47,Chamoli,30.045,79.2855,2022-09-01,9.0,1.5,10
161,Tanakpur_1,Uttarakhand,48,Champawat,29.07222222,80.1175,2022-09-01,56.5,19.5,5
162,Assan_1,Uttarakhand,49,Dehradun,30.43582222,77.66580833,2022-09-01,6.0,1.5,4
163,Dakpathar,Uttarakhand,49,Dehradun,30.49866667,77.79744444,2022-09-01,16.0,4.0,4
164,Gairsain (Ramganga),Uttarakhand,47,Chamoli,30.045,79.2855,2022-09-02,4.5,1.5,3
165,Tanakpur_1,Uttarakhand,48,Champawat,29.07222222,80.1175,2022-09-02,82.5,28.5,3
166,Assan_1,Uttarakhand,49,Dehradun,30.43582222,77.66580833,2022-09-02,6.0,1.5,4
167,Gairsain (Ramganga),Uttarakhand,47,Chamoli,30.045,79.2855,2022-09-03,28.5,5.5,6
168,Tanakpur_1,Uttarakhand,48,Champawat,29.07222222,80.1175,2022-09-03,1.0,0.5,2
169,Assan_1,Uttarakhand,49,Dehradun,30.43582222,77.66580833,2022-09-03,41.0,5.0,10
170,Gairsain (Ramganga),Uttarakhand,47,Chamoli,30.045,79.2855,2022-09-04,26.5,6.0,5
171,Tanakpur_1,Uttarakhand,48,Champawat,29.07222222,80.1175,2022-09-04,45.5,17.0,5
172,Assan_1,Uttarakhand,49,Dehradun,30.43582222,77.66580833,2022-09-04,15.0,5.0,3
173,Dakpathar,Uttarakhand,49,Dehradun,30.49866667,77.79744444,2022-09-04,39.0,9.5,5
174,Doiwala (Bhogpur),Uttarakhand,49,Dehradun,30.22270833,78.23418611,2022-09-04,117.0,37.0,4
175,Joshiyara,Uttarakhand,57,Uttarkashi,30.73122222,78.42733333,2022-09-04,2.5,1.5,3
176,Kosi_1,Uttarakhand,45,Almora,29.6191,79.62060833,2022-09-05,7.5,7.5,1
177,Gairsain (Ramganga),Uttarakhand,47,Chamoli,30.045,79.2855,2022-09-05,44.0,6.0,8
178,Tanakpur_1,Uttarakhand,48,Champawat,29.07222222,80.1175,2022-09-05,68.0,17.0,4
179,Dakpathar,Uttarakhand,49,Dehradun,30.49866667,77.79744444,2022-09-05,57.0,9.5,6
180,Doiwala (Bhogpur),Uttarakhand,49,Dehradun,30.22270833,78.23418611,2022-09-05,225.0,37.5,6
181,Joshiyara,Uttarakhand,57,Uttarkashi,30.73122222,78.42733333,2022-09-05,7.5,1.5,5
182,Kosi_1,Uttarakhand,45,Almora,29.6191,79.62060833,2022-09-06,15.0,7.5,2
183,Gairsain (Ramganga),Uttarakhand,47,Chamoli,30.045,79.2855,2022-09-06,4.0,2.0,2
184,Dakpathar,Uttarakhand,49,Dehradun,30.49866667,77.79744444,2022-09-06,24.0,8.0,3
185,Joshiyara,Uttarakhand,57,Uttarkashi,30.73122222,78.42733333,2022-09-06,43.5,18.5,5
186,Lamgara,Uttarakhand,45,Almora,29.53866667,79.74994444,2022-09-08,8.0,2.0,4
187,Tanakpur_1,Uttarakhand,48,Champawat,29.07222222,80.1175,2022-09-08,1.5,0.5,3
188,Lamgara,Uttarakhand,45,Almora,29.53866667,79.74994444,2022-09-09,4.0,2.0,2
189,Tanakpur_1,Uttarakhand,48,Champawat,29.07222222,80.1175,2022-09-09,1.0,0.5,2
190,Doiwala (Bhogpur),Uttarakhand,49,Dehradun,30.22270833,78.23418611,2022-09-09,4.0,0.5,8
191,Roorkee_2,Uttarakhand,50,Haridwar,29.86771944,77.88415556,2022-09-09,3.0,3.0,1
192,Lamgara,Uttarakhand,45,Almora,29.53866667,79.74994444,2022-09-10,1.5,0.5,3
193,Gairsain (Ramganga),Uttarakhand,47,Chamoli,30.045,79.2855,2022-09-10,4.0,2.0,5
194,Dakpathar,Uttarakhand,49,Dehradun,30.49866667,77.79744444,2022-09-10,18.5,18.5,1
195,Doiwala (Bhogpur),Uttarakhand,49,Dehradun,30.22270833,78.23418611,2022-09-10,41.5,28.5,8
196,Roorkee_2,Uttarakhand,50,Haridwar,29.86771944,77.88415556,2022-09-10,4.5,3.0,4
197,Lamgara,Uttarakhand,45,Almora,29.53866667,79.74994444,2022-09-11,2.0,0.5,4
198,Gairsain (Ramganga),Uttarakhand,47,Chamoli,30.045,79.2855,2022-09-11,11.0,3.0,4
199,Assan_1,Uttarakhand,49,Dehradun,30.43582222,77.66580833,2022-09-11,2.5,0.5,5
200,Dakpathar,Uttarakhand,49,Dehradun,30.49866667,77.79744444,2022-09-11,48.5,25.0,2
201,Doiwala (Bhogpur),Uttarakhand,49,Dehradun,30.22270833,78.23418611,2022-09-11,13.5,4.5,3
202,Roorkee_2,Uttarakhand,50,Haridwar,29.86771944,77.88415556,2022-09-11,1.5,0.5,3
203,Joshiyara,Uttarakhand,57,Uttarkashi,30.73122222,78.42733333,2022-09-11,0.5,0.5,1
204,Kosi_1,Uttarakhand,45,Almora,29.6191,79.62060833,2022-09-12,18.0,5.5,4
205,Lamgara,Uttarakhand,45,Almora,29.53866667,79.74994444,2022-09-12,28.0,4.5,8
206,Gairsain (Ramganga),Uttarakhand,47,Chamoli,30.045,79.2855,2022-09-12,6.0,3.0,2
207,Tanakpur_1,Uttarakhand,48,Champawat,29.07222222,80.1175,2022-09-12,8.0,8.0,1
208,Assan_1,Uttarakhand,49,Dehradun,30.43582222,77.66580833,2022-09-12,4.0,0.5,8
209,Dakpathar,Uttarakhand,49,Dehradun,30.49866667,77.79744444,2022-09-12,10.0,2.5,4
210,Joshiyara,Uttarakhand,57,Uttarkashi,30.73122222,78.42733333,2022-09-12,24.0,20.5,2
211,Kosi_1,Uttarakhand,45,Almora,29.6191,79.62060833,2022-09-13,22.0,5.5,4
212,Lamgara,Uttarakhand,45,Almora,29.53866667,79.74994444,2022-09-13,13.5,4.5,3
213,Gairsain (Ramganga),Uttarakhand,47,Chamoli,30.045,79.2855,2022-09-13,2.0,1.0,2
214,Tanakpur_1,Uttarakhand,48,Champawat,29.07222222,80.1175,2022-09-13,32.0,8.0,4
215,Assan_1,Uttarakhand,49,Dehradun,30.43582222,77.66580833,2022-09-13,1.0,0.5,2
216,Dakpathar,Uttarakhand,49,Dehradun,30.49866667,77.79744444,2022-09-13,15.0,11.0,5
217,Doiwala (Bhogpur),Uttarakhand,49,Dehradun,30.22270833,78.23418611,2022-09-13,4.5,4.5,1
218,Roorkee_2,Uttarakhand,50,Haridwar,29.86771944,77.88415556,2022-09-13,0.5,0.5,1
219,Kosi_1,Uttarakhand,45,Almora,29.6191,79.62060833,2022-09-14,10.0,2.5,7
220,Lamgara,Uttarakhand,45,Almora,29.53866667,79.74994444,2022-09-14,6.5,2.0,5
221,Gairsain (Ramganga),Uttarakhand,47,Chamoli,30.045,79.2855,2022-09-14,25.0,7.0,7
222,Tanakpur_1,Uttarakhand,48,Champawat,29.07222222,80.1175,2022-09-14,6.5,3.5,7
223,Assan_1,Uttarakhand,49,Dehradun,30.43582222,77.66580833,2022-09-14,3.5,0.5,7
224,Dakpathar,Uttarakhand,49,Dehradun,30.49866667,77.79744444,2022-09-14,1.0,0.5,2
225,Doiwala (Bhogpur),Uttarakhand,49,Dehradun,30.22270833,78.23418611,2022-09-14,74.5,16.0,6
226,Roorkee_2,Uttarakhand,50,Haridwar,29.86771944,77.88415556,2022-09-14,1.0,0.5,2
227,Joshiyara,Uttarakhand,57,Uttarkashi,30.73122222,78.42733333,2022-09-14,30.0,10.0,5
228,Kosi_1,Uttarakhand,45,Almora,29.6191,79.62060833,2022-09-15,37.0,6.0,11
229,Lamgara,Uttarakhand,45,Almora,29.53866667,79.74994444,2022-09-15,49.0,11.0,9
230,Gairsain (Ramganga),Uttarakhand,47,Chamoli,30.045,79.2855,2022-09-15,37.0,9.0,11
231,Tanakpur_1,Uttarakhand,48,Champawat,29.07222222,80.1175,2022-09-15,67.0,12.5,10
232,Assan_1,Uttarakhand,49,Dehradun,30.43582222,77.66580833,2022-09-15,5.0,0.5,10
233,Dakpathar,Uttarakhand,49,Dehradun,30.49866667,77.79744444,2022-09-15,4.0,1.0,4
234,Doiwala (Bhogpur),Uttarakhand,49,Dehradun,30.22270833,78.23418611,2022-09-15,89.5,19.0,11
235,Roorkee_2,Uttarakhand,50,Haridwar,29.86771944,77.88415556,2022-09-15,16.5,6.0,6
236,Joshiyara,Uttarakhand,57,Uttarkashi,30.73122222,78.42733333,2022-09-15,75.5,13.0,10
237,Kosi_1,Uttarakhand,45,Almora,29.6191,79.62060833,2022-09-16,10.0,5.0,2
238,Lamgara,Uttarakhand,45,Almora,29.53866667,79.74994444,2022-09-16,22.0,11.0,2
239,Gairsain (Ramganga),Uttarakhand,47,Chamoli,30.045,79.2855,2022-09-16,27.0,13.5,2
240,Tanakpur_1,Uttarakhand,48,Champawat,29.07222222,80.1175,2022-09-16,24.5,6.0,5
241,Assan_1,Uttarakhand,49,Dehradun,30.43582222,77.66580833,2022-09-16,1.0,0.5,2
242,Dakpathar,Uttarakhand,49,Dehradun,30.49866667,77.79744444,2022-09-16,1.0,1.0,1
243,Doiwala (Bhogpur),Uttarakhand,49,Dehradun,30.22270833,78.23418611,2022-09-16,20.5,15.5,5
244,Roorkee_2,Uttarakhand,50,Haridwar,29.86771944,77.88415556,2022-09-16,7.5,7.5,1
245,Joshiyara,Uttarakhand,57,Uttarkashi,30.73122222,78.42733333,2022-09-16,36.5,12.5,5
246,Kosi_1,Uttarakhand,45,Almora,29.6191,79.62060833,2022-09-17,1.0,1.0,1
247,Lamgara,Uttarakhand,45,Almora,29.53866667,79.74994444,2022-09-17,17.0,6.5,3
248,Gairsain (Ramganga),Uttarakhand,47,Chamoli,30.045,79.2855,2022-09-17,8.0,4.0,2
249,Tanakpur_1,Uttarakhand,48,Champawat,29.07222222,80.1175,2022-09-17,17.0,10.5,3
250,Assan_1,Uttarakhand,49,Dehradun,30.43582222,77.66580833,2022-09-17,2.0,0.5,4
251,Doiwala (Bhogpur),Uttarakhand,49,Dehradun,30.22270833,78.23418611,2022-09-17,8.0,4.5,6
252,Joshiyara,Uttarakhand,57,Uttarkashi,30.73122222,78.42733333,2022-09-17,67.5,12.5,9
253,Kosi_1,Uttarakhand,45,Almora,29.6191,79.62060833,2022-09-18,29.0,8.0,4
254,Lamgara,Uttarakhand,45,Almora,29.53866667,79.74994444,2022-09-18,7.0,7.0,1
255,Gairsain (Ramganga),Uttarakhand,47,Chamoli,30.045,79.2855,2022-09-18,4.0,4.0,1
256,Tanakpur_1,Uttarakhand,48,Champawat,29.07222222,80.1175,2022-09-18,8.0,4.0,5
257,Assan_1,Uttarakhand,49,Dehradun,30.43582222,77.66580833,2022-09-18,2.0,0.5,4
258,Doiwala (Bhogpur),Uttarakhand,49,Dehradun,30.22270833,78.23418611,2022-09-18,0.5,0.5,1
259,Joshiyara,Uttarakhand,57,Uttarkashi,30.73122222,78.42733333,2022-09-18,16.0,16.0,1
260,Kosi_1,Uttarakhand,45,Almora,29.6191,79.62060833,2022-09-19,36.0,9.0,4
261,Gairsain (Ramganga),Uttarakhand,47,Chamoli,30.045,79.2855,2022-09-19,4.0,1.0,5
262,Tanakpur_1,Uttarakhand,48,Champawat,29.07222222,80.1175,2022-09-19,4.0,1.0,4
263,Assan_1,Uttarakhand,49,Dehradun,30.43582222,77.66580833,2022-09-19,2.0,0.5,4
264,Doiwala (Bhogpur),Uttarakhand,49,Dehradun,30.22270833,78.23418611,2022-09-19,1.5,0.5,3
265,Roorkee_2,Uttarakhand,50,Haridwar,29.86771944,77.88415556,2022-09-19,3.0,0.5,6
266,Joshiyara,Uttarakhand,57,Uttarkashi,30.73122222,78.42733333,2022-09-19,8.5,2.0,9
267,Gairsain (Ramganga),Uttarakhand,47,Chamoli,30.045,79.2855,2022-09-20,7.5,2.5,3
268,Tanakpur_1,Uttarakhand,48,Champawat,29.07222222,80.1175,2022-09-20,14.0,7.0,2
269,Assan_1,Uttarakhand,49,Dehradun,30.43582222,77.66580833,2022-09-20,2.0,0.5,4
270,Doiwala (Bhogpur),Uttarakhand,49,Dehradun,30.22270833,78.23418611,2022-09-20,5.0,4.5,2
271,Roorkee_2,Uttarakhand,50,Haridwar,29.86771944,77.88415556,2022-09-20,2.0,0.5,4
272,Joshiyara,Uttarakhand,57,Uttarkashi,30.73122222,78.42733333,2022-09-20,13.5,2.5,8
273,Kosi_1,Uttarakhand,45,Almora,29.6191,79.62060833,2022-09-21,4.0,1.0,4
274,Lamgara,Uttarakhand,45,Almora,29.53866667,79.74994444,2022-09-21,2.0,2.0,1
275,Gairsain (Ramganga),Uttarakhand,47,Chamoli,30.045,79.2855,2022-09-21,1.5,0.5,3
276,Assan_1,Uttarakhand,49,Dehradun,30.43582222,77.66580833,2022-09-21,4.0,0.5,8
277,Dakpathar,Uttarakhand,49,Dehradun,30.49866667,77.79744444,2022-09-21,2.0,2.0,1
278,Doiwala (Bhogpur),Uttarakhand,49,Dehradun,30.22270833,78.23418611,2022-09-21,1.5,1.5,1
279,Roorkee_2,Uttarakhand,50,Haridwar,29.86771944,77.88415556,2022-09-21,20.5,16.5,2
280,Joshiyara,Uttarakhand,57,Uttarkashi,30.73122222,78.42733333,2022-09-21,10.5,2.5,5
281,Kosi_1,Uttarakhand,45,Almora,29.6191,79.62060833,2022-09-22,5.0,1.0,5
282,Lamgara,Uttarakhand,45,Almora,29.53866667,79.74994444,2022-09-22,2.5,0.5,5
283,Gairsain (Ramganga),Uttarakhand,47,Chamoli,30.045,79.2855,2022-09-22,12.0,3.5,9
284,Tanakpur_1,Uttarakhand,48,Champawat,29.07222222,80.1175,2022-09-22,24.0,8.0,3
285,Assan_1,Uttarakhand,49,Dehradun,30.43582222,77.66580833,2022-09-22,20.5,2.0,12
286,Dakpathar,Uttarakhand,49,Dehradun,30.49866667,77.79744444,2022-09-22,142.5,13.5,14
287,Doiwala (Bhogpur),Uttarakhand,49,Dehradun,30.22270833,78.23418611,2022-09-22,47.0,6.0,8
288,Roorkee_2,Uttarakhand,50,Haridwar,29.86771944,77.88415556,2022-09-22,74.0,16.5,12
289,Joshiyara,Uttarakhand,57,Uttarkashi,30.73122222,78.42733333,2022-09-22,52.0,12.0,12
290,Lamgara,Uttarakhand,45,Almora,29.53866667,79.74994444,2022-09-23,6.0,4.0,5
291,Gairsain (Ramganga),Uttarakhand,47,Chamoli,30.045,79.2855,2022-09-23,26.5,5.0,6
292,Tanakpur_1,Uttarakhand,48,Champawat,29.07222222,80.1175,2022-09-23,3.5,0.5,7
293,Assan_1,Uttarakhand,49,Dehradun,30.43582222,77.66580833,2022-09-23,24.5,4.0,11
294,Dakpathar,Uttarakhand,49,Dehradun,30.49866667,77.79744444,2022-09-23,87.5,17.5,13
295,Roorkee_2,Uttarakhand,50,Haridwar,29.86771944,77.88415556,2022-09-23,11.0,9.0,3
296,Joshiyara,Uttarakhand,57,Uttarkashi,30.73122222,78.42733333,2022-09-23,10.0,3.0,14
297,Kosi_1,Uttarakhand,45,Almora,29.6191,79.62060833,2022-09-24,2.5,0.5,5
298,Lamgara,Uttarakhand,45,Almora,29.53866667,79.74994444,2022-09-24,2.5,0.5,5
299,Tanakpur_1,Uttarakhand,48,Champawat,29.07222222,80.1175,2022-09-24,37.5,19.5,2
300,Assan_1,Uttarakhand,49,Dehradun,30.43582222,77.66580833,2022-09-24,7.5,4.5,4
301,Yamuna Colony,Uttarakhand,49,Dehradun,30.33775278,78.03311667,2022-09-24,0.5,0.5,1
302,Joshiyara,Uttarakhand,57,Uttarkashi,30.73122222,78.42733333,2022-09-24,5.5,3.0,6
303,Kosi_1,Uttarakhand,45,Almora,29.6191,79.62060833,2022-09-25,88.0,24.5,10
304,Lamgara,Uttarakhand,45,Almora,29.53866667,79.74994444,2022-09-25,152.0,34.5,12
305,Gairsain (Ramganga),Uttarakhand,47,Chamoli,30.045,79.2855,2022-09-25,32.0,12.0,11
306,Tanakpur_1,Uttarakhand,48,Champawat,29.07222222,80.1175,2022-09-25,198.0,43.5,9
307,Assan_1,Uttarakhand,49,Dehradun,30.43582222,77.66580833,2022-09-25,26.0,4.0,12
308,Yamuna Colony,Uttarakhand,49,Dehradun,30.33775278,78.03311667,2022-09-25,23.0,10.0,3
309,Joshiyara,Uttarakhand,57,Uttarkashi,30.73122222,78.42733333,2022-09-25,33.0,6.0,15
310,Kosi_1,Uttarakhand,45,Almora,29.6191,79.62060833,2022-09-26,18.0,4.5,4
311,Lamgara,Uttarakhand,45,Almora,29.53866667,79.74994444,2022-09-26,51.0,8.5,6
312,Gairsain (Ramganga),Uttarakhand,47,Chamoli,30.045,79.2855,2022-09-26,3.0,0.5,6
313,Tanakpur_1,Uttarakhand,48,Champawat,29.07222222,80.1175,2022-09-26,74.0,18.5,4
314,Assan_1,Uttarakhand,49,Dehradun,30.43582222,77.66580833,2022-09-26,18.0,3.0,6
315,Yamuna Colony,Uttarakhand,49,Dehradun,30.33775278,78.03311667,2022-09-26,151.5,50.5,3
316,Joshiyara,Uttarakhand,57,Uttarkashi,30.73122222,78.42733333,2022-09-26,75.5,16.0,5
317,Kosi_1,Uttarakhand,45,Almora,29.6191,79.62060833,2022-09-27,6.0,2.0,3
318,Lamgara,Uttarakhand,45,Almora,29.53866667,79.74994444,2022-09-27,20.0,4.0,5
319,Gairsain (Ramganga),Uttarakhand,47,Chamoli,30.045,79.2855,2022-09-27,2.5,0.5,5
320,Joshiyara,Uttarakhand,57,Uttarkashi,30.73122222,78.42733333,2022-09-27,0.5,0.5,1
321,Kosi_1,Uttarakhand,45,Almora,29.6191,79.62060833,2022-09-28,12.0,2.0,6
322,Lamgara,Uttarakhand,45,Almora,29.53866667,79.74994444,2022-09-28,20.0,4.0,5
323,Joshiyara,Uttarakhand,57,Uttarkashi,30.73122222,78.42733333,2022-09-28,3.0,0.5,6
324,Gairsain (Ramganga),Uttarakhand,47,Chamoli,30.045,79.2855,2022-09-29,4.0,0.5,8
325,Joshiyara,Uttarakhand,57,Uttarkashi,30.73122222,78.42733333,2022-09-29,10.0,2.5,4
326,Gairsain (Ramganga),Uttarakhand,47,Chamoli,30.045,79.2855,2022-09-30,4.5,0.5,9
327,Joshiyara,Uttarakhand,57,Uttarkashi,30.73122222,78.42733333,2022-09-30,26.5,2.5,13
328,Kosi_1,Uttarakhand,45,Almora,29.6191,79.62060833,2022-10-01,3.5,0.5,7
329,Joshiyara,Uttarakhand,57,Uttarkashi,30.73122222,78.42733333,2022-10-01,11.5,1.0,14
330,Kosi_1,Uttarakhand,45,Almora,29.6191,79.62060833,2022-10-02,3.0,0.5,6
331,Gairsain (Ramganga),Uttarakhand,47,Chamoli,30.045,79.2855,2022-10-02,3.0,0.5,6
332,Joshiyara,Uttarakhand,57,Uttarkashi,30.73122222,78.42733333,2022-10-02,4.5,1.0,6
333,Gairsain (Ramganga),Uttarakhand,47,Chamoli,30.045,79.2855,2022-10-03,0.5,0.5,1
334,Gairsain (Ramganga),Uttarakhand,47,Chamoli,30.045,79.2855,2022-10-04,8.5,1.0,9
335,Dakpathar,Uttarakhand,49,Dehradun,30.49866667,77.79744444,2022-10-04,7.0,1.0,7
336,Joshiyara,Uttarakhand,57,Uttarkashi,30.73122222,78.42733333,2022-10-04,14.0,3.0,5
337,Almora_1,Uttarakhand,45,Almora,29.59575833,79.65063889,2022-10-05,13.0,1.0,13
338,Gairsain (Ramganga),Uttarakhand,47,Chamoli,30.045,79.2855,2022-10-05,12.5,1.0,16
339,Tanakpur_1,Uttarakhand,48,Champawat,29.07222222,80.1175,2022-10-05,1.5,0.5,3
340,Dakpathar,Uttarakhand,49,Dehradun,30.49866667,77.79744444,2022-10-05,23.0,5.0,12
341,Yamuna Colony,Uttarakhand,49,Dehradun,30.33775278,78.03311667,2022-10-05,36.0,5.5,8
342,Joshiyara,Uttarakhand,57,Uttarkashi,30.73122222,78.42733333,2022-10-05,27.0,3.0,9
343,Almora_1,Uttarakhand,45,Almora,29.59575833,79.65063889,2022-10-06,6.5,1.0,7
344,Kosi_1,Uttarakhand,45,Almora,29.6191,79.62060833,2022-10-06,1.0,1.0,1
345,Gairsain (Ramganga),Uttarakhand,47,Chamoli,30.045,79.2855,2022-10-06,3.0,0.5,6
346,Tanakpur_1,Uttarakhand,48,Champawat,29.07222222,80.1175,2022-10-06,0.5,0.5,1
347,Dakpathar,Uttarakhand,49,Dehradun,30.49866667,77.79744444,2022-10-06,35.0,5.0,7
348,Yamuna Colony,Uttarakhand,49,Dehradun,30.33775278,78.03311667,2022-10-06,38.5,6.5,6
349,Roorkee_2,Uttarakhand,50,Haridwar,29.86771944,77.88415556,2022-10-06,82.0,14.0,6
350,Almora_1,Uttarakhand,45,Almora,29.59575833,79.65063889,2022-10-07,34.0,3.5,19
351,Kosi_1,Uttarakhand,45,Almora,29.6191,79.62060833,2022-10-07,22.5,3.0,16
352,Gairsain (Ramganga),Uttarakhand,47,Chamoli,30.045,79.2855,2022-10-07,36.0,10.5,19
353,Tanakpur_1,Uttarakhand,48,Champawat,29.07222222,80.1175,2022-10-07,55.0,13.0,23
354,Assan_1,Uttarakhand,49,Dehradun,30.43582222,77.66580833,2022-10-07,8.0,0.5,16
355,Dakpathar,Uttarakhand,49,Dehradun,30.49866667,77.79744444,2022-10-07,10.0,4.0,3
356,Yamuna Colony,Uttarakhand,49,Dehradun,30.33775278,78.03311667,2022-10-07,21.5,3.0,10
357,Roorkee_2,Uttarakhand,50,Haridwar,29.86771944,77.88415556,2022-10-07,9.0,2.5,5
358,Almora_1,Uttarakhand,45,Almora,29.59575833,79.65063889,2022-10-08,219.5,24.5,23
359,Kosi_1,Uttarakhand,45,Almora,29.6191,79.62060833,2022-10-08,170.0,19.5,24
360,Gairsain (Ramganga),Uttarakhand,47,Chamoli,30.045,79.2855,2022-10-08,44.5,4.5,22
361,Tanakpur_1,Uttarakhand,48,Champawat,29.07222222,80.1175,2022-10-08,370.5,29.0,25
362,Assan_1,Uttarakhand,49,Dehradun,30.43582222,77.66580833,2022-10-08,4.5,0.5,9
363,Yamuna Colony,Uttarakhand,49,Dehradun,30.33775278,78.03311667,2022-10-08,27.0,3.0,9
364,Joshiyara,Uttarakhand,57,Uttarkashi,30.73122222,78.42733333,2022-10-08,17.0,2.5,8
365,Almora_1,Uttarakhand,45,Almora,29.59575833,79.65063889,2022-10-09,433.5,41.5,24
366,Kosi_1,Uttarakhand,45,Almora,29.6191,79.62060833,2022-10-09,361.5,36.0,24
367,Gairsain (Ramganga),Uttarakhand,47,Chamoli,30.045,79.2855,2022-10-09,189.0,16.5,24
368,Tanakpur_1,Uttarakhand,48,Champawat,29.07222222,80.1175,2022-10-09,427.0,35.0,24
369,Assan_1,Uttarakhand,49,Dehradun,30.43582222,77.66580833,2022-10-09,8.0,1.0,13
370,Dakpathar,Uttarakhand,49,Dehradun,30.49866667,77.79744444,2022-10-09,4.0,0.5,8
371,Yamuna Colony,Uttarakhand,49,Dehradun,30.33775278,78.03311667,2022-10-09,14.5,2.0,14
372,Almora_1,Uttarakhand,45,Almora,29.59575833,79.65063889,2022-10-10,356.5,37.5,19
373,Kosi_1,Uttarakhand,45,Almora,29.6191,79.62060833,2022-10-10,308.0,35.5,18
374,Gairsain (Ramganga),Uttarakhand,47,Chamoli,30.045,79.2855,2022-10-10,264.0,31.5,19
375,Tanakpur_1,Uttarakhand,48,Champawat,29.07222222,80.1175,2022-10-10,199.5,23.5,17
376,Assan_1,Uttarakhand,49,Dehradun,30.43582222,77.66580833,2022-10-10,9.0,1.0,9
377,Dakpathar,Uttarakhand,49,Dehradun,30.49866667,77.79744444,2022-10-10,4.0,0.5,8
378,Yamuna Colony,Uttarakhand,49,Dehradun,30.33775278,78.03311667,2022-10-10,4.5,0.5,9
379,Almora_1,Uttarakhand,45,Almora,29.59575833,79.65063889,2022-10-11,56.0,14.0,4
380,Kosi_1,Uttarakhand,45,Almora,29.6191,79.62060833,2022-10-11,30.0,10.0,3
381,Gairsain (Ramganga),Uttarakhand,47,Chamoli,30.045,79.2855,2022-10-11,31.5,5.5,7
382,Tanakpur_1,Uttarakhand,48,Champawat,29.07222222,80.1175,2022-10-11,15.0,5.0,12
383,Assan_1,Uttarakhand,49,Dehradun,30.43582222,77.66580833,2022-10-11,24.5,2.0,15
384,Dakpathar,Uttarakhand,49,Dehradun,30.49866667,77.79744444,2022-10-11,75.5,12.5,15
385,Yamuna Colony,Uttarakhand,49,Dehradun,30.33775278,78.03311667,2022-10-11,12.0,1.0,13
386,Joshiyara,Uttarakhand,57,Uttarkashi,30.73122222,78.42733333,2022-10-11,35.0,3.5,10
387,Gairsain (Ramganga),Uttarakhand,47,Chamoli,30.045,79.2855,2022-10-12,39.5,4.5,15
388,Tanakpur_1,Uttarakhand,48,Champawat,29.07222222,80.1175,2022-10-12,4.5,0.5,9
389,Assan_1,Uttarakhand,49,Dehradun,30.43582222,77.66580833,2022-10-12,18.0,2.0,9
390,Dakpathar,Uttarakhand,49,Dehradun,30.49866667,77.79744444,2022-10-12,40.5,4.5,9
391,Doiwala (Bhogpur),Uttarakhand,49,Dehradun,30.22270833,78.23418611,2022-10-12,27.0,25.0,2
392,Yamuna Colony,Uttarakhand,49,Dehradun,30.33775278,78.03311667,2022-10-12,8.0,1.0,8
393,Joshiyara,Uttarakhand,57,Uttarkashi,30.73122222,78.42733333,2022-10-12,153.0,20.5,14
394,Gairsain (Ramganga),Uttarakhand,47,Chamoli,30.045,79.2855,2022-10-13,4.5,0.5,9
395,Doiwala (Bhogpur),Uttarakhand,49,Dehradun,30.22270833,78.23418611,2022-10-13,112.5,18.0,13
396,Joshiyara,Uttarakhand,57,Uttarkashi,30.73122222,78.42733333,2022-10-13,318.5,20.5,17
397,Doiwala (Bhogpur),Uttarakhand,49,Dehradun,30.22270833,78.23418611,2022-10-14,48.0,8.0,6
398,Joshiyara,Uttarakhand,57,Uttarkashi,30.73122222,78.42733333,2022-10-14,133.0,19.0,7
399,Gairsain (Ramganga),Uttarakhand,47,Chamoli,30.045,79.2855,2022-10-17,51.5,8.5,7
400,Gairsain (Ramganga),Uttarakhand,47,Chamoli,30.045,79.2855,2022-10-18,79.5,8.5,15
401,Tanakpur_1,Uttarakhand,48,Champawat,29.07222222,80.1175,2022-10-18,17.5,3.5,5
402,Doiwala (Bhogpur),Uttarakhand,49,Dehradun,30.22270833,78.23418611,2022-10-18,15.0,2.5,6
403,Joshiyara,Uttarakhand,57,Uttarkashi,30.73122222,78.42733333,2022-10-18,16.0,2.0,8
404,Gairsain (Ramganga),Uttarakhand,47,Chamoli,30.045,79.2855,2022-10-19,4.5,0.5,9
405,Tanakpur_1,Uttarakhand,48,Champawat,29.07222222,80.1175,2022-10-19,31.5,3.5,9
406,Doiwala (Bhogpur),Uttarakhand,49,Dehradun,30.22270833,78.23418611,2022-10-19,22.5,2.5,9
407,Joshiyara,Uttarakhand,57,Uttarkashi,30.73122222,78.42733333,2022-10-19,18.0,2.0,9
408,Almora_1,Uttarakhand,45,Almora,29.59575833,79.65063889,2022-10-20,1.5,0.5,3
409,Joshiyara,Uttarakhand,57,Uttarkashi,30.73122222,78.42733333,2022-10-20,19.5,2.5,8
410,Almora_1,Uttarakhand,45,Almora,29.59575833,79.65063889,2022-10-21,4.5,0.5,9
411,Joshiyara,Uttarakhand,57,Uttarkashi,30.73122222,78.42733333,2022-10-21,42.5,3.0,16
412,Dakpathar,Uttarakhand,49,Dehradun,30.49866667,77.79744444,2022-10-22,1.5,1.5,1
413,Joshiyara,Uttarakhand,57,Uttarkashi,30.73122222,78.42733333,2022-10-22,27.0,3.0,9
414,Gairsain (Ramganga),Uttarakhand,47,Chamoli,30.045,79.2855,2022-11-10,4.0,0.5,8
415,Gairsain (Ramganga),Uttarakhand,47,Chamoli,30.045,79.2855,2022-11-11,4.5,0.5,9
416,Joshiyara,Uttarakhand,57,Uttarkashi,30.73122222,78.42733333,2022-11-14,11.0,1.5,11
417,Joshiyara,Uttarakhand,57,Uttarkashi,30.73122222,78.42733333,2022-11-15,13.5,1.5,9
418,Gairsain (Ramganga),Uttarakhand,47,Chamoli,30.045,79.2855,2022-11-18,14.0,14.0,1
419,Gadarpur,Uttarakhand,56,UDHAM SINGH NAGAR,29.04324167,79.24461944,2022-11-22,27.0,13.5,2
420,Gadarpur,Uttarakhand,56,UDHAM SINGH NAGAR,29.04324167,79.24461944,2022-11-23,40.5,13.5,3
421,Rudrapur_2,Uttarakhand,56,UDHAM SINGH NAGAR,28.97373611,79.39988611,2022-11-23,40.5,27.0,2
422,Bahadarabad,Uttarakhand,50,Haridwar,29.92380278,78.03671389,2022-11-24,20.5,3.0,7
423,Rudrapur_2,Uttarakhand,56,UDHAM SINGH NAGAR,28.97373611,79.39988611,2022-11-24,27.0,13.5,2
424,Bahadarabad,Uttarakhand,50,Haridwar,29.92380278,78.03671389,2022-11-25,9.0,3.0,3
425,Tanakpur_1,Uttarakhand,48,Champawat,29.07222222,80.1175,2022-12-08,4.0,0.5,8
426,Bahadarabad,Uttarakhand,50,Haridwar,29.92380278,78.03671389,2022-12-08,27.5,2.5,11
427,Tanakpur_1,Uttarakhand,48,Champawat,29.07222222,80.1175,2022-12-09,1.5,0.5,3
428,Bahadarabad,Uttarakhand,50,Haridwar,29.92380278,78.03671389,2022-12-09,7.5,2.5,3
429,Kapkot (Saryu),Uttarakhand,46,Bageshwar,29.94516667,79.9025,2022-12-11,49.0,7.0,7
430,Kapkot (Saryu),Uttarakhand,46,Bageshwar,29.94516667,79.9025,2022-12-12,49.0,7.0,20
431,Kapkot (Saryu),Uttarakhand,46,Bageshwar,29.94516667,79.9025,2022-12-13,0.5,0.5,1
432,Tumaria,Uttarakhand,56,UDHAM SINGH NAGAR,29.30704722,78.93133056,2022-12-14,60.0,10.0,6
433,Tumaria,Uttarakhand,56,UDHAM SINGH NAGAR,29.30704722,78.93133056,2022-12-15,35.0,10.0,13
434,Tumaria,Uttarakhand,56,UDHAM SINGH NAGAR,29.30704722,78.93133056,2022-12-16,0.5,0.5,1
435,Dugadda (Khoh),Uttarakhand,52,PAURI GARHWAL,29.75108333,78.52341667,2022-12-19,90.0,7.5,12
436,Dugadda (Khoh),Uttarakhand,52,PAURI GARHWAL,29.75108333,78.52341667,2022-12-20,45.0,7.5,6
437,Dugadda (Khoh),Uttarakhand,52,PAURI GARHWAL,29.75108333,78.52341667,2022-12-21,5.5,0.5,11
438,Haripura_2,Uttarakhand,56,UDHAM SINGH NAGAR,29.13151944,79.25965556,2022-12-21,45.5,6.5,7
439,Dugadda (Khoh),Uttarakhand,52,PAURI GARHWAL,29.75108333,78.52341667,2022-12-22,1.5,0.5,3
440,Haripura_2,Uttarakhand,56,UDHAM SINGH NAGAR,29.13151944,79.25965556,2022-12-22,19.5,6.5,3
441,Tanakpur_1,Uttarakhand,48,Champawat,29.07222222,80.1175,2022-12-24,3.0,1.0,3
442,Dugadda (Khoh),Uttarakhand,52,PAURI GARHWAL,29.75108333,78.52341667,2022-12-25,21.0,2.0,11
443,Dugadda (Khoh),Uttarakhand,52,PAURI GARHWAL,29.75108333,78.52341667,2022-12-26,8.0,2.0,4
444,Dharchula_1,Uttarakhand,53,Pithoragarh,29.84825,80.54047222,2022-12-27,32.0,16.0,2
445,Dharchula_1,Uttarakhand,53,Pithoragarh,29.84825,80.54047222,2022-12-28,16.0,16.0,1
446,Dharchula_1,Uttarakhand,53,Pithoragarh,29.84825,80.54047222,2022-12-29,51.0,16.0,5
447,Bahadarabad,Uttarakhand,50,Haridwar,29.92380278,78.03671389,2022-12-30,27.0,4.0,7
448,Dharchula_1,Uttarakhand,53,Pithoragarh,29.84825,80.54047222,2022-12-30,1.5,1.5,1
449,Baijnath (Gomti),Uttarakhand,46,Bageshwar,29.90822222,79.61769444,2022-12-31,364.5,364.5,1
450,Dakpathar,Uttarakhand,49,Dehradun,30.49866667,77.79744444,2022-12-31,0.5,0.5,1
451,Bahadarabad,Uttarakhand,50,Haridwar,29.92380278,78.03671389,2022-12-31,24.0,4.0,6
452,Gola_1,Uttarakhand,51,Nainital,29.27136111,79.54743333,2022-12-31,135.0,13.5,10
453,Gola_1,Uttarakhand,51,Nainital,29.27136111,79.54743333,2023-01-01,67.5,13.5,5
454,Srinagar_2,Uttarakhand,52,PAURI GARHWAL,30.23581944,78.81720278,2023-01-03,10.5,3.5,3
455,Champawat_1,Uttarakhand,48,Champawat,29.33341667,80.08469444,2023-01-04,94.5,10.5,9
456,Champawat_1,Uttarakhand,48,Champawat,29.33341667,80.08469444,2023-01-05,31.5,10.5,3
457,Roorkee_2,Uttarakhand,50,Haridwar,29.86771944,77.88415556,2023-01-12,2.5,0.5,5
458,Rudrapur_2,Uttarakhand,56,UDHAM SINGH NAGAR,28.97373611,79.39988611,2023-01-12,1.5,0.5,3
459,Almora_1,Uttarakhand,45,Almora,29.59575833,79.65063889,2023-01-13,6.5,0.5,13
460,Almora_1,Uttarakhand,45,Almora,29.59631389,79.65005556,2023-01-13,2.0,1.0,2
461,Kosi_1,Uttarakhand,45,Almora,29.6191,79.62060833,2023-01-13,6.5,0.5,13
462,Champawat_1,Uttarakhand,48,Champawat,29.33341667,80.08469444,2023-01-13,7.0,0.5,14
463,Tanakpur_1,Uttarakhand,48,Champawat,29.07222222,80.1175,2023-01-13,1.0,0.5,2
464,Gadarpur,Uttarakhand,56,UDHAM SINGH NAGAR,29.04324167,79.24461944,2023-01-13,7.0,3.5,2
465,Haripura_2,Uttarakhand,56,UDHAM SINGH NAGAR,29.13151944,79.25965556,2023-01-13,1.0,0.5,2
466,Rudrapur_2,Uttarakhand,56,UDHAM SINGH NAGAR,28.97373611,79.39988611,2023-01-13,1.0,0.5,2
467,Sitarganj_1,Uttarakhand,56,UDHAM SINGH NAGAR,28.92971389,79.703,2023-01-13,2.0,1.0,2
468,Tumaria,Uttarakhand,56,UDHAM SINGH NAGAR,29.30704722,78.93133056,2023-01-13,2.0,1.0,2
469,Almora_1,Uttarakhand,45,Almora,29.59575833,79.65063889,2023-01-14,4.0,0.5,8
470,Kosi_1,Uttarakhand,45,Almora,29.6191,79.62060833,2023-01-14,4.5,0.5,9
471,Champawat_1,Uttarakhand,48,Champawat,29.33341667,80.08469444,2023-01-14,4.0,0.5,8
472,Dakpathar,Uttarakhand,49,Dehradun,30.49866667,77.79744444,2023-01-14,6.5,1.0,8
473,Yamuna Colony,Uttarakhand,49,Dehradun,30.33775278,78.03311667,2023-01-14,22.5,5.0,10
474,Dharchula_1,Uttarakhand,53,Pithoragarh,29.84825,80.54047222,2023-01-14,40.0,40.0,1
475,Kosi_1,Uttarakhand,45,Almora,29.6191,79.62060833,2023-01-15,3.0,1.0,3
476,Baijnath (Gomti),Uttarakhand,46,Bageshwar,29.90822222,79.61769444,2023-01-15,48.0,48.0,1
477,Dakpathar,Uttarakhand,49,Dehradun,30.49866667,77.79744444,2023-01-15,3.0,1.0,3
478,Yamuna Colony,Uttarakhand,49,Dehradun,30.33775278,78.03311667,2023-01-15,3.0,1.0,3
479,Kosi_1,Uttarakhand,45,Almora,29.6191,79.62060833,2023-01-18,1.5,0.5,3
480,Yamkeshwar,Uttarakhand,52,PAURI GARHWAL,29.96130556,78.44086111,2023-01-18,13.5,3.0,5
481,Kosi_1,Uttarakhand,45,Almora,29.6191,79.62060833,2023-01-19,3.5,0.5,7
482,Yamkeshwar,Uttarakhand,52,PAURI GARHWAL,29.96130556,78.44086111,2023-01-19,6.0,3.0,2
483,Yamuna Colony,Uttarakhand,49,Dehradun,30.33775278,78.03311667,2023-01-20,0.5,0.5,1
484,Bahadarabad,Uttarakhand,50,Haridwar,29.92380278,78.03671389,2023-01-20,1.0,1.0,1
485,Roorkee_2,Uttarakhand,50,Haridwar,29.86771944,77.88415556,2023-01-20,0.5,0.5,1
486,Almora_1,Uttarakhand,45,Almora,29.59631389,79.65005556,2023-01-24,8.5,1.0,9
487,Baijnath (Gomti),Uttarakhand,46,Bageshwar,29.90822222,79.61769444,2023-01-24,0.5,0.5,1
488,Gairsain (Ramganga),Uttarakhand,47,Chamoli,30.045,79.2855,2023-01-24,2.0,1.5,2
489,Champawat_1,Uttarakhand,48,Champawat,29.33341667,80.08469444,2023-01-24,20.0,2.5,8
490,Danda_1,Uttarakhand,48,Champawat,29.15927778,80.10852778,2023-01-24,9.0,1.5,6
491,Tanakpur_1,Uttarakhand,48,Champawat,29.07222222,80.1175,2023-01-24,6.5,1.0,7
492,Bahadarabad,Uttarakhand,50,Haridwar,29.92380278,78.03671389,2023-01-24,1.0,0.5,2
493,Gola_1,Uttarakhand,51,Nainital,29.27136111,79.54743333,2023-01-24,5.0,1.5,6
494,Dugadda (Khoh),Uttarakhand,52,PAURI GARHWAL,29.75108333,78.52341667,2023-01-24,6.5,2.5,3
495,Yamkeshwar,Uttarakhand,52,PAURI GARHWAL,29.96130556,78.44086111,2023-01-24,0.5,0.5,1
496,Pithoragarh,Uttarakhand,53,Pithoragarh,29.57938889,80.21886111,2023-01-24,3.0,0.5,6
497,Gadarpur,Uttarakhand,56,UDHAM SINGH NAGAR,29.04324167,79.24461944,2023-01-24,2.5,1.5,3
498,Haripura_2,Uttarakhand,56,UDHAM SINGH NAGAR,29.13151944,79.25965556,2023-01-24,0.5,0.5,1
499,Rudrapur_2,Uttarakhand,56,UDHAM SINGH NAGAR,28.97373611,79.39988611,2023-01-24,14.5,3.5,10
500,Sitarganj_1,Uttarakhand,56,UDHAM SINGH NAGAR,28.92971389,79.703,2023-01-24,11.0,2.5,10
501,Almora_1,Uttarakhand,45,Almora,29.59575833,79.65063889,2023-01-25,20.0,4.0,7
502,Almora_1,Uttarakhand,45,Almora,29.59631389,79.65005556,2023-01-25,36.5,3.5,18
503,Lamgara,Uttarakhand,45,Almora,29.53866667,79.74994444,2023-01-25,21.0,3.5,18
504,Baijnath (Gomti),Uttarakhand,46,Bageshwar,29.90822222,79.61769444,2023-01-25,3.5,3.5,1
505,Kapkot (Saryu),Uttarakhand,46,Bageshwar,29.94516667,79.9025,2023-01-25,8.0,1.5,6
506,Gairsain (Ramganga),Uttarakhand,47,Chamoli,30.045,79.2855,2023-01-25,18.5,3.0,7
507,Champawat_1,Uttarakhand,48,Champawat,29.33341667,80.08469444,2023-01-25,72.0,7.5,19
508,Danda_1,Uttarakhand,48,Champawat,29.15927778,80.10852778,2023-01-25,58.0,11.0,18
509,Tanakpur_1,Uttarakhand,48,Champawat,29.07222222,80.1175,2023-01-25,22.0,2.5,20
510,Yamuna Colony,Uttarakhand,49,Dehradun,30.33775278,78.03311667,2023-01-25,4.5,2.5,5
511,Bahadarabad,Uttarakhand,50,Haridwar,29.92380278,78.03671389,2023-01-25,3.5,0.5,7
512,Gola_1,Uttarakhand,51,Nainital,29.27136111,79.54743333,2023-01-25,38.0,3.0,19
513,Dugadda (Khoh),Uttarakhand,52,PAURI GARHWAL,29.75108333,78.52341667,2023-01-25,44.5,4.0,15
514,Yamkeshwar,Uttarakhand,52,PAURI GARHWAL,29.96130556,78.44086111,2023-01-25,0.5,0.5,1
515,Dharchula_1,Uttarakhand,53,Pithoragarh,29.84825,80.54047222,2023-01-25,10.5,3.0,5
516,Pithoragarh,Uttarakhand,53,Pithoragarh,29.57938889,80.21886111,2023-01-25,17.0,4.0,5
517,Gadarpur,Uttarakhand,56,UDHAM SINGH NAGAR,29.04324167,79.24461944,2023-01-25,4.5,1.0,5
518,Haripura_2,Uttarakhand,56,UDHAM SINGH NAGAR,29.13151944,79.25965556,2023-01-25,4.5,1.0,5
519,Rudrapur_2,Uttarakhand,56,UDHAM SINGH NAGAR,28.97373611,79.39988611,2023-01-25,27.5,2.5,20
520,Sitarganj_1,Uttarakhand,56,UDHAM SINGH NAGAR,28.92971389,79.703,2023-01-25,31.0,5.0,16
521,Tumaria,Uttarakhand,56,UDHAM SINGH NAGAR,29.30704722,78.93133056,2023-01-25,4.0,1.0,4
522,Almora_1,Uttarakhand,45,Almora,29.59631389,79.65005556,2023-01-26,13.5,1.5,9
523,Lamgara,Uttarakhand,45,Almora,29.53866667,79.74994444,2023-01-26,4.5,0.5,9
524,Baijnath (Gomti),Uttarakhand,46,Bageshwar,29.90822222,79.61769444,2023-01-26,275.5,272.0,8
525,Champawat_1,Uttarakhand,48,Champawat,29.33341667,80.08469444,2023-01-26,27.0,3.0,9
526,Danda_1,Uttarakhand,48,Champawat,29.15927778,80.10852778,2023-01-26,17.5,1.5,17
527,Tanakpur_1,Uttarakhand,48,Champawat,29.07222222,80.1175,2023-01-26,9.0,1.0,9
528,Gola_1,Uttarakhand,51,Nainital,29.27136111,79.54743333,2023-01-26,13.5,1.5,9
529,Dugadda (Khoh),Uttarakhand,52,PAURI GARHWAL,29.75108333,78.52341667,2023-01-26,22.5,2.5,9
530,Rudrapur_2,Uttarakhand,56,UDHAM SINGH NAGAR,28.97373611,79.39988611,2023-01-26,9.0,1.0,9
531,Sitarganj_1,Uttarakhand,56,UDHAM SINGH NAGAR,28.92971389,79.703,2023-01-26,9.0,1.0,9
532,Baijnath (Gomti),Uttarakhand,46,Bageshwar,29.90822222,79.61769444,2023-01-27,2.5,0.5,5
533,Danda_1,Uttarakhand,48,Champawat,29.15927778,80.10852778,2023-01-27,4.5,0.5,9
534,Yamkeshwar,Uttarakhand,52,PAURI GARHWAL,29.96130556,78.44086111,2023-01-28,0.5,0.5,1
535,Yamkeshwar,Uttarakhand,52,PAURI GARHWAL,29.96130556,78.44086111,2023-01-29,1.0,0.5,2
536,Almora_1,Uttarakhand,45,Almora,29.59575833,79.65063889,2023-01-30,18.5,5.5,5
537,Almora_1,Uttarakhand,45,Almora,29.59631389,79.65005556,2023-01-30,8.5,2.5,5
538,Lamgara,Uttarakhand,45,Almora,29.53866667,79.74994444,2023-01-30,14.5,5.5,5
539,Kapkot (Saryu),Uttarakhand,46,Bageshwar,29.94516667,79.9025,2023-01-30,9.0,4.0,4
540,Gairsain (Ramganga),Uttarakhand,47,Chamoli,30.045,79.2855,2023-01-30,6.0,1.5,6
541,Champawat_1,Uttarakhand,48,Champawat,29.33341667,80.08469444,2023-01-30,5.0,4.0,2
542,Danda_1,Uttarakhand,48,Champawat,29.15927778,80.10852778,2023-01-30,1.5,1.5,1
543,Dakpathar,Uttarakhand,49,Dehradun,30.49866667,77.79744444,2023-01-30,36.5,11.0,12
544,Yamuna Colony,Uttarakhand,49,Dehradun,30.33775278,78.03311667,2023-01-30,37.0,10.0,12
545,Bahadarabad,Uttarakhand,50,Haridwar,29.92380278,78.03671389,2023-01-30,24.0,7.0,12
546,Roorkee_2,Uttarakhand,50,Haridwar,29.86771944,77.88415556,2023-01-30,22.5,7.5,3
547,Gola_1,Uttarakhand,51,Nainital,29.27136111,79.54743333,2023-01-30,3.5,1.0,4
548,Dugadda (Khoh),Uttarakhand,52,PAURI GARHWAL,29.75108333,78.52341667,2023-01-30,27.5,3.0,12
549,Yamkeshwar,Uttarakhand,52,PAURI GARHWAL,29.96130556,78.44086111,2023-01-30,382.5,382.0,2
550,Pithoragarh,Uttarakhand,53,Pithoragarh,29.57938889,80.21886111,2023-01-30,2.0,2.0,1
551,Gadarpur,Uttarakhand,56,UDHAM SINGH NAGAR,29.04324167,79.24461944,2023-01-30,15.5,2.5,8
552,Haripura_2,Uttarakhand,56,UDHAM SINGH NAGAR,29.13151944,79.25965556,2023-01-30,12.5,2.0,8
553,Rudrapur_2,Uttarakhand,56,UDHAM SINGH NAGAR,28.97373611,79.39988611,2023-01-30,4.5,1.0,5
554,Tumaria,Uttarakhand,56,UDHAM SINGH NAGAR,29.30704722,78.93133056,2023-01-30,32.0,4.0,10
555,Almora_1,Uttarakhand,45,Almora,29.59575833,79.65063889,2023-01-31,16.5,5.5,3
556,Lamgara,Uttarakhand,45,Almora,29.53866667,79.74994444,2023-01-31,16.5,5.5,3
557,Kapkot (Saryu),Uttarakhand,46,Bageshwar,29.94516667,79.9025,2023-01-31,13.5,4.5,3
558,Gairsain (Ramganga),Uttarakhand,47,Chamoli,30.045,79.2855,2023-01-31,6.0,2.0,3
559,Champawat_1,Uttarakhand,48,Champawat,29.33341667,80.08469444,2023-01-31,8.0,4.0,2
560,Danda_1,Uttarakhand,48,Champawat,29.15927778,80.10852778,2023-01-31,4.5,1.5,3
561,Tanakpur_1,Uttarakhand,48,Champawat,29.07222222,80.1175,2023-01-31,3.0,0.5,6
562,Dakpathar,Uttarakhand,49,Dehradun,30.49866667,77.79744444,2023-01-31,1.5,0.5,3
563,Yamuna Colony,Uttarakhand,49,Dehradun,30.33775278,78.03311667,2023-01-31,3.0,1.0,3
564,Bahadarabad,Uttarakhand,50,Haridwar,29.92380278,78.03671389,2023-01-31,1.5,0.5,3
565,Gola_1,Uttarakhand,51,Nainital,29.27136111,79.54743333,2023-01-31,3.0,1.0,3
566,Dugadda (Khoh),Uttarakhand,52,PAURI GARHWAL,29.75108333,78.52341667,2023-01-31,9.0,3.0,3
567,Yamkeshwar,Uttarakhand,52,PAURI GARHWAL,29.96130556,78.44086111,2023-01-31,1.0,0.5,2
568,Dharchula_1,Uttarakhand,53,Pithoragarh,29.84825,80.54047222,2023-01-31,0.5,0.5,1
569,Pithoragarh,Uttarakhand,53,Pithoragarh,29.57938889,80.21886111,2023-01-31,10.0,5.0,2
570,Gadarpur,Uttarakhand,56,UDHAM SINGH NAGAR,29.04324167,79.24461944,2023-01-31,7.5,2.5,3
571,Haripura_2,Uttarakhand,56,UDHAM SINGH NAGAR,29.13151944,79.25965556,2023-01-31,4.0,2.0,2
572,Rudrapur_2,Uttarakhand,56,UDHAM SINGH NAGAR,28.97373611,79.39988611,2023-01-31,3.0,1.0,3
573,Tumaria,Uttarakhand,56,UDHAM SINGH NAGAR,29.30704722,78.93133056,2023-01-31,12.0,4.0,3
574,Tanakpur_1,Uttarakhand,48,Champawat,29.07222222,80.1175,2023-02-01,4.5,0.5,9
575,Yamkeshwar,Uttarakhand,52,PAURI GARHWAL,29.96130556,78.44086111,2023-02-01,3.0,0.5,6
576,Yamkeshwar,Uttarakhand,52,PAURI GARHWAL,29.96130556,78.44086111,2023-02-02,1.5,0.5,3
577,Yamkeshwar,Uttarakhand,52,PAURI GARHWAL,29.96130556,78.44086111,2023-02-03,137.5,132.5,8
578,Yamkeshwar,Uttarakhand,52,PAURI GARHWAL,29.96130556,78.44086111,2023-02-04,4.0,0.5,8
579,Guptkashi_1,Uttarakhand,54,Rudraprayag,30.52863889,79.08508333,2023-02-04,1023.0,511.5,2
580,Tanakpur_1,Uttarakhand,48,Champawat,29.07222222,80.1175,2023-02-05,1.0,0.5,2
581,Yamkeshwar,Uttarakhand,52,PAURI GARHWAL,29.96130556,78.44086111,2023-02-05,2.0,0.5,4
582,Yamkeshwar,Uttarakhand,52,PAURI GARHWAL,29.96130556,78.44086111,2023-02-06,2.0,0.5,4
583,Yamkeshwar,Uttarakhand,52,PAURI GARHWAL,29.96130556,78.44086111,2023-02-07,4.0,0.5,8
584,Kempty,Uttarakhand,55,Tehri Garhwal,30.49075,78.04738889,2023-02-07,66.0,5.5,12
585,Yamkeshwar,Uttarakhand,52,PAURI GARHWAL,29.96130556,78.44086111,2023-02-08,316.5,312.5,9
586,Kempty,Uttarakhand,55,Tehri Garhwal,30.49075,78.04738889,2023-02-08,38.5,5.5,7
587,Yamkeshwar,Uttarakhand,52,PAURI GARHWAL,29.96130556,78.44086111,2023-02-09,2.5,0.5,5
588,Yamkeshwar,Uttarakhand,52,PAURI GARHWAL,29.96130556,78.44086111,2023-02-10,1.5,0.5,3
589,Dharchula_1,Uttarakhand,53,Pithoragarh,29.84825,80.54047222,2023-02-12,1.0,0.5,2
590,Kempty,Uttarakhand,55,Tehri Garhwal,30.49075,78.04738889,2023-02-12,1.0,1.0,1
591,Kosi_1,Uttarakhand,45,Almora,29.6191,79.62060833,2023-02-17,1.0,0.5,2
592,Yamuna Colony,Uttarakhand,49,Dehradun,30.33775278,78.03311667,2023-02-21,2.0,0.5,4
593,Dugadda (Khoh),Uttarakhand,52,PAURI GARHWAL,29.75108333,78.52341667,2023-02-21,1.0,1.0,1
594,Kempty,Uttarakhand,55,Tehri Garhwal,30.49075,78.04738889,2023-02-21,5.0,1.5,4
595,Haripura_2,Uttarakhand,56,UDHAM SINGH NAGAR,29.13151944,79.25965556,2023-02-21,48.0,48.0,1
596,Almora_1,Uttarakhand,45,Almora,29.59575833,79.65063889,2023-02-22,3.5,0.5,7
597,Lamgara,Uttarakhand,45,Almora,29.53866667,79.74994444,2023-02-22,3.5,0.5,7
598,Gairsain (Ramganga),Uttarakhand,47,Chamoli,30.045,79.2855,2023-02-22,3.5,0.5,7
599,Tanakpur_1,Uttarakhand,48,Champawat,29.07222222,80.1175,2023-02-22,2.0,0.5,4
600,Yamuna Colony,Uttarakhand,49,Dehradun,30.33775278,78.03311667,2023-02-22,3.5,0.5,7
601,Gola_1,Uttarakhand,51,Nainital,29.27136111,79.54743333,2023-02-22,3.5,0.5,7
602,Mukteshwar_1,Uttarakhand,51,Nainital,29.47413889,79.65119444,2023-02-22,2.0,2.0,1
603,Dugadda (Khoh),Uttarakhand,52,PAURI GARHWAL,29.75108333,78.52341667,2023-02-22,20.0,2.5,8
604,Guptkashi_1,Uttarakhand,54,Rudraprayag,30.52863889,79.08508333,2023-02-22,6138.0,511.5,12
605,Kempty,Uttarakhand,55,Tehri Garhwal,30.49075,78.04738889,2023-02-22,7.5,1.5,5
606,Sitarganj_1,Uttarakhand,56,UDHAM SINGH NAGAR,28.92971389,79.703,2023-02-22,6.0,1.0,6
607,Yamkeshwar,Uttarakhand,52,PAURI GARHWAL,29.96130556,78.44086111,2023-02-23,129.0,129.0,1
608,Guptkashi_1,Uttarakhand,54,Rudraprayag,30.52863889,79.08508333,2023-02-23,10230.0,511.5,20
609,Baijnath (Gomti),Uttarakhand,46,Bageshwar,29.90822222,79.61769444,2023-02-24,408.0,408.0,1
610,Yamkeshwar,Uttarakhand,52,PAURI GARHWAL,29.96130556,78.44086111,2023-02-24,40.0,40.0,1
611,Guptkashi_1,Uttarakhand,54,Rudraprayag,30.52863889,79.08508333,2023-02-24,5115.0,511.5,10
612,Baijnath (Gomti),Uttarakhand,46,Bageshwar,29.90822222,79.61769444,2023-02-25,0.5,0.5,1
613,Yamkeshwar,Uttarakhand,52,PAURI GARHWAL,29.96130556,78.44086111,2023-02-25,0.5,0.5,1
614,Mukteshwar_1,Uttarakhand,51,Nainital,29.47413889,79.65119444,2023-02-27,10.0,10.0,1
615,Dharchula_1,Uttarakhand,53,Pithoragarh,29.84825,80.54047222,2023-02-27,4.5,1.5,3
616,Baijnath (Gomti),Uttarakhand,46,Bageshwar,29.90822222,79.61769444,2023-03-02,136.0,136.0,1
617,Yamkeshwar,Uttarakhand,52,PAURI GARHWAL,29.96130556,78.44086111,2023-03-02,1.0,1.0,1
618,Joshiyara,Uttarakhand,57,Uttarkashi,30.73122222,78.42733333,2023-03-02,379.5,379.5,1
619,Mukteshwar_1,Uttarakhand,51,Nainital,29.47413889,79.65119444,2023-03-04,193.5,193.5,1
620,Kempty,Uttarakhand,55,Tehri Garhwal,30.49075,78.04738889,2023-03-04,5.0,5.0,1
621,Baijnath (Gomti),Uttarakhand,46,Bageshwar,29.90822222,79.61769444,2023-03-05,0.5,0.5,1
622,Yamkeshwar,Uttarakhand,52,PAURI GARHWAL,29.96130556,78.44086111,2023-03-05,393.0,393.0,1
623,Baijnath (Gomti),Uttarakhand,46,Bageshwar,29.90822222,79.61769444,2023-03-06,3.0,0.5,6
624,Almora_1,Uttarakhand,45,Almora,29.59575833,79.65063889,2023-03-08,4.0,1.0,4
625,Gairsain (Ramganga),Uttarakhand,47,Chamoli,30.045,79.2855,2023-03-08,3.0,0.5,6
626,Dharchula_1,Uttarakhand,53,Pithoragarh,29.84825,80.54047222,2023-03-08,2.0,0.5,4
627,Nachni,Uttarakhand,53,Pithoragarh,29.90594444,80.16097222,2023-03-08,111.5,14.0,8
628,Kempty,Uttarakhand,55,Tehri Garhwal,30.49075,78.04738889,2023-03-08,20.5,3.5,6
629,Almora_1,Uttarakhand,45,Almora,29.59575833,79.65063889,2023-03-09,9.0,1.0,9
630,Gairsain (Ramganga),Uttarakhand,47,Chamoli,30.045,79.2855,2023-03-09,4.5,0.5,9
631,Yamkeshwar,Uttarakhand,52,PAURI GARHWAL,29.96130556,78.44086111,2023-03-09,8.0,8.0,1
632,Dharchula_1,Uttarakhand,53,Pithoragarh,29.84825,80.54047222,2023-03-09,3.5,0.5,7
633,Nachni,Uttarakhand,53,Pithoragarh,29.90594444,80.16097222,2023-03-09,126.0,14.0,9
634,Kempty,Uttarakhand,55,Tehri Garhwal,30.49075,78.04738889,2023-03-09,24.5,3.5,7
635,Gairsain (Ramganga),Uttarakhand,47,Chamoli,30.045,79.2855,2023-03-12,24.0,5.0,6
636,Dharchula_1,Uttarakhand,53,Pithoragarh,29.84825,80.54047222,2023-03-12,4.0,2.0,2
637,Gairsain (Ramganga),Uttarakhand,47,Chamoli,30.045,79.2855,2023-03-13,21.5,5.5,13
638,Dharchula_1,Uttarakhand,53,Pithoragarh,29.84825,80.54047222,2023-03-13,18.5,4.0,7
639,Almora_1,Uttarakhand,45,Almora,29.59575833,79.65063889,2023-03-14,3.0,1.0,4
640,Almora_1,Uttarakhand,45,Almora,29.59631389,79.65005556,2023-03-14,35.5,8.5,6
641,Lamgara,Uttarakhand,45,Almora,29.53866667,79.74994444,2023-03-14,2.5,1.0,3
642,Gairsain (Ramganga),Uttarakhand,47,Chamoli,30.045,79.2855,2023-03-14,6.0,0.5,12
643,Danda_1,Uttarakhand,48,Champawat,29.15927778,80.10852778,2023-03-14,1.5,0.5,3
644,Tanakpur_1,Uttarakhand,48,Champawat,29.07222222,80.1175,2023-03-14,2.0,1.0,3
645,Gola_1,Uttarakhand,51,Nainital,29.27136111,79.54743333,2023-03-14,36.5,14.0,3
646,Mukteshwar_1,Uttarakhand,51,Nainital,29.47413889,79.65119444,2023-03-14,3.5,1.5,3
647,Dharchula_1,Uttarakhand,53,Pithoragarh,29.84825,80.54047222,2023-03-14,28.0,4.0,7
648,Almora_1,Uttarakhand,45,Almora,29.59575833,79.65063889,2023-03-15,8.0,1.0,8
649,Almora_1,Uttarakhand,45,Almora,29.59631389,79.65005556,2023-03-15,59.5,8.5,7
650,Lamgara,Uttarakhand,45,Almora,29.53866667,79.74994444,2023-03-15,8.0,1.0,8
651,Gairsain (Ramganga),Uttarakhand,47,Chamoli,30.045,79.2855,2023-03-15,7.0,1.0,12
652,Danda_1,Uttarakhand,48,Champawat,29.15927778,80.10852778,2023-03-15,3.5,0.5,7
653,Tanakpur_1,Uttarakhand,48,Champawat,29.07222222,80.1175,2023-03-15,8.0,1.0,8
654,Gola_1,Uttarakhand,51,Nainital,29.27136111,79.54743333,2023-03-15,112.0,14.0,8
655,Mukteshwar_1,Uttarakhand,51,Nainital,29.47413889,79.65119444,2023-03-15,12.0,1.5,8
656,Yamkeshwar,Uttarakhand,52,PAURI GARHWAL,29.96130556,78.44086111,2023-03-15,261.0,261.0,1
657,Almora_1,Uttarakhand,45,Almora,29.59575833,79.65063889,2023-03-16,35.5,9.0,4
658,Lamgara,Uttarakhand,45,Almora,29.53866667,79.74994444,2023-03-16,2.0,0.5,4
659,Gairsain (Ramganga),Uttarakhand,47,Chamoli,30.045,79.2855,2023-03-16,13.5,1.0,20
660,Mukteshwar_1,Uttarakhand,51,Nainital,29.47413889,79.65119444,2023-03-16,4.0,0.5,8
661,Yamkeshwar,Uttarakhand,52,PAURI GARHWAL,29.96130556,78.44086111,2023-03-16,48.0,48.0,1
662,Dharchula_1,Uttarakhand,53,Pithoragarh,29.84825,80.54047222,2023-03-16,7.0,2.0,4
663,Kempty,Uttarakhand,55,Tehri Garhwal,30.49075,78.04738889,2023-03-16,101.5,20.5,6
664,Almora_1,Uttarakhand,45,Almora,29.59575833,79.65063889,2023-03-17,63.0,9.0,7
665,Almora_1,Uttarakhand,45,Almora,29.59631389,79.65005556,2023-03-17,8.0,1.0,8
666,Lamgara,Uttarakhand,45,Almora,29.53866667,79.74994444,2023-03-17,3.5,0.5,7
667,Gairsain (Ramganga),Uttarakhand,47,Chamoli,30.045,79.2855,2023-03-17,10.0,1.0,16
668,Yamuna Colony,Uttarakhand,49,Dehradun,30.33775278,78.03311667,2023-03-17,10.0,4.5,6
669,Bahadarabad,Uttarakhand,50,Haridwar,29.92380278,78.03671389,2023-03-17,9.5,5.0,2
670,Mukteshwar_1,Uttarakhand,51,Nainital,29.47413889,79.65119444,2023-03-17,10.5,1.0,14
671,Dharchula_1,Uttarakhand,53,Pithoragarh,29.84825,80.54047222,2023-03-17,14.0,2.0,7
672,Kempty,Uttarakhand,55,Tehri Garhwal,30.49075,78.04738889,2023-03-17,106.0,20.5,12
673,Almora_1,Uttarakhand,45,Almora,29.59575833,79.65063889,2023-03-18,1.5,0.5,3
674,Almora_1,Uttarakhand,45,Almora,29.59631389,79.65005556,2023-03-18,8.0,1.0,8
675,Lamgara,Uttarakhand,45,Almora,29.53866667,79.74994444,2023-03-18,3.5,1.0,4
676,Gairsain (Ramganga),Uttarakhand,47,Chamoli,30.045,79.2855,2023-03-18,6.0,0.5,12
677,Danda_1,Uttarakhand,48,Champawat,29.15927778,80.10852778,2023-03-18,4.0,1.0,4
678,Tanakpur_1,Uttarakhand,48,Champawat,29.07222222,80.1175,2023-03-18,2.0,0.5,4
679,Yamuna Colony,Uttarakhand,49,Dehradun,30.33775278,78.03311667,2023-03-18,84.0,10.5,18
680,Bahadarabad,Uttarakhand,50,Haridwar,29.92380278,78.03671389,2023-03-18,107.0,17.0,17
681,Roorkee_2,Uttarakhand,50,Haridwar,29.86771944,77.88415556,2023-03-18,17.0,2.5,7
682,Mukteshwar_1,Uttarakhand,51,Nainital,29.47413889,79.65119444,2023-03-18,12.0,1.0,12
683,Dugadda (Khoh),Uttarakhand,52,PAURI GARHWAL,29.75108333,78.52341667,2023-03-18,6.0,2.0,9
684,Dharchula_1,Uttarakhand,53,Pithoragarh,29.84825,80.54047222,2023-03-18,5.5,2.0,5
685,Kempty,Uttarakhand,55,Tehri Garhwal,30.49075,78.04738889,2023-03-18,39.5,4.5,17
686,Sitarganj_1,Uttarakhand,56,UDHAM SINGH NAGAR,28.92971389,79.703,2023-03-18,1.5,0.5,3
687,Almora_1,Uttarakhand,45,Almora,29.59575833,79.65063889,2023-03-20,12.0,3.5,6
688,Almora_1,Uttarakhand,45,Almora,29.59631389,79.65005556,2023-03-20,35.5,5.0,11
689,Lamgara,Uttarakhand,45,Almora,29.53866667,79.74994444,2023-03-20,1.5,0.5,3
690,Gairsain (Ramganga),Uttarakhand,47,Chamoli,30.045,79.2855,2023-03-20,1.5,0.5,3
691,Danda_1,Uttarakhand,48,Champawat,29.15927778,80.10852778,2023-03-20,57.0,6.5,11
692,Bahadarabad,Uttarakhand,50,Haridwar,29.92380278,78.03671389,2023-03-20,5.0,1.5,4
693,Roorkee_2,Uttarakhand,50,Haridwar,29.86771944,77.88415556,2023-03-20,3.0,1.0,4
694,Gola_1,Uttarakhand,51,Nainital,29.27136111,79.54743333,2023-03-20,47.0,7.0,10
695,Mukteshwar_1,Uttarakhand,51,Nainital,29.47413889,79.65119444,2023-03-20,6.0,2.0,3
696,Dugadda (Khoh),Uttarakhand,52,PAURI GARHWAL,29.75108333,78.52341667,2023-03-20,5.0,0.5,10
697,Dharchula_1,Uttarakhand,53,Pithoragarh,29.84825,80.54047222,2023-03-20,7.0,3.5,2
698,Kempty,Uttarakhand,55,Tehri Garhwal,30.49075,78.04738889,2023-03-20,40.5,10.0,7
699,Haripura_2,Uttarakhand,56,UDHAM SINGH NAGAR,29.13151944,79.25965556,2023-03-20,28.5,6.5,8
700,Rudrapur_2,Uttarakhand,56,UDHAM SINGH NAGAR,28.97373611,79.39988611,2023-03-20,104.0,17.0,10
701,Sitarganj_1,Uttarakhand,56,UDHAM SINGH NAGAR,28.92971389,79.703,2023-03-20,89.0,11.5,8
702,Tumaria,Uttarakhand,56,UDHAM SINGH NAGAR,29.30704722,78.93133056,2023-03-20,12.5,2.5,6
703,Almora_1,Uttarakhand,45,Almora,29.59575833,79.65063889,2023-03-21,84.5,5.5,18
704,Almora_1,Uttarakhand,45,Almora,29.59631389,79.65005556,2023-03-21,117.5,9.0,17
705,Lamgara,Uttarakhand,45,Almora,29.53866667,79.74994444,2023-03-21,106.5,8.5,18
706,Gairsain (Ramganga),Uttarakhand,47,Chamoli,30.045,79.2855,2023-03-21,1.5,0.5,3
707,Danda_1,Uttarakhand,48,Champawat,29.15927778,80.10852778,2023-03-21,181.5,29.0,17
708,Tanakpur_1,Uttarakhand,48,Champawat,29.07222222,80.1175,2023-03-21,1.5,0.5,3
709,Yamuna Colony,Uttarakhand,49,Dehradun,30.33775278,78.03311667,2023-03-21,53.5,5.0,18
710,Bahadarabad,Uttarakhand,50,Haridwar,29.92380278,78.03671389,2023-03-21,83.0,19.5,16
711,Roorkee_2,Uttarakhand,50,Haridwar,29.86771944,77.88415556,2023-03-21,25.0,6.5,15
712,Gola_1,Uttarakhand,51,Nainital,29.27136111,79.54743333,2023-03-21,133.5,15.5,17
713,Mukteshwar_1,Uttarakhand,51,Nainital,29.47413889,79.65119444,2023-03-21,98.5,6.0,18
714,Dugadda (Khoh),Uttarakhand,52,PAURI GARHWAL,29.75108333,78.52341667,2023-03-21,12.0,1.0,14
715,Dharchula_1,Uttarakhand,53,Pithoragarh,29.84825,80.54047222,2023-03-21,42.0,3.5,17
716,Kempty,Uttarakhand,55,Tehri Garhwal,30.49075,78.04738889,2023-03-21,103.0,15.5,17
717,Gadarpur,Uttarakhand,56,UDHAM SINGH NAGAR,29.04324167,79.24461944,2023-03-21,84.0,12.0,16
718,Haripura_2,Uttarakhand,56,UDHAM SINGH NAGAR,29.13151944,79.25965556,2023-03-21,59.0,6.0,15
719,Rudrapur_2,Uttarakhand,56,UDHAM SINGH NAGAR,28.97373611,79.39988611,2023-03-21,132.5,31.0,17
720,Sitarganj_1,Uttarakhand,56,UDHAM SINGH NAGAR,28.92971389,79.703,2023-03-21,145.0,16.5,17
721,Tumaria,Uttarakhand,56,UDHAM SINGH NAGAR,29.30704722,78.93133056,2023-03-21,96.0,6.0,18
722,Almora_1,Uttarakhand,45,Almora,29.59575833,79.65063889,2023-03-22,44.0,5.5,8
723,Almora_1,Uttarakhand,45,Almora,29.59631389,79.65005556,2023-03-22,56.0,7.0,8
724,Lamgara,Uttarakhand,45,Almora,29.53866667,79.74994444,2023-03-22,52.0,6.5,8
725,Gairsain (Ramganga),Uttarakhand,47,Chamoli,30.045,79.2855,2023-03-22,3.5,0.5,7
726,Danda_1,Uttarakhand,48,Champawat,29.15927778,80.10852778,2023-03-22,64.0,8.0,8
727,Yamuna Colony,Uttarakhand,49,Dehradun,30.33775278,78.03311667,2023-03-22,21.0,3.0,7
728,Bahadarabad,Uttarakhand,50,Haridwar,29.92380278,78.03671389,2023-03-22,20.0,2.5,8
729,Roorkee_2,Uttarakhand,50,Haridwar,29.86771944,77.88415556,2023-03-22,3.5,0.5,7
730,Gola_1,Uttarakhand,51,Nainital,29.27136111,79.54743333,2023-03-22,52.0,6.5,8
731,Mukteshwar_1,Uttarakhand,51,Nainital,29.47413889,79.65119444,2023-03-22,48.0,6.0,8
732,Dugadda (Khoh),Uttarakhand,52,PAURI GARHWAL,29.75108333,78.52341667,2023-03-22,8.0,1.0,8
733,Yamkeshwar,Uttarakhand,52,PAURI GARHWAL,29.96130556,78.44086111,2023-03-22,2.5,1.0,3
734,Dharchula_1,Uttarakhand,53,Pithoragarh,29.84825,80.54047222,2023-03-22,21.0,3.5,6
735,Kempty,Uttarakhand,55,Tehri Garhwal,30.49075,78.04738889,2023-03-22,40.0,5.0,8
736,Gadarpur,Uttarakhand,56,UDHAM SINGH NAGAR,29.04324167,79.24461944,2023-03-22,36.0,4.5,8
737,Haripura_2,Uttarakhand,56,UDHAM SINGH NAGAR,29.13151944,79.25965556,2023-03-22,28.0,4.0,7
738,Rudrapur_2,Uttarakhand,56,UDHAM SINGH NAGAR,28.97373611,79.39988611,2023-03-22,28.0,4.0,7
739,Sitarganj_1,Uttarakhand,56,UDHAM SINGH NAGAR,28.92971389,79.703,2023-03-22,52.5,7.5,7
740,Tumaria,Uttarakhand,56,UDHAM SINGH NAGAR,29.30704722,78.93133056,2023-03-22,48.0,6.0,8
741,Gairsain (Ramganga),Uttarakhand,47,Chamoli,30.045,79.2855,2023-03-23,4.5,0.5,9
742,Dugadda (Khoh),Uttarakhand,52,PAURI GARHWAL,29.75108333,78.52341667,2023-03-23,2.5,0.5,5
743,Yamkeshwar,Uttarakhand,52,PAURI GARHWAL,29.96130556,78.44086111,2023-03-23,173.5,168.5,7
744,Guptkashi_1,Uttarakhand,54,Rudraprayag,30.52863889,79.08508333,2023-03-23,2046.0,511.5,4
745,Lamgara,Uttarakhand,45,Almora,29.53866667,79.74994444,2023-03-24,4.5,0.5,9
746,Tanakpur_1,Uttarakhand,48,Champawat,29.07222222,80.1175,2023-03-24,1.5,0.5,3
747,Bahadarabad,Uttarakhand,50,Haridwar,29.92380278,78.03671389,2023-03-24,0.5,0.5,1
748,Roorkee_2,Uttarakhand,50,Haridwar,29.86771944,77.88415556,2023-03-24,1.0,1.0,1
749,Yamkeshwar,Uttarakhand,52,PAURI GARHWAL,29.96130556,78.44086111,2023-03-24,4.0,0.5,8
750,Dharchula_1,Uttarakhand,53,Pithoragarh,29.84825,80.54047222,2023-03-24,9.0,1.5,6
751,Guptkashi_1,Uttarakhand,54,Rudraprayag,30.52863889,79.08508333,2023-03-24,4092.0,511.5,8
752,Almora_1,Uttarakhand,45,Almora,29.59575833,79.65063889,2023-03-25,30.5,7.5,13
753,Almora_1,Uttarakhand,45,Almora,29.59631389,79.65005556,2023-03-25,27.5,4.5,15
754,Lamgara,Uttarakhand,45,Almora,29.53866667,79.74994444,2023-03-25,41.5,7.5,18
755,Gairsain (Ramganga),Uttarakhand,47,Chamoli,30.045,79.2855,2023-03-25,5.0,0.5,10
756,Danda_1,Uttarakhand,48,Champawat,29.15927778,80.10852778,2023-03-25,25.5,6.0,16
757,Yamuna Colony,Uttarakhand,49,Dehradun,30.33775278,78.03311667,2023-03-25,25.5,6.0,14
758,Bahadarabad,Uttarakhand,50,Haridwar,29.92380278,78.03671389,2023-03-25,17.5,2.5,8
759,Roorkee_2,Uttarakhand,50,Haridwar,29.86771944,77.88415556,2023-03-25,22.5,3.0,10
760,Gola_1,Uttarakhand,51,Nainital,29.27136111,79.54743333,2023-03-25,31.0,3.5,17
761,Mukteshwar_1,Uttarakhand,51,Nainital,29.47413889,79.65119444,2023-03-25,41.5,6.5,16
762,Virbhadra,Uttarakhand,52,PAURI GARHWAL,30.07444444,78.29047222,2023-03-25,16.5,2.5,8
763,Yamkeshwar,Uttarakhand,52,PAURI GARHWAL,29.96130556,78.44086111,2023-03-25,3.5,0.5,7
764,Dharchula_1,Uttarakhand,53,Pithoragarh,29.84825,80.54047222,2023-03-25,23.0,5.5,8
765,Kempty,Uttarakhand,55,Tehri Garhwal,30.49075,78.04738889,2023-03-25,26.0,5.0,6
766,Gadarpur,Uttarakhand,56,UDHAM SINGH NAGAR,29.04324167,79.24461944,2023-03-25,47.0,5.0,19
767,Haripura_2,Uttarakhand,56,UDHAM SINGH NAGAR,29.13151944,79.25965556,2023-03-25,25.5,4.0,18
768,Rudrapur_2,Uttarakhand,56,UDHAM SINGH NAGAR,28.97373611,79.39988611,2023-03-25,28.0,4.0,17
769,Sitarganj_1,Uttarakhand,56,UDHAM SINGH NAGAR,28.92971389,79.703,2023-03-25,26.0,4.5,14
770,Tumaria,Uttarakhand,56,UDHAM SINGH NAGAR,29.30704722,78.93133056,2023-03-25,30.5,7.0,7
771,Almora_1,Uttarakhand,45,Almora,29.59575833,79.65063889,2023-03-26,6.0,1.0,6
772,Almora_1,Uttarakhand,45,Almora,29.59631389,79.65005556,2023-03-26,4.0,1.0,4
773,Lamgara,Uttarakhand,45,Almora,29.53866667,79.74994444,2023-03-26,12.0,2.0,6
774,Gairsain (Ramganga),Uttarakhand,47,Chamoli,30.045,79.2855,2023-03-26,3.0,0.5,6
775,Danda_1,Uttarakhand,48,Champawat,29.15927778,80.10852778,2023-03-26,2.5,0.5,5
776,Yamuna Colony,Uttarakhand,49,Dehradun,30.33775278,78.03311667,2023-03-26,28.0,7.0,4
777,Roorkee_2,Uttarakhand,50,Haridwar,29.86771944,77.88415556,2023-03-26,4.0,1.0,4
778,Gola_1,Uttarakhand,51,Nainital,29.27136111,79.54743333,2023-03-26,7.5,1.5,5
779,Mukteshwar_1,Uttarakhand,51,Nainital,29.47413889,79.65119444,2023-03-26,10.0,2.0,5
780,Virbhadra,Uttarakhand,52,PAURI GARHWAL,30.07444444,78.29047222,2023-03-26,3.0,0.5,6
781,Yamkeshwar,Uttarakhand,52,PAURI GARHWAL,29.96130556,78.44086111,2023-03-26,2.5,1.0,4
782,Kempty,Uttarakhand,55,Tehri Garhwal,30.49075,78.04738889,2023-03-26,27.5,5.5,5
783,Gadarpur,Uttarakhand,56,UDHAM SINGH NAGAR,29.04324167,79.24461944,2023-03-26,10.0,2.0,5
784,Haripura_2,Uttarakhand,56,UDHAM SINGH NAGAR,29.13151944,79.25965556,2023-03-26,3.0,0.5,6
785,Rudrapur_2,Uttarakhand,56,UDHAM SINGH NAGAR,28.97373611,79.39988611,2023-03-26,4.0,1.0,4
786,Sitarganj_1,Uttarakhand,56,UDHAM SINGH NAGAR,28.92971389,79.703,2023-03-26,5.0,1.0,5
787,Lamgara,Uttarakhand,45,Almora,29.53866667,79.74994444,2023-03-27,8.0,1.0,8
788,Tanakpur_1,Uttarakhand,48,Champawat,29.07222222,80.1175,2023-03-27,0.5,0.5,1
789,Yamkeshwar,Uttarakhand,52,PAURI GARHWAL,29.96130556,78.44086111,2023-03-27,2.0,0.5,4
790,Dharchula_1,Uttarakhand,53,Pithoragarh,29.84825,80.54047222,2023-03-27,13.5,1.5,9
791,Guptkashi_1,Uttarakhand,54,Rudraprayag,30.52863889,79.08508333,2023-03-27,136.0,136.0,1
792,Lamgara,Uttarakhand,45,Almora,29.53866667,79.74994444,2023-03-28,9.0,1.0,9
793,Tanakpur_1,Uttarakhand,48,Champawat,29.07222222,80.1175,2023-03-28,4.5,0.5,9
794,Yamkeshwar,Uttarakhand,52,PAURI GARHWAL,29.96130556,78.44086111,2023-03-28,0.5,0.5,1
795,Gairsain (Ramganga),Uttarakhand,47,Chamoli,30.045,79.2855,2023-03-29,1.0,0.5,2
796,Yamkeshwar,Uttarakhand,52,PAURI GARHWAL,29.96130556,78.44086111,2023-03-29,2.0,0.5,4
797,Yamkeshwar,Uttarakhand,52,PAURI GARHWAL,29.96130556,78.44086111,2023-03-30,1.5,0.5,3
798,Kempty,Uttarakhand,55,Tehri Garhwal,30.49075,78.04738889,2023-03-30,2.5,2.5,1
799,Almora_1,Uttarakhand,45,Almora,29.59575833,79.65063889,2023-03-31,28.0,15.0,11
800,Almora_1,Uttarakhand,45,Almora,29.59631389,79.65005556,2023-03-31,2.0,2.0,1
801,Lamgara,Uttarakhand,45,Almora,29.53866667,79.74994444,2023-03-31,23.0,4.0,9
802,Danda_1,Uttarakhand,48,Champawat,29.15927778,80.10852778,2023-03-31,30.0,13.0,12
803,Yamuna Colony,Uttarakhand,49,Dehradun,30.33775278,78.03311667,2023-03-31,45.5,9.0,8
804,Bahadarabad,Uttarakhand,50,Haridwar,29.92380278,78.03671389,2023-03-31,19.0,3.5,10
805,Roorkee_2,Uttarakhand,50,Haridwar,29.86771944,77.88415556,2023-03-31,16.0,2.5,8
806,Gola_1,Uttarakhand,51,Nainital,29.27136111,79.54743333,2023-03-31,36.0,19.0,4
807,Mukteshwar_1,Uttarakhand,51,Nainital,29.47413889,79.65119444,2023-03-31,27.5,16.0,10
808,Virbhadra,Uttarakhand,52,PAURI GARHWAL,30.07444444,78.29047222,2023-03-31,71.5,12.5,9
809,Yamkeshwar,Uttarakhand,52,PAURI GARHWAL,29.96130556,78.44086111,2023-03-31,328.0,327.5,2
810,Dharchula_1,Uttarakhand,53,Pithoragarh,29.84825,80.54047222,2023-03-31,17.5,3.0,7
811,Kempty,Uttarakhand,55,Tehri Garhwal,30.49075,78.04738889,2023-03-31,162.5,19.5,13
812,Gadarpur,Uttarakhand,56,UDHAM SINGH NAGAR,29.04324167,79.24461944,2023-03-31,42.5,12.0,7
813,Haripura_2,Uttarakhand,56,UDHAM SINGH NAGAR,29.13151944,79.25965556,2023-03-31,127.5,27.5,9
814,Rudrapur_2,Uttarakhand,56,UDHAM SINGH NAGAR,28.97373611,79.39988611,2023-03-31,47.5,13.5,6
815,Sitarganj_1,Uttarakhand,56,UDHAM SINGH NAGAR,28.92971389,79.703,2023-03-31,31.0,13.5,6
816,Tumaria,Uttarakhand,56,UDHAM SINGH NAGAR,29.30704722,78.93133056,2023-03-31,155.5,28.5,12
817,Almora_1,Uttarakhand,45,Almora,29.59575833,79.65063889,2023-04-01,64.5,15.5,9
818,Almora_1,Uttarakhand,45,Almora,29.59631389,79.65005556,2023-04-01,68.5,20.5,10
819,Lamgara,Uttarakhand,45,Almora,29.53866667,79.74994444,2023-04-01,73.5,17.5,11
820,Danda_1,Uttarakhand,48,Champawat,29.15927778,80.10852778,2023-04-01,42.5,14.5,3
821,Yamuna Colony,Uttarakhand,49,Dehradun,30.33775278,78.03311667,2023-04-01,47.5,9.0,9
822,Bahadarabad,Uttarakhand,50,Haridwar,29.92380278,78.03671389,2023-04-01,32.0,5.0,11
823,Gola_1,Uttarakhand,51,Nainital,29.27136111,79.54743333,2023-04-01,89.0,19.0,8
824,Mukteshwar_1,Uttarakhand,51,Nainital,29.47413889,79.65119444,2023-04-01,44.0,16.5,9
825,Virbhadra,Uttarakhand,52,PAURI GARHWAL,30.07444444,78.29047222,2023-04-01,64.5,12.5,7
826,Dharchula_1,Uttarakhand,53,Pithoragarh,29.84825,80.54047222,2023-04-01,11.0,7.0,9
827,Kempty,Uttarakhand,55,Tehri Garhwal,30.49075,78.04738889,2023-04-01,48.0,19.5,5
828,Gadarpur,Uttarakhand,56,UDHAM SINGH NAGAR,29.04324167,79.24461944,2023-04-01,49.0,12.5,7
829,Haripura_2,Uttarakhand,56,UDHAM SINGH NAGAR,29.13151944,79.25965556,2023-04-01,55.0,27.5,2
830,Rudrapur_2,Uttarakhand,56,UDHAM SINGH NAGAR,28.97373611,79.39988611,2023-04-01,36.0,13.5,8
831,Sitarganj_1,Uttarakhand,56,UDHAM SINGH NAGAR,28.92971389,79.703,2023-04-01,13.5,13.5,1
832,Tumaria,Uttarakhand,56,UDHAM SINGH NAGAR,29.30704722,78.93133056,2023-04-01,57.0,28.5,2
833,Almora_1,Uttarakhand,45,Almora,29.59575833,79.65063889,2023-04-02,8.0,1.0,8
834,Almora_1,Uttarakhand,45,Almora,29.59631389,79.65005556,2023-04-02,20.0,2.5,8
835,Lamgara,Uttarakhand,45,Almora,29.53866667,79.74994444,2023-04-02,4.0,0.5,8
836,Tanakpur_1,Uttarakhand,48,Champawat,29.07222222,80.1175,2023-04-02,6.0,0.5,12
837,Yamuna Colony,Uttarakhand,49,Dehradun,30.33775278,78.03311667,2023-04-02,40.0,5.0,8
838,Bahadarabad,Uttarakhand,50,Haridwar,29.92380278,78.03671389,2023-04-02,40.0,5.0,8
839,Gola_1,Uttarakhand,51,Nainital,29.27136111,79.54743333,2023-04-02,36.0,4.5,8
840,Mukteshwar_1,Uttarakhand,51,Nainital,29.47413889,79.65119444,2023-04-02,21.0,3.0,7
841,Virbhadra,Uttarakhand,52,PAURI GARHWAL,30.07444444,78.29047222,2023-04-02,14.0,2.0,7
842,Dharchula_1,Uttarakhand,53,Pithoragarh,29.84825,80.54047222,2023-04-02,5.5,0.5,11
843,Kempty,Uttarakhand,55,Tehri Garhwal,30.49075,78.04738889,2023-04-02,60.0,7.5,8
844,Gadarpur,Uttarakhand,56,UDHAM SINGH NAGAR,29.04324167,79.24461944,2023-04-02,24.0,3.0,8
845,Rudrapur_2,Uttarakhand,56,UDHAM SINGH NAGAR,28.97373611,79.39988611,2023-04-02,20.0,2.5,8
846,Lamgara,Uttarakhand,45,Almora,29.53866667,79.74994444,2023-04-03,6.5,1.0,7
847,Danda_1,Uttarakhand,48,Champawat,29.15927778,80.10852778,2023-04-03,4.0,1.0,4
848,Tanakpur_1,Uttarakhand,48,Champawat,29.07222222,80.1175,2023-04-03,4.5,0.5,9
849,Dharchula_1,Uttarakhand,53,Pithoragarh,29.84825,80.54047222,2023-04-03,28.0,9.0,11
850,Lamgara,Uttarakhand,45,Almora,29.53866667,79.74994444,2023-04-04,4.0,1.0,4
851,Danda_1,Uttarakhand,48,Champawat,29.15927778,80.10852778,2023-04-04,6.0,1.0,6
852,Yamkeshwar,Uttarakhand,52,PAURI GARHWAL,29.96130556,78.44086111,2023-04-04,2.5,0.5,5
853,Dharchula_1,Uttarakhand,53,Pithoragarh,29.84825,80.54047222,2023-04-04,66.0,9.0,10
854,Yamkeshwar,Uttarakhand,52,PAURI GARHWAL,29.96130556,78.44086111,2023-04-05,2.5,0.5,5
855,Dharchula_1,Uttarakhand,53,Pithoragarh,29.84825,80.54047222,2023-04-05,5.0,1.0,5
856,Yamkeshwar,Uttarakhand,52,PAURI GARHWAL,29.96130556,78.44086111,2023-04-06,3.5,0.5,7
857,Gairsain (Ramganga),Uttarakhand,47,Chamoli,30.045,79.2855,2023-04-07,6.0,0.5,12
858,Yamkeshwar,Uttarakhand,52,PAURI GARHWAL,29.96130556,78.44086111,2023-04-07,1.5,0.5,3
859,Baijnath (Gomti),Uttarakhand,46,Bageshwar,29.90822222,79.61769444,2023-04-08,16.0,4.0,4
860,Gairsain (Ramganga),Uttarakhand,47,Chamoli,30.045,79.2855,2023-04-08,2.5,0.5,5
861,Baijnath (Gomti),Uttarakhand,46,Bageshwar,29.90822222,79.61769444,2023-04-09,0.5,0.5,1
862,Dharchula_1,Uttarakhand,53,Pithoragarh,29.84825,80.54047222,2023-04-09,1.5,0.5,3
863,Dharchula_1,Uttarakhand,53,Pithoragarh,29.84825,80.54047222,2023-04-10,3.5,0.5,7
864,Kapkot (Saryu),Uttarakhand,46,Bageshwar,29.94516667,79.9025,2023-04-12,4.5,2.5,2
865,Kapkot (Saryu),Uttarakhand,46,Bageshwar,29.94516667,79.9025,2023-04-13,0.5,0.5,1
866,Dharchula_1,Uttarakhand,53,Pithoragarh,29.84825,80.54047222,2023-04-15,3.0,1.5,2
867,Nachni,Uttarakhand,53,Pithoragarh,29.90594444,80.16097222,2023-04-15,2.5,1.5,3
868,Dharchula_1,Uttarakhand,53,Pithoragarh,29.84825,80.54047222,2023-04-16,9.0,1.5,6
869,Baijnath (Gomti),Uttarakhand,46,Bageshwar,29.90822222,79.61769444,2023-04-17,428.0,428.0,1
870,Almora_1,Uttarakhand,45,Almora,29.59575833,79.65063889,2023-04-19,9.0,1.0,9
871,Baijnath (Gomti),Uttarakhand,46,Bageshwar,29.90822222,79.61769444,2023-04-19,4.5,2.0,4
872,Kapkot (Saryu),Uttarakhand,46,Bageshwar,29.94516667,79.9025,2023-04-19,0.5,0.5,1
873,Champawat_1,Uttarakhand,48,Champawat,29.33341667,80.08469444,2023-04-19,3.5,0.5,7
874,Yamuna Colony,Uttarakhand,49,Dehradun,30.33775278,78.03311667,2023-04-19,13.5,1.5,17
875,Bahadarabad,Uttarakhand,50,Haridwar,29.92380278,78.03671389,2023-04-19,2.0,0.5,4
876,Roorkee_2,Uttarakhand,50,Haridwar,29.86771944,77.88415556,2023-04-19,8.0,1.5,6
877,Mukteshwar_1,Uttarakhand,51,Nainital,29.47413889,79.65119444,2023-04-19,9.0,1.0,9
878,Virbhadra,Uttarakhand,52,PAURI GARHWAL,30.07444444,78.29047222,2023-04-19,2.5,0.5,5
879,Kempty,Uttarakhand,55,Tehri Garhwal,30.49075,78.04738889,2023-04-19,86.5,48.0,14
880,Tumaria,Uttarakhand,56,UDHAM SINGH NAGAR,29.30704722,78.93133056,2023-04-19,3.0,3.0,1
881,Almora_1,Uttarakhand,45,Almora,29.59575833,79.65063889,2023-04-20,9.5,1.0,10
882,Lamgara,Uttarakhand,45,Almora,29.53866667,79.74994444,2023-04-20,22.0,3.5,11
883,Baijnath (Gomti),Uttarakhand,46,Bageshwar,29.90822222,79.61769444,2023-04-20,4.5,2.0,3
884,Kapkot (Saryu),Uttarakhand,46,Bageshwar,29.94516667,79.9025,2023-04-20,2.5,1.5,3
885,Gairsain (Ramganga),Uttarakhand,47,Chamoli,30.045,79.2855,2023-04-20,7.0,0.5,14
886,Champawat_1,Uttarakhand,48,Champawat,29.33341667,80.08469444,2023-04-20,20.5,2.5,19
887,Yamuna Colony,Uttarakhand,49,Dehradun,30.33775278,78.03311667,2023-04-20,37.0,4.0,11
888,Bahadarabad,Uttarakhand,50,Haridwar,29.92380278,78.03671389,2023-04-20,8.0,1.0,10
889,Khanpur_5,Uttarakhand,50,Haridwar,29.641375,78.00678611,2023-04-20,1.5,0.5,3
890,Roorkee_2,Uttarakhand,50,Haridwar,29.86771944,77.88415556,2023-04-20,13.5,1.5,9
891,Mukteshwar_1,Uttarakhand,51,Nainital,29.47413889,79.65119444,2023-04-20,13.5,1.5,11
892,Virbhadra,Uttarakhand,52,PAURI GARHWAL,30.07444444,78.29047222,2023-04-20,9.0,1.0,11
893,Yamkeshwar,Uttarakhand,52,PAURI GARHWAL,29.96130556,78.44086111,2023-04-20,0.5,0.5,1
894,Dharchula_1,Uttarakhand,53,Pithoragarh,29.84825,80.54047222,2023-04-20,9.0,2.5,6
895,Nachni,Uttarakhand,53,Pithoragarh,29.90594444,80.16097222,2023-04-20,4.0,1.5,5
896,Kempty,Uttarakhand,55,Tehri Garhwal,30.49075,78.04738889,2023-04-20,63.0,8.0,10
897,Sitarganj_1,Uttarakhand,56,UDHAM SINGH NAGAR,28.92971389,79.703,2023-04-20,40.0,40.0,1
898,Tumaria,Uttarakhand,56,UDHAM SINGH NAGAR,29.30704722,78.93133056,2023-04-20,27.0,3.0,9
899,Almora_1,Uttarakhand,45,Almora,29.59575833,79.65063889,2023-04-21,15.0,3.0,5
900,Lamgara,Uttarakhand,45,Almora,29.53866667,79.74994444,2023-04-21,10.0,2.0,5
901,Gairsain (Ramganga),Uttarakhand,47,Chamoli,30.045,79.2855,2023-04-21,2.5,0.5,5
902,Champawat_1,Uttarakhand,48,Champawat,29.33341667,80.08469444,2023-04-21,46.0,4.0,15
903,Danda_1,Uttarakhand,48,Champawat,29.15927778,80.10852778,2023-04-21,11.0,1.5,9
904,Tanakpur_1,Uttarakhand,48,Champawat,29.07222222,80.1175,2023-04-21,2.0,0.5,4
905,Yamuna Colony,Uttarakhand,49,Dehradun,30.33775278,78.03311667,2023-04-21,54.0,9.0,6
906,Khanpur_5,Uttarakhand,50,Haridwar,29.641375,78.00678611,2023-04-21,7.0,0.5,14
907,Manglaur_1,Uttarakhand,50,Haridwar,29.78567778,77.86368889,2023-04-21,24.0,3.0,8
908,Gola_1,Uttarakhand,51,Nainital,29.27136111,79.54743333,2023-04-21,1.0,0.5,2
909,Mukteshwar_1,Uttarakhand,51,Nainital,29.47413889,79.65119444,2023-04-21,13.0,1.5,11
910,Virbhadra,Uttarakhand,52,PAURI GARHWAL,30.07444444,78.29047222,2023-04-21,4.0,1.0,4
911,Yamkeshwar,Uttarakhand,52,PAURI GARHWAL,29.96130556,78.44086111,2023-04-21,1.0,0.5,2
912,Dharchula_1,Uttarakhand,53,Pithoragarh,29.84825,80.54047222,2023-04-21,6.5,2.5,3
913,Rudrapur_2,Uttarakhand,56,UDHAM SINGH NAGAR,28.97373611,79.39988611,2023-04-21,3.0,0.5,6
914,Kapkot (Saryu),Uttarakhand,46,Bageshwar,29.94516667,79.9025,2023-04-22,1.5,1.5,1
915,Gairsain (Ramganga),Uttarakhand,47,Chamoli,30.045,79.2855,2023-04-22,1.5,0.5,3
916,Champawat_1,Uttarakhand,48,Champawat,29.33341667,80.08469444,2023-04-22,31.5,3.5,9
917,Danda_1,Uttarakhand,48,Champawat,29.15927778,80.10852778,2023-04-22,16.5,1.5,17
918,Tanakpur_1,Uttarakhand,48,Champawat,29.07222222,80.1175,2023-04-22,4.5,0.5,9
919,Khanpur_5,Uttarakhand,50,Haridwar,29.641375,78.00678611,2023-04-22,4.0,0.5,8
920,Manglaur_1,Uttarakhand,50,Haridwar,29.78567778,77.86368889,2023-04-22,24.0,3.0,8
921,Mukteshwar_1,Uttarakhand,51,Nainital,29.47413889,79.65119444,2023-04-22,13.5,1.5,9
922,Yamkeshwar,Uttarakhand,52,PAURI GARHWAL,29.96130556,78.44086111,2023-04-22,29.0,3.5,17
923,Kempty,Uttarakhand,55,Tehri Garhwal,30.49075,78.04738889,2023-04-22,39.5,9.5,7
924,Danda_1,Uttarakhand,48,Champawat,29.15927778,80.10852778,2023-04-23,3.5,0.5,7
925,Yamkeshwar,Uttarakhand,52,PAURI GARHWAL,29.96130556,78.44086111,2023-04-23,7.0,3.5,2
926,Kempty,Uttarakhand,55,Tehri Garhwal,30.49075,78.04738889,2023-04-23,35.0,5.0,7
927,Doiwala (Bhogpur),Uttarakhand,49,Dehradun,30.22270833,78.23418611,2023-04-25,1.5,1.5,1
928,Kempty,Uttarakhand,55,Tehri Garhwal,30.49075,78.04738889,2023-04-25,9.5,3.0,4
929,Kapkot (Saryu),Uttarakhand,46,Bageshwar,29.94516667,79.9025,2023-04-26,10.0,2.0,5
930,Dharchula_1,Uttarakhand,53,Pithoragarh,29.84825,80.54047222,2023-04-26,1.0,1.0,1
931,Almora_1,Uttarakhand,45,Almora,29.59575833,79.65063889,2023-04-27,4.5,3.0,3
932,Lamgara,Uttarakhand,45,Almora,29.53866667,79.74994444,2023-04-27,16.5,12.0,6
933,Baijnath (Gomti),Uttarakhand,46,Bageshwar,29.90822222,79.61769444,2023-04-27,9.5,6.0,3
934,Kapkot (Saryu),Uttarakhand,46,Bageshwar,29.94516667,79.9025,2023-04-27,16.0,2.0,8
935,Yamuna Colony,Uttarakhand,49,Dehradun,30.33775278,78.03311667,2023-04-27,0.5,0.5,1
936,Khanpur_5,Uttarakhand,50,Haridwar,29.641375,78.00678611,2023-04-27,0.5,0.5,1
937,Gola_1,Uttarakhand,51,Nainital,29.27136111,79.54743333,2023-04-27,0.5,0.5,1
938,Mukteshwar_1,Uttarakhand,51,Nainital,29.47413889,79.65119444,2023-04-27,2.0,1.0,3
939,Nachni,Uttarakhand,53,Pithoragarh,29.90594444,80.16097222,2023-04-27,5.5,1.5,6
940,Almora_1,Uttarakhand,45,Almora,29.59575833,79.65063889,2023-04-28,7.5,2.5,3
941,Lamgara,Uttarakhand,45,Almora,29.53866667,79.74994444,2023-04-28,25.5,8.5,3
942,Baijnath (Gomti),Uttarakhand,46,Bageshwar,29.90822222,79.61769444,2023-04-28,10.0,5.0,2
943,Kapkot (Saryu),Uttarakhand,46,Bageshwar,29.94516667,79.9025,2023-04-28,12.0,4.0,3
944,Gairsain (Ramganga),Uttarakhand,47,Chamoli,30.045,79.2855,2023-04-28,1.5,0.5,3
945,Yamuna Colony,Uttarakhand,49,Dehradun,30.33775278,78.03311667,2023-04-28,1.5,0.5,3
946,Khanpur_5,Uttarakhand,50,Haridwar,29.641375,78.00678611,2023-04-28,1.5,0.5,3
947,Gola_1,Uttarakhand,51,Nainital,29.27136111,79.54743333,2023-04-28,1.5,0.5,3
948,Mukteshwar_1,Uttarakhand,51,Nainital,29.47413889,79.65119444,2023-04-28,3.0,1.0,3
949,Dharchula_1,Uttarakhand,53,Pithoragarh,29.84825,80.54047222,2023-04-28,12.0,4.0,3
950,Almora_1,Uttarakhand,45,Almora,29.59575833,79.65063889,2023-04-29,1.5,1.0,2
951,Lamgara,Uttarakhand,45,Almora,29.53866667,79.74994444,2023-04-29,2.5,2.5,1
952,Baijnath (Gomti),Uttarakhand,46,Bageshwar,29.90822222,79.61769444,2023-04-29,5.5,2.5,5
953,Gairsain (Ramganga),Uttarakhand,47,Chamoli,30.045,79.2855,2023-04-29,1.5,0.5,3
954,Mukteshwar_1,Uttarakhand,51,Nainital,29.47413889,79.65119444,2023-04-29,7.5,5.5,5
955,Almora_1,Uttarakhand,45,Almora,29.59575833,79.65063889,2023-04-30,26.5,6.0,12
956,Almora_1,Uttarakhand,45,Almora,29.59631389,79.65005556,2023-04-30,4.5,0.5,9
957,Lamgara,Uttarakhand,45,Almora,29.53866667,79.74994444,2023-04-30,74.0,13.5,12
958,Baijnath (Gomti),Uttarakhand,46,Bageshwar,29.90822222,79.61769444,2023-04-30,23.5,3.0,8
959,Kapkot (Saryu),Uttarakhand,46,Bageshwar,29.94516667,79.9025,2023-04-30,2.5,0.5,5
960,Gairsain (Ramganga),Uttarakhand,47,Chamoli,30.045,79.2855,2023-04-30,7.0,0.5,14
961,Champawat_1,Uttarakhand,48,Champawat,29.33341667,80.08469444,2023-04-30,64.5,10.5,10
962,Bahadarabad,Uttarakhand,50,Haridwar,29.92380278,78.03671389,2023-04-30,83.5,17.0,8
963,Khanpur_5,Uttarakhand,50,Haridwar,29.641375,78.00678611,2023-04-30,10.0,2.0,9
964,Manglaur_1,Uttarakhand,50,Haridwar,29.78567778,77.86368889,2023-04-30,34.5,5.5,15
965,Gola_1,Uttarakhand,51,Nainital,29.27136111,79.54743333,2023-04-30,2.5,0.5,5
966,Mukteshwar_1,Uttarakhand,51,Nainital,29.47413889,79.65119444,2023-04-30,83.0,15.0,13
967,Virbhadra,Uttarakhand,52,PAURI GARHWAL,30.07444444,78.29047222,2023-04-30,11.0,1.5,9
968,Dharchula_1,Uttarakhand,53,Pithoragarh,29.84825,80.54047222,2023-04-30,6.5,2.0,4
969,Nachni,Uttarakhand,53,Pithoragarh,29.90594444,80.16097222,2023-04-30,0.5,0.5,1
970,Kempty,Uttarakhand,55,Tehri Garhwal,30.49075,78.04738889,2023-04-30,37.0,11.0,11
971,Gadarpur,Uttarakhand,56,UDHAM SINGH NAGAR,29.04324167,79.24461944,2023-04-30,5.5,1.0,7
972,Haripura_2,Uttarakhand,56,UDHAM SINGH NAGAR,29.13151944,79.25965556,2023-04-30,3.5,0.5,7
973,Sitarganj_1,Uttarakhand,56,UDHAM SINGH NAGAR,28.92971389,79.703,2023-04-30,4.5,4.5,1
974,Tumaria,Uttarakhand,56,UDHAM SINGH NAGAR,29.30704722,78.93133056,2023-04-30,22.0,3.5,9
975,Almora_1,Uttarakhand,45,Almora,29.59575833,79.65063889,2023-05-01,218.0,13.0,33
976,Almora_1,Uttarakhand,45,Almora,29.59631389,79.65005556,2023-05-01,4.0,0.5,8
977,Lamgara,Uttarakhand,45,Almora,29.53866667,79.74994444,2023-05-01,318.5,19.0,36
978,Baijnath (Gomti),Uttarakhand,46,Bageshwar,29.90822222,79.61769444,2023-05-01,35.5,4.5,26
979,Kapkot (Saryu),Uttarakhand,46,Bageshwar,29.94516667,79.9025,2023-05-01,47.5,6.0,20
980,Gairsain (Ramganga),Uttarakhand,47,Chamoli,30.045,79.2855,2023-05-01,10.0,0.5,20
981,Champawat_1,Uttarakhand,48,Champawat,29.33341667,80.08469444,2023-05-01,291.5,18.0,32
982,Danda_1,Uttarakhand,48,Champawat,29.15927778,80.10852778,2023-05-01,75.0,11.5,16
983,Tanakpur_1,Uttarakhand,48,Champawat,29.07222222,80.1175,2023-05-01,13.5,1.0,22
984,Yamuna Colony,Uttarakhand,49,Dehradun,30.33775278,78.03311667,2023-05-01,4.5,0.5,9
985,Bahadarabad,Uttarakhand,50,Haridwar,29.92380278,78.03671389,2023-05-01,198.0,17.5,28
986,Khanpur_5,Uttarakhand,50,Haridwar,29.641375,78.00678611,2023-05-01,57.5,5.5,23
987,Manglaur_1,Uttarakhand,50,Haridwar,29.78567778,77.86368889,2023-05-01,70.5,6.0,23
988,Roorkee_2,Uttarakhand,50,Haridwar,29.86771944,77.88415556,2023-05-01,10.5,3.5,7
989,Gola_1,Uttarakhand,51,Nainital,29.27136111,79.54743333,2023-05-01,7.5,0.5,15
990,Mukteshwar_1,Uttarakhand,51,Nainital,29.47413889,79.65119444,2023-05-01,86.5,17.0,21
991,Dugadda (Khoh),Uttarakhand,52,PAURI GARHWAL,29.75108333,78.52341667,2023-05-01,2.0,0.5,4
992,Virbhadra,Uttarakhand,52,PAURI GARHWAL,30.07444444,78.29047222,2023-05-01,65.0,5.0,30
993,Yamkeshwar,Uttarakhand,52,PAURI GARHWAL,29.96130556,78.44086111,2023-05-01,56.0,56.0,1
994,Dharchula_1,Uttarakhand,53,Pithoragarh,29.84825,80.54047222,2023-05-01,64.0,8.0,22
995,Kempty,Uttarakhand,55,Tehri Garhwal,30.49075,78.04738889,2023-05-01,115.5,7.5,30
996,Gadarpur,Uttarakhand,56,UDHAM SINGH NAGAR,29.04324167,79.24461944,2023-05-01,16.5,1.0,24
997,Haripura_2,Uttarakhand,56,UDHAM SINGH NAGAR,29.13151944,79.25965556,2023-05-01,5.5,1.0,10
998,Rudrapur_2,Uttarakhand,56,UDHAM SINGH NAGAR,28.97373611,79.39988611,2023-05-01,29.0,18.0,8
999,Sitarganj_1,Uttarakhand,56,UDHAM SINGH NAGAR,28.92971389,79.703,2023-05-01,40.5,17.0,9
1000,Tumaria,Uttarakhand,56,UDHAM SINGH NAGAR,29.30704722,78.93133056,2023-05-01,124.0,17.0,19
1001,Almora_1,Uttarakhand,45,Almora,29.59575833,79.65063889,2023-05-02,145.0,14.0,20
1002,Lamgara,Uttarakhand,45,Almora,29.53866667,79.74994444,2023-05-02,237.0,18.5,26
1003,Baijnath (Gomti),Uttarakhand,46,Bageshwar,29.90822222,79.61769444,2023-05-02,5.5,1.0,10
1004,Kapkot (Saryu),Uttarakhand,46,Bageshwar,29.94516667,79.9025,2023-05-02,74.0,6.5,19
1005,Gairsain (Ramganga),Uttarakhand,47,Chamoli,30.045,79.2855,2023-05-02,4.0,0.5,8
1006,Champawat_1,Uttarakhand,48,Champawat,29.33341667,80.08469444,2023-05-02,385.0,23.5,34
1007,Danda_1,Uttarakhand,48,Champawat,29.15927778,80.10852778,2023-05-02,163.5,19.5,19
1008,Tanakpur_1,Uttarakhand,48,Champawat,29.07222222,80.1175,2023-05-02,8.0,0.5,16
1009,Chakrata,Uttarakhand,49,Dehradun,30.76115556,77.86502778,2023-05-02,25.0,25.0,1
1010,Dakpathar,Uttarakhand,49,Dehradun,30.49866667,77.79744444,2023-05-02,379.5,379.5,1
1011,Yamuna Colony,Uttarakhand,49,Dehradun,30.33775278,78.03311667,2023-05-02,4.0,0.5,8
1012,Bahadarabad,Uttarakhand,50,Haridwar,29.92380278,78.03671389,2023-05-02,79.0,5.0,25
1013,Khanpur_5,Uttarakhand,50,Haridwar,29.641375,78.00678611,2023-05-02,123.0,7.5,28
1014,Manglaur_1,Uttarakhand,50,Haridwar,29.78567778,77.86368889,2023-05-02,115.0,6.5,29
1015,Roorkee_2,Uttarakhand,50,Haridwar,29.86771944,77.88415556,2023-05-02,96.5,7.5,25
1016,Gola_1,Uttarakhand,51,Nainital,29.27136111,79.54743333,2023-05-02,4.0,0.5,8
1017,Mukteshwar_1,Uttarakhand,51,Nainital,29.47413889,79.65119444,2023-05-02,158.5,11.5,26
1018,Virbhadra,Uttarakhand,52,PAURI GARHWAL,30.07444444,78.29047222,2023-05-02,67.5,5.0,26
1019,Dharchula_1,Uttarakhand,53,Pithoragarh,29.84825,80.54047222,2023-05-02,92.0,9.0,29
1020,Pithoragarh,Uttarakhand,53,Pithoragarh,29.57938889,80.21886111,2023-05-02,288.0,288.0,1
1021,Kempty,Uttarakhand,55,Tehri Garhwal,30.49075,78.04738889,2023-05-02,67.5,8.0,23
1022,Gadarpur,Uttarakhand,56,UDHAM SINGH NAGAR,29.04324167,79.24461944,2023-05-02,11.0,0.5,22
1023,Rudrapur_2,Uttarakhand,56,UDHAM SINGH NAGAR,28.97373611,79.39988611,2023-05-02,11.5,4.0,4
1024,Sitarganj_1,Uttarakhand,56,UDHAM SINGH NAGAR,28.92971389,79.703,2023-05-02,10.5,2.0,8
1025,Tumaria,Uttarakhand,56,UDHAM SINGH NAGAR,29.30704722,78.93133056,2023-05-02,109.0,7.5,22
1026,Almora_1,Uttarakhand,45,Almora,29.59575833,79.65063889,2023-05-03,56.5,6.5,19
1027,Lamgara,Uttarakhand,45,Almora,29.53866667,79.74994444,2023-05-03,99.5,10.5,15
1028,Baijnath (Gomti),Uttarakhand,46,Bageshwar,29.90822222,79.61769444,2023-05-03,3.5,0.5,7
1029,Kapkot (Saryu),Uttarakhand,46,Bageshwar,29.94516667,79.9025,2023-05-03,48.5,4.0,16
1030,Champawat_1,Uttarakhand,48,Champawat,29.33341667,80.08469444,2023-05-03,157.5,17.5,9
1031,Danda_1,Uttarakhand,48,Champawat,29.15927778,80.10852778,2023-05-03,39.5,4.0,16
1032,Tanakpur_1,Uttarakhand,48,Champawat,29.07222222,80.1175,2023-05-03,5.0,0.5,10
1033,Chakrata,Uttarakhand,49,Dehradun,30.76115556,77.86502778,2023-05-03,14.5,4.0,9
1034,Bahadarabad,Uttarakhand,50,Haridwar,29.92380278,78.03671389,2023-05-03,326.5,25.5,26
1035,Khanpur_5,Uttarakhand,50,Haridwar,29.641375,78.00678611,2023-05-03,106.5,7.5,18
1036,Manglaur_1,Uttarakhand,50,Haridwar,29.78567778,77.86368889,2023-05-03,264.0,22.0,23
1037,Roorkee_2,Uttarakhand,50,Haridwar,29.86771944,77.88415556,2023-05-03,441.5,38.0,25
1038,Mukteshwar_1,Uttarakhand,51,Nainital,29.47413889,79.65119444,2023-05-03,131.5,11.5,24
1039,Virbhadra,Uttarakhand,52,PAURI GARHWAL,30.07444444,78.29047222,2023-05-03,105.0,13.0,21
1040,Dharchula_1,Uttarakhand,53,Pithoragarh,29.84825,80.54047222,2023-05-03,60.0,5.0,23
1041,Nachni,Uttarakhand,53,Pithoragarh,29.90594444,80.16097222,2023-05-03,0.5,0.5,1
1042,Kempty,Uttarakhand,55,Tehri Garhwal,30.49075,78.04738889,2023-05-03,51.0,5.0,24
1043,Gadarpur,Uttarakhand,56,UDHAM SINGH NAGAR,29.04324167,79.24461944,2023-05-03,5.5,0.5,11
1044,Haripura_2,Uttarakhand,56,UDHAM SINGH NAGAR,29.13151944,79.25965556,2023-05-03,7.0,0.5,14
1045,Rudrapur_2,Uttarakhand,56,UDHAM SINGH NAGAR,28.97373611,79.39988611,2023-05-03,6.5,3.5,4
1046,Sitarganj_1,Uttarakhand,56,UDHAM SINGH NAGAR,28.92971389,79.703,2023-05-03,17.5,1.5,14
1047,Tumaria,Uttarakhand,56,UDHAM SINGH NAGAR,29.30704722,78.93133056,2023-05-03,75.0,7.5,15
1048,Almora_1,Uttarakhand,45,Almora,29.59575833,79.65063889,2023-05-04,21.0,2.5,11
1049,Almora_1,Uttarakhand,45,Almora,29.59631389,79.65005556,2023-05-04,28.5,2.5,16
1050,Lamgara,Uttarakhand,45,Almora,29.53866667,79.74994444,2023-05-04,99.0,13.0,15
1051,Baijnath (Gomti),Uttarakhand,46,Bageshwar,29.90822222,79.61769444,2023-05-04,3.5,0.5,7
1052,Kapkot (Saryu),Uttarakhand,46,Bageshwar,29.94516667,79.9025,2023-05-04,15.5,4.0,10
1053,Gairsain (Ramganga),Uttarakhand,47,Chamoli,30.045,79.2855,2023-05-04,2.0,0.5,4
1054,Champawat_1,Uttarakhand,48,Champawat,29.33341667,80.08469444,2023-05-04,13.5,1.5,13
1055,Danda_1,Uttarakhand,48,Champawat,29.15927778,80.10852778,2023-05-04,10.0,1.0,12
1056,Tanakpur_1,Uttarakhand,48,Champawat,29.07222222,80.1175,2023-05-04,1.5,0.5,3
1057,Chakrata,Uttarakhand,49,Dehradun,30.76115556,77.86502778,2023-05-04,3.5,3.5,1
1058,Bahadarabad,Uttarakhand,50,Haridwar,29.92380278,78.03671389,2023-05-04,76.5,25.5,3
1059,Khanpur_5,Uttarakhand,50,Haridwar,29.641375,78.00678611,2023-05-04,21.0,7.0,3
1060,Manglaur_1,Uttarakhand,50,Haridwar,29.78567778,77.86368889,2023-05-04,44.0,22.0,2
1061,Roorkee_2,Uttarakhand,50,Haridwar,29.86771944,77.88415556,2023-05-04,114.0,38.0,3
1062,Gola_1,Uttarakhand,51,Nainital,29.27136111,79.54743333,2023-05-04,2.5,0.5,5
1063,Mukteshwar_1,Uttarakhand,51,Nainital,29.47413889,79.65119444,2023-05-04,9.0,3.0,3
1064,Virbhadra,Uttarakhand,52,PAURI GARHWAL,30.07444444,78.29047222,2023-05-04,26.0,13.0,2
1065,Yamkeshwar,Uttarakhand,52,PAURI GARHWAL,29.96130556,78.44086111,2023-05-04,1.5,0.5,3
1066,Dharchula_1,Uttarakhand,53,Pithoragarh,29.84825,80.54047222,2023-05-04,7.5,2.5,3
1067,Kempty,Uttarakhand,55,Tehri Garhwal,30.49075,78.04738889,2023-05-04,10.5,3.5,3
1068,Gadarpur,Uttarakhand,56,UDHAM SINGH NAGAR,29.04324167,79.24461944,2023-05-04,3.0,0.5,6
1069,Haripura_2,Uttarakhand,56,UDHAM SINGH NAGAR,29.13151944,79.25965556,2023-05-04,1.5,0.5,3
1070,Sitarganj_1,Uttarakhand,56,UDHAM SINGH NAGAR,28.92971389,79.703,2023-05-04,3.0,1.0,3
1071,Tumaria,Uttarakhand,56,UDHAM SINGH NAGAR,29.30704722,78.93133056,2023-05-04,4.5,1.5,3
1072,Almora_1,Uttarakhand,45,Almora,29.59575833,79.65063889,2023-05-05,20.0,2.5,8
1073,Almora_1,Uttarakhand,45,Almora,29.59631389,79.65005556,2023-05-05,23.0,3.0,9
1074,Lamgara,Uttarakhand,45,Almora,29.53866667,79.74994444,2023-05-05,92.0,11.5,8
1075,Baijnath (Gomti),Uttarakhand,46,Bageshwar,29.90822222,79.61769444,2023-05-05,4.0,0.5,8
1076,Kapkot (Saryu),Uttarakhand,46,Bageshwar,29.94516667,79.9025,2023-05-05,22.0,3.0,14
1077,Champawat_1,Uttarakhand,48,Champawat,29.33341667,80.08469444,2023-05-05,12.5,1.0,17
1078,Danda_1,Uttarakhand,48,Champawat,29.15927778,80.10852778,2023-05-05,38.5,3.5,16
1079,Gola_1,Uttarakhand,51,Nainital,29.27136111,79.54743333,2023-05-05,4.0,0.5,8
1080,Virbhadra,Uttarakhand,52,PAURI GARHWAL,30.07444444,78.29047222,2023-05-05,3.0,0.5,6
1081,Yamkeshwar,Uttarakhand,52,PAURI GARHWAL,29.96130556,78.44086111,2023-05-05,3.0,0.5,6
1082,Nachni,Uttarakhand,53,Pithoragarh,29.90594444,80.16097222,2023-05-05,0.5,0.5,1
1083,Gadarpur,Uttarakhand,56,UDHAM SINGH NAGAR,29.04324167,79.24461944,2023-05-05,4.0,0.5,8
1084,Kapkot (Saryu),Uttarakhand,46,Bageshwar,29.94516667,79.9025,2023-05-06,24.0,3.0,8
1085,Champawat_1,Uttarakhand,48,Champawat,29.33341667,80.08469444,2023-05-06,4.0,0.5,8
1086,Danda_1,Uttarakhand,48,Champawat,29.15927778,80.10852778,2023-05-06,28.0,3.5,8
1087,Tanakpur_1,Uttarakhand,48,Champawat,29.07222222,80.1175,2023-05-06,4.0,0.5,8
1088,Virbhadra,Uttarakhand,52,PAURI GARHWAL,30.07444444,78.29047222,2023-05-06,4.0,0.5,8
1089,Yamkeshwar,Uttarakhand,52,PAURI GARHWAL,29.96130556,78.44086111,2023-05-06,3.0,0.5,6
1090,Dharchula_1,Uttarakhand,53,Pithoragarh,29.84825,80.54047222,2023-05-06,2.0,0.5,4
1091,Chakrata,Uttarakhand,49,Dehradun,30.76115556,77.86502778,2023-05-07,1.5,1.0,2
1092,Yamkeshwar,Uttarakhand,52,PAURI GARHWAL,29.96130556,78.44086111,2023-05-07,50.5,48.0,6
1093,Dharchula_1,Uttarakhand,53,Pithoragarh,29.84825,80.54047222,2023-05-07,4.5,0.5,9
1094,Baijnath (Gomti),Uttarakhand,46,Bageshwar,29.90822222,79.61769444,2023-05-08,40.0,40.0,1
1095,Gairsain (Ramganga),Uttarakhand,47,Chamoli,30.045,79.2855,2023-05-08,3.0,0.5,6
1096,Yamkeshwar,Uttarakhand,52,PAURI GARHWAL,29.96130556,78.44086111,2023-05-08,5.5,0.5,11
1097,Nachni,Uttarakhand,53,Pithoragarh,29.90594444,80.16097222,2023-05-08,0.5,0.5,1
1098,Gairsain (Ramganga),Uttarakhand,47,Chamoli,30.045,79.2855,2023-05-09,4.5,0.5,9
1099,Champawat_1,Uttarakhand,48,Champawat,29.33341667,80.08469444,2023-05-09,4.5,0.5,9
1100,Danda_1,Uttarakhand,48,Champawat,29.15927778,80.10852778,2023-05-09,27.5,2.5,11
1101,Mukteshwar_1,Uttarakhand,51,Nainital,29.47413889,79.65119444,2023-05-09,3.0,0.5,6
1102,Yamkeshwar,Uttarakhand,52,PAURI GARHWAL,29.96130556,78.44086111,2023-05-09,5.0,0.5,10
1103,Dharchula_1,Uttarakhand,53,Pithoragarh,29.84825,80.54047222,2023-05-09,3.0,0.5,6
1104,Kempty,Uttarakhand,55,Tehri Garhwal,30.49075,78.04738889,2023-05-09,10.0,1.5,12
1105,Champawat_1,Uttarakhand,48,Champawat,29.33341667,80.08469444,2023-05-10,2.5,0.5,5
1106,Danda_1,Uttarakhand,48,Champawat,29.15927778,80.10852778,2023-05-10,12.5,2.5,5
1107,Mukteshwar_1,Uttarakhand,51,Nainital,29.47413889,79.65119444,2023-05-10,2.5,0.5,5
1108,Dharchula_1,Uttarakhand,53,Pithoragarh,29.84825,80.54047222,2023-05-10,1.5,0.5,3
1109,Kempty,Uttarakhand,55,Tehri Garhwal,30.49075,78.04738889,2023-05-10,5.0,1.0,5
1110,Baijnath (Gomti),Uttarakhand,46,Bageshwar,29.90822222,79.61769444,2023-05-11,55.5,55.5,1
1111,Baijnath (Gomti),Uttarakhand,46,Bageshwar,29.90822222,79.61769444,2023-05-14,1.5,0.5,3
1112,Champawat_1,Uttarakhand,48,Champawat,29.33341667,80.08469444,2023-05-14,3.0,1.0,3
1113,Danda_1,Uttarakhand,48,Champawat,29.15927778,80.10852778,2023-05-14,10.0,5.0,2
1114,Dharchula_1,Uttarakhand,53,Pithoragarh,29.84825,80.54047222,2023-05-14,4.5,1.5,4
1115,Lamgara,Uttarakhand,45,Almora,29.53866667,79.74994444,2023-05-15,12.0,2.0,6
1116,Baijnath (Gomti),Uttarakhand,46,Bageshwar,29.90822222,79.61769444,2023-05-15,2.0,0.5,4
1117,Gairsain (Ramganga),Uttarakhand,47,Chamoli,30.045,79.2855,2023-05-15,1.0,0.5,2
1118,Champawat_1,Uttarakhand,48,Champawat,29.33341667,80.08469444,2023-05-15,18.5,2.0,14
1119,Danda_1,Uttarakhand,48,Champawat,29.15927778,80.10852778,2023-05-15,30.0,5.0,10
1120,Dharchula_1,Uttarakhand,53,Pithoragarh,29.84825,80.54047222,2023-05-15,7.5,1.5,5
1121,Guptkashi_1,Uttarakhand,54,Rudraprayag,30.52863889,79.08508333,2023-05-15,0.5,0.5,1
1122,Lamgara,Uttarakhand,45,Almora,29.53866667,79.74994444,2023-05-16,12.0,2.0,6
1123,Gairsain (Ramganga),Uttarakhand,47,Chamoli,30.045,79.2855,2023-05-16,3.0,0.5,6
1124,Champawat_1,Uttarakhand,48,Champawat,29.33341667,80.08469444,2023-05-16,14.0,2.0,7
1125,Danda_1,Uttarakhand,48,Champawat,29.15927778,80.10852778,2023-05-16,4.0,1.0,4
1126,Kapkot (Saryu),Uttarakhand,46,Bageshwar,29.94516667,79.9025,2023-05-19,3.0,3.0,1
1127,Mukteshwar_1,Uttarakhand,51,Nainital,29.47413889,79.65119444,2023-05-19,0.5,0.5,1
1128,Dugadda (Khoh),Uttarakhand,52,PAURI GARHWAL,29.75108333,78.52341667,2023-05-19,0.5,0.5,1
1129,Haripura_2,Uttarakhand,56,UDHAM SINGH NAGAR,29.13151944,79.25965556,2023-05-19,0.5,0.5,1
1130,Almora_1,Uttarakhand,45,Almora,29.59575833,79.65063889,2023-05-20,2.0,1.0,2
1131,Lamgara,Uttarakhand,45,Almora,29.53866667,79.74994444,2023-05-20,1.0,0.5,2
1132,Kapkot (Saryu),Uttarakhand,46,Bageshwar,29.94516667,79.9025,2023-05-20,9.0,3.0,3
1133,Gairsain (Ramganga),Uttarakhand,47,Chamoli,30.045,79.2855,2023-05-20,1.5,0.5,3
1134,Champawat_1,Uttarakhand,48,Champawat,29.33341667,80.08469444,2023-05-20,4.0,2.0,2
1135,Mukteshwar_1,Uttarakhand,51,Nainital,29.47413889,79.65119444,2023-05-20,0.5,0.5,1
1136,Dharchula_1,Uttarakhand,53,Pithoragarh,29.84825,80.54047222,2023-05-20,1.0,0.5,2
1137,Almora_1,Uttarakhand,45,Almora,29.59575833,79.65063889,2023-05-21,4.0,1.0,4
1138,Almora_1,Uttarakhand,45,Almora,29.59631389,79.65005556,2023-05-21,2.5,2.5,1
1139,Lamgara,Uttarakhand,45,Almora,29.53866667,79.74994444,2023-05-21,1.0,0.5,2
1140,Baijnath (Gomti),Uttarakhand,46,Bageshwar,29.90822222,79.61769444,2023-05-21,0.5,0.5,1
1141,Gairsain (Ramganga),Uttarakhand,47,Chamoli,30.045,79.2855,2023-05-21,2.0,1.0,2
1142,Champawat_1,Uttarakhand,48,Champawat,29.33341667,80.08469444,2023-05-21,10.0,2.0,5
1143,Mukteshwar_1,Uttarakhand,51,Nainital,29.47413889,79.65119444,2023-05-21,2.0,0.5,4
1144,Virbhadra,Uttarakhand,52,PAURI GARHWAL,30.07444444,78.29047222,2023-05-21,0.5,0.5,1
1145,Pithoragarh,Uttarakhand,53,Pithoragarh,29.57938889,80.21886111,2023-05-21,2.0,1.0,2
1146,Kempty,Uttarakhand,55,Tehri Garhwal,30.49075,78.04738889,2023-05-21,5.0,5.0,1
1147,Baijnath (Gomti),Uttarakhand,46,Bageshwar,29.90822222,79.61769444,2023-05-23,6.5,1.5,5
1148,Kapkot (Saryu),Uttarakhand,46,Bageshwar,29.94516667,79.9025,2023-05-23,34.5,5.5,9
1149,Bahadarabad,Uttarakhand,50,Haridwar,29.92380278,78.03671389,2023-05-23,18.5,10.0,2
1150,Khanpur_5,Uttarakhand,50,Haridwar,29.641375,78.00678611,2023-05-23,8.5,4.5,2
1151,Manglaur_1,Uttarakhand,50,Haridwar,29.78567778,77.86368889,2023-05-23,19.0,12.0,2
1152,Roorkee_2,Uttarakhand,50,Haridwar,29.86771944,77.88415556,2023-05-23,5.0,3.0,2
1153,Virbhadra,Uttarakhand,52,PAURI GARHWAL,30.07444444,78.29047222,2023-05-23,11.0,6.0,2
1154,Dharchula_1,Uttarakhand,53,Pithoragarh,29.84825,80.54047222,2023-05-23,4.0,2.0,2
1155,Kempty,Uttarakhand,55,Tehri Garhwal,30.49075,78.04738889,2023-05-23,4.0,2.5,2
1156,Tumaria,Uttarakhand,56,UDHAM SINGH NAGAR,29.30704722,78.93133056,2023-05-23,20.5,20.5,1
1157,Almora_1,Uttarakhand,45,Almora,29.59575833,79.65063889,2023-05-24,12.0,2.0,6
1158,Lamgara,Uttarakhand,45,Almora,29.53866667,79.74994444,2023-05-24,14.5,2.5,6
1159,Baijnath (Gomti),Uttarakhand,46,Bageshwar,29.90822222,79.61769444,2023-05-24,9.5,2.0,5
1160,Kapkot (Saryu),Uttarakhand,46,Bageshwar,29.94516667,79.9025,2023-05-24,47.0,6.0,8
1161,Gairsain (Ramganga),Uttarakhand,47,Chamoli,30.045,79.2855,2023-05-24,1.0,0.5,2
1162,Champawat_1,Uttarakhand,48,Champawat,29.33341667,80.08469444,2023-05-24,33.0,5.0,7
1163,Danda_1,Uttarakhand,48,Champawat,29.15927778,80.10852778,2023-05-24,61.0,10.5,6
1164,Tanakpur_1,Uttarakhand,48,Champawat,29.07222222,80.1175,2023-05-24,6.0,1.0,9
1165,Bahadarabad,Uttarakhand,50,Haridwar,29.92380278,78.03671389,2023-05-24,46.0,11.5,4
1166,Khanpur_5,Uttarakhand,50,Haridwar,29.641375,78.00678611,2023-05-24,40.0,5.0,8
1167,Manglaur_1,Uttarakhand,50,Haridwar,29.78567778,77.86368889,2023-05-24,96.0,12.0,8
1168,Roorkee_2,Uttarakhand,50,Haridwar,29.86771944,77.88415556,2023-05-24,28.0,3.5,8
1169,Mukteshwar_1,Uttarakhand,51,Nainital,29.47413889,79.65119444,2023-05-24,16.0,2.5,7
1170,Dugadda (Khoh),Uttarakhand,52,PAURI GARHWAL,29.75108333,78.52341667,2023-05-24,1.5,0.5,3
1171,Virbhadra,Uttarakhand,52,PAURI GARHWAL,30.07444444,78.29047222,2023-05-24,49.0,7.0,7
1172,Dharchula_1,Uttarakhand,53,Pithoragarh,29.84825,80.54047222,2023-05-24,1.5,0.5,3
1173,Pithoragarh,Uttarakhand,53,Pithoragarh,29.57938889,80.21886111,2023-05-24,0.5,0.5,1
1174,Kempty,Uttarakhand,55,Tehri Garhwal,30.49075,78.04738889,2023-05-24,20.5,2.5,9
1175,Gadarpur,Uttarakhand,56,UDHAM SINGH NAGAR,29.04324167,79.24461944,2023-05-24,3.0,0.5,6
1176,Haripura_2,Uttarakhand,56,UDHAM SINGH NAGAR,29.13151944,79.25965556,2023-05-24,4.0,0.5,8
1177,Sitarganj_1,Uttarakhand,56,UDHAM SINGH NAGAR,28.92971389,79.703,2023-05-24,42.5,5.5,8
1178,Tumaria,Uttarakhand,56,UDHAM SINGH NAGAR,29.30704722,78.93133056,2023-05-24,198.5,25.0,8
1179,Almora_1,Uttarakhand,45,Almora,29.59575833,79.65063889,2023-05-26,4.5,1.5,3
1180,Lamgara,Uttarakhand,45,Almora,29.53866667,79.74994444,2023-05-26,1.5,0.5,3
1181,Baijnath (Gomti),Uttarakhand,46,Bageshwar,29.90822222,79.61769444,2023-05-26,4.0,0.5,8
1182,Kapkot (Saryu),Uttarakhand,46,Bageshwar,29.94516667,79.9025,2023-05-26,13.0,6.5,2
1183,Gairsain (Ramganga),Uttarakhand,47,Chamoli,30.045,79.2855,2023-05-26,1.5,0.5,3
1184,Champawat_1,Uttarakhand,48,Champawat,29.33341667,80.08469444,2023-05-26,21.0,10.5,2
1185,Danda_1,Uttarakhand,48,Champawat,29.15927778,80.10852778,2023-05-26,3.0,1.5,2
1186,Mukteshwar_1,Uttarakhand,51,Nainital,29.47413889,79.65119444,2023-05-26,7.5,7.5,1
1187,Virbhadra,Uttarakhand,52,PAURI GARHWAL,30.07444444,78.29047222,2023-05-26,1.5,0.5,3
1188,Dharchula_1,Uttarakhand,53,Pithoragarh,29.84825,80.54047222,2023-05-26,0.5,0.5,1
1189,Pithoragarh,Uttarakhand,53,Pithoragarh,29.57938889,80.21886111,2023-05-26,2.0,1.0,2
1190,Kempty,Uttarakhand,55,Tehri Garhwal,30.49075,78.04738889,2023-05-26,33.0,11.0,3
1191,Haripura_2,Uttarakhand,56,UDHAM SINGH NAGAR,29.13151944,79.25965556,2023-05-26,4.5,0.5,9
1192,Tumaria,Uttarakhand,56,UDHAM SINGH NAGAR,29.30704722,78.93133056,2023-05-26,64.0,31.0,6
1193,Lamgara,Uttarakhand,45,Almora,29.53866667,79.74994444,2023-05-27,4.0,0.5,8
1194,Baijnath (Gomti),Uttarakhand,46,Bageshwar,29.90822222,79.61769444,2023-05-27,1.5,0.5,3
1195,Kapkot (Saryu),Uttarakhand,46,Bageshwar,29.94516667,79.9025,2023-05-27,1.0,0.5,2
1196,Gairsain (Ramganga),Uttarakhand,47,Chamoli,30.045,79.2855,2023-05-27,1.0,0.5,2
1197,Champawat_1,Uttarakhand,48,Champawat,29.33341667,80.08469444,2023-05-27,3.5,0.5,7
1198,Tanakpur_1,Uttarakhand,48,Champawat,29.07222222,80.1175,2023-05-27,26.0,24.5,4
1199,Dharchula_1,Uttarakhand,53,Pithoragarh,29.84825,80.54047222,2023-05-27,0.5,0.5,1
1200,Pithoragarh,Uttarakhand,53,Pithoragarh,29.57938889,80.21886111,2023-05-27,1.5,0.5,3
1201,Gadarpur,Uttarakhand,56,UDHAM SINGH NAGAR,29.04324167,79.24461944,2023-05-27,1.0,0.5,2
1202,Haripura_2,Uttarakhand,56,UDHAM SINGH NAGAR,29.13151944,79.25965556,2023-05-27,3.5,0.5,7
1203,Tumaria,Uttarakhand,56,UDHAM SINGH NAGAR,29.30704722,78.93133056,2023-05-27,2.0,0.5,4
1204,Almora_1,Uttarakhand,45,Almora,29.59575833,79.65063889,2023-05-29,26.0,5.0,10
1205,Baijnath (Gomti),Uttarakhand,46,Bageshwar,29.90822222,79.61769444,2023-05-29,10.5,1.5,8
1206,Kapkot (Saryu),Uttarakhand,46,Bageshwar,29.94516667,79.9025,2023-05-29,14.5,2.0,8
1207,Gairsain (Ramganga),Uttarakhand,47,Chamoli,30.045,79.2855,2023-05-29,4.0,0.5,8
1208,Nandprayag (Nandakini),Uttarakhand,47,Chamoli,30.33122222,79.31063889,2023-05-29,208.5,17.5,14
1209,Roorkee_2,Uttarakhand,50,Haridwar,29.86771944,77.88415556,2023-05-29,5.0,2.5,2
1210,Yamkeshwar,Uttarakhand,52,PAURI GARHWAL,29.96130556,78.44086111,2023-05-29,3.0,0.5,6
1211,Dharchula_1,Uttarakhand,53,Pithoragarh,29.84825,80.54047222,2023-05-29,1.0,0.5,2
1212,Kempty,Uttarakhand,55,Tehri Garhwal,30.49075,78.04738889,2023-05-29,38.0,4.5,9
1213,Almora_1,Uttarakhand,45,Almora,29.59575833,79.65063889,2023-05-30,25.0,5.0,5
1214,Baijnath (Gomti),Uttarakhand,46,Bageshwar,29.90822222,79.61769444,2023-05-30,7.5,1.5,5
1215,Kapkot (Saryu),Uttarakhand,46,Bageshwar,29.94516667,79.9025,2023-05-30,10.0,2.0,5
1216,Gairsain (Ramganga),Uttarakhand,47,Chamoli,30.045,79.2855,2023-05-30,2.5,0.5,5
1217,Nandprayag (Nandakini),Uttarakhand,47,Chamoli,30.33122222,79.31063889,2023-05-30,89.0,18.0,5
1218,Bahadarabad,Uttarakhand,50,Haridwar,29.92380278,78.03671389,2023-05-30,1.5,0.5,3
1219,Khanpur_5,Uttarakhand,50,Haridwar,29.641375,78.00678611,2023-05-30,20.5,6.0,4
1220,Manglaur_1,Uttarakhand,50,Haridwar,29.78567778,77.86368889,2023-05-30,6.0,2.0,3
1221,Roorkee_2,Uttarakhand,50,Haridwar,29.86771944,77.88415556,2023-05-30,15.5,3.5,5
1222,Virbhadra,Uttarakhand,52,PAURI GARHWAL,30.07444444,78.29047222,2023-05-30,16.5,1.5,12
1223,Yamkeshwar,Uttarakhand,52,PAURI GARHWAL,29.96130556,78.44086111,2023-05-30,5.0,4.0,3
1224,Dharchula_1,Uttarakhand,53,Pithoragarh,29.84825,80.54047222,2023-05-30,0.5,0.5,1
1225,Kempty,Uttarakhand,55,Tehri Garhwal,30.49075,78.04738889,2023-05-30,18.5,6.0,10
1226,Almora_1,Uttarakhand,45,Almora,29.59575833,79.65063889,2023-05-31,35.0,2.5,14
1227,Lamgara,Uttarakhand,45,Almora,29.53866667,79.74994444,2023-05-31,20.5,1.5,14
1228,Baijnath (Gomti),Uttarakhand,46,Bageshwar,29.90822222,79.61769444,2023-05-31,15.0,1.5,12
1229,Kapkot (Saryu),Uttarakhand,46,Bageshwar,29.94516667,79.9025,2023-05-31,136.5,12.5,13
1230,Gairsain (Ramganga),Uttarakhand,47,Chamoli,30.045,79.2855,2023-05-31,3.5,0.5,7
1231,Nandprayag (Nandakini),Uttarakhand,47,Chamoli,30.33122222,79.31063889,2023-05-31,13.5,1.0,14
1232,Yamuna Colony,Uttarakhand,49,Dehradun,30.33775278,78.03311667,2023-05-31,2.0,0.5,4
1233,Bahadarabad,Uttarakhand,50,Haridwar,29.92380278,78.03671389,2023-05-31,4.5,0.5,9
1234,Khanpur_5,Uttarakhand,50,Haridwar,29.641375,78.00678611,2023-05-31,3.5,0.5,7
1235,Roorkee_2,Uttarakhand,50,Haridwar,29.86771944,77.88415556,2023-05-31,4.0,0.5,8
1236,Mukteshwar_1,Uttarakhand,51,Nainital,29.47413889,79.65119444,2023-05-31,2.0,1.0,3
1237,Virbhadra,Uttarakhand,52,PAURI GARHWAL,30.07444444,78.29047222,2023-05-31,142.5,16.5,18
1238,Kempty,Uttarakhand,55,Tehri Garhwal,30.49075,78.04738889,2023-05-31,358.5,60.5,16
1239,Tumaria,Uttarakhand,56,UDHAM SINGH NAGAR,29.30704722,78.93133056,2023-05-31,3.5,0.5,7
1240,Almora_1,Uttarakhand,45,Almora,29.59575833,79.65063889,2023-06-01,20.0,2.5,8
1241,Lamgara,Uttarakhand,45,Almora,29.53866667,79.74994444,2023-06-01,12.0,1.5,8
1242,Baijnath (Gomti),Uttarakhand,46,Bageshwar,29.90822222,79.61769444,2023-06-01,9.0,1.5,6
1243,Kapkot (Saryu),Uttarakhand,46,Bageshwar,29.94516667,79.9025,2023-06-01,100.0,12.5,8
1244,Gairsain (Ramganga),Uttarakhand,47,Chamoli,30.045,79.2855,2023-06-01,3.5,0.5,7
1245,Nandprayag (Nandakini),Uttarakhand,47,Chamoli,30.33122222,79.31063889,2023-06-01,10.5,1.0,13
1246,Bahadarabad,Uttarakhand,50,Haridwar,29.92380278,78.03671389,2023-06-01,2.0,0.5,4
1247,Khanpur_5,Uttarakhand,50,Haridwar,29.641375,78.00678611,2023-06-01,4.0,0.5,8
1248,Roorkee_2,Uttarakhand,50,Haridwar,29.86771944,77.88415556,2023-06-01,4.0,0.5,8
1249,Mukteshwar_1,Uttarakhand,51,Nainital,29.47413889,79.65119444,2023-06-01,5.5,1.5,5
1250,Virbhadra,Uttarakhand,52,PAURI GARHWAL,30.07444444,78.29047222,2023-06-01,132.0,16.5,8
1251,Yamkeshwar,Uttarakhand,52,PAURI GARHWAL,29.96130556,78.44086111,2023-06-01,1.0,0.5,2
1252,Kempty,Uttarakhand,55,Tehri Garhwal,30.49075,78.04738889,2023-06-01,484.0,60.5,8
1253,Tumaria,Uttarakhand,56,UDHAM SINGH NAGAR,29.30704722,78.93133056,2023-06-01,4.0,0.5,8
1254,Almora_1,Uttarakhand,45,Almora,29.59575833,79.65063889,2023-06-03,1.5,0.5,3
1255,Lamgara,Uttarakhand,45,Almora,29.53866667,79.74994444,2023-06-03,10.0,1.5,9
1256,Baijnath (Gomti),Uttarakhand,46,Bageshwar,29.90822222,79.61769444,2023-06-03,2.0,0.5,4
1257,Badrinath_1,Uttarakhand,47,Chamoli,30.74513889,79.49436111,2023-06-03,1.5,0.5,3
1258,Gairsain (Ramganga),Uttarakhand,47,Chamoli,30.045,79.2855,2023-06-03,2.5,0.5,5
1259,Nandprayag (Nandakini),Uttarakhand,47,Chamoli,30.33122222,79.31063889,2023-06-03,1.5,0.5,3
1260,Champawat_1,Uttarakhand,48,Champawat,29.33341667,80.08469444,2023-06-03,49.5,16.5,3
1261,Mukteshwar_1,Uttarakhand,51,Nainital,29.47413889,79.65119444,2023-06-03,7.0,3.5,2
1262,Yamkeshwar,Uttarakhand,52,PAURI GARHWAL,29.96130556,78.44086111,2023-06-03,3.5,0.5,7
1263,Kempty,Uttarakhand,55,Tehri Garhwal,30.49075,78.04738889,2023-06-03,2.0,1.0,2
1264,Lamgara,Uttarakhand,45,Almora,29.53866667,79.74994444,2023-06-04,8.0,1.0,8
1265,Baijnath (Gomti),Uttarakhand,46,Bageshwar,29.90822222,79.61769444,2023-06-04,3.5,0.5,7
1266,Gairsain (Ramganga),Uttarakhand,47,Chamoli,30.045,79.2855,2023-06-04,4.0,0.5,8
1267,Yamkeshwar,Uttarakhand,52,PAURI GARHWAL,29.96130556,78.44086111,2023-06-04,3.0,0.5,6
1268,Almora_1,Uttarakhand,45,Almora,29.59575833,79.65063889,2023-06-05,3.5,1.0,5
1269,Lamgara,Uttarakhand,45,Almora,29.53866667,79.74994444,2023-06-05,13.0,3.5,5
1270,Baijnath (Gomti),Uttarakhand,46,Bageshwar,29.90822222,79.61769444,2023-06-05,2.5,1.0,3
1271,Gairsain (Ramganga),Uttarakhand,47,Chamoli,30.045,79.2855,2023-06-05,1.0,0.5,2
1272,Mukteshwar_1,Uttarakhand,51,Nainital,29.47413889,79.65119444,2023-06-05,1.5,0.5,3
1273,Yamkeshwar,Uttarakhand,52,PAURI GARHWAL,29.96130556,78.44086111,2023-06-05,2.5,0.5,5
1274,Almora_1,Uttarakhand,45,Almora,29.59575833,79.65063889,2023-06-06,75.0,9.0,11
1275,Lamgara,Uttarakhand,45,Almora,29.53866667,79.74994444,2023-06-06,14.0,3.5,10
1276,Baijnath (Gomti),Uttarakhand,46,Bageshwar,29.90822222,79.61769444,2023-06-06,2.0,1.0,2
1277,Gairsain (Ramganga),Uttarakhand,47,Chamoli,30.045,79.2855,2023-06-06,1.5,0.5,3
1278,Nandprayag (Nandakini),Uttarakhand,47,Chamoli,30.33122222,79.31063889,2023-06-06,27.5,4.0,7
1279,Champawat_1,Uttarakhand,48,Champawat,29.33341667,80.08469444,2023-06-06,3.0,1.0,3
1280,Danda_1,Uttarakhand,48,Champawat,29.15927778,80.10852778,2023-06-06,1.5,0.5,3
1281,Tanakpur_1,Uttarakhand,48,Champawat,29.07222222,80.1175,2023-06-06,1.5,0.5,3
1282,Yamuna Colony,Uttarakhand,49,Dehradun,30.33775278,78.03311667,2023-06-06,1.0,0.5,2
1283,Bahadarabad,Uttarakhand,50,Haridwar,29.92380278,78.03671389,2023-06-06,18.0,6.0,3
1284,Manglaur_1,Uttarakhand,50,Haridwar,29.78567778,77.86368889,2023-06-06,3.0,1.0,3
1285,Mukteshwar_1,Uttarakhand,51,Nainital,29.47413889,79.65119444,2023-06-06,12.0,1.5,10
1286,Virbhadra,Uttarakhand,52,PAURI GARHWAL,30.07444444,78.29047222,2023-06-06,1.5,0.5,3
1287,Yamkeshwar,Uttarakhand,52,PAURI GARHWAL,29.96130556,78.44086111,2023-06-06,1.0,0.5,2
1288,Dharchula_1,Uttarakhand,53,Pithoragarh,29.84825,80.54047222,2023-06-06,1.0,0.5,2
1289,Kempty,Uttarakhand,55,Tehri Garhwal,30.49075,78.04738889,2023-06-06,37.5,12.5,3
1290,Almora_1,Uttarakhand,45,Almora,29.59575833,79.65063889,2023-06-07,81.0,9.0,9
1291,Lamgara,Uttarakhand,45,Almora,29.53866667,79.74994444,2023-06-07,4.5,0.5,9
1292,Badrinath_1,Uttarakhand,47,Chamoli,30.74513889,79.49436111,2023-06-07,2.0,0.5,4
1293,Gairsain (Ramganga),Uttarakhand,47,Chamoli,30.045,79.2855,2023-06-07,3.0,0.5,6
1294,Nandprayag (Nandakini),Uttarakhand,47,Chamoli,30.33122222,79.31063889,2023-06-07,36.0,4.0,9
1295,Mukteshwar_1,Uttarakhand,51,Nainital,29.47413889,79.65119444,2023-06-07,13.5,1.5,9
1296,Dharchula_1,Uttarakhand,53,Pithoragarh,29.84825,80.54047222,2023-06-07,2.5,0.5,5
1297,Baijnath (Gomti),Uttarakhand,46,Bageshwar,29.90822222,79.61769444,2023-06-08,1.0,1.0,1
1298,Kapkot (Saryu),Uttarakhand,46,Bageshwar,29.94516667,79.9025,2023-06-08,8.0,2.0,4
1299,Badrinath_1,Uttarakhand,47,Chamoli,30.74513889,79.49436111,2023-06-08,10.5,2.0,12
1300,Gairsain (Ramganga),Uttarakhand,47,Chamoli,30.045,79.2855,2023-06-08,5.5,0.5,11
1301,Nandprayag (Nandakini),Uttarakhand,47,Chamoli,30.33122222,79.31063889,2023-06-08,6.0,1.5,4
1302,Mukteshwar_1,Uttarakhand,51,Nainital,29.47413889,79.65119444,2023-06-08,5.5,0.5,11
1303,Yamkeshwar,Uttarakhand,52,PAURI GARHWAL,29.96130556,78.44086111,2023-06-08,4.0,4.0,1
1304,Kapkot (Saryu),Uttarakhand,46,Bageshwar,29.94516667,79.9025,2023-06-09,6.0,2.0,3
1305,Badrinath_1,Uttarakhand,47,Chamoli,30.74513889,79.49436111,2023-06-09,6.0,2.0,3
1306,Gairsain (Ramganga),Uttarakhand,47,Chamoli,30.045,79.2855,2023-06-09,1.5,0.5,3
1307,Nandprayag (Nandakini),Uttarakhand,47,Chamoli,30.33122222,79.31063889,2023-06-09,4.5,1.5,3
1308,Mukteshwar_1,Uttarakhand,51,Nainital,29.47413889,79.65119444,2023-06-09,0.5,0.5,1
1309,Dharchula_1,Uttarakhand,53,Pithoragarh,29.84825,80.54047222,2023-06-09,0.5,0.5,1
1310,Pithoragarh,Uttarakhand,53,Pithoragarh,29.57938889,80.21886111,2023-06-09,3.0,0.5,6
1311,Kapkot (Saryu),Uttarakhand,46,Bageshwar,29.94516667,79.9025,2023-06-10,2.0,2.0,1
1312,Pithoragarh,Uttarakhand,53,Pithoragarh,29.57938889,80.21886111,2023-06-10,4.0,0.5,8
1313,Chandranagar_1,Uttarakhand,54,Rudraprayag,30.41541667,79.06208333,2023-06-10,16.5,16.5,1
1314,Almora_1,Uttarakhand,45,Almora,29.59575833,79.65063889,2023-06-12,3.0,1.0,3
1315,Lamgara,Uttarakhand,45,Almora,29.53866667,79.74994444,2023-06-12,32.5,6.5,5
1316,Baijnath (Gomti),Uttarakhand,46,Bageshwar,29.90822222,79.61769444,2023-06-12,7.0,1.5,5
1317,Kapkot (Saryu),Uttarakhand,46,Bageshwar,29.94516667,79.9025,2023-06-12,5.5,1.0,6
1318,Gairsain (Ramganga),Uttarakhand,47,Chamoli,30.045,79.2855,2023-06-12,1.5,0.5,3
1319,Champawat_1,Uttarakhand,48,Champawat,29.33341667,80.08469444,2023-06-12,14.0,3.0,5
1320,Dharchula_1,Uttarakhand,53,Pithoragarh,29.84825,80.54047222,2023-06-12,3.5,0.5,7
1321,Lamgara,Uttarakhand,45,Almora,29.53866667,79.74994444,2023-06-13,59.5,6.5,11
1322,Baijnath (Gomti),Uttarakhand,46,Bageshwar,29.90822222,79.61769444,2023-06-13,11.5,1.5,8
1323,Kapkot (Saryu),Uttarakhand,46,Bageshwar,29.94516667,79.9025,2023-06-13,11.0,1.0,14
1324,Gairsain (Ramganga),Uttarakhand,47,Chamoli,30.045,79.2855,2023-06-13,2.5,0.5,5
1325,Nandprayag (Nandakini),Uttarakhand,47,Chamoli,30.33122222,79.31063889,2023-06-13,69.0,11.0,7
1326,Champawat_1,Uttarakhand,48,Champawat,29.33341667,80.08469444,2023-06-13,24.0,3.0,8
1327,Mukteshwar_1,Uttarakhand,51,Nainital,29.47413889,79.65119444,2023-06-13,1.5,0.5,3
1328,Dharchula_1,Uttarakhand,53,Pithoragarh,29.84825,80.54047222,2023-06-13,4.0,0.5,8
1329,Chandranagar_1,Uttarakhand,54,Rudraprayag,30.41541667,79.06208333,2023-06-13,67.0,13.5,7
1330,Sonprayag_1,Uttarakhand,54,Rudraprayag,30.63547222,78.99941667,2023-06-13,32.5,8.0,5
1331,Lamgara,Uttarakhand,45,Almora,29.53866667,79.74994444,2023-06-14,15.0,2.5,6
1332,Baijnath (Gomti),Uttarakhand,46,Bageshwar,29.90822222,79.61769444,2023-06-14,7.5,1.5,5
1333,Kapkot (Saryu),Uttarakhand,46,Bageshwar,29.94516667,79.9025,2023-06-14,8.5,5.5,7
1334,Badrinath_1,Uttarakhand,47,Chamoli,30.74513889,79.49436111,2023-06-14,7.0,3.5,2
1335,Gairsain (Ramganga),Uttarakhand,47,Chamoli,30.045,79.2855,2023-06-14,1.5,0.5,3
1336,Nandprayag (Nandakini),Uttarakhand,47,Chamoli,30.33122222,79.31063889,2023-06-14,88.5,11.0,9
1337,Mukteshwar_1,Uttarakhand,51,Nainital,29.47413889,79.65119444,2023-06-14,3.0,0.5,6
1338,Dharchula_1,Uttarakhand,53,Pithoragarh,29.84825,80.54047222,2023-06-14,2.5,0.5,5
1339,Chandranagar_1,Uttarakhand,54,Rudraprayag,30.41541667,79.06208333,2023-06-14,91.0,13.5,8
1340,Sonprayag_1,Uttarakhand,54,Rudraprayag,30.63547222,78.99941667,2023-06-14,54.0,8.0,8
1341,Kapkot (Saryu),Uttarakhand,46,Bageshwar,29.94516667,79.9025,2023-06-15,28.5,5.5,17
1342,Badrinath_1,Uttarakhand,47,Chamoli,30.74513889,79.49436111,2023-06-15,14.0,3.5,4
1343,Nandprayag (Nandakini),Uttarakhand,47,Chamoli,30.33122222,79.31063889,2023-06-15,30.0,7.5,4
1344,Dharchula_1,Uttarakhand,53,Pithoragarh,29.84825,80.54047222,2023-06-15,8.0,0.5,16
1345,Chandranagar_1,Uttarakhand,54,Rudraprayag,30.41541667,79.06208333,2023-06-15,20.0,5.0,4
1346,Sonprayag_1,Uttarakhand,54,Rudraprayag,30.63547222,78.99941667,2023-06-15,9.0,3.0,3
1347,Kapkot (Saryu),Uttarakhand,46,Bageshwar,29.94516667,79.9025,2023-06-16,2.0,0.5,4
1348,Dharchula_1,Uttarakhand,53,Pithoragarh,29.84825,80.54047222,2023-06-16,0.5,0.5,1
1349,Chandranagar_1,Uttarakhand,54,Rudraprayag,30.41541667,79.06208333,2023-06-16,5.0,3.0,2
1350,Badrinath_1,Uttarakhand,47,Chamoli,30.74513889,79.49436111,2023-06-17,4.5,1.5,3
1351,Gairsain (Ramganga),Uttarakhand,47,Chamoli,30.045,79.2855,2023-06-17,0.5,0.5,1
1352,Champawat_1,Uttarakhand,48,Champawat,29.33341667,80.08469444,2023-06-17,20.5,3.5,6
1353,Dharchula_1,Uttarakhand,53,Pithoragarh,29.84825,80.54047222,2023-06-17,1.5,0.5,3
1354,Chandranagar_1,Uttarakhand,54,Rudraprayag,30.41541667,79.06208333,2023-06-17,19.5,6.5,3
1355,Yamkeshwar,Uttarakhand,52,PAURI GARHWAL,29.96130556,78.44086111,2023-06-18,0.5,0.5,1
1356,Baijnath (Gomti),Uttarakhand,46,Bageshwar,29.90822222,79.61769444,2023-06-19,1.0,0.5,2
1357,Kapkot (Saryu),Uttarakhand,46,Bageshwar,29.94516667,79.9025,2023-06-19,8.0,1.5,9
1358,Badrinath_1,Uttarakhand,47,Chamoli,30.74513889,79.49436111,2023-06-19,11.5,2.0,8
1359,Gairsain (Ramganga),Uttarakhand,47,Chamoli,30.045,79.2855,2023-06-19,4.0,0.5,8
1360,Nandprayag (Nandakini),Uttarakhand,47,Chamoli,30.33122222,79.31063889,2023-06-19,3.0,1.0,3
1361,Danda_1,Uttarakhand,48,Champawat,29.15927778,80.10852778,2023-06-19,33.0,16.5,2
1362,Bahadarabad,Uttarakhand,50,Haridwar,29.92380278,78.03671389,2023-06-19,4.5,1.5,3
1363,Khanpur_5,Uttarakhand,50,Haridwar,29.641375,78.00678611,2023-06-19,1.5,0.5,3
1364,Manglaur_1,Uttarakhand,50,Haridwar,29.78567778,77.86368889,2023-06-19,13.5,4.5,3
1365,Gola_1,Uttarakhand,51,Nainital,29.27136111,79.54743333,2023-06-19,1.5,0.5,3
1366,Mukteshwar_1,Uttarakhand,51,Nainital,29.47413889,79.65119444,2023-06-19,8.5,1.0,9
1367,Yamkeshwar,Uttarakhand,52,PAURI GARHWAL,29.96130556,78.44086111,2023-06-19,3.0,0.5,6
1368,Dharchula_1,Uttarakhand,53,Pithoragarh,29.84825,80.54047222,2023-06-19,3.5,1.0,6
1369,Pithoragarh,Uttarakhand,53,Pithoragarh,29.57938889,80.21886111,2023-06-19,453.5,453.5,1
1370,Chandranagar_1,Uttarakhand,54,Rudraprayag,30.41541667,79.06208333,2023-06-19,1.5,0.5,3
1371,Sonprayag_1,Uttarakhand,54,Rudraprayag,30.63547222,78.99941667,2023-06-19,10.0,4.5,6
1372,Haripura_2,Uttarakhand,56,UDHAM SINGH NAGAR,29.13151944,79.25965556,2023-06-19,1.5,0.5,3
1373,Tumaria,Uttarakhand,56,UDHAM SINGH NAGAR,29.30704722,78.93133056,2023-06-19,1.5,0.5,3
1374,Kapkot (Saryu),Uttarakhand,46,Bageshwar,29.94516667,79.9025,2023-06-20,18.0,2.0,9
1375,Badrinath_1,Uttarakhand,47,Chamoli,30.74513889,79.49436111,2023-06-20,16.5,2.5,8
1376,Gairsain (Ramganga),Uttarakhand,47,Chamoli,30.045,79.2855,2023-06-20,5.0,0.5,10
1377,Nandprayag (Nandakini),Uttarakhand,47,Chamoli,30.33122222,79.31063889,2023-06-20,24.5,5.0,6
1378,Champawat_1,Uttarakhand,48,Champawat,29.33341667,80.08469444,2023-06-20,1.0,1.0,1
1379,Danda_1,Uttarakhand,48,Champawat,29.15927778,80.10852778,2023-06-20,7.0,2.0,7
1380,Tanakpur_1,Uttarakhand,48,Champawat,29.07222222,80.1175,2023-06-20,4.0,0.5,8
1381,Mukteshwar_1,Uttarakhand,51,Nainital,29.47413889,79.65119444,2023-06-20,9.0,1.0,9
1382,Yamkeshwar,Uttarakhand,52,PAURI GARHWAL,29.96130556,78.44086111,2023-06-20,2.5,1.0,4
1383,Dharchula_1,Uttarakhand,53,Pithoragarh,29.84825,80.54047222,2023-06-20,4.5,0.5,9
1384,Chandranagar_1,Uttarakhand,54,Rudraprayag,30.41541667,79.06208333,2023-06-20,2.5,0.5,5
1385,Sonprayag_1,Uttarakhand,54,Rudraprayag,30.63547222,78.99941667,2023-06-20,41.5,4.5,10
1386,Kempty,Uttarakhand,55,Tehri Garhwal,30.49075,78.04738889,2023-06-20,5.0,1.0,5
1387,Haripura_2,Uttarakhand,56,UDHAM SINGH NAGAR,29.13151944,79.25965556,2023-06-20,1.0,0.5,2
1388,Sitarganj_1,Uttarakhand,56,UDHAM SINGH NAGAR,28.92971389,79.703,2023-06-20,1.5,0.5,3
1389,Tumaria,Uttarakhand,56,UDHAM SINGH NAGAR,29.30704722,78.93133056,2023-06-20,5.5,2.0,4
1390,Lamgara,Uttarakhand,45,Almora,29.53866667,79.74994444,2023-06-21,0.5,0.5,1
1391,Kapkot (Saryu),Uttarakhand,46,Bageshwar,29.94516667,79.9025,2023-06-21,4.5,3.5,2
1392,Gairsain (Ramganga),Uttarakhand,47,Chamoli,30.045,79.2855,2023-06-21,0.5,0.5,1
1393,Nandprayag (Nandakini),Uttarakhand,47,Chamoli,30.33122222,79.31063889,2023-06-21,3.0,3.0,1
1394,Danda_1,Uttarakhand,48,Champawat,29.15927778,80.10852778,2023-06-21,1.0,1.0,1
1395,Tanakpur_1,Uttarakhand,48,Champawat,29.07222222,80.1175,2023-06-21,0.5,0.5,1
1396,Yamuna Colony,Uttarakhand,49,Dehradun,30.33775278,78.03311667,2023-06-21,0.5,0.5,1
1397,Chandranagar_1,Uttarakhand,54,Rudraprayag,30.41541667,79.06208333,2023-06-21,2.5,2.5,1
1398,Sonprayag_1,Uttarakhand,54,Rudraprayag,30.63547222,78.99941667,2023-06-21,7.0,7.0,1
1399,Kempty,Uttarakhand,55,Tehri Garhwal,30.49075,78.04738889,2023-06-21,7.5,7.5,1
1400,Gadarpur,Uttarakhand,56,UDHAM SINGH NAGAR,29.04324167,79.24461944,2023-06-21,1.0,0.5,2
1401,Haripura_2,Uttarakhand,56,UDHAM SINGH NAGAR,29.13151944,79.25965556,2023-06-21,1.0,0.5,2
1402,Rudrapur_2,Uttarakhand,56,UDHAM SINGH NAGAR,28.97373611,79.39988611,2023-06-21,1.0,0.5,2
1403,Lamgara,Uttarakhand,45,Almora,29.53866667,79.74994444,2023-06-22,2.0,0.5,4
1404,Baijnath (Gomti),Uttarakhand,46,Bageshwar,29.90822222,79.61769444,2023-06-22,1.0,1.0,1
1405,Kapkot (Saryu),Uttarakhand,46,Bageshwar,29.94516667,79.9025,2023-06-22,203.5,59.0,4
1406,Gairsain (Ramganga),Uttarakhand,47,Chamoli,30.045,79.2855,2023-06-22,2.5,0.5,5
1407,Nandprayag (Nandakini),Uttarakhand,47,Chamoli,30.33122222,79.31063889,2023-06-22,6.5,1.5,5
1408,Tanakpur_1,Uttarakhand,48,Champawat,29.07222222,80.1175,2023-06-22,1.0,0.5,2
1409,Virbhadra,Uttarakhand,52,PAURI GARHWAL,30.07444444,78.29047222,2023-06-22,7.5,1.5,9
1410,Dharchula_1,Uttarakhand,53,Pithoragarh,29.84825,80.54047222,2023-06-22,3.5,0.5,7
1411,Pithoragarh,Uttarakhand,53,Pithoragarh,29.57938889,80.21886111,2023-06-22,0.5,0.5,1
1412,Chandranagar_1,Uttarakhand,54,Rudraprayag,30.41541667,79.06208333,2023-06-22,21.5,5.5,4
1413,Gadarpur,Uttarakhand,56,UDHAM SINGH NAGAR,29.04324167,79.24461944,2023-06-22,1.5,0.5,3
1414,Haripura_2,Uttarakhand,56,UDHAM SINGH NAGAR,29.13151944,79.25965556,2023-06-22,2.5,0.5,5
1415,Joshiyara,Uttarakhand,57,Uttarkashi,30.73122222,78.42733333,2023-06-22,1.5,0.5,3
1416,Gairsain (Ramganga),Uttarakhand,47,Chamoli,30.045,79.2855,2023-06-23,1.5,0.5,3
1417,Champawat_1,Uttarakhand,48,Champawat,29.33341667,80.08469444,2023-06-23,21.0,2.0,13
1418,Danda_1,Uttarakhand,48,Champawat,29.15927778,80.10852778,2023-06-23,6.5,0.5,13
1419,Tanakpur_1,Uttarakhand,48,Champawat,29.07222222,80.1175,2023-06-23,1.5,0.5,3
1420,Bahadarabad,Uttarakhand,50,Haridwar,29.92380278,78.03671389,2023-06-23,12.0,10.5,3
1421,Khanpur_5,Uttarakhand,50,Haridwar,29.641375,78.00678611,2023-06-23,39.5,4.0,11
1422,Manglaur_1,Uttarakhand,50,Haridwar,29.78567778,77.86368889,2023-06-23,184.5,19.0,11
1423,Roorkee_2,Uttarakhand,50,Haridwar,29.86771944,77.88415556,2023-06-23,12.0,3.0,4
1424,Dugadda (Khoh),Uttarakhand,52,PAURI GARHWAL,29.75108333,78.52341667,2023-06-23,0.5,0.5,1
1425,Virbhadra,Uttarakhand,52,PAURI GARHWAL,30.07444444,78.29047222,2023-06-23,4.0,2.0,3
1426,Dharchula_1,Uttarakhand,53,Pithoragarh,29.84825,80.54047222,2023-06-23,1.5,0.5,3
1427,Pithoragarh,Uttarakhand,53,Pithoragarh,29.57938889,80.21886111,2023-06-23,21.5,5.0,10
1428,Chandranagar_1,Uttarakhand,54,Rudraprayag,30.41541667,79.06208333,2023-06-23,1.5,0.5,3
1429,Gadarpur,Uttarakhand,56,UDHAM SINGH NAGAR,29.04324167,79.24461944,2023-06-23,1.5,0.5,3
1430,Haripura_2,Uttarakhand,56,UDHAM SINGH NAGAR,29.13151944,79.25965556,2023-06-23,1.5,0.5,3
1431,Sitarganj_1,Uttarakhand,56,UDHAM SINGH NAGAR,28.92971389,79.703,2023-06-23,1.5,0.5,3
1432,Lamgara,Uttarakhand,45,Almora,29.53866667,79.74994444,2023-06-24,12.0,1.0,12
1433,Baijnath (Gomti),Uttarakhand,46,Bageshwar,29.90822222,79.61769444,2023-06-24,2.5,0.5,5
1434,Kapkot (Saryu),Uttarakhand,46,Bageshwar,29.94516667,79.9025,2023-06-24,126.5,42.5,3
1435,Gairsain (Ramganga),Uttarakhand,47,Chamoli,30.045,79.2855,2023-06-24,179.5,177.0,6
1436,Nandprayag (Nandakini),Uttarakhand,47,Chamoli,30.33122222,79.31063889,2023-06-24,15.0,5.0,3
1437,Champawat_1,Uttarakhand,48,Champawat,29.33341667,80.08469444,2023-06-24,6.0,2.0,3
1438,Danda_1,Uttarakhand,48,Champawat,29.15927778,80.10852778,2023-06-24,4.5,0.5,9
1439,Yamuna Colony,Uttarakhand,49,Dehradun,30.33775278,78.03311667,2023-06-24,0.5,0.5,1
1440,Bahadarabad,Uttarakhand,50,Haridwar,29.92380278,78.03671389,2023-06-24,108.0,11.5,15
1441,Khanpur_5,Uttarakhand,50,Haridwar,29.641375,78.00678611,2023-06-24,119.0,10.0,13
1442,Manglaur_1,Uttarakhand,50,Haridwar,29.78567778,77.86368889,2023-06-24,331.0,24.0,14
1443,Roorkee_2,Uttarakhand,50,Haridwar,29.86771944,77.88415556,2023-06-24,193.0,12.0,17
1444,Virbhadra,Uttarakhand,52,PAURI GARHWAL,30.07444444,78.29047222,2023-06-24,17.5,1.5,13
1445,Dharchula_1,Uttarakhand,53,Pithoragarh,29.84825,80.54047222,2023-06-24,0.5,0.5,1
1446,Pithoragarh,Uttarakhand,53,Pithoragarh,29.57938889,80.21886111,2023-06-24,352.5,349.5,3
1447,Chandranagar_1,Uttarakhand,54,Rudraprayag,30.41541667,79.06208333,2023-06-24,6.0,2.0,3
1448,Sonprayag_1,Uttarakhand,54,Rudraprayag,30.63547222,78.99941667,2023-06-24,23.0,12.0,2
1449,Tumaria,Uttarakhand,56,UDHAM SINGH NAGAR,29.30704722,78.93133056,2023-06-24,578.5,43.0,15
1450,Lamgara,Uttarakhand,45,Almora,29.53866667,79.74994444,2023-06-25,37.0,2.0,23
1451,Baijnath (Gomti),Uttarakhand,46,Bageshwar,29.90822222,79.61769444,2023-06-25,4.5,1.0,7
1452,Kapkot (Saryu),Uttarakhand,46,Bageshwar,29.94516667,79.9025,2023-06-25,1.0,0.5,2
1453,Gairsain (Ramganga),Uttarakhand,47,Chamoli,30.045,79.2855,2023-06-25,70.0,64.5,12
1454,Nandprayag (Nandakini),Uttarakhand,47,Chamoli,30.33122222,79.31063889,2023-06-25,9.0,1.0,11
1455,Champawat_1,Uttarakhand,48,Champawat,29.33341667,80.08469444,2023-06-25,167.5,27.5,21
1456,Danda_1,Uttarakhand,48,Champawat,29.15927778,80.10852778,2023-06-25,8.5,0.5,17
1457,Tanakpur_1,Uttarakhand,48,Champawat,29.07222222,80.1175,2023-06-25,2.0,0.5,4
1458,Bahadarabad,Uttarakhand,50,Haridwar,29.92380278,78.03671389,2023-06-25,367.0,44.0,21
1459,Khanpur_5,Uttarakhand,50,Haridwar,29.641375,78.00678611,2023-06-25,197.5,12.0,19
1460,Manglaur_1,Uttarakhand,50,Haridwar,29.78567778,77.86368889,2023-06-25,368.5,37.5,18
1461,Roorkee_2,Uttarakhand,50,Haridwar,29.86771944,77.88415556,2023-06-25,195.5,28.0,17
1462,Mukteshwar_1,Uttarakhand,51,Nainital,29.47413889,79.65119444,2023-06-25,6.0,0.5,12
1463,Dugadda (Khoh),Uttarakhand,52,PAURI GARHWAL,29.75108333,78.52341667,2023-06-25,0.5,0.5,1
1464,Virbhadra,Uttarakhand,52,PAURI GARHWAL,30.07444444,78.29047222,2023-06-25,346.5,25.5,23
1465,Dharchula_1,Uttarakhand,53,Pithoragarh,29.84825,80.54047222,2023-06-25,2.5,0.5,5
1466,Pithoragarh,Uttarakhand,53,Pithoragarh,29.57938889,80.21886111,2023-06-25,12.5,2.0,9
1467,Chandranagar_1,Uttarakhand,54,Rudraprayag,30.41541667,79.06208333,2023-06-25,36.0,9.0,12
1468,Sonprayag_1,Uttarakhand,54,Rudraprayag,30.63547222,78.99941667,2023-06-25,141.5,13.0,19
1469,Kempty,Uttarakhand,55,Tehri Garhwal,30.49075,78.04738889,2023-06-25,67.5,12.0,8
1470,Gadarpur,Uttarakhand,56,UDHAM SINGH NAGAR,29.04324167,79.24461944,2023-06-25,1.0,0.5,2
1471,Haripura_2,Uttarakhand,56,UDHAM SINGH NAGAR,29.13151944,79.25965556,2023-06-25,5.0,4.0,3
1472,Sitarganj_1,Uttarakhand,56,UDHAM SINGH NAGAR,28.92971389,79.703,2023-06-25,41.0,40.0,3
1473,Tumaria,Uttarakhand,56,UDHAM SINGH NAGAR,29.30704722,78.93133056,2023-06-25,190.5,43.0,15
1474,Almora_1,Uttarakhand,45,Almora,29.59575833,79.65063889,2023-06-26,6.0,0.5,12
1475,Lamgara,Uttarakhand,45,Almora,29.53866667,79.74994444,2023-06-26,20.5,2.5,11
1476,Baijnath (Gomti),Uttarakhand,46,Bageshwar,29.90822222,79.61769444,2023-06-26,4.0,1.0,5
1477,Badrinath_1,Uttarakhand,47,Chamoli,30.74513889,79.49436111,2023-06-26,28.0,4.0,7
1478,Gairsain (Ramganga),Uttarakhand,47,Chamoli,30.045,79.2855,2023-06-26,6.5,0.5,13
1479,Nandprayag (Nandakini),Uttarakhand,47,Chamoli,30.33122222,79.31063889,2023-06-26,13.5,1.5,10
1480,Champawat_1,Uttarakhand,48,Champawat,29.33341667,80.08469444,2023-06-26,34.5,5.5,12
1481,Danda_1,Uttarakhand,48,Champawat,29.15927778,80.10852778,2023-06-26,4.0,0.5,8
1482,Tanakpur_1,Uttarakhand,48,Champawat,29.07222222,80.1175,2023-06-26,3.0,0.5,6
1483,Chakrata,Uttarakhand,49,Dehradun,30.76115556,77.86502778,2023-06-26,3.5,2.0,3
1484,Bahadarabad,Uttarakhand,50,Haridwar,29.92380278,78.03671389,2023-06-26,201.5,18.5,20
1485,Khanpur_5,Uttarakhand,50,Haridwar,29.641375,78.00678611,2023-06-26,118.0,12.0,18
1486,Manglaur_1,Uttarakhand,50,Haridwar,29.78567778,77.86368889,2023-06-26,193.5,18.5,19
1487,Roorkee_2,Uttarakhand,50,Haridwar,29.86771944,77.88415556,2023-06-26,298.5,30.0,23
1488,Mukteshwar_1,Uttarakhand,51,Nainital,29.47413889,79.65119444,2023-06-26,1.5,0.5,3
1489,Dugadda (Khoh),Uttarakhand,52,PAURI GARHWAL,29.75108333,78.52341667,2023-06-26,129.0,129.0,1
1490,Virbhadra,Uttarakhand,52,PAURI GARHWAL,30.07444444,78.29047222,2023-06-26,248.0,26.0,23
1491,Dharchula_1,Uttarakhand,53,Pithoragarh,29.84825,80.54047222,2023-06-26,0.5,0.5,1
1492,Nachni,Uttarakhand,53,Pithoragarh,29.90594444,80.16097222,2023-06-26,8.5,1.0,12
1493,Pithoragarh,Uttarakhand,53,Pithoragarh,29.57938889,80.21886111,2023-06-26,11.0,1.5,9
1494,Chandranagar_1,Uttarakhand,54,Rudraprayag,30.41541667,79.06208333,2023-06-26,210.0,192.0,10
1495,Sonprayag_1,Uttarakhand,54,Rudraprayag,30.63547222,78.99941667,2023-06-26,104.0,13.0,8
1496,Kempty,Uttarakhand,55,Tehri Garhwal,30.49075,78.04738889,2023-06-26,68.0,12.0,11
1497,Gadarpur,Uttarakhand,56,UDHAM SINGH NAGAR,29.04324167,79.24461944,2023-06-26,4.0,0.5,8
1498,Haripura_2,Uttarakhand,56,UDHAM SINGH NAGAR,29.13151944,79.25965556,2023-06-26,11.0,1.0,20
1499,Tumaria,Uttarakhand,56,UDHAM SINGH NAGAR,29.30704722,78.93133056,2023-06-26,127.5,10.5,19
1500,Purola_1,Uttarakhand,57,Uttarkashi,30.91291667,78.10388889,2023-06-26,6.5,5.0,4
1501,Almora_1,Uttarakhand,45,Almora,29.59575833,79.65063889,2023-06-27,7.0,0.5,14
1502,Lamgara,Uttarakhand,45,Almora,29.53866667,79.74994444,2023-06-27,159.0,30.5,10
1503,Baijnath (Gomti),Uttarakhand,46,Bageshwar,29.90822222,79.61769444,2023-06-27,127.0,118.0,11
1504,Kapkot (Saryu),Uttarakhand,46,Bageshwar,29.94516667,79.9025,2023-06-27,45.0,7.5,11
1505,Badrinath_1,Uttarakhand,47,Chamoli,30.74513889,79.49436111,2023-06-27,38.0,5.0,12
1506,Gairsain (Ramganga),Uttarakhand,47,Chamoli,30.045,79.2855,2023-06-27,2.5,0.5,5
1507,Nandprayag (Nandakini),Uttarakhand,47,Chamoli,30.33122222,79.31063889,2023-06-27,10.5,1.5,8
1508,Champawat_1,Uttarakhand,48,Champawat,29.33341667,80.08469444,2023-06-27,159.5,27.5,10
1509,Danda_1,Uttarakhand,48,Champawat,29.15927778,80.10852778,2023-06-27,4.5,0.5,9
1510,Tanakpur_1,Uttarakhand,48,Champawat,29.07222222,80.1175,2023-06-27,5.5,0.5,11
1511,Chakrata,Uttarakhand,49,Dehradun,30.76115556,77.86502778,2023-06-27,2.0,1.0,3
1512,Bahadarabad,Uttarakhand,50,Haridwar,29.92380278,78.03671389,2023-06-27,81.0,7.0,17
1513,Khanpur_5,Uttarakhand,50,Haridwar,29.641375,78.00678611,2023-06-27,9.0,1.0,9
1514,Manglaur_1,Uttarakhand,50,Haridwar,29.78567778,77.86368889,2023-06-27,22.5,4.5,5
1515,Roorkee_2,Uttarakhand,50,Haridwar,29.86771944,77.88415556,2023-06-27,133.0,15.5,16
1516,Mukteshwar_1,Uttarakhand,51,Nainital,29.47413889,79.65119444,2023-06-27,61.5,12.0,8
1517,Dugadda (Khoh),Uttarakhand,52,PAURI GARHWAL,29.75108333,78.52341667,2023-06-27,0.5,0.5,1
1518,Virbhadra,Uttarakhand,52,PAURI GARHWAL,30.07444444,78.29047222,2023-06-27,114.0,8.0,24
1519,Yamkeshwar,Uttarakhand,52,PAURI GARHWAL,29.96130556,78.44086111,2023-06-27,257.0,256.5,2
1520,Nachni,Uttarakhand,53,Pithoragarh,29.90594444,80.16097222,2023-06-27,4.0,0.5,8
1521,Pithoragarh,Uttarakhand,53,Pithoragarh,29.57938889,80.21886111,2023-06-27,26.0,6.0,7
1522,Chandranagar_1,Uttarakhand,54,Rudraprayag,30.41541667,79.06208333,2023-06-27,54.5,6.5,13
1523,Sonprayag_1,Uttarakhand,54,Rudraprayag,30.63547222,78.99941667,2023-06-27,119.5,19.0,12
1524,Kempty,Uttarakhand,55,Tehri Garhwal,30.49075,78.04738889,2023-06-27,86.5,15.0,14
1525,Gadarpur,Uttarakhand,56,UDHAM SINGH NAGAR,29.04324167,79.24461944,2023-06-27,26.0,4.0,9
1526,Haripura_2,Uttarakhand,56,UDHAM SINGH NAGAR,29.13151944,79.25965556,2023-06-27,11.5,1.5,15
1527,Sitarganj_1,Uttarakhand,56,UDHAM SINGH NAGAR,28.92971389,79.703,2023-06-27,1.5,1.5,1
1528,Tumaria,Uttarakhand,56,UDHAM SINGH NAGAR,29.30704722,78.93133056,2023-06-27,101.5,14.5,14
1529,Purola_1,Uttarakhand,57,Uttarkashi,30.91291667,78.10388889,2023-06-27,0.5,0.5,1
1530,Almora_1,Uttarakhand,45,Almora,29.59575833,79.65063889,2023-06-28,8.5,0.5,17
1531,Lamgara,Uttarakhand,45,Almora,29.53866667,79.74994444,2023-06-28,145.5,16.5,10
1532,Baijnath (Gomti),Uttarakhand,46,Bageshwar,29.90822222,79.61769444,2023-06-28,10.0,2.5,4
1533,Kapkot (Saryu),Uttarakhand,46,Bageshwar,29.94516667,79.9025,2023-06-28,45.0,5.0,9
1534,Badrinath_1,Uttarakhand,47,Chamoli,30.74513889,79.49436111,2023-06-28,10.5,1.5,7
1535,Gairsain (Ramganga),Uttarakhand,47,Chamoli,30.045,79.2855,2023-06-28,1.5,0.5,3
1536,Champawat_1,Uttarakhand,48,Champawat,29.33341667,80.08469444,2023-06-28,158.5,17.0,17
1537,Danda_1,Uttarakhand,48,Champawat,29.15927778,80.10852778,2023-06-28,4.0,0.5,8
1538,Tanakpur_1,Uttarakhand,48,Champawat,29.07222222,80.1175,2023-06-28,5.5,0.5,11
1539,Chakrata,Uttarakhand,49,Dehradun,30.76115556,77.86502778,2023-06-28,0.5,0.5,1
1540,Bahadarabad,Uttarakhand,50,Haridwar,29.92380278,78.03671389,2023-06-28,210.0,19.5,29
1541,Khanpur_5,Uttarakhand,50,Haridwar,29.641375,78.00678611,2023-06-28,9.0,2.0,11
1542,Manglaur_1,Uttarakhand,50,Haridwar,29.78567778,77.86368889,2023-06-28,66.0,10.5,16
1543,Roorkee_2,Uttarakhand,50,Haridwar,29.86771944,77.88415556,2023-06-28,173.0,21.0,26
1544,Mukteshwar_1,Uttarakhand,51,Nainital,29.47413889,79.65119444,2023-06-28,67.5,9.0,10
1545,Virbhadra,Uttarakhand,52,PAURI GARHWAL,30.07444444,78.29047222,2023-06-28,102.0,8.0,25
1546,Yamkeshwar,Uttarakhand,52,PAURI GARHWAL,29.96130556,78.44086111,2023-06-28,0.5,0.5,1
1547,Dharchula_1,Uttarakhand,53,Pithoragarh,29.84825,80.54047222,2023-06-28,2.5,0.5,5
1548,Nachni,Uttarakhand,53,Pithoragarh,29.90594444,80.16097222,2023-06-28,1.0,0.5,2
1549,Pithoragarh,Uttarakhand,53,Pithoragarh,29.57938889,80.21886111,2023-06-28,24.0,4.0,6
1550,Sonprayag_1,Uttarakhand,54,Rudraprayag,30.63547222,78.99941667,2023-06-28,4.5,0.5,9
1551,Kempty,Uttarakhand,55,Tehri Garhwal,30.49075,78.04738889,2023-06-28,80.0,15.5,12
1552,Gadarpur,Uttarakhand,56,UDHAM SINGH NAGAR,29.04324167,79.24461944,2023-06-28,28.0,3.5,8
1553,Haripura_2,Uttarakhand,56,UDHAM SINGH NAGAR,29.13151944,79.25965556,2023-06-28,10.5,1.0,13
1554,Tumaria,Uttarakhand,56,UDHAM SINGH NAGAR,29.30704722,78.93133056,2023-06-28,59.0,12.0,8
1555,Purola_1,Uttarakhand,57,Uttarkashi,30.91291667,78.10388889,2023-06-28,3.5,2.0,2
1556,Almora_1,Uttarakhand,45,Almora,29.59575833,79.65063889,2023-06-29,88.5,16.0,19
1557,Lamgara,Uttarakhand,45,Almora,29.53866667,79.74994444,2023-06-29,10.5,1.0,16
1558,Baijnath (Gomti),Uttarakhand,46,Bageshwar,29.90822222,79.61769444,2023-06-29,4.0,2.5,2
1559,Kapkot (Saryu),Uttarakhand,46,Bageshwar,29.94516667,79.9025,2023-06-29,158.0,19.5,13
1560,Badrinath_1,Uttarakhand,47,Chamoli,30.74513889,79.49436111,2023-06-29,52.5,9.5,8
1561,Gairsain (Ramganga),Uttarakhand,47,Chamoli,30.045,79.2855,2023-06-29,2.0,0.5,4
1562,Nandprayag (Nandakini),Uttarakhand,47,Chamoli,30.33122222,79.31063889,2023-06-29,64.0,16.0,8
1563,Champawat_1,Uttarakhand,48,Champawat,29.33341667,80.08469444,2023-06-29,78.0,6.5,28
1564,Danda_1,Uttarakhand,48,Champawat,29.15927778,80.10852778,2023-06-29,7.0,0.5,14
1565,Tanakpur_1,Uttarakhand,48,Champawat,29.07222222,80.1175,2023-06-29,4.0,0.5,8
1566,Bahadarabad,Uttarakhand,50,Haridwar,29.92380278,78.03671389,2023-06-29,225.0,22.5,21
1567,Khanpur_5,Uttarakhand,50,Haridwar,29.641375,78.00678611,2023-06-29,4.5,0.5,9
1568,Manglaur_1,Uttarakhand,50,Haridwar,29.78567778,77.86368889,2023-06-29,175.5,23.5,21
1569,Roorkee_2,Uttarakhand,50,Haridwar,29.86771944,77.88415556,2023-06-29,60.0,6.0,19
1570,Gola_1,Uttarakhand,51,Nainital,29.27136111,79.54743333,2023-06-29,4.5,0.5,9
1571,Mukteshwar_1,Uttarakhand,51,Nainital,29.47413889,79.65119444,2023-06-29,3.5,0.5,7
1572,Virbhadra,Uttarakhand,52,PAURI GARHWAL,30.07444444,78.29047222,2023-06-29,101.0,10.0,24
1573,Dharchula_1,Uttarakhand,53,Pithoragarh,29.84825,80.54047222,2023-06-29,3.0,0.5,6
1574,Nachni,Uttarakhand,53,Pithoragarh,29.90594444,80.16097222,2023-06-29,13.5,1.5,17
1575,Pithoragarh,Uttarakhand,53,Pithoragarh,29.57938889,80.21886111,2023-06-29,1.0,0.5,2
1576,Chandranagar_1,Uttarakhand,54,Rudraprayag,30.41541667,79.06208333,2023-06-29,45.5,9.0,8
1577,Sonprayag_1,Uttarakhand,54,Rudraprayag,30.63547222,78.99941667,2023-06-29,281.0,216.0,21
1578,Kempty,Uttarakhand,55,Tehri Garhwal,30.49075,78.04738889,2023-06-29,2.0,0.5,4
1579,Haripura_2,Uttarakhand,56,UDHAM SINGH NAGAR,29.13151944,79.25965556,2023-06-29,5.0,0.5,10
1580,Rudrapur_2,Uttarakhand,56,UDHAM SINGH NAGAR,28.97373611,79.39988611,2023-06-29,3.0,0.5,6
1581,Sitarganj_1,Uttarakhand,56,UDHAM SINGH NAGAR,28.92971389,79.703,2023-06-29,3.5,0.5,7
1582,Tumaria,Uttarakhand,56,UDHAM SINGH NAGAR,29.30704722,78.93133056,2023-06-29,73.5,32.5,18
1583,Purola_1,Uttarakhand,57,Uttarkashi,30.91291667,78.10388889,2023-06-29,2.0,2.0,1
1584,Almora_1,Uttarakhand,45,Almora,29.59575833,79.65063889,2023-06-30,112.0,11.5,24
1585,Lamgara,Uttarakhand,45,Almora,29.53866667,79.74994444,2023-06-30,90.5,20.0,18
1586,Baijnath (Gomti),Uttarakhand,46,Bageshwar,29.90822222,79.61769444,2023-06-30,181.5,153.5,8
1587,Kapkot (Saryu),Uttarakhand,46,Bageshwar,29.94516667,79.9025,2023-06-30,219.0,27.0,16
1588,Badrinath_1,Uttarakhand,47,Chamoli,30.74513889,79.49436111,2023-06-30,29.5,5.0,15
1589,Gairsain (Ramganga),Uttarakhand,47,Chamoli,30.045,79.2855,2023-06-30,19.5,16.5,7
1590,Nandprayag (Nandakini),Uttarakhand,47,Chamoli,30.33122222,79.31063889,2023-06-30,25.0,5.0,15
1591,Champawat_1,Uttarakhand,48,Champawat,29.33341667,80.08469444,2023-06-30,192.0,16.0,24
1592,Danda_1,Uttarakhand,48,Champawat,29.15927778,80.10852778,2023-06-30,4.5,0.5,9
1593,Tanakpur_1,Uttarakhand,48,Champawat,29.07222222,80.1175,2023-06-30,4.5,0.5,9
1594,Chakrata,Uttarakhand,49,Dehradun,30.76115556,77.86502778,2023-06-30,0.5,0.5,1
1595,Bahadarabad,Uttarakhand,50,Haridwar,29.92380278,78.03671389,2023-06-30,275.0,44.0,16
1596,Khanpur_5,Uttarakhand,50,Haridwar,29.641375,78.00678611,2023-06-30,8.0,1.5,7
1597,Manglaur_1,Uttarakhand,50,Haridwar,29.78567778,77.86368889,2023-06-30,102.5,12.0,14
1598,Roorkee_2,Uttarakhand,50,Haridwar,29.86771944,77.88415556,2023-06-30,29.5,3.5,16
1599,Mukteshwar_1,Uttarakhand,51,Nainital,29.47413889,79.65119444,2023-06-30,22.5,8.5,9
1600,Dugadda (Khoh),Uttarakhand,52,PAURI GARHWAL,29.75108333,78.52341667,2023-06-30,4.0,0.5,8
1601,Virbhadra,Uttarakhand,52,PAURI GARHWAL,30.07444444,78.29047222,2023-06-30,54.0,6.0,9
1602,Nachni,Uttarakhand,53,Pithoragarh,29.90594444,80.16097222,2023-06-30,7.5,0.5,15
1603,Pithoragarh,Uttarakhand,53,Pithoragarh,29.57938889,80.21886111,2023-06-30,57.5,10.5,16
1604,Chandranagar_1,Uttarakhand,54,Rudraprayag,30.41541667,79.06208333,2023-06-30,30.0,3.5,18
1605,Sonprayag_1,Uttarakhand,54,Rudraprayag,30.63547222,78.99941667,2023-06-30,200.0,14.0,31
1606,Kempty,Uttarakhand,55,Tehri Garhwal,30.49075,78.04738889,2023-06-30,3.0,1.0,5
1607,Gadarpur,Uttarakhand,56,UDHAM SINGH NAGAR,29.04324167,79.24461944,2023-06-30,3.5,0.5,7
1608,Haripura_2,Uttarakhand,56,UDHAM SINGH NAGAR,29.13151944,79.25965556,2023-06-30,3.5,0.5,7
1609,Rudrapur_2,Uttarakhand,56,UDHAM SINGH NAGAR,28.97373611,79.39988611,2023-06-30,4.0,0.5,8
1610,Sitarganj_1,Uttarakhand,56,UDHAM SINGH NAGAR,28.92971389,79.703,2023-06-30,4.5,0.5,9
1611,Tumaria,Uttarakhand,56,UDHAM SINGH NAGAR,29.30704722,78.93133056,2023-06-30,8.0,1.5,9
1612,Purola_1,Uttarakhand,57,Uttarkashi,30.91291667,78.10388889,2023-06-30,4.5,2.5,3
1613,Almora_1,Uttarakhand,45,Almora,29.59575833,79.65063889,2023-07-01,49.5,4.5,26
1614,Lamgara,Uttarakhand,45,Almora,29.53866667,79.74994444,2023-07-01,174.5,16.5,28
1615,Baijnath (Gomti),Uttarakhand,46,Bageshwar,29.90822222,79.61769444,2023-07-01,7.0,1.0,12
1616,Kapkot (Saryu),Uttarakhand,46,Bageshwar,29.94516667,79.9025,2023-07-01,149.0,18.0,13
1617,Badrinath_1,Uttarakhand,47,Chamoli,30.74513889,79.49436111,2023-07-01,13.0,1.0,13
1618,Gairsain (Ramganga),Uttarakhand,47,Chamoli,30.045,79.2855,2023-07-01,3.0,0.5,6
1619,Nandprayag (Nandakini),Uttarakhand,47,Chamoli,30.33122222,79.31063889,2023-07-01,34.5,3.5,20
1620,Champawat_1,Uttarakhand,48,Champawat,29.33341667,80.08469444,2023-07-01,282.0,22.0,37
1621,Danda_1,Uttarakhand,48,Champawat,29.15927778,80.10852778,2023-07-01,75.5,72.0,8
1622,Chakrata,Uttarakhand,49,Dehradun,30.76115556,77.86502778,2023-07-01,1.5,1.0,2
1623,Bahadarabad,Uttarakhand,50,Haridwar,29.92380278,78.03671389,2023-07-01,178.5,25.5,7
1624,Khanpur_5,Uttarakhand,50,Haridwar,29.641375,78.00678611,2023-07-01,13.5,1.5,9
1625,Manglaur_1,Uttarakhand,50,Haridwar,29.78567778,77.86368889,2023-07-01,9.0,1.0,9
1626,Roorkee_2,Uttarakhand,50,Haridwar,29.86771944,77.88415556,2023-07-01,20.0,2.5,8
1627,Mukteshwar_1,Uttarakhand,51,Nainital,29.47413889,79.65119444,2023-07-01,22.0,4.0,12
1628,Dugadda (Khoh),Uttarakhand,52,PAURI GARHWAL,29.75108333,78.52341667,2023-07-01,4.5,0.5,9
1629,Virbhadra,Uttarakhand,52,PAURI GARHWAL,30.07444444,78.29047222,2023-07-01,46.0,4.5,13
1630,Yamkeshwar,Uttarakhand,52,PAURI GARHWAL,29.96130556,78.44086111,2023-07-01,6.0,6.0,1
1631,Dharchula_1,Uttarakhand,53,Pithoragarh,29.84825,80.54047222,2023-07-01,4.5,0.5,9
1632,Nachni,Uttarakhand,53,Pithoragarh,29.90594444,80.16097222,2023-07-01,5.5,0.5,11
1633,Pithoragarh,Uttarakhand,53,Pithoragarh,29.57938889,80.21886111,2023-07-01,32.5,2.0,25
1634,Chandranagar_1,Uttarakhand,54,Rudraprayag,30.41541667,79.06208333,2023-07-01,51.5,3.0,24
1635,Sonprayag_1,Uttarakhand,54,Rudraprayag,30.63547222,78.99941667,2023-07-01,208.0,16.5,24
1636,Kempty,Uttarakhand,55,Tehri Garhwal,30.49075,78.04738889,2023-07-01,31.5,19.5,7
1637,Gadarpur,Uttarakhand,56,UDHAM SINGH NAGAR,29.04324167,79.24461944,2023-07-01,4.5,0.5,9
1638,Haripura_2,Uttarakhand,56,UDHAM SINGH NAGAR,29.13151944,79.25965556,2023-07-01,0.5,0.5,1
1639,Tumaria,Uttarakhand,56,UDHAM SINGH NAGAR,29.30704722,78.93133056,2023-07-01,4.5,1.5,3
1640,Almora_1,Uttarakhand,45,Almora,29.59575833,79.65063889,2023-07-02,36.0,5.5,29
1641,Lamgara,Uttarakhand,45,Almora,29.53866667,79.74994444,2023-07-02,74.5,9.5,30
1642,Baijnath (Gomti),Uttarakhand,46,Bageshwar,29.90822222,79.61769444,2023-07-02,55.5,40.5,18
1643,Kapkot (Saryu),Uttarakhand,46,Bageshwar,29.94516667,79.9025,2023-07-02,116.0,14.0,16
1644,Badrinath_1,Uttarakhand,47,Chamoli,30.74513889,79.49436111,2023-07-02,13.5,2.0,9
1645,Gairsain (Ramganga),Uttarakhand,47,Chamoli,30.045,79.2855,2023-07-02,2.0,0.5,4
1646,Nandprayag (Nandakini),Uttarakhand,47,Chamoli,30.33122222,79.31063889,2023-07-02,74.5,9.5,14
1647,Champawat_1,Uttarakhand,48,Champawat,29.33341667,80.08469444,2023-07-02,109.0,12.5,14
1648,Danda_1,Uttarakhand,48,Champawat,29.15927778,80.10852778,2023-07-02,0.5,0.5,1
1649,Tanakpur_1,Uttarakhand,48,Champawat,29.07222222,80.1175,2023-07-02,2.5,0.5,5
1650,Chakrata,Uttarakhand,49,Dehradun,30.76115556,77.86502778,2023-07-02,1.0,0.5,2
1651,Yamuna Colony,Uttarakhand,49,Dehradun,30.33775278,78.03311667,2023-07-02,1.0,0.5,2
1652,Mukteshwar_1,Uttarakhand,51,Nainital,29.47413889,79.65119444,2023-07-02,118.0,15.5,23
1653,Virbhadra,Uttarakhand,52,PAURI GARHWAL,30.07444444,78.29047222,2023-07-02,44.0,5.0,10
1654,Dharchula_1,Uttarakhand,53,Pithoragarh,29.84825,80.54047222,2023-07-02,6.0,0.5,12
1655,Nachni,Uttarakhand,53,Pithoragarh,29.90594444,80.16097222,2023-07-02,5.0,0.5,10
1656,Pithoragarh,Uttarakhand,53,Pithoragarh,29.57938889,80.21886111,2023-07-02,16.0,2.0,8
1657,Chandranagar_1,Uttarakhand,54,Rudraprayag,30.41541667,79.06208333,2023-07-02,35.0,4.5,11
1658,Sonprayag_1,Uttarakhand,54,Rudraprayag,30.63547222,78.99941667,2023-07-02,119.5,13.0,11
1659,Kempty,Uttarakhand,55,Tehri Garhwal,30.49075,78.04738889,2023-07-02,73.5,14.5,7
1660,Gadarpur,Uttarakhand,56,UDHAM SINGH NAGAR,29.04324167,79.24461944,2023-07-02,8.0,3.0,4
1661,Haripura_2,Uttarakhand,56,UDHAM SINGH NAGAR,29.13151944,79.25965556,2023-07-02,4.0,0.5,8
1662,Tumaria,Uttarakhand,56,UDHAM SINGH NAGAR,29.30704722,78.93133056,2023-07-02,239.0,27.0,25
1663,Purola_1,Uttarakhand,57,Uttarkashi,30.91291667,78.10388889,2023-07-02,4.5,4.0,2
1664,Almora_1,Uttarakhand,45,Almora,29.59575833,79.65063889,2023-07-03,30.0,3.0,19
1665,Lamgara,Uttarakhand,45,Almora,29.53866667,79.74994444,2023-07-03,7.0,1.0,7
1666,Baijnath (Gomti),Uttarakhand,46,Bageshwar,29.90822222,79.61769444,2023-07-03,50.5,41.0,10
1667,Gairsain (Ramganga),Uttarakhand,47,Chamoli,30.045,79.2855,2023-07-03,1.5,0.5,3
1668,Nandprayag (Nandakini),Uttarakhand,47,Chamoli,30.33122222,79.31063889,2023-07-03,9.0,1.5,12
1669,Tanakpur_1,Uttarakhand,48,Champawat,29.07222222,80.1175,2023-07-03,1.0,0.5,2
1670,Doiwala (Bhogpur),Uttarakhand,49,Dehradun,30.22270833,78.23418611,2023-07-03,4.0,0.5,8
1671,Yamuna Colony,Uttarakhand,49,Dehradun,30.33775278,78.03311667,2023-07-03,4.5,0.5,9
1672,Gola_1,Uttarakhand,51,Nainital,29.27136111,79.54743333,2023-07-03,2.5,0.5,5
1673,Mukteshwar_1,Uttarakhand,51,Nainital,29.47413889,79.65119444,2023-07-03,294.5,145.0,16
1674,Yamkeshwar,Uttarakhand,52,PAURI GARHWAL,29.96130556,78.44086111,2023-07-03,0.5,0.5,1
1675,Dharchula_1,Uttarakhand,53,Pithoragarh,29.84825,80.54047222,2023-07-03,2.0,0.5,4
1676,Nachni,Uttarakhand,53,Pithoragarh,29.90594444,80.16097222,2023-07-03,3.5,0.5,7
1677,Chandranagar_1,Uttarakhand,54,Rudraprayag,30.41541667,79.06208333,2023-07-03,37.5,9.0,19
1678,Sonprayag_1,Uttarakhand,54,Rudraprayag,30.63547222,78.99941667,2023-07-03,123.0,48.0,21
1679,Kempty,Uttarakhand,55,Tehri Garhwal,30.49075,78.04738889,2023-07-03,1.5,1.0,2
1680,Haripura_2,Uttarakhand,56,UDHAM SINGH NAGAR,29.13151944,79.25965556,2023-07-03,3.0,0.5,6
1681,Rudrapur_2,Uttarakhand,56,UDHAM SINGH NAGAR,28.97373611,79.39988611,2023-07-03,150.0,144.5,12
1682,Tumaria,Uttarakhand,56,UDHAM SINGH NAGAR,29.30704722,78.93133056,2023-07-03,186.5,144.0,4
1683,Almora_1,Uttarakhand,45,Almora,29.59575833,79.65063889,2023-07-04,31.5,2.5,21
1684,Lamgara,Uttarakhand,45,Almora,29.53866667,79.74994444,2023-07-04,258.5,257.0,4
1685,Baijnath (Gomti),Uttarakhand,46,Bageshwar,29.90822222,79.61769444,2023-07-04,7.5,1.5,6
1686,Kapkot (Saryu),Uttarakhand,46,Bageshwar,29.94516667,79.9025,2023-07-04,36.5,6.5,18
1687,Badrinath_1,Uttarakhand,47,Chamoli,30.74513889,79.49436111,2023-07-04,6.0,1.0,6
1688,Gairsain (Ramganga),Uttarakhand,47,Chamoli,30.045,79.2855,2023-07-04,3.5,0.5,7
1689,Nandprayag (Nandakini),Uttarakhand,47,Chamoli,30.33122222,79.31063889,2023-07-04,1.5,0.5,3
1690,Champawat_1,Uttarakhand,48,Champawat,29.33341667,80.08469444,2023-07-04,82.0,7.0,16
1691,Danda_1,Uttarakhand,48,Champawat,29.15927778,80.10852778,2023-07-04,1.0,0.5,2
1692,Tanakpur_1,Uttarakhand,48,Champawat,29.07222222,80.1175,2023-07-04,4.0,0.5,8
1693,Chakrata,Uttarakhand,49,Dehradun,30.76115556,77.86502778,2023-07-04,1.5,1.0,2
1694,Doiwala (Bhogpur),Uttarakhand,49,Dehradun,30.22270833,78.23418611,2023-07-04,508.5,504.0,10
1695,Yamuna Colony,Uttarakhand,49,Dehradun,30.33775278,78.03311667,2023-07-04,48.0,48.0,1
1696,Bahadarabad,Uttarakhand,50,Haridwar,29.92380278,78.03671389,2023-07-04,26.5,6.0,17
1697,Khanpur_5,Uttarakhand,50,Haridwar,29.641375,78.00678611,2023-07-04,58.5,9.0,11
1698,Manglaur_1,Uttarakhand,50,Haridwar,29.78567778,77.86368889,2023-07-04,50.0,8.5,12
1699,Roorkee_2,Uttarakhand,50,Haridwar,29.86771944,77.88415556,2023-07-04,1.5,0.5,3
1700,Gola_1,Uttarakhand,51,Nainital,29.27136111,79.54743333,2023-07-04,4.0,0.5,8
1701,Mukteshwar_1,Uttarakhand,51,Nainital,29.47413889,79.65119444,2023-07-04,66.5,13.0,16
1702,Dugadda (Khoh),Uttarakhand,52,PAURI GARHWAL,29.75108333,78.52341667,2023-07-04,1.0,0.5,2
1703,Virbhadra,Uttarakhand,52,PAURI GARHWAL,30.07444444,78.29047222,2023-07-04,92.5,25.0,7
1704,Yamkeshwar,Uttarakhand,52,PAURI GARHWAL,29.96130556,78.44086111,2023-07-04,2.5,1.0,4
1705,Dharchula_1,Uttarakhand,53,Pithoragarh,29.84825,80.54047222,2023-07-04,5.5,0.5,11
1706,Nachni,Uttarakhand,53,Pithoragarh,29.90594444,80.16097222,2023-07-04,1.0,0.5,2
1707,Pithoragarh,Uttarakhand,53,Pithoragarh,29.57938889,80.21886111,2023-07-04,48.0,4.0,19
1708,Chandranagar_1,Uttarakhand,54,Rudraprayag,30.41541667,79.06208333,2023-07-04,196.0,23.5,13
1709,Sonprayag_1,Uttarakhand,54,Rudraprayag,30.63547222,78.99941667,2023-07-04,152.0,14.0,27
1710,Kempty,Uttarakhand,55,Tehri Garhwal,30.49075,78.04738889,2023-07-04,13.0,2.5,8
1711,Haripura_2,Uttarakhand,56,UDHAM SINGH NAGAR,29.13151944,79.25965556,2023-07-04,4.0,0.5,8
1712,Rudrapur_2,Uttarakhand,56,UDHAM SINGH NAGAR,28.97373611,79.39988611,2023-07-04,3.5,0.5,7
1713,Tumaria,Uttarakhand,56,UDHAM SINGH NAGAR,29.30704722,78.93133056,2023-07-04,61.0,40.5,4
1714,Joshiyara,Uttarakhand,57,Uttarkashi,30.73122222,78.42733333,2023-07-04,427.0,427.0,1
1715,Almora_1,Uttarakhand,45,Almora,29.59575833,79.65063889,2023-07-05,15.0,1.0,21
1716,Kosi_1,Uttarakhand,45,Almora,29.6191,79.62060833,2023-07-05,130.0,130.0,1
1717,Lamgara,Uttarakhand,45,Almora,29.53866667,79.74994444,2023-07-05,165.0,11.5,19
1718,Baijnath (Gomti),Uttarakhand,46,Bageshwar,29.90822222,79.61769444,2023-07-05,7.0,1.0,13
1719,Kapkot (Saryu),Uttarakhand,46,Bageshwar,29.94516667,79.9025,2023-07-05,132.5,9.5,26
1720,Badrinath_1,Uttarakhand,47,Chamoli,30.74513889,79.49436111,2023-07-05,65.0,11.5,16
1721,Gairsain (Ramganga),Uttarakhand,47,Chamoli,30.045,79.2855,2023-07-05,405.5,403.5,5
1722,Champawat_1,Uttarakhand,48,Champawat,29.33341667,80.08469444,2023-07-05,152.5,12.0,30
1723,Tanakpur_1,Uttarakhand,48,Champawat,29.07222222,80.1175,2023-07-05,1.5,0.5,3
1724,Chakrata,Uttarakhand,49,Dehradun,30.76115556,77.86502778,2023-07-05,8.0,4.0,5
1725,Bahadarabad,Uttarakhand,50,Haridwar,29.92380278,78.03671389,2023-07-05,2.0,0.5,4
1726,Khanpur_5,Uttarakhand,50,Haridwar,29.641375,78.00678611,2023-07-05,85.0,14.0,14
1727,Manglaur_1,Uttarakhand,50,Haridwar,29.78567778,77.86368889,2023-07-05,55.5,7.5,21
1728,Roorkee_2,Uttarakhand,50,Haridwar,29.86771944,77.88415556,2023-07-05,1.5,1.5,1
1729,Mukteshwar_1,Uttarakhand,51,Nainital,29.47413889,79.65119444,2023-07-05,147.0,8.0,26
1730,Dugadda (Khoh),Uttarakhand,52,PAURI GARHWAL,29.75108333,78.52341667,2023-07-05,3.5,0.5,7
1731,Virbhadra,Uttarakhand,52,PAURI GARHWAL,30.07444444,78.29047222,2023-07-05,62.5,7.0,17
1732,Yamkeshwar,Uttarakhand,52,PAURI GARHWAL,29.96130556,78.44086111,2023-07-05,7.5,3.0,5
1733,Dharchula_1,Uttarakhand,53,Pithoragarh,29.84825,80.54047222,2023-07-05,6.0,0.5,12
1734,Nachni,Uttarakhand,53,Pithoragarh,29.90594444,80.16097222,2023-07-05,1.0,0.5,2
1735,Pithoragarh,Uttarakhand,53,Pithoragarh,29.57938889,80.21886111,2023-07-05,50.5,3.5,21
1736,Chandranagar_1,Uttarakhand,54,Rudraprayag,30.41541667,79.06208333,2023-07-05,493.0,52.5,26
1737,Sonprayag_1,Uttarakhand,54,Rudraprayag,30.63547222,78.99941667,2023-07-05,88.0,7.0,24
1738,Kempty,Uttarakhand,55,Tehri Garhwal,30.49075,78.04738889,2023-07-05,101.5,10.0,18
1739,Haripura_2,Uttarakhand,56,UDHAM SINGH NAGAR,29.13151944,79.25965556,2023-07-05,3.0,0.5,6
1740,Sitarganj_1,Uttarakhand,56,UDHAM SINGH NAGAR,28.92971389,79.703,2023-07-05,0.5,0.5,1
1741,Almora_1,Uttarakhand,45,Almora,29.59575833,79.65063889,2023-07-06,12.5,0.5,25
1742,Lamgara,Uttarakhand,45,Almora,29.53866667,79.74994444,2023-07-06,666.0,34.5,36
1743,Baijnath (Gomti),Uttarakhand,46,Bageshwar,29.90822222,79.61769444,2023-07-06,14.0,1.5,18
1744,Kapkot (Saryu),Uttarakhand,46,Bageshwar,29.94516667,79.9025,2023-07-06,162.0,15.0,32
1745,Badrinath_1,Uttarakhand,47,Chamoli,30.74513889,79.49436111,2023-07-06,76.5,4.5,24
1746,Gairsain (Ramganga),Uttarakhand,47,Chamoli,30.045,79.2855,2023-07-06,2.5,0.5,5
1747,Champawat_1,Uttarakhand,48,Champawat,29.33341667,80.08469444,2023-07-06,169.5,9.0,33
1748,Tanakpur_1,Uttarakhand,48,Champawat,29.07222222,80.1175,2023-07-06,3.0,0.5,6
1749,Chakrata,Uttarakhand,49,Dehradun,30.76115556,77.86502778,2023-07-06,0.5,0.5,1
1750,Bahadarabad,Uttarakhand,50,Haridwar,29.92380278,78.03671389,2023-07-06,407.5,61.5,30
1751,Khanpur_5,Uttarakhand,50,Haridwar,29.641375,78.00678611,2023-07-06,609.0,94.0,30
1752,Manglaur_1,Uttarakhand,50,Haridwar,29.78567778,77.86368889,2023-07-06,71.5,8.0,23
1753,Roorkee_2,Uttarakhand,50,Haridwar,29.86771944,77.88415556,2023-07-06,170.5,52.5,18
1754,Mukteshwar_1,Uttarakhand,51,Nainital,29.47413889,79.65119444,2023-07-06,103.5,20.5,13
1755,Dugadda (Khoh),Uttarakhand,52,PAURI GARHWAL,29.75108333,78.52341667,2023-07-06,10.0,0.5,20
1756,Virbhadra,Uttarakhand,52,PAURI GARHWAL,30.07444444,78.29047222,2023-07-06,135.5,13.5,33
1757,Yamkeshwar,Uttarakhand,52,PAURI GARHWAL,29.96130556,78.44086111,2023-07-06,197.5,193.5,6
1758,Dharchula_1,Uttarakhand,53,Pithoragarh,29.84825,80.54047222,2023-07-06,3.0,0.5,6
1759,Nachni,Uttarakhand,53,Pithoragarh,29.90594444,80.16097222,2023-07-06,0.5,0.5,1
1760,Pithoragarh,Uttarakhand,53,Pithoragarh,29.57938889,80.21886111,2023-07-06,43.5,3.0,23
1761,Chandranagar_1,Uttarakhand,54,Rudraprayag,30.41541667,79.06208333,2023-07-06,136.0,17.0,37
1762,Sonprayag_1,Uttarakhand,54,Rudraprayag,30.63547222,78.99941667,2023-07-06,155.5,19.5,35
1763,Gadarpur,Uttarakhand,56,UDHAM SINGH NAGAR,29.04324167,79.24461944,2023-07-06,3.5,0.5,7
1764,Haripura_2,Uttarakhand,56,UDHAM SINGH NAGAR,29.13151944,79.25965556,2023-07-06,0.5,0.5,1
1765,Rudrapur_2,Uttarakhand,56,UDHAM SINGH NAGAR,28.97373611,79.39988611,2023-07-06,6.5,1.5,6
1766,Sitarganj_1,Uttarakhand,56,UDHAM SINGH NAGAR,28.92971389,79.703,2023-07-06,0.5,0.5,1
1767,Tumaria,Uttarakhand,56,UDHAM SINGH NAGAR,29.30704722,78.93133056,2023-07-06,497.0,60.5,25
1768,Almora_1,Uttarakhand,45,Almora,29.59575833,79.65063889,2023-07-07,11.0,0.5,22
1769,Lamgara,Uttarakhand,45,Almora,29.53866667,79.74994444,2023-07-07,410.0,34.5,25
1770,Baijnath (Gomti),Uttarakhand,46,Bageshwar,29.90822222,79.61769444,2023-07-07,10.5,1.5,12
1771,Kapkot (Saryu),Uttarakhand,46,Bageshwar,29.94516667,79.9025,2023-07-07,63.5,3.5,24
1772,Badrinath_1,Uttarakhand,47,Chamoli,30.74513889,79.49436111,2023-07-07,63.0,4.5,19
1773,Gairsain (Ramganga),Uttarakhand,47,Chamoli,30.045,79.2855,2023-07-07,3.5,0.5,7
1774,Nandprayag (Nandakini),Uttarakhand,47,Chamoli,30.33122222,79.31063889,2023-07-07,5.0,1.0,9
1775,Champawat_1,Uttarakhand,48,Champawat,29.33341667,80.08469444,2023-07-07,135.0,8.0,27
1776,Danda_1,Uttarakhand,48,Champawat,29.15927778,80.10852778,2023-07-07,2.0,0.5,4
1777,Chakrata,Uttarakhand,49,Dehradun,30.76115556,77.86502778,2023-07-07,1.0,0.5,2
1778,Dakpathar,Uttarakhand,49,Dehradun,30.49866667,77.79744444,2023-07-07,164.5,164.5,1
1779,Bahadarabad,Uttarakhand,50,Haridwar,29.92380278,78.03671389,2023-07-07,50.5,5.5,20
1780,Khanpur_5,Uttarakhand,50,Haridwar,29.641375,78.00678611,2023-07-07,153.5,11.0,25
1781,Manglaur_1,Uttarakhand,50,Haridwar,29.78567778,77.86368889,2023-07-07,31.5,3.5,9
1782,Roorkee_2,Uttarakhand,50,Haridwar,29.86771944,77.88415556,2023-07-07,49.5,5.0,17
1783,Gola_1,Uttarakhand,51,Nainital,29.27136111,79.54743333,2023-07-07,3.5,0.5,7
1784,Mukteshwar_1,Uttarakhand,51,Nainital,29.47413889,79.65119444,2023-07-07,75.5,7.0,14
1785,Dugadda (Khoh),Uttarakhand,52,PAURI GARHWAL,29.75108333,78.52341667,2023-07-07,4.5,0.5,9
1786,Virbhadra,Uttarakhand,52,PAURI GARHWAL,30.07444444,78.29047222,2023-07-07,153.5,16.0,22
1787,Yamkeshwar,Uttarakhand,52,PAURI GARHWAL,29.96130556,78.44086111,2023-07-07,3.0,1.0,5
1788,Dharchula_1,Uttarakhand,53,Pithoragarh,29.84825,80.54047222,2023-07-07,5.5,0.5,11
1789,Pithoragarh,Uttarakhand,53,Pithoragarh,29.57938889,80.21886111,2023-07-07,76.0,4.5,21
1790,Chandranagar_1,Uttarakhand,54,Rudraprayag,30.41541667,79.06208333,2023-07-07,77.5,5.0,24
1791,Sonprayag_1,Uttarakhand,54,Rudraprayag,30.63547222,78.99941667,2023-07-07,39.5,2.5,20
1792,Kempty,Uttarakhand,55,Tehri Garhwal,30.49075,78.04738889,2023-07-07,32.0,5.5,9
1793,Gadarpur,Uttarakhand,56,UDHAM SINGH NAGAR,29.04324167,79.24461944,2023-07-07,3.0,0.5,6
1794,Haripura_2,Uttarakhand,56,UDHAM SINGH NAGAR,29.13151944,79.25965556,2023-07-07,6.0,0.5,12
1795,Rudrapur_2,Uttarakhand,56,UDHAM SINGH NAGAR,28.97373611,79.39988611,2023-07-07,4.5,0.5,9
1796,Tumaria,Uttarakhand,56,UDHAM SINGH NAGAR,29.30704722,78.93133056,2023-07-07,115.5,19.5,21
1797,Almora_1,Uttarakhand,45,Almora,29.59575833,79.65063889,2023-07-08,5.0,0.5,10
1798,Lamgara,Uttarakhand,45,Almora,29.53866667,79.74994444,2023-07-08,113.0,17.0,18
1799,Baijnath (Gomti),Uttarakhand,46,Bageshwar,29.90822222,79.61769444,2023-07-08,3.0,1.0,3
1800,Kapkot (Saryu),Uttarakhand,46,Bageshwar,29.94516667,79.9025,2023-07-08,48.0,6.0,15
1801,Badrinath_1,Uttarakhand,47,Chamoli,30.74513889,79.49436111,2023-07-08,22.5,2.5,9
1802,Gairsain (Ramganga),Uttarakhand,47,Chamoli,30.045,79.2855,2023-07-08,4.0,0.5,8
1803,Nandprayag (Nandakini),Uttarakhand,47,Chamoli,30.33122222,79.31063889,2023-07-08,4.5,0.5,9
1804,Champawat_1,Uttarakhand,48,Champawat,29.33341667,80.08469444,2023-07-08,63.0,8.0,21
1805,Danda_1,Uttarakhand,48,Champawat,29.15927778,80.10852778,2023-07-08,4.5,0.5,9
1806,Tanakpur_1,Uttarakhand,48,Champawat,29.07222222,80.1175,2023-07-08,0.5,0.5,1
1807,Chakrata,Uttarakhand,49,Dehradun,30.76115556,77.86502778,2023-07-08,40.5,7.0,14
1808,Bahadarabad,Uttarakhand,50,Haridwar,29.92380278,78.03671389,2023-07-08,82.0,20.0,22
1809,Khanpur_5,Uttarakhand,50,Haridwar,29.641375,78.00678611,2023-07-08,86.0,10.0,23
1810,Manglaur_1,Uttarakhand,50,Haridwar,29.78567778,77.86368889,2023-07-08,49.0,7.0,20
1811,Roorkee_2,Uttarakhand,50,Haridwar,29.86771944,77.88415556,2023-07-08,46.5,9.5,15
1812,Gola_1,Uttarakhand,51,Nainital,29.27136111,79.54743333,2023-07-08,4.5,0.5,9
1813,Mukteshwar_1,Uttarakhand,51,Nainital,29.47413889,79.65119444,2023-07-08,82.5,13.0,18
1814,Virbhadra,Uttarakhand,52,PAURI GARHWAL,30.07444444,78.29047222,2023-07-08,108.5,13.0,20
1815,Yamkeshwar,Uttarakhand,52,PAURI GARHWAL,29.96130556,78.44086111,2023-07-08,3.0,1.0,4
1816,Dharchula_1,Uttarakhand,53,Pithoragarh,29.84825,80.54047222,2023-07-08,2.5,0.5,5
1817,Nachni,Uttarakhand,53,Pithoragarh,29.90594444,80.16097222,2023-07-08,0.5,0.5,1
1818,Pithoragarh,Uttarakhand,53,Pithoragarh,29.57938889,80.21886111,2023-07-08,40.5,5.5,13
1819,Chandranagar_1,Uttarakhand,54,Rudraprayag,30.41541667,79.06208333,2023-07-08,41.0,4.5,10
1820,Sonprayag_1,Uttarakhand,54,Rudraprayag,30.63547222,78.99941667,2023-07-08,13.5,2.5,8
1821,Kempty,Uttarakhand,55,Tehri Garhwal,30.49075,78.04738889,2023-07-08,54.5,8.0,19
1822,Haripura_2,Uttarakhand,56,UDHAM SINGH NAGAR,29.13151944,79.25965556,2023-07-08,3.5,0.5,7
1823,Tumaria,Uttarakhand,56,UDHAM SINGH NAGAR,29.30704722,78.93133056,2023-07-08,46.0,23.5,7
1824,Almora_1,Uttarakhand,45,Almora,29.59575833,79.65063889,2023-07-09,1.0,0.5,2
1825,Lamgara,Uttarakhand,45,Almora,29.53866667,79.74994444,2023-07-09,45.0,14.0,10
1826,Baijnath (Gomti),Uttarakhand,46,Bageshwar,29.90822222,79.61769444,2023-07-09,1.0,0.5,2
1827,Kapkot (Saryu),Uttarakhand,46,Bageshwar,29.94516667,79.9025,2023-07-09,30.5,5.5,11
1828,Gairsain (Ramganga),Uttarakhand,47,Chamoli,30.045,79.2855,2023-07-09,0.5,0.5,1
1829,Champawat_1,Uttarakhand,48,Champawat,29.33341667,80.08469444,2023-07-09,4.0,0.5,8
1830,Chakrata,Uttarakhand,49,Dehradun,30.76115556,77.86502778,2023-07-09,128.5,15.0,20
1831,Bahadarabad,Uttarakhand,50,Haridwar,29.92380278,78.03671389,2023-07-09,93.0,41.0,14
1832,Khanpur_5,Uttarakhand,50,Haridwar,29.641375,78.00678611,2023-07-09,52.5,14.5,13
1833,Manglaur_1,Uttarakhand,50,Haridwar,29.78567778,77.86368889,2023-07-09,115.0,27.5,13
1834,Roorkee_2,Uttarakhand,50,Haridwar,29.86771944,77.88415556,2023-07-09,103.0,28.0,18
1835,Mukteshwar_1,Uttarakhand,51,Nainital,29.47413889,79.65119444,2023-07-09,25.0,8.0,11
1836,Virbhadra,Uttarakhand,52,PAURI GARHWAL,30.07444444,78.29047222,2023-07-09,32.0,10.0,10
1837,Nachni,Uttarakhand,53,Pithoragarh,29.90594444,80.16097222,2023-07-09,0.5,0.5,1
1838,Pithoragarh,Uttarakhand,53,Pithoragarh,29.57938889,80.21886111,2023-07-09,6.5,2.0,5
1839,Kempty,Uttarakhand,55,Tehri Garhwal,30.49075,78.04738889,2023-07-09,61.5,10.0,18
1840,Haripura_2,Uttarakhand,56,UDHAM SINGH NAGAR,29.13151944,79.25965556,2023-07-09,0.5,0.5,1
1841,Tumaria,Uttarakhand,56,UDHAM SINGH NAGAR,29.30704722,78.93133056,2023-07-09,66.5,22.0,12
1842,Joshiyara,Uttarakhand,57,Uttarkashi,30.73122222,78.42733333,2023-07-09,2.0,1.0,2
1843,Almora_1,Uttarakhand,45,Almora,29.59575833,79.65063889,2023-07-10,1.5,0.5,3
1844,Lamgara,Uttarakhand,45,Almora,29.53866667,79.74994444,2023-07-10,24.0,8.0,3
1845,Baijnath (Gomti),Uttarakhand,46,Bageshwar,29.90822222,79.61769444,2023-07-10,320.5,320.5,1
1846,Kapkot (Saryu),Uttarakhand,46,Bageshwar,29.94516667,79.9025,2023-07-10,10.0,5.0,2
1847,Badrinath_1,Uttarakhand,47,Chamoli,30.74513889,79.49436111,2023-07-10,12.0,4.0,3
1848,Gairsain (Ramganga),Uttarakhand,47,Chamoli,30.045,79.2855,2023-07-10,1.5,0.5,3
1849,Champawat_1,Uttarakhand,48,Champawat,29.33341667,80.08469444,2023-07-10,3.0,1.0,3
1850,Chakrata,Uttarakhand,49,Dehradun,30.76115556,77.86502778,2023-07-10,16.5,4.0,9
1851,Bahadarabad,Uttarakhand,50,Haridwar,29.92380278,78.03671389,2023-07-10,140.0,33.5,12
1852,Khanpur_5,Uttarakhand,50,Haridwar,29.641375,78.00678611,2023-07-10,115.5,25.0,17
1853,Manglaur_1,Uttarakhand,50,Haridwar,29.78567778,77.86368889,2023-07-10,170.5,51.0,13
1854,Roorkee_2,Uttarakhand,50,Haridwar,29.86771944,77.88415556,2023-07-10,46.5,19.5,8
1855,Gola_1,Uttarakhand,51,Nainital,29.27136111,79.54743333,2023-07-10,1.0,0.5,2
1856,Mukteshwar_1,Uttarakhand,51,Nainital,29.47413889,79.65119444,2023-07-10,434.5,434.5,1
1857,Dugadda (Khoh),Uttarakhand,52,PAURI GARHWAL,29.75108333,78.52341667,2023-07-10,1.5,0.5,3
1858,Virbhadra,Uttarakhand,52,PAURI GARHWAL,30.07444444,78.29047222,2023-07-10,236.5,34.0,15
1859,Nachni,Uttarakhand,53,Pithoragarh,29.90594444,80.16097222,2023-07-10,0.5,0.5,1
1860,Chandranagar_1,Uttarakhand,54,Rudraprayag,30.41541667,79.06208333,2023-07-10,9.5,3.5,3
1861,Sonprayag_1,Uttarakhand,54,Rudraprayag,30.63547222,78.99941667,2023-07-10,12.0,4.0,3
1862,Kempty,Uttarakhand,55,Tehri Garhwal,30.49075,78.04738889,2023-07-10,81.0,25.0,14
1863,Gadarpur,Uttarakhand,56,UDHAM SINGH NAGAR,29.04324167,79.24461944,2023-07-10,4.0,0.5,8
1864,Rudrapur_2,Uttarakhand,56,UDHAM SINGH NAGAR,28.97373611,79.39988611,2023-07-10,1.0,0.5,2
1865,Tumaria,Uttarakhand,56,UDHAM SINGH NAGAR,29.30704722,78.93133056,2023-07-10,11.5,8.0,3
1866,Joshiyara,Uttarakhand,57,Uttarkashi,30.73122222,78.42733333,2023-07-10,3.0,1.0,3
1867,Almora_1,Uttarakhand,45,Almora,29.59575833,79.65063889,2023-07-11,2.0,0.5,4
1868,Lamgara,Uttarakhand,45,Almora,29.53866667,79.74994444,2023-07-11,163.5,22.5,21
1869,Baijnath (Gomti),Uttarakhand,46,Bageshwar,29.90822222,79.61769444,2023-07-11,8.0,1.5,12
1870,Kapkot (Saryu),Uttarakhand,46,Bageshwar,29.94516667,79.9025,2023-07-11,57.0,14.5,12
1871,Badrinath_1,Uttarakhand,47,Chamoli,30.74513889,79.49436111,2023-07-11,15.0,4.5,8
1872,Gairsain (Ramganga),Uttarakhand,47,Chamoli,30.045,79.2855,2023-07-11,1.5,0.5,3
1873,Champawat_1,Uttarakhand,48,Champawat,29.33341667,80.08469444,2023-07-11,11.5,1.0,19
1874,Tanakpur_1,Uttarakhand,48,Champawat,29.07222222,80.1175,2023-07-11,2.0,0.5,4
1875,Bahadarabad,Uttarakhand,50,Haridwar,29.92380278,78.03671389,2023-07-11,348.5,87.0,20
1876,Khanpur_5,Uttarakhand,50,Haridwar,29.641375,78.00678611,2023-07-11,351.0,39.0,18
1877,Manglaur_1,Uttarakhand,50,Haridwar,29.78567778,77.86368889,2023-07-11,50.5,12.5,17
1878,Roorkee_2,Uttarakhand,50,Haridwar,29.86771944,77.88415556,2023-07-11,375.5,83.0,16
1879,Gola_1,Uttarakhand,51,Nainital,29.27136111,79.54743333,2023-07-11,1.5,0.5,3
1880,Mukteshwar_1,Uttarakhand,51,Nainital,29.47413889,79.65119444,2023-07-11,146.0,21.5,18
1881,Virbhadra,Uttarakhand,52,PAURI GARHWAL,30.07444444,78.29047222,2023-07-11,623.0,98.5,20
1882,Dharchula_1,Uttarakhand,53,Pithoragarh,29.84825,80.54047222,2023-07-11,1.5,1.5,1
1883,Nachni,Uttarakhand,53,Pithoragarh,29.90594444,80.16097222,2023-07-11,0.5,0.5,1
1884,Pithoragarh,Uttarakhand,53,Pithoragarh,29.57938889,80.21886111,2023-07-11,25.0,5.0,16
1885,Chandranagar_1,Uttarakhand,54,Rudraprayag,30.41541667,79.06208333,2023-07-11,156.0,24.5,12
1886,Sonprayag_1,Uttarakhand,54,Rudraprayag,30.63547222,78.99941667,2023-07-11,149.5,17.5,12
1887,Kempty,Uttarakhand,55,Tehri Garhwal,30.49075,78.04738889,2023-07-11,120.0,28.0,18
1888,Gadarpur,Uttarakhand,56,UDHAM SINGH NAGAR,29.04324167,79.24461944,2023-07-11,1.5,0.5,3
1889,Haripura_2,Uttarakhand,56,UDHAM SINGH NAGAR,29.13151944,79.25965556,2023-07-11,1.0,0.5,2
1890,Sitarganj_1,Uttarakhand,56,UDHAM SINGH NAGAR,28.92971389,79.703,2023-07-11,3.0,0.5,6
1891,Tumaria,Uttarakhand,56,UDHAM SINGH NAGAR,29.30704722,78.93133056,2023-07-11,163.5,29.0,9
1892,Almora_1,Uttarakhand,45,Almora,29.59575833,79.65063889,2023-07-12,9.5,1.0,13
1893,Lamgara,Uttarakhand,45,Almora,29.53866667,79.74994444,2023-07-12,72.0,22.5,12
1894,Baijnath (Gomti),Uttarakhand,46,Bageshwar,29.90822222,79.61769444,2023-07-12,7.0,2.5,6
1895,Kapkot (Saryu),Uttarakhand,46,Bageshwar,29.94516667,79.9025,2023-07-12,175.0,21.5,17
1896,Badrinath_1,Uttarakhand,47,Chamoli,30.74513889,79.49436111,2023-07-12,8.5,1.0,16
1897,Gairsain (Ramganga),Uttarakhand,47,Chamoli,30.045,79.2855,2023-07-12,0.5,0.5,1
1898,Champawat_1,Uttarakhand,48,Champawat,29.33341667,80.08469444,2023-07-12,9.0,1.5,13
1899,Danda_1,Uttarakhand,48,Champawat,29.15927778,80.10852778,2023-07-12,1.5,0.5,3
1900,Tanakpur_1,Uttarakhand,48,Champawat,29.07222222,80.1175,2023-07-12,0.5,0.5,1
1901,Chakrata,Uttarakhand,49,Dehradun,30.76115556,77.86502778,2023-07-12,75.5,12.5,17
1902,Yamuna Colony,Uttarakhand,49,Dehradun,30.33775278,78.03311667,2023-07-12,3.0,0.5,6
1903,Bahadarabad,Uttarakhand,50,Haridwar,29.92380278,78.03671389,2023-07-12,487.5,51.5,24
1904,Khanpur_5,Uttarakhand,50,Haridwar,29.641375,78.00678611,2023-07-12,532.5,46.5,22
1905,Manglaur_1,Uttarakhand,50,Haridwar,29.78567778,77.86368889,2023-07-12,581.0,54.5,26
1906,Roorkee_2,Uttarakhand,50,Haridwar,29.86771944,77.88415556,2023-07-12,748.0,88.5,24
1907,Mukteshwar_1,Uttarakhand,51,Nainital,29.47413889,79.65119444,2023-07-12,29.0,21.5,8
1908,Virbhadra,Uttarakhand,52,PAURI GARHWAL,30.07444444,78.29047222,2023-07-12,285.5,32.0,24
1909,Dharchula_1,Uttarakhand,53,Pithoragarh,29.84825,80.54047222,2023-07-12,147.5,144.5,7
1910,Nachni,Uttarakhand,53,Pithoragarh,29.90594444,80.16097222,2023-07-12,0.5,0.5,1
1911,Pithoragarh,Uttarakhand,53,Pithoragarh,29.57938889,80.21886111,2023-07-12,274.0,257.0,4
1912,Chandranagar_1,Uttarakhand,54,Rudraprayag,30.41541667,79.06208333,2023-07-12,200.0,24.5,13
1913,Sonprayag_1,Uttarakhand,54,Rudraprayag,30.63547222,78.99941667,2023-07-12,197.5,21.0,15
1914,Kempty,Uttarakhand,55,Tehri Garhwal,30.49075,78.04738889,2023-07-12,164.0,19.0,23
1915,Gadarpur,Uttarakhand,56,UDHAM SINGH NAGAR,29.04324167,79.24461944,2023-07-12,0.5,0.5,1
1916,Haripura_2,Uttarakhand,56,UDHAM SINGH NAGAR,29.13151944,79.25965556,2023-07-12,1.5,0.5,3
1917,Tumaria,Uttarakhand,56,UDHAM SINGH NAGAR,29.30704722,78.93133056,2023-07-12,47.0,29.0,17
1918,Almora_1,Uttarakhand,45,Almora,29.59575833,79.65063889,2023-07-13,10.0,1.0,12
1919,Lamgara,Uttarakhand,45,Almora,29.53866667,79.74994444,2023-07-13,19.0,4.5,16
1920,Baijnath (Gomti),Uttarakhand,46,Bageshwar,29.90822222,79.61769444,2023-07-13,2.5,0.5,5
1921,Kapkot (Saryu),Uttarakhand,46,Bageshwar,29.94516667,79.9025,2023-07-13,140.5,20.5,10
1922,Badrinath_1,Uttarakhand,47,Chamoli,30.74513889,79.49436111,2023-07-13,32.5,25.0,9
1923,Champawat_1,Uttarakhand,48,Champawat,29.33341667,80.08469444,2023-07-13,5.5,0.5,11
1924,Chakrata,Uttarakhand,49,Dehradun,30.76115556,77.86502778,2023-07-13,18.0,7.0,7
1925,Yamuna Colony,Uttarakhand,49,Dehradun,30.33775278,78.03311667,2023-07-13,3.5,0.5,7
1926,Bahadarabad,Uttarakhand,50,Haridwar,29.92380278,78.03671389,2023-07-13,495.0,58.5,17
1927,Khanpur_5,Uttarakhand,50,Haridwar,29.641375,78.00678611,2023-07-13,353.0,57.0,14
1928,Manglaur_1,Uttarakhand,50,Haridwar,29.78567778,77.86368889,2023-07-13,336.5,62.5,15
1929,Roorkee_2,Uttarakhand,50,Haridwar,29.86771944,77.88415556,2023-07-13,200.0,88.5,6
1930,Gola_1,Uttarakhand,51,Nainital,29.27136111,79.54743333,2023-07-13,0.5,0.5,1
1931,Mukteshwar_1,Uttarakhand,51,Nainital,29.47413889,79.65119444,2023-07-13,26.5,3.5,14
1932,Dugadda (Khoh),Uttarakhand,52,PAURI GARHWAL,29.75108333,78.52341667,2023-07-13,0.5,0.5,1
1933,Virbhadra,Uttarakhand,52,PAURI GARHWAL,30.07444444,78.29047222,2023-07-13,139.5,21.5,18
1934,Dharchula_1,Uttarakhand,53,Pithoragarh,29.84825,80.54047222,2023-07-13,2.5,0.5,5
1935,Nachni,Uttarakhand,53,Pithoragarh,29.90594444,80.16097222,2023-07-13,0.5,0.5,1
1936,Pithoragarh,Uttarakhand,53,Pithoragarh,29.57938889,80.21886111,2023-07-13,9.0,5.0,4
1937,Chandranagar_1,Uttarakhand,54,Rudraprayag,30.41541667,79.06208333,2023-07-13,179.0,21.0,15
1938,Sonprayag_1,Uttarakhand,54,Rudraprayag,30.63547222,78.99941667,2023-07-13,178.0,25.0,13
1939,Kempty,Uttarakhand,55,Tehri Garhwal,30.49075,78.04738889,2023-07-13,84.5,23.5,13
1940,Gadarpur,Uttarakhand,56,UDHAM SINGH NAGAR,29.04324167,79.24461944,2023-07-13,2.5,0.5,5
1941,Haripura_2,Uttarakhand,56,UDHAM SINGH NAGAR,29.13151944,79.25965556,2023-07-13,0.5,0.5,1
1942,Tumaria,Uttarakhand,56,UDHAM SINGH NAGAR,29.30704722,78.93133056,2023-07-13,64.5,27.0,8
1943,Almora_1,Uttarakhand,45,Almora,29.59575833,79.65063889,2023-07-14,1.5,0.5,3
1944,Badrinath_1,Uttarakhand,47,Chamoli,30.74513889,79.49436111,2023-07-14,1.0,0.5,2
1945,Gairsain (Ramganga),Uttarakhand,47,Chamoli,30.045,79.2855,2023-07-14,54.5,54.0,2
1946,Nandprayag (Nandakini),Uttarakhand,47,Chamoli,30.33122222,79.31063889,2023-07-14,2.0,1.0,2
1947,Champawat_1,Uttarakhand,48,Champawat,29.33341667,80.08469444,2023-07-14,1.0,0.5,2
1948,Tanakpur_1,Uttarakhand,48,Champawat,29.07222222,80.1175,2023-07-14,1.0,0.5,2
1949,Chakrata,Uttarakhand,49,Dehradun,30.76115556,77.86502778,2023-07-14,0.5,0.5,1
1950,Bahadarabad,Uttarakhand,50,Haridwar,29.92380278,78.03671389,2023-07-14,1.5,0.5,3
1951,Khanpur_5,Uttarakhand,50,Haridwar,29.641375,78.00678611,2023-07-14,4.5,4.5,1
1952,Manglaur_1,Uttarakhand,50,Haridwar,29.78567778,77.86368889,2023-07-14,18.0,10.0,3
1953,Nachni,Uttarakhand,53,Pithoragarh,29.90594444,80.16097222,2023-07-14,0.5,0.5,1
1954,Kempty,Uttarakhand,55,Tehri Garhwal,30.49075,78.04738889,2023-07-14,1.0,0.5,2
1955,Gadarpur,Uttarakhand,56,UDHAM SINGH NAGAR,29.04324167,79.24461944,2023-07-14,1.0,0.5,2
1956,Tumaria,Uttarakhand,56,UDHAM SINGH NAGAR,29.30704722,78.93133056,2023-07-14,1.0,0.5,2
1957,Joshiyara,Uttarakhand,57,Uttarkashi,30.73122222,78.42733333,2023-07-14,1.0,0.5,2
1958,Almora_1,Uttarakhand,45,Almora,29.59575833,79.65063889,2023-07-15,5.5,1.5,9
1959,Kosi_1,Uttarakhand,45,Almora,29.6191,79.62060833,2023-07-15,48.0,48.0,1
1960,Lamgara,Uttarakhand,45,Almora,29.53866667,79.74994444,2023-07-15,11.0,4.0,7
1961,Baijnath (Gomti),Uttarakhand,46,Bageshwar,29.90822222,79.61769444,2023-07-15,307.0,306.0,3
1962,Kapkot (Saryu),Uttarakhand,46,Bageshwar,29.94516667,79.9025,2023-07-15,175.5,27.0,16
1963,Badrinath_1,Uttarakhand,47,Chamoli,30.74513889,79.49436111,2023-07-15,1.5,1.0,2
1964,Gairsain (Ramganga),Uttarakhand,47,Chamoli,30.045,79.2855,2023-07-15,176.0,160.0,2
1965,Champawat_1,Uttarakhand,48,Champawat,29.33341667,80.08469444,2023-07-15,1.0,0.5,2
1966,Chakrata,Uttarakhand,49,Dehradun,30.76115556,77.86502778,2023-07-15,0.5,0.5,1
1967,Bahadarabad,Uttarakhand,50,Haridwar,29.92380278,78.03671389,2023-07-15,32.0,12.0,7
1968,Roorkee_2,Uttarakhand,50,Haridwar,29.86771944,77.88415556,2023-07-15,1.0,1.0,1
1969,Dharchula_1,Uttarakhand,53,Pithoragarh,29.84825,80.54047222,2023-07-15,1.0,0.5,2
1970,Nachni,Uttarakhand,53,Pithoragarh,29.90594444,80.16097222,2023-07-15,0.5,0.5,1
1971,Pithoragarh,Uttarakhand,53,Pithoragarh,29.57938889,80.21886111,2023-07-15,4.5,1.5,3
1972,Chandranagar_1,Uttarakhand,54,Rudraprayag,30.41541667,79.06208333,2023-07-15,18.0,6.0,4
1973,Sonprayag_1,Uttarakhand,54,Rudraprayag,30.63547222,78.99941667,2023-07-15,5.0,1.5,8
1974,Kempty,Uttarakhand,55,Tehri Garhwal,30.49075,78.04738889,2023-07-15,51.0,31.0,5
1975,Sitarganj_1,Uttarakhand,56,UDHAM SINGH NAGAR,28.92971389,79.703,2023-07-15,0.5,0.5,1
1976,Tumaria,Uttarakhand,56,UDHAM SINGH NAGAR,29.30704722,78.93133056,2023-07-15,86.0,37.0,6
1977,Almora_1,Uttarakhand,45,Almora,29.59575833,79.65063889,2023-07-16,0.5,0.5,1
1978,Kosi_1,Uttarakhand,45,Almora,29.6191,79.62060833,2023-07-16,144.0,144.0,1
1979,Baijnath (Gomti),Uttarakhand,46,Bageshwar,29.90822222,79.61769444,2023-07-16,125.5,125.5,1
1980,Kapkot (Saryu),Uttarakhand,46,Bageshwar,29.94516667,79.9025,2023-07-16,21.5,8.5,6
1981,Badrinath_1,Uttarakhand,47,Chamoli,30.74513889,79.49436111,2023-07-16,1.0,0.5,2
1982,Gairsain (Ramganga),Uttarakhand,47,Chamoli,30.045,79.2855,2023-07-16,127.0,126.5,2
1983,Nandprayag (Nandakini),Uttarakhand,47,Chamoli,30.33122222,79.31063889,2023-07-16,0.5,0.5,1
1984,Chakrata,Uttarakhand,49,Dehradun,30.76115556,77.86502778,2023-07-16,8.5,8.5,1
1985,Roorkee_2,Uttarakhand,50,Haridwar,29.86771944,77.88415556,2023-07-16,6.5,6.5,1
1986,Chandranagar_1,Uttarakhand,54,Rudraprayag,30.41541667,79.06208333,2023-07-16,23.5,7.5,5
1987,Sonprayag_1,Uttarakhand,54,Rudraprayag,30.63547222,78.99941667,2023-07-16,2.0,1.0,3
1988,Kempty,Uttarakhand,55,Tehri Garhwal,30.49075,78.04738889,2023-07-16,160.0,156.0,5
1989,Gadarpur,Uttarakhand,56,UDHAM SINGH NAGAR,29.04324167,79.24461944,2023-07-16,0.5,0.5,1
1990,Baijnath (Gomti),Uttarakhand,46,Bageshwar,29.90822222,79.61769444,2023-07-17,110.0,110.0,1
1991,Kapkot (Saryu),Uttarakhand,46,Bageshwar,29.94516667,79.9025,2023-07-17,14.5,8.5,6
1992,Nandprayag (Nandakini),Uttarakhand,47,Chamoli,30.33122222,79.31063889,2023-07-17,2.0,0.5,4
1993,Champawat_1,Uttarakhand,48,Champawat,29.33341667,80.08469444,2023-07-17,1.0,1.0,1
1994,Tanakpur_1,Uttarakhand,48,Champawat,29.07222222,80.1175,2023-07-17,1.0,0.5,2
1995,Chakrata,Uttarakhand,49,Dehradun,30.76115556,77.86502778,2023-07-17,6.5,5.5,2
1996,Khanpur_5,Uttarakhand,50,Haridwar,29.641375,78.00678611,2023-07-17,1.0,1.0,1
1997,Gola_1,Uttarakhand,51,Nainital,29.27136111,79.54743333,2023-07-17,1.0,0.5,2
1998,Srinagar_2,Uttarakhand,52,PAURI GARHWAL,30.23581944,78.81720278,2023-07-17,10.5,9.5,2
1999,Nachni,Uttarakhand,53,Pithoragarh,29.90594444,80.16097222,2023-07-17,0.5,0.5,1
2000,Kempty,Uttarakhand,55,Tehri Garhwal,30.49075,78.04738889,2023-07-17,0.5,0.5,1
2001,Tumaria,Uttarakhand,56,UDHAM SINGH NAGAR,29.30704722,78.93133056,2023-07-17,0.5,0.5,1
2002,Almora_1,Uttarakhand,45,Almora,29.59575833,79.65063889,2023-07-18,8.0,1.5,12
2003,Lamgara,Uttarakhand,45,Almora,29.53866667,79.74994444,2023-07-18,6.0,1.0,11
2004,Baijnath (Gomti),Uttarakhand,46,Bageshwar,29.90822222,79.61769444,2023-07-18,2.0,0.5,4
2005,Kapkot (Saryu),Uttarakhand,46,Bageshwar,29.94516667,79.9025,2023-07-18,211.0,69.5,24
2006,Badrinath_1,Uttarakhand,47,Chamoli,30.74513889,79.49436111,2023-07-18,2.5,1.0,4
2007,Nandprayag (Nandakini),Uttarakhand,47,Chamoli,30.33122222,79.31063889,2023-07-18,3.0,1.0,4
2008,Champawat_1,Uttarakhand,48,Champawat,29.33341667,80.08469444,2023-07-18,0.5,0.5,1
2009,Dakpathar,Uttarakhand,49,Dehradun,30.49866667,77.79744444,2023-07-18,0.5,0.5,1
2010,Bahadarabad,Uttarakhand,50,Haridwar,29.92380278,78.03671389,2023-07-18,131.5,27.5,19
2011,Khanpur_5,Uttarakhand,50,Haridwar,29.641375,78.00678611,2023-07-18,46.0,20.0,17
2012,Manglaur_1,Uttarakhand,50,Haridwar,29.78567778,77.86368889,2023-07-18,42.0,15.5,4
2013,Roorkee_2,Uttarakhand,50,Haridwar,29.86771944,77.88415556,2023-07-18,26.0,9.0,8
2014,Mukteshwar_1,Uttarakhand,51,Nainital,29.47413889,79.65119444,2023-07-18,5.0,1.5,6
2015,Dugadda (Khoh),Uttarakhand,52,PAURI GARHWAL,29.75108333,78.52341667,2023-07-18,0.5,0.5,1
2016,Srinagar_2,Uttarakhand,52,PAURI GARHWAL,30.23581944,78.81720278,2023-07-18,69.0,29.0,3
2017,Pithoragarh,Uttarakhand,53,Pithoragarh,29.57938889,80.21886111,2023-07-18,14.0,3.0,11
2018,Chandranagar_1,Uttarakhand,54,Rudraprayag,30.41541667,79.06208333,2023-07-18,5.5,3.0,4
2019,Sonprayag_1,Uttarakhand,54,Rudraprayag,30.63547222,78.99941667,2023-07-18,0.5,0.5,1
2020,Kempty,Uttarakhand,55,Tehri Garhwal,30.49075,78.04738889,2023-07-18,202.0,40.0,15
2021,Gadarpur,Uttarakhand,56,UDHAM SINGH NAGAR,29.04324167,79.24461944,2023-07-18,4.0,0.5,8
2022,Haripura_2,Uttarakhand,56,UDHAM SINGH NAGAR,29.13151944,79.25965556,2023-07-18,0.5,0.5,1
2023,Sitarganj_1,Uttarakhand,56,UDHAM SINGH NAGAR,28.92971389,79.703,2023-07-18,8.0,7.0,2
2024,Tumaria,Uttarakhand,56,UDHAM SINGH NAGAR,29.30704722,78.93133056,2023-07-18,21.0,3.5,10
2025,Almora_1,Uttarakhand,45,Almora,29.59575833,79.65063889,2023-07-19,3.5,2.0,3
2026,Lamgara,Uttarakhand,45,Almora,29.53866667,79.74994444,2023-07-19,0.5,0.5,1
2027,Baijnath (Gomti),Uttarakhand,46,Bageshwar,29.90822222,79.61769444,2023-07-19,0.5,0.5,1
2028,Kapkot (Saryu),Uttarakhand,46,Bageshwar,29.94516667,79.9025,2023-07-19,0.5,0.5,1
2029,Badrinath_1,Uttarakhand,47,Chamoli,30.74513889,79.49436111,2023-07-19,3.0,1.5,3
2030,Gairsain (Ramganga),Uttarakhand,47,Chamoli,30.045,79.2855,2023-07-19,1.0,1.0,1
2031,Champawat_1,Uttarakhand,48,Champawat,29.33341667,80.08469444,2023-07-19,0.5,0.5,1
2032,Tanakpur_1,Uttarakhand,48,Champawat,29.07222222,80.1175,2023-07-19,0.5,0.5,1
2033,Chakrata,Uttarakhand,49,Dehradun,30.76115556,77.86502778,2023-07-19,24.0,6.5,8
2034,Yamuna Colony,Uttarakhand,49,Dehradun,30.33775278,78.03311667,2023-07-19,0.5,0.5,1
2035,Roorkee_2,Uttarakhand,50,Haridwar,29.86771944,77.88415556,2023-07-19,0.5,0.5,1
2036,Nachni,Uttarakhand,53,Pithoragarh,29.90594444,80.16097222,2023-07-19,0.5,0.5,1
2037,Pithoragarh,Uttarakhand,53,Pithoragarh,29.57938889,80.21886111,2023-07-19,7.5,5.5,5
2038,Chandranagar_1,Uttarakhand,54,Rudraprayag,30.41541667,79.06208333,2023-07-19,2.5,1.0,4
2039,Sonprayag_1,Uttarakhand,54,Rudraprayag,30.63547222,78.99941667,2023-07-19,0.5,0.5,1
2040,Kempty,Uttarakhand,55,Tehri Garhwal,30.49075,78.04738889,2023-07-19,0.5,0.5,1
2041,Tumaria,Uttarakhand,56,UDHAM SINGH NAGAR,29.30704722,78.93133056,2023-07-19,0.5,0.5,1
2042,Almora_1,Uttarakhand,45,Almora,29.59575833,79.65063889,2023-07-20,0.5,0.5,1
2043,Baijnath (Gomti),Uttarakhand,46,Bageshwar,29.90822222,79.61769444,2023-07-20,0.5,0.5,1
2044,Badrinath_1,Uttarakhand,47,Chamoli,30.74513889,79.49436111,2023-07-20,0.5,0.5,1
2045,Chakrata,Uttarakhand,49,Dehradun,30.76115556,77.86502778,2023-07-20,20.0,7.0,5
2046,Mukteshwar_1,Uttarakhand,51,Nainital,29.47413889,79.65119444,2023-07-20,1.0,0.5,2
2047,Nachni,Uttarakhand,53,Pithoragarh,29.90594444,80.16097222,2023-07-20,0.5,0.5,1
2048,Chandranagar_1,Uttarakhand,54,Rudraprayag,30.41541667,79.06208333,2023-07-20,8.5,4.0,3
2049,Kempty,Uttarakhand,55,Tehri Garhwal,30.49075,78.04738889,2023-07-20,282.0,256.5,6
2050,Lamgara,Uttarakhand,45,Almora,29.53866667,79.74994444,2023-07-21,3.0,3.0,1
2051,Kapkot (Saryu),Uttarakhand,46,Bageshwar,29.94516667,79.9025,2023-07-21,9.0,7.5,4
2052,Tanakpur_1,Uttarakhand,48,Champawat,29.07222222,80.1175,2023-07-21,0.5,0.5,1
2053,Gola_1,Uttarakhand,51,Nainital,29.27136111,79.54743333,2023-07-21,1.0,0.5,2
2054,Dugadda (Khoh),Uttarakhand,52,PAURI GARHWAL,29.75108333,78.52341667,2023-07-21,0.5,0.5,1
2055,Srinagar_2,Uttarakhand,52,PAURI GARHWAL,30.23581944,78.81720278,2023-07-21,4.5,4.5,1
2056,Almora_1,Uttarakhand,45,Almora,29.59575833,79.65063889,2023-07-22,27.0,16.0,6
2057,Lamgara,Uttarakhand,45,Almora,29.53866667,79.74994444,2023-07-22,24.0,9.5,5
2058,Baijnath (Gomti),Uttarakhand,46,Bageshwar,29.90822222,79.61769444,2023-07-22,2.0,0.5,4
2059,Kapkot (Saryu),Uttarakhand,46,Bageshwar,29.94516667,79.9025,2023-07-22,19.5,8.0,3
2060,Badrinath_1,Uttarakhand,47,Chamoli,30.74513889,79.49436111,2023-07-22,4.0,0.5,8
2061,Champawat_1,Uttarakhand,48,Champawat,29.33341667,80.08469444,2023-07-22,17.0,12.0,5
2062,Tanakpur_1,Uttarakhand,48,Champawat,29.07222222,80.1175,2023-07-22,0.5,0.5,1
2063,Bahadarabad,Uttarakhand,50,Haridwar,29.92380278,78.03671389,2023-07-22,4.5,2.5,3
2064,Khanpur_5,Uttarakhand,50,Haridwar,29.641375,78.00678611,2023-07-22,1.0,1.0,1
2065,Roorkee_2,Uttarakhand,50,Haridwar,29.86771944,77.88415556,2023-07-22,8.0,4.5,2
2066,Mukteshwar_1,Uttarakhand,51,Nainital,29.47413889,79.65119444,2023-07-22,13.5,6.0,4
2067,Dharchula_1,Uttarakhand,53,Pithoragarh,29.84825,80.54047222,2023-07-22,0.5,0.5,1
2068,Pithoragarh,Uttarakhand,53,Pithoragarh,29.57938889,80.21886111,2023-07-22,23.0,12.0,4
2069,Chandranagar_1,Uttarakhand,54,Rudraprayag,30.41541667,79.06208333,2023-07-22,31.5,17.0,6
2070,Sonprayag_1,Uttarakhand,54,Rudraprayag,30.63547222,78.99941667,2023-07-22,0.5,0.5,1
2071,Kempty,Uttarakhand,55,Tehri Garhwal,30.49075,78.04738889,2023-07-22,50.5,23.5,6
2072,Gadarpur,Uttarakhand,56,UDHAM SINGH NAGAR,29.04324167,79.24461944,2023-07-22,1.0,0.5,2
2073,Tumaria,Uttarakhand,56,UDHAM SINGH NAGAR,29.30704722,78.93133056,2023-07-22,13.5,12.5,2
2074,Baijnath (Gomti),Uttarakhand,46,Bageshwar,29.90822222,79.61769444,2023-07-23,0.5,0.5,1
2075,Kapkot (Saryu),Uttarakhand,46,Bageshwar,29.94516667,79.9025,2023-07-23,6.0,2.0,4
2076,Tanakpur_1,Uttarakhand,48,Champawat,29.07222222,80.1175,2023-07-23,0.5,0.5,1
2077,Yamkeshwar,Uttarakhand,52,PAURI GARHWAL,29.96130556,78.44086111,2023-07-23,3.0,3.0,1
2078,Dharchula_1,Uttarakhand,53,Pithoragarh,29.84825,80.54047222,2023-07-23,0.5,0.5,1
2079,Pithoragarh,Uttarakhand,53,Pithoragarh,29.57938889,80.21886111,2023-07-23,21.0,10.5,3
2080,Chandranagar_1,Uttarakhand,54,Rudraprayag,30.41541667,79.06208333,2023-07-23,10.0,4.0,5
2081,Rudrapur_2,Uttarakhand,56,UDHAM SINGH NAGAR,28.97373611,79.39988611,2023-07-23,0.5,0.5,1
2082,Tumaria,Uttarakhand,56,UDHAM SINGH NAGAR,29.30704722,78.93133056,2023-07-23,0.5,0.5,1
2083,Baijnath (Gomti),Uttarakhand,46,Bageshwar,29.90822222,79.61769444,2023-07-24,1.5,0.5,3
2084,Kapkot (Saryu),Uttarakhand,46,Bageshwar,29.94516667,79.9025,2023-07-24,243.5,33.5,23
2085,Badrinath_1,Uttarakhand,47,Chamoli,30.74513889,79.49436111,2023-07-24,1.5,0.5,3
2086,Nandprayag (Nandakini),Uttarakhand,47,Chamoli,30.33122222,79.31063889,2023-07-24,1.0,0.5,2
2087,Champawat_1,Uttarakhand,48,Champawat,29.33341667,80.08469444,2023-07-24,1.0,0.5,2
2088,Tanakpur_1,Uttarakhand,48,Champawat,29.07222222,80.1175,2023-07-24,0.5,0.5,1
2089,Chakrata,Uttarakhand,49,Dehradun,30.76115556,77.86502778,2023-07-24,1.0,1.0,1
2090,Dakpathar,Uttarakhand,49,Dehradun,30.49866667,77.79744444,2023-07-24,2.0,1.0,2
2091,Mukteshwar_1,Uttarakhand,51,Nainital,29.47413889,79.65119444,2023-07-24,5.0,1.5,4
2092,Nachni,Uttarakhand,53,Pithoragarh,29.90594444,80.16097222,2023-07-24,0.5,0.5,1
2093,Pithoragarh,Uttarakhand,53,Pithoragarh,29.57938889,80.21886111,2023-07-24,1.0,0.5,2
2094,Chandranagar_1,Uttarakhand,54,Rudraprayag,30.41541667,79.06208333,2023-07-24,88.5,18.0,9
2095,Sonprayag_1,Uttarakhand,54,Rudraprayag,30.63547222,78.99941667,2023-07-24,2.0,1.0,3
2096,Tumaria,Uttarakhand,56,UDHAM SINGH NAGAR,29.30704722,78.93133056,2023-07-24,1.0,0.5,2
2097,Almora_1,Uttarakhand,45,Almora,29.59575833,79.65063889,2023-07-25,1.0,0.5,2
2098,Lamgara,Uttarakhand,45,Almora,29.53866667,79.74994444,2023-07-25,5.0,2.0,4
2099,Baijnath (Gomti),Uttarakhand,46,Bageshwar,29.90822222,79.61769444,2023-07-25,1.5,0.5,3
2100,Kapkot (Saryu),Uttarakhand,46,Bageshwar,29.94516667,79.9025,2023-07-25,224.5,53.5,15
2101,Badrinath_1,Uttarakhand,47,Chamoli,30.74513889,79.49436111,2023-07-25,0.5,0.5,1
2102,Gairsain (Ramganga),Uttarakhand,47,Chamoli,30.045,79.2855,2023-07-25,1.5,0.5,3
2103,Champawat_1,Uttarakhand,48,Champawat,29.33341667,80.08469444,2023-07-25,3.0,1.0,4
2104,Tanakpur_1,Uttarakhand,48,Champawat,29.07222222,80.1175,2023-07-25,1.0,0.5,2
2105,Dugadda (Khoh),Uttarakhand,52,PAURI GARHWAL,29.75108333,78.52341667,2023-07-25,0.5,0.5,1
2106,Yamkeshwar,Uttarakhand,52,PAURI GARHWAL,29.96130556,78.44086111,2023-07-25,35.0,35.0,1
2107,Dharchula_1,Uttarakhand,53,Pithoragarh,29.84825,80.54047222,2023-07-25,48.5,48.0,2
2108,Nachni,Uttarakhand,53,Pithoragarh,29.90594444,80.16097222,2023-07-25,0.5,0.5,1
2109,Pithoragarh,Uttarakhand,53,Pithoragarh,29.57938889,80.21886111,2023-07-25,9.0,2.0,8
2110,Chandranagar_1,Uttarakhand,54,Rudraprayag,30.41541667,79.06208333,2023-07-25,10.5,4.5,6
2111,Sonprayag_1,Uttarakhand,54,Rudraprayag,30.63547222,78.99941667,2023-07-25,0.5,0.5,1
2112,Kempty,Uttarakhand,55,Tehri Garhwal,30.49075,78.04738889,2023-07-25,0.5,0.5,1
2113,Tumaria,Uttarakhand,56,UDHAM SINGH NAGAR,29.30704722,78.93133056,2023-07-25,1.0,0.5,2
2114,Almora_1,Uttarakhand,45,Almora,29.59575833,79.65063889,2023-07-26,16.0,4.5,6
2115,Lamgara,Uttarakhand,45,Almora,29.53866667,79.74994444,2023-07-26,10.0,2.5,6
2116,Baijnath (Gomti),Uttarakhand,46,Bageshwar,29.90822222,79.61769444,2023-07-26,0.5,0.5,1
2117,Kapkot (Saryu),Uttarakhand,46,Bageshwar,29.94516667,79.9025,2023-07-26,97.5,12.5,16
2118,Gairsain (Ramganga),Uttarakhand,47,Chamoli,30.045,79.2855,2023-07-26,0.5,0.5,1
2119,Champawat_1,Uttarakhand,48,Champawat,29.33341667,80.08469444,2023-07-26,4.0,1.0,6
2120,Chakrata,Uttarakhand,49,Dehradun,30.76115556,77.86502778,2023-07-26,45.5,20.5,10
2121,Dakpathar,Uttarakhand,49,Dehradun,30.49866667,77.79744444,2023-07-26,23.0,6.0,11
2122,Bahadarabad,Uttarakhand,50,Haridwar,29.92380278,78.03671389,2023-07-26,19.5,4.5,9
2123,Khanpur_5,Uttarakhand,50,Haridwar,29.641375,78.00678611,2023-07-26,21.0,20.0,3
2124,Roorkee_2,Uttarakhand,50,Haridwar,29.86771944,77.88415556,2023-07-26,44.0,25.5,7
2125,Gola_1,Uttarakhand,51,Nainital,29.27136111,79.54743333,2023-07-26,1.0,0.5,2
2126,Mukteshwar_1,Uttarakhand,51,Nainital,29.47413889,79.65119444,2023-07-26,60.0,11.5,10
2127,Dugadda (Khoh),Uttarakhand,52,PAURI GARHWAL,29.75108333,78.52341667,2023-07-26,0.5,0.5,1
2128,Srinagar_2,Uttarakhand,52,PAURI GARHWAL,30.23581944,78.81720278,2023-07-26,46.0,26.0,8
2129,Dharchula_1,Uttarakhand,53,Pithoragarh,29.84825,80.54047222,2023-07-26,144.0,144.0,1
2130,Nachni,Uttarakhand,53,Pithoragarh,29.90594444,80.16097222,2023-07-26,0.5,0.5,1
2131,Pithoragarh,Uttarakhand,53,Pithoragarh,29.57938889,80.21886111,2023-07-26,8.5,2.0,7
2132,Chandranagar_1,Uttarakhand,54,Rudraprayag,30.41541667,79.06208333,2023-07-26,5.0,2.0,5
2133,Sonprayag_1,Uttarakhand,54,Rudraprayag,30.63547222,78.99941667,2023-07-26,0.5,0.5,1
2134,Kempty,Uttarakhand,55,Tehri Garhwal,30.49075,78.04738889,2023-07-26,40.5,6.5,14
2135,Gadarpur,Uttarakhand,56,UDHAM SINGH NAGAR,29.04324167,79.24461944,2023-07-26,9.0,1.5,8
2136,Haripura_2,Uttarakhand,56,UDHAM SINGH NAGAR,29.13151944,79.25965556,2023-07-26,0.5,0.5,1
2137,Rudrapur_2,Uttarakhand,56,UDHAM SINGH NAGAR,28.97373611,79.39988611,2023-07-26,62.0,31.0,2
2138,Sitarganj_1,Uttarakhand,56,UDHAM SINGH NAGAR,28.92971389,79.703,2023-07-26,6.0,3.0,2
2139,Tumaria,Uttarakhand,56,UDHAM SINGH NAGAR,29.30704722,78.93133056,2023-07-26,61.0,22.5,10
2140,Lamgara,Uttarakhand,45,Almora,29.53866667,79.74994444,2023-07-27,20.0,10.0,2
2141,Baijnath (Gomti),Uttarakhand,46,Bageshwar,29.90822222,79.61769444,2023-07-27,0.5,0.5,1
2142,Kapkot (Saryu),Uttarakhand,46,Bageshwar,29.94516667,79.9025,2023-07-27,1.0,0.5,2
2143,Nandprayag (Nandakini),Uttarakhand,47,Chamoli,30.33122222,79.31063889,2023-07-27,2.0,1.0,2
2144,Tanakpur_1,Uttarakhand,48,Champawat,29.07222222,80.1175,2023-07-27,1.0,0.5,2
2145,Bahadarabad,Uttarakhand,50,Haridwar,29.92380278,78.03671389,2023-07-27,14.0,7.0,2
2146,Khanpur_5,Uttarakhand,50,Haridwar,29.641375,78.00678611,2023-07-27,1.0,0.5,2
2147,Nachni,Uttarakhand,53,Pithoragarh,29.90594444,80.16097222,2023-07-27,0.5,0.5,1
2148,Chandranagar_1,Uttarakhand,54,Rudraprayag,30.41541667,79.06208333,2023-07-27,56.0,33.0,7
2149,Sonprayag_1,Uttarakhand,54,Rudraprayag,30.63547222,78.99941667,2023-07-27,1.5,0.5,3
2150,Gadarpur,Uttarakhand,56,UDHAM SINGH NAGAR,29.04324167,79.24461944,2023-07-27,5.0,2.0,4
2151,Rudrapur_2,Uttarakhand,56,UDHAM SINGH NAGAR,28.97373611,79.39988611,2023-07-27,194.0,82.0,4
2152,Tumaria,Uttarakhand,56,UDHAM SINGH NAGAR,29.30704722,78.93133056,2023-07-27,22.0,9.5,6
2153,Almora_1,Uttarakhand,45,Almora,29.59575833,79.65063889,2023-07-28,0.5,0.5,1
2154,Baijnath (Gomti),Uttarakhand,46,Bageshwar,29.90822222,79.61769444,2023-07-28,1.0,0.5,2
2155,Kapkot (Saryu),Uttarakhand,46,Bageshwar,29.94516667,79.9025,2023-07-28,13.5,2.5,9
2156,Badrinath_1,Uttarakhand,47,Chamoli,30.74513889,79.49436111,2023-07-28,0.5,0.5,1
2157,Nandprayag (Nandakini),Uttarakhand,47,Chamoli,30.33122222,79.31063889,2023-07-28,1.0,0.5,2
2158,Champawat_1,Uttarakhand,48,Champawat,29.33341667,80.08469444,2023-07-28,1.0,0.5,2
2159,Dakpathar,Uttarakhand,49,Dehradun,30.49866667,77.79744444,2023-07-28,4.0,1.0,6
2160,Bahadarabad,Uttarakhand,50,Haridwar,29.92380278,78.03671389,2023-07-28,6.0,5.0,3
2161,Roorkee_2,Uttarakhand,50,Haridwar,29.86771944,77.88415556,2023-07-28,5.0,1.0,7
2162,Mukteshwar_1,Uttarakhand,51,Nainital,29.47413889,79.65119444,2023-07-28,0.5,0.5,1
2163,Srinagar_2,Uttarakhand,52,PAURI GARHWAL,30.23581944,78.81720278,2023-07-28,2.0,1.0,3
2164,Dharchula_1,Uttarakhand,53,Pithoragarh,29.84825,80.54047222,2023-07-28,0.5,0.5,1
2165,Nachni,Uttarakhand,53,Pithoragarh,29.90594444,80.16097222,2023-07-28,2.5,0.5,5
2166,Pithoragarh,Uttarakhand,53,Pithoragarh,29.57938889,80.21886111,2023-07-28,2.0,1.0,2
2167,Kempty,Uttarakhand,55,Tehri Garhwal,30.49075,78.04738889,2023-07-28,4.0,1.5,6
2168,Gadarpur,Uttarakhand,56,UDHAM SINGH NAGAR,29.04324167,79.24461944,2023-07-28,2.0,0.5,4
2169,Rudrapur_2,Uttarakhand,56,UDHAM SINGH NAGAR,28.97373611,79.39988611,2023-07-28,6.0,4.0,3
2170,Tumaria,Uttarakhand,56,UDHAM SINGH NAGAR,29.30704722,78.93133056,2023-07-28,17.0,4.5,4
2171,Almora_1,Uttarakhand,45,Almora,29.59575833,79.65063889,2023-07-29,18.5,7.0,5
2172,Lamgara,Uttarakhand,45,Almora,29.53866667,79.74994444,2023-07-29,13.0,2.5,7
2173,Kapkot (Saryu),Uttarakhand,46,Bageshwar,29.94516667,79.9025,2023-07-29,14.0,10.5,4
2174,Nandprayag (Nandakini),Uttarakhand,47,Chamoli,30.33122222,79.31063889,2023-07-29,3.0,0.5,6
2175,Chakrata,Uttarakhand,49,Dehradun,30.76115556,77.86502778,2023-07-29,2.5,1.5,3
2176,Bahadarabad,Uttarakhand,50,Haridwar,29.92380278,78.03671389,2023-07-29,7.5,4.0,5
2177,Roorkee_2,Uttarakhand,50,Haridwar,29.86771944,77.88415556,2023-07-29,4.5,2.0,3
2178,Mukteshwar_1,Uttarakhand,51,Nainital,29.47413889,79.65119444,2023-07-29,14.5,3.5,9
2179,Srinagar_2,Uttarakhand,52,PAURI GARHWAL,30.23581944,78.81720278,2023-07-29,4.5,2.0,3
2180,Yamkeshwar,Uttarakhand,52,PAURI GARHWAL,29.96130556,78.44086111,2023-07-29,80.0,80.0,1
2181,Nachni,Uttarakhand,53,Pithoragarh,29.90594444,80.16097222,2023-07-29,1.5,0.5,3
2182,Pithoragarh,Uttarakhand,53,Pithoragarh,29.57938889,80.21886111,2023-07-29,12.0,5.0,4
2183,Chandranagar_1,Uttarakhand,54,Rudraprayag,30.41541667,79.06208333,2023-07-29,3.5,1.5,4
2184,Sonprayag_1,Uttarakhand,54,Rudraprayag,30.63547222,78.99941667,2023-07-29,0.5,0.5,1
2185,Kempty,Uttarakhand,55,Tehri Garhwal,30.49075,78.04738889,2023-07-29,26.5,13.0,6
2186,Gadarpur,Uttarakhand,56,UDHAM SINGH NAGAR,29.04324167,79.24461944,2023-07-29,1.0,0.5,2
2187,Baijnath (Gomti),Uttarakhand,46,Bageshwar,29.90822222,79.61769444,2023-07-30,0.5,0.5,1
2188,Nandprayag (Nandakini),Uttarakhand,47,Chamoli,30.33122222,79.31063889,2023-07-30,1.0,0.5,2
2189,Tanakpur_1,Uttarakhand,48,Champawat,29.07222222,80.1175,2023-07-30,1.0,0.5,2
2190,Mukteshwar_1,Uttarakhand,51,Nainital,29.47413889,79.65119444,2023-07-30,16.0,13.0,5
2191,Dharchula_1,Uttarakhand,53,Pithoragarh,29.84825,80.54047222,2023-07-30,0.5,0.5,1
2192,Nachni,Uttarakhand,53,Pithoragarh,29.90594444,80.16097222,2023-07-30,2.0,0.5,4
2193,Pithoragarh,Uttarakhand,53,Pithoragarh,29.57938889,80.21886111,2023-07-30,2.0,1.0,2
2194,Chandranagar_1,Uttarakhand,54,Rudraprayag,30.41541667,79.06208333,2023-07-30,6.0,6.0,1
2195,Kempty,Uttarakhand,55,Tehri Garhwal,30.49075,78.04738889,2023-07-30,1.0,0.5,2
2196,Gadarpur,Uttarakhand,56,UDHAM SINGH NAGAR,29.04324167,79.24461944,2023-07-30,2.0,1.0,2
2197,Sitarganj_1,Uttarakhand,56,UDHAM SINGH NAGAR,28.92971389,79.703,2023-07-30,0.5,0.5,1
2198,Tumaria,Uttarakhand,56,UDHAM SINGH NAGAR,29.30704722,78.93133056,2023-07-30,4.0,1.5,4
2199,Kapkot (Saryu),Uttarakhand,46,Bageshwar,29.94516667,79.9025,2023-07-31,2.0,1.0,2
2200,Nandprayag (Nandakini),Uttarakhand,47,Chamoli,30.33122222,79.31063889,2023-07-31,4.5,1.0,7
2201,Mukteshwar_1,Uttarakhand,51,Nainital,29.47413889,79.65119444,2023-07-31,1.0,0.5,2
2202,Nachni,Uttarakhand,53,Pithoragarh,29.90594444,80.16097222,2023-07-31,1.0,0.5,2
2203,Kempty,Uttarakhand,55,Tehri Garhwal,30.49075,78.04738889,2023-07-31,2.0,0.5,4
2204,Kapkot (Saryu),Uttarakhand,46,Bageshwar,29.94516667,79.9025,2023-08-01,22.5,9.5,5
2205,Nandprayag (Nandakini),Uttarakhand,47,Chamoli,30.33122222,79.31063889,2023-08-01,1.5,1.0,2
2206,Mukteshwar_1,Uttarakhand,51,Nainital,29.47413889,79.65119444,2023-08-01,6.5,5.0,2
2207,Yamkeshwar,Uttarakhand,52,PAURI GARHWAL,29.96130556,78.44086111,2023-08-01,57.0,57.0,1
2208,Nachni,Uttarakhand,53,Pithoragarh,29.90594444,80.16097222,2023-08-01,0.5,0.5,1
2209,Sonprayag_1,Uttarakhand,54,Rudraprayag,30.63547222,78.99941667,2023-08-01,0.5,0.5,1
2210,Kempty,Uttarakhand,55,Tehri Garhwal,30.49075,78.04738889,2023-08-01,2.5,1.5,2
2211,Almora_1,Uttarakhand,45,Almora,29.59575833,79.65063889,2023-08-02,28.5,11.5,11
2212,Lamgara,Uttarakhand,45,Almora,29.53866667,79.74994444,2023-08-02,17.0,4.0,10
2213,Baijnath (Gomti),Uttarakhand,46,Bageshwar,29.90822222,79.61769444,2023-08-02,7.0,1.0,12
2214,Kapkot (Saryu),Uttarakhand,46,Bageshwar,29.94516667,79.9025,2023-08-02,57.5,9.5,24
2215,Nandprayag (Nandakini),Uttarakhand,47,Chamoli,30.33122222,79.31063889,2023-08-02,2.0,1.0,3
2216,Tanakpur_1,Uttarakhand,48,Champawat,29.07222222,80.1175,2023-08-02,0.5,0.5,1
2217,Dakpathar,Uttarakhand,49,Dehradun,30.49866667,77.79744444,2023-08-02,9.0,5.5,2
2218,Yamuna Colony,Uttarakhand,49,Dehradun,30.33775278,78.03311667,2023-08-02,1.0,0.5,2
2219,Bahadarabad,Uttarakhand,50,Haridwar,29.92380278,78.03671389,2023-08-02,17.0,5.0,7
2220,Roorkee_2,Uttarakhand,50,Haridwar,29.86771944,77.88415556,2023-08-02,89.5,53.0,3
2221,Mukteshwar_1,Uttarakhand,51,Nainital,29.47413889,79.65119444,2023-08-02,27.0,5.0,17
2222,Srinagar_2,Uttarakhand,52,PAURI GARHWAL,30.23581944,78.81720278,2023-08-02,93.0,55.5,3
2223,Dharchula_1,Uttarakhand,53,Pithoragarh,29.84825,80.54047222,2023-08-02,0.5,0.5,1
2224,Nachni,Uttarakhand,53,Pithoragarh,29.90594444,80.16097222,2023-08-02,1.0,0.5,2
2225,Pithoragarh,Uttarakhand,53,Pithoragarh,29.57938889,80.21886111,2023-08-02,22.0,4.5,11
2226,Chandranagar_1,Uttarakhand,54,Rudraprayag,30.41541667,79.06208333,2023-08-02,28.0,12.5,4
2227,Kempty,Uttarakhand,55,Tehri Garhwal,30.49075,78.04738889,2023-08-02,11.5,11.0,2
2228,Gadarpur,Uttarakhand,56,UDHAM SINGH NAGAR,29.04324167,79.24461944,2023-08-02,1.0,0.5,2
2229,Haripura_2,Uttarakhand,56,UDHAM SINGH NAGAR,29.13151944,79.25965556,2023-08-02,0.5,0.5,1
2230,Rudrapur_2,Uttarakhand,56,UDHAM SINGH NAGAR,28.97373611,79.39988611,2023-08-02,26.0,16.0,5
2231,Sitarganj_1,Uttarakhand,56,UDHAM SINGH NAGAR,28.92971389,79.703,2023-08-02,0.5,0.5,1
2232,Tumaria,Uttarakhand,56,UDHAM SINGH NAGAR,29.30704722,78.93133056,2023-08-02,84.5,14.5,12
2233,Almora_1,Uttarakhand,45,Almora,29.59575833,79.65063889,2023-08-03,1.0,0.5,2
2234,Kosi_1,Uttarakhand,45,Almora,29.6191,79.62060833,2023-08-03,1.0,0.5,2
2235,Lamgara,Uttarakhand,45,Almora,29.53866667,79.74994444,2023-08-03,2.0,0.5,4
2236,Dakpathar,Uttarakhand,49,Dehradun,30.49866667,77.79744444,2023-08-03,206.0,179.0,3
2237,Bahadarabad,Uttarakhand,50,Haridwar,29.92380278,78.03671389,2023-08-03,35.5,35.5,1
2238,Khanpur_5,Uttarakhand,50,Haridwar,29.641375,78.00678611,2023-08-03,0.5,0.5,1
2239,Mukteshwar_1,Uttarakhand,51,Nainital,29.47413889,79.65119444,2023-08-03,38.0,15.5,8
2240,Nachni,Uttarakhand,53,Pithoragarh,29.90594444,80.16097222,2023-08-03,1.0,0.5,2
2241,Chandranagar_1,Uttarakhand,54,Rudraprayag,30.41541667,79.06208333,2023-08-03,33.5,13.0,7
2242,Gadarpur,Uttarakhand,56,UDHAM SINGH NAGAR,29.04324167,79.24461944,2023-08-03,4.5,2.0,3
2243,Rudrapur_2,Uttarakhand,56,UDHAM SINGH NAGAR,28.97373611,79.39988611,2023-08-03,2.0,1.0,2
2244,Lamgara,Uttarakhand,45,Almora,29.53866667,79.74994444,2023-08-04,18.0,4.5,8
2245,Baijnath (Gomti),Uttarakhand,46,Bageshwar,29.90822222,79.61769444,2023-08-04,2.0,1.0,3
2246,Kapkot (Saryu),Uttarakhand,46,Bageshwar,29.94516667,79.9025,2023-08-04,59.0,9.5,14
2247,Chakrata,Uttarakhand,49,Dehradun,30.76115556,77.86502778,2023-08-04,29.5,14.0,5
2248,Dakpathar,Uttarakhand,49,Dehradun,30.49866667,77.79744444,2023-08-04,58.5,10.5,14
2249,Bahadarabad,Uttarakhand,50,Haridwar,29.92380278,78.03671389,2023-08-04,23.5,5.5,11
2250,Roorkee_2,Uttarakhand,50,Haridwar,29.86771944,77.88415556,2023-08-04,1.0,0.5,2
2251,Mukteshwar_1,Uttarakhand,51,Nainital,29.47413889,79.65119444,2023-08-04,28.5,7.0,9
2252,Srinagar_2,Uttarakhand,52,PAURI GARHWAL,30.23581944,78.81720278,2023-08-04,0.5,0.5,1
2253,Yamkeshwar,Uttarakhand,52,PAURI GARHWAL,29.96130556,78.44086111,2023-08-04,119.0,119.0,1
2254,Nachni,Uttarakhand,53,Pithoragarh,29.90594444,80.16097222,2023-08-04,1.5,0.5,3
2255,Pithoragarh,Uttarakhand,53,Pithoragarh,29.57938889,80.21886111,2023-08-04,19.0,7.0,5
2256,Chandranagar_1,Uttarakhand,54,Rudraprayag,30.41541667,79.06208333,2023-08-04,25.5,6.5,8
2257,Sonprayag_1,Uttarakhand,54,Rudraprayag,30.63547222,78.99941667,2023-08-04,2.5,2.5,1
2258,Kempty,Uttarakhand,55,Tehri Garhwal,30.49075,78.04738889,2023-08-04,35.0,10.5,13
2259,Gadarpur,Uttarakhand,56,UDHAM SINGH NAGAR,29.04324167,79.24461944,2023-08-04,36.0,33.5,3
2260,Rudrapur_2,Uttarakhand,56,UDHAM SINGH NAGAR,28.97373611,79.39988611,2023-08-04,3.0,1.0,4
2261,Tumaria,Uttarakhand,56,UDHAM SINGH NAGAR,29.30704722,78.93133056,2023-08-04,2.5,1.5,3
2262,Almora_1,Uttarakhand,45,Almora,29.59575833,79.65063889,2023-08-05,1.0,0.5,2
2263,Baijnath (Gomti),Uttarakhand,46,Bageshwar,29.90822222,79.61769444,2023-08-05,96.0,96.0,1
2264,Kapkot (Saryu),Uttarakhand,46,Bageshwar,29.94516667,79.9025,2023-08-05,2.5,1.0,3
2265,Tanakpur_1,Uttarakhand,48,Champawat,29.07222222,80.1175,2023-08-05,0.5,0.5,1
2266,Dakpathar,Uttarakhand,49,Dehradun,30.49866667,77.79744444,2023-08-05,72.0,25.5,8
2267,Bahadarabad,Uttarakhand,50,Haridwar,29.92380278,78.03671389,2023-08-05,1.0,0.5,2
2268,Roorkee_2,Uttarakhand,50,Haridwar,29.86771944,77.88415556,2023-08-05,1.5,1.5,1
2269,Gola_1,Uttarakhand,51,Nainital,29.27136111,79.54743333,2023-08-05,1.0,0.5,2
2270,Mukteshwar_1,Uttarakhand,51,Nainital,29.47413889,79.65119444,2023-08-05,257.0,257.0,1
2271,Srinagar_2,Uttarakhand,52,PAURI GARHWAL,30.23581944,78.81720278,2023-08-05,2.0,2.0,1
2272,Nachni,Uttarakhand,53,Pithoragarh,29.90594444,80.16097222,2023-08-05,1.5,0.5,3
2273,Pithoragarh,Uttarakhand,53,Pithoragarh,29.57938889,80.21886111,2023-08-05,43.5,43.0,2
2274,Kempty,Uttarakhand,55,Tehri Garhwal,30.49075,78.04738889,2023-08-05,94.0,47.5,6
2275,Gadarpur,Uttarakhand,56,UDHAM SINGH NAGAR,29.04324167,79.24461944,2023-08-05,1.0,0.5,2
2276,Tumaria,Uttarakhand,56,UDHAM SINGH NAGAR,29.30704722,78.93133056,2023-08-05,43.5,41.0,5
2277,Lamgara,Uttarakhand,45,Almora,29.53866667,79.74994444,2023-08-06,4.0,1.5,4
2278,Baijnath (Gomti),Uttarakhand,46,Bageshwar,29.90822222,79.61769444,2023-08-06,0.5,0.5,1
2279,Kapkot (Saryu),Uttarakhand,46,Bageshwar,29.94516667,79.9025,2023-08-06,11.0,3.0,8
2280,Dakpathar,Uttarakhand,49,Dehradun,30.49866667,77.79744444,2023-08-06,25.0,12.5,2
2281,Bahadarabad,Uttarakhand,50,Haridwar,29.92380278,78.03671389,2023-08-06,79.0,11.0,22
2282,Roorkee_2,Uttarakhand,50,Haridwar,29.86771944,77.88415556,2023-08-06,13.0,5.5,6
2283,Mukteshwar_1,Uttarakhand,51,Nainital,29.47413889,79.65119444,2023-08-06,10.0,4.5,4
2284,Srinagar_2,Uttarakhand,52,PAURI GARHWAL,30.23581944,78.81720278,2023-08-06,12.0,5.5,6
2285,Nachni,Uttarakhand,53,Pithoragarh,29.90594444,80.16097222,2023-08-06,2.0,0.5,4
2286,Chandranagar_1,Uttarakhand,54,Rudraprayag,30.41541667,79.06208333,2023-08-06,3.0,2.5,2
2287,Kempty,Uttarakhand,55,Tehri Garhwal,30.49075,78.04738889,2023-08-06,4.5,1.0,5
2288,Gadarpur,Uttarakhand,56,UDHAM SINGH NAGAR,29.04324167,79.24461944,2023-08-06,1.0,0.5,2
2289,Haripura_2,Uttarakhand,56,UDHAM SINGH NAGAR,29.13151944,79.25965556,2023-08-06,0.5,0.5,1
2290,Rudrapur_2,Uttarakhand,56,UDHAM SINGH NAGAR,28.97373611,79.39988611,2023-08-06,2.0,1.0,3
2291,Tumaria,Uttarakhand,56,UDHAM SINGH NAGAR,29.30704722,78.93133056,2023-08-06,33.5,26.5,6
2292,Almora_1,Uttarakhand,45,Almora,29.59575833,79.65063889,2023-08-07,2.0,0.5,4
2293,Lamgara,Uttarakhand,45,Almora,29.53866667,79.74994444,2023-08-07,1.0,0.5,2
2294,Kapkot (Saryu),Uttarakhand,46,Bageshwar,29.94516667,79.9025,2023-08-07,10.0,3.0,5
2295,Dakpathar,Uttarakhand,49,Dehradun,30.49866667,77.79744444,2023-08-07,4.0,2.0,4
2296,Roorkee_2,Uttarakhand,50,Haridwar,29.86771944,77.88415556,2023-08-07,3.0,3.0,1
2297,Gola_1,Uttarakhand,51,Nainital,29.27136111,79.54743333,2023-08-07,3.5,0.5,7
2298,Mukteshwar_1,Uttarakhand,51,Nainital,29.47413889,79.65119444,2023-08-07,4.0,3.0,3
2299,Srinagar_2,Uttarakhand,52,PAURI GARHWAL,30.23581944,78.81720278,2023-08-07,2.5,2.0,2
2300,Nachni,Uttarakhand,53,Pithoragarh,29.90594444,80.16097222,2023-08-07,1.5,0.5,3
2301,Pithoragarh,Uttarakhand,53,Pithoragarh,29.57938889,80.21886111,2023-08-07,9.5,5.5,2
2302,Chandranagar_1,Uttarakhand,54,Rudraprayag,30.41541667,79.06208333,2023-08-07,0.5,0.5,1
2303,Kempty,Uttarakhand,55,Tehri Garhwal,30.49075,78.04738889,2023-08-07,1.5,0.5,3
2304,Tumaria,Uttarakhand,56,UDHAM SINGH NAGAR,29.30704722,78.93133056,2023-08-07,3.5,2.5,2
2305,Kapkot (Saryu),Uttarakhand,46,Bageshwar,29.94516667,79.9025,2023-08-08,16.0,4.0,12
2306,Gola_1,Uttarakhand,51,Nainital,29.27136111,79.54743333,2023-08-08,1.5,1.0,2
2307,Nachni,Uttarakhand,53,Pithoragarh,29.90594444,80.16097222,2023-08-08,2.0,0.5,4
2308,Pithoragarh,Uttarakhand,53,Pithoragarh,29.57938889,80.21886111,2023-08-08,11.0,11.0,1
2309,Kempty,Uttarakhand,55,Tehri Garhwal,30.49075,78.04738889,2023-08-08,1.0,0.5,2
2310,Tumaria,Uttarakhand,56,UDHAM SINGH NAGAR,29.30704722,78.93133056,2023-08-08,3.5,3.5,1
2311,Lamgara,Uttarakhand,45,Almora,29.53866667,79.74994444,2023-08-09,37.0,9.5,10
2312,Baijnath (Gomti),Uttarakhand,46,Bageshwar,29.90822222,79.61769444,2023-08-09,2.0,0.5,4
2313,Kapkot (Saryu),Uttarakhand,46,Bageshwar,29.94516667,79.9025,2023-08-09,11.0,2.0,13
2314,Champawat_1,Uttarakhand,48,Champawat,29.33341667,80.08469444,2023-08-09,0.5,0.5,1
2315,Tanakpur_1,Uttarakhand,48,Champawat,29.07222222,80.1175,2023-08-09,1.0,0.5,2
2316,Dakpathar,Uttarakhand,49,Dehradun,30.49866667,77.79744444,2023-08-09,53.0,11.0,8
2317,Mukteshwar_1,Uttarakhand,51,Nainital,29.47413889,79.65119444,2023-08-09,12.5,2.0,12
2318,Nachni,Uttarakhand,53,Pithoragarh,29.90594444,80.16097222,2023-08-09,1.0,0.5,2
2319,Pithoragarh,Uttarakhand,53,Pithoragarh,29.57938889,80.21886111,2023-08-09,19.5,12.0,9
2320,Chandranagar_1,Uttarakhand,54,Rudraprayag,30.41541667,79.06208333,2023-08-09,2.5,2.0,2
2321,Kempty,Uttarakhand,55,Tehri Garhwal,30.49075,78.04738889,2023-08-09,8.5,3.5,7
2322,Gadarpur,Uttarakhand,56,UDHAM SINGH NAGAR,29.04324167,79.24461944,2023-08-09,30.5,21.5,6
2323,Rudrapur_2,Uttarakhand,56,UDHAM SINGH NAGAR,28.97373611,79.39988611,2023-08-09,0.5,0.5,1
2324,Tumaria,Uttarakhand,56,UDHAM SINGH NAGAR,29.30704722,78.93133056,2023-08-09,6.5,3.0,3
2325,Baijnath (Gomti),Uttarakhand,46,Bageshwar,29.90822222,79.61769444,2023-08-10,1.0,0.5,2
2326,Kapkot (Saryu),Uttarakhand,46,Bageshwar,29.94516667,79.9025,2023-08-10,3.0,1.0,4
2327,Champawat_1,Uttarakhand,48,Champawat,29.33341667,80.08469444,2023-08-10,5.0,0.5,10
2328,Tanakpur_1,Uttarakhand,48,Champawat,29.07222222,80.1175,2023-08-10,1.0,0.5,2
2329,Chakrata,Uttarakhand,49,Dehradun,30.76115556,77.86502778,2023-08-10,16.5,16.0,2
2330,Dakpathar,Uttarakhand,49,Dehradun,30.49866667,77.79744444,2023-08-10,1.0,0.5,2
2331,Yamuna Colony,Uttarakhand,49,Dehradun,30.33775278,78.03311667,2023-08-10,0.5,0.5,1
2332,Bahadarabad,Uttarakhand,50,Haridwar,29.92380278,78.03671389,2023-08-10,40.5,11.0,13
2333,Roorkee_2,Uttarakhand,50,Haridwar,29.86771944,77.88415556,2023-08-10,28.0,20.5,5
2334,Mukteshwar_1,Uttarakhand,51,Nainital,29.47413889,79.65119444,2023-08-10,2.0,0.5,4
2335,Srinagar_2,Uttarakhand,52,PAURI GARHWAL,30.23581944,78.81720278,2023-08-10,28.5,21.0,5
2336,Nachni,Uttarakhand,53,Pithoragarh,29.90594444,80.16097222,2023-08-10,1.5,0.5,3
2337,Pithoragarh,Uttarakhand,53,Pithoragarh,29.57938889,80.21886111,2023-08-10,3.0,1.0,4
2338,Chandranagar_1,Uttarakhand,54,Rudraprayag,30.41541667,79.06208333,2023-08-10,31.5,26.0,2
2339,Sonprayag_1,Uttarakhand,54,Rudraprayag,30.63547222,78.99941667,2023-08-10,1.5,1.5,1
2340,Kempty,Uttarakhand,55,Tehri Garhwal,30.49075,78.04738889,2023-08-10,59.5,17.0,13
2341,Haripura_2,Uttarakhand,56,UDHAM SINGH NAGAR,29.13151944,79.25965556,2023-08-10,0.5,0.5,1
2342,Tumaria,Uttarakhand,56,UDHAM SINGH NAGAR,29.30704722,78.93133056,2023-08-10,56.5,20.0,5
2343,Almora_1,Uttarakhand,45,Almora,29.59575833,79.65063889,2023-08-11,1.0,0.5,2
2344,Lamgara,Uttarakhand,45,Almora,29.53866667,79.74994444,2023-08-11,3.0,1.5,2
2345,Kapkot (Saryu),Uttarakhand,46,Bageshwar,29.94516667,79.9025,2023-08-11,5.0,1.0,8
2346,Tanakpur_1,Uttarakhand,48,Champawat,29.07222222,80.1175,2023-08-11,1.5,0.5,3
2347,Chakrata,Uttarakhand,49,Dehradun,30.76115556,77.86502778,2023-08-11,1.5,0.5,3
2348,Dakpathar,Uttarakhand,49,Dehradun,30.49866667,77.79744444,2023-08-11,21.5,3.5,15
2349,Bahadarabad,Uttarakhand,50,Haridwar,29.92380278,78.03671389,2023-08-11,6.5,3.5,3
2350,Khanpur_5,Uttarakhand,50,Haridwar,29.641375,78.00678611,2023-08-11,1.0,0.5,2
2351,Roorkee_2,Uttarakhand,50,Haridwar,29.86771944,77.88415556,2023-08-11,1.0,1.0,1
2352,Mukteshwar_1,Uttarakhand,51,Nainital,29.47413889,79.65119444,2023-08-11,1.5,0.5,3
2353,Srinagar_2,Uttarakhand,52,PAURI GARHWAL,30.23581944,78.81720278,2023-08-11,0.5,0.5,1
2354,Dharchula_1,Uttarakhand,53,Pithoragarh,29.84825,80.54047222,2023-08-11,0.5,0.5,1
2355,Nachni,Uttarakhand,53,Pithoragarh,29.90594444,80.16097222,2023-08-11,1.5,0.5,3
2356,Pithoragarh,Uttarakhand,53,Pithoragarh,29.57938889,80.21886111,2023-08-11,2.0,2.0,1
2357,Chandranagar_1,Uttarakhand,54,Rudraprayag,30.41541667,79.06208333,2023-08-11,16.0,9.5,5
2358,Sonprayag_1,Uttarakhand,54,Rudraprayag,30.63547222,78.99941667,2023-08-11,3.5,1.5,3
2359,Kempty,Uttarakhand,55,Tehri Garhwal,30.49075,78.04738889,2023-08-11,15.5,2.5,11
2360,Gadarpur,Uttarakhand,56,UDHAM SINGH NAGAR,29.04324167,79.24461944,2023-08-11,1.0,0.5,2
2361,Sitarganj_1,Uttarakhand,56,UDHAM SINGH NAGAR,28.92971389,79.703,2023-08-11,0.5,0.5,1
2362,Tumaria,Uttarakhand,56,UDHAM SINGH NAGAR,29.30704722,78.93133056,2023-08-11,4.0,3.0,3
2363,Lamgara,Uttarakhand,45,Almora,29.53866667,79.74994444,2023-08-12,3.5,0.5,7
2364,Kapkot (Saryu),Uttarakhand,46,Bageshwar,29.94516667,79.9025,2023-08-12,2.0,0.5,4
2365,Tanakpur_1,Uttarakhand,48,Champawat,29.07222222,80.1175,2023-08-12,0.5,0.5,1
2366,Dakpathar,Uttarakhand,49,Dehradun,30.49866667,77.79744444,2023-08-12,1.5,0.5,3
2367,Mukteshwar_1,Uttarakhand,51,Nainital,29.47413889,79.65119444,2023-08-12,8.0,2.5,8
2368,Nachni,Uttarakhand,53,Pithoragarh,29.90594444,80.16097222,2023-08-12,1.0,0.5,2
2369,Chandranagar_1,Uttarakhand,54,Rudraprayag,30.41541667,79.06208333,2023-08-12,5.0,1.0,7
2370,Kempty,Uttarakhand,55,Tehri Garhwal,30.49075,78.04738889,2023-08-12,3.0,1.0,5
2371,Gadarpur,Uttarakhand,56,UDHAM SINGH NAGAR,29.04324167,79.24461944,2023-08-12,1.0,0.5,2
2372,Lamgara,Uttarakhand,45,Almora,29.53866667,79.74994444,2023-08-13,57.0,10.0,22
2373,Baijnath (Gomti),Uttarakhand,46,Bageshwar,29.90822222,79.61769444,2023-08-13,0.5,0.5,1
2374,Kapkot (Saryu),Uttarakhand,46,Bageshwar,29.94516667,79.9025,2023-08-13,2.0,0.5,4
2375,Champawat_1,Uttarakhand,48,Champawat,29.33341667,80.08469444,2023-08-13,2.0,0.5,4
2376,Dakpathar,Uttarakhand,49,Dehradun,30.49866667,77.79744444,2023-08-13,7.0,1.0,12
2377,Bahadarabad,Uttarakhand,50,Haridwar,29.92380278,78.03671389,2023-08-13,5.0,2.5,2
2378,Roorkee_2,Uttarakhand,50,Haridwar,29.86771944,77.88415556,2023-08-13,4.0,1.5,4
2379,Mukteshwar_1,Uttarakhand,51,Nainital,29.47413889,79.65119444,2023-08-13,11.0,1.5,14
2380,Dugadda (Khoh),Uttarakhand,52,PAURI GARHWAL,29.75108333,78.52341667,2023-08-13,0.5,0.5,1
2381,Srinagar_2,Uttarakhand,52,PAURI GARHWAL,30.23581944,78.81720278,2023-08-13,2.0,1.5,2
2382,Virbhadra,Uttarakhand,52,PAURI GARHWAL,30.07444444,78.29047222,2023-08-13,128.0,128.0,1
2383,Dharchula_1,Uttarakhand,53,Pithoragarh,29.84825,80.54047222,2023-08-13,0.5,0.5,1
2384,Nachni,Uttarakhand,53,Pithoragarh,29.90594444,80.16097222,2023-08-13,1.5,0.5,3
2385,Pithoragarh,Uttarakhand,53,Pithoragarh,29.57938889,80.21886111,2023-08-13,51.5,10.5,15
2386,Chandranagar_1,Uttarakhand,54,Rudraprayag,30.41541667,79.06208333,2023-08-13,6.5,2.0,8
2387,Sonprayag_1,Uttarakhand,54,Rudraprayag,30.63547222,78.99941667,2023-08-13,0.5,0.5,1
2388,Kempty,Uttarakhand,55,Tehri Garhwal,30.49075,78.04738889,2023-08-13,14.5,5.5,9
2389,Rudrapur_2,Uttarakhand,56,UDHAM SINGH NAGAR,28.97373611,79.39988611,2023-08-13,25.0,8.5,8
2390,Sitarganj_1,Uttarakhand,56,UDHAM SINGH NAGAR,28.92971389,79.703,2023-08-13,0.5,0.5,1
2391,Tumaria,Uttarakhand,56,UDHAM SINGH NAGAR,29.30704722,78.93133056,2023-08-13,76.5,23.0,11
2392,Lamgara,Uttarakhand,45,Almora,29.53866667,79.74994444,2023-08-14,31.0,9.0,15
2393,Baijnath (Gomti),Uttarakhand,46,Bageshwar,29.90822222,79.61769444,2023-08-14,1.0,0.5,2
2394,Kapkot (Saryu),Uttarakhand,46,Bageshwar,29.94516667,79.9025,2023-08-14,6.0,0.5,12
2395,Chakrata,Uttarakhand,49,Dehradun,30.76115556,77.86502778,2023-08-14,64.0,23.0,7
2396,Dakpathar,Uttarakhand,49,Dehradun,30.49866667,77.79744444,2023-08-14,156.5,31.5,15
2397,Bahadarabad,Uttarakhand,50,Haridwar,29.92380278,78.03671389,2023-08-14,64.0,12.5,17
2398,Khanpur_5,Uttarakhand,50,Haridwar,29.641375,78.00678611,2023-08-14,1.0,0.5,2
2399,Roorkee_2,Uttarakhand,50,Haridwar,29.86771944,77.88415556,2023-08-14,10.5,3.5,7
2400,Mukteshwar_1,Uttarakhand,51,Nainital,29.47413889,79.65119444,2023-08-14,18.0,4.0,14
2401,Srinagar_2,Uttarakhand,52,PAURI GARHWAL,30.23581944,78.81720278,2023-08-14,5.5,3.5,4
2402,Nachni,Uttarakhand,53,Pithoragarh,29.90594444,80.16097222,2023-08-14,1.0,0.5,2
2403,Pithoragarh,Uttarakhand,53,Pithoragarh,29.57938889,80.21886111,2023-08-14,12.0,6.5,10
2404,Chandranagar_1,Uttarakhand,54,Rudraprayag,30.41541667,79.06208333,2023-08-14,57.5,19.5,16
2405,Kempty,Uttarakhand,55,Tehri Garhwal,30.49075,78.04738889,2023-08-14,145.0,18.0,18
2406,Gadarpur,Uttarakhand,56,UDHAM SINGH NAGAR,29.04324167,79.24461944,2023-08-14,1.0,0.5,2
2407,Haripura_2,Uttarakhand,56,UDHAM SINGH NAGAR,29.13151944,79.25965556,2023-08-14,0.5,0.5,1
2408,Rudrapur_2,Uttarakhand,56,UDHAM SINGH NAGAR,28.97373611,79.39988611,2023-08-14,3.0,0.5,6
2409,Sitarganj_1,Uttarakhand,56,UDHAM SINGH NAGAR,28.92971389,79.703,2023-08-14,6.0,1.5,6
2410,Tumaria,Uttarakhand,56,UDHAM SINGH NAGAR,29.30704722,78.93133056,2023-08-14,26.0,6.5,8
2411,Kapkot (Saryu),Uttarakhand,46,Bageshwar,29.94516667,79.9025,2023-08-15,2.0,0.5,4
2412,Champawat_1,Uttarakhand,48,Champawat,29.33341667,80.08469444,2023-08-15,1.0,0.5,2
2413,Tanakpur_1,Uttarakhand,48,Champawat,29.07222222,80.1175,2023-08-15,6.0,3.0,5
2414,Dakpathar,Uttarakhand,49,Dehradun,30.49866667,77.79744444,2023-08-15,1.0,1.0,1
2415,Yamuna Colony,Uttarakhand,49,Dehradun,30.33775278,78.03311667,2023-08-15,3.0,3.0,1
2416,Dharchula_1,Uttarakhand,53,Pithoragarh,29.84825,80.54047222,2023-08-15,0.5,0.5,1
2417,Nachni,Uttarakhand,53,Pithoragarh,29.90594444,80.16097222,2023-08-15,1.0,0.5,2
2418,Chandranagar_1,Uttarakhand,54,Rudraprayag,30.41541667,79.06208333,2023-08-15,2.0,1.0,3
2419,Kempty,Uttarakhand,55,Tehri Garhwal,30.49075,78.04738889,2023-08-15,1.0,0.5,2
2420,Haripura_2,Uttarakhand,56,UDHAM SINGH NAGAR,29.13151944,79.25965556,2023-08-15,17.0,8.5,2
2421,Tumaria,Uttarakhand,56,UDHAM SINGH NAGAR,29.30704722,78.93133056,2023-08-15,12.5,12.5,1
2422,Tanakpur_1,Uttarakhand,48,Champawat,29.07222222,80.1175,2023-08-16,1.0,0.5,2
2423,Khanpur_5,Uttarakhand,50,Haridwar,29.641375,78.00678611,2023-08-16,1.0,0.5,2
2424,Nachni,Uttarakhand,53,Pithoragarh,29.90594444,80.16097222,2023-08-16,0.5,0.5,1
2425,Kempty,Uttarakhand,55,Tehri Garhwal,30.49075,78.04738889,2023-08-16,98.5,98.5,1
2426,Sitarganj_1,Uttarakhand,56,UDHAM SINGH NAGAR,28.92971389,79.703,2023-08-16,262.0,262.0,1
2427,Kapkot (Saryu),Uttarakhand,46,Bageshwar,29.94516667,79.9025,2023-08-17,0.5,0.5,1
2428,Tanakpur_1,Uttarakhand,48,Champawat,29.07222222,80.1175,2023-08-17,1.0,0.5,2
2429,Dakpathar,Uttarakhand,49,Dehradun,30.49866667,77.79744444,2023-08-17,91.0,20.0,9
2430,Mukteshwar_1,Uttarakhand,51,Nainital,29.47413889,79.65119444,2023-08-17,24.0,12.0,2
2431,Dharchula_1,Uttarakhand,53,Pithoragarh,29.84825,80.54047222,2023-08-17,0.5,0.5,1
2432,Nachni,Uttarakhand,53,Pithoragarh,29.90594444,80.16097222,2023-08-17,1.0,0.5,2
2433,Gadarpur,Uttarakhand,56,UDHAM SINGH NAGAR,29.04324167,79.24461944,2023-08-17,1.0,0.5,2
2434,Haripura_2,Uttarakhand,56,UDHAM SINGH NAGAR,29.13151944,79.25965556,2023-08-17,169.5,156.0,4
2435,Rudrapur_2,Uttarakhand,56,UDHAM SINGH NAGAR,28.97373611,79.39988611,2023-08-17,11.0,5.5,2
2436,Sitarganj_1,Uttarakhand,56,UDHAM SINGH NAGAR,28.92971389,79.703,2023-08-17,88.0,25.0,4
2437,Kapkot (Saryu),Uttarakhand,46,Bageshwar,29.94516667,79.9025,2023-08-18,1.0,0.5,2
2438,Champawat_1,Uttarakhand,48,Champawat,29.33341667,80.08469444,2023-08-18,1.0,0.5,2
2439,Chakrata,Uttarakhand,49,Dehradun,30.76115556,77.86502778,2023-08-18,33.5,14.0,7
2440,Dakpathar,Uttarakhand,49,Dehradun,30.49866667,77.79744444,2023-08-18,50.0,21.5,6
2441,Bahadarabad,Uttarakhand,50,Haridwar,29.92380278,78.03671389,2023-08-18,42.0,19.0,3
2442,Khanpur_5,Uttarakhand,50,Haridwar,29.641375,78.00678611,2023-08-18,0.5,0.5,1
2443,Roorkee_2,Uttarakhand,50,Haridwar,29.86771944,77.88415556,2023-08-18,7.0,6.5,2
2444,Srinagar_2,Uttarakhand,52,PAURI GARHWAL,30.23581944,78.81720278,2023-08-18,7.0,7.0,1
2445,Nachni,Uttarakhand,53,Pithoragarh,29.90594444,80.16097222,2023-08-18,1.0,0.5,2
2446,Chandranagar_1,Uttarakhand,54,Rudraprayag,30.41541667,79.06208333,2023-08-18,21.0,11.0,6
2447,Kempty,Uttarakhand,55,Tehri Garhwal,30.49075,78.04738889,2023-08-18,35.0,5.5,15
2448,Baijnath (Gomti),Uttarakhand,46,Bageshwar,29.90822222,79.61769444,2023-08-19,8.5,7.0,3
2449,Kapkot (Saryu),Uttarakhand,46,Bageshwar,29.94516667,79.9025,2023-08-19,1.0,0.5,2
2450,Roorkee_2,Uttarakhand,50,Haridwar,29.86771944,77.88415556,2023-08-19,2.5,1.5,2
2451,Dugadda (Khoh),Uttarakhand,52,PAURI GARHWAL,29.75108333,78.52341667,2023-08-19,0.5,0.5,1
2452,Srinagar_2,Uttarakhand,52,PAURI GARHWAL,30.23581944,78.81720278,2023-08-19,2.5,1.5,2
2453,Dharchula_1,Uttarakhand,53,Pithoragarh,29.84825,80.54047222,2023-08-19,0.5,0.5,1
2454,Nachni,Uttarakhand,53,Pithoragarh,29.90594444,80.16097222,2023-08-19,1.5,0.5,3
2455,Chandranagar_1,Uttarakhand,54,Rudraprayag,30.41541667,79.06208333,2023-08-19,216.0,216.0,1
2456,Kempty,Uttarakhand,55,Tehri Garhwal,30.49075,78.04738889,2023-08-19,1.5,0.5,3
2457,Sitarganj_1,Uttarakhand,56,UDHAM SINGH NAGAR,28.92971389,79.703,2023-08-19,7.0,3.5,2
2458,Tumaria,Uttarakhand,56,UDHAM SINGH NAGAR,29.30704722,78.93133056,2023-08-19,5.5,5.5,1
2459,Almora_1,Uttarakhand,45,Almora,29.59575833,79.65063889,2023-08-20,1.0,0.5,2
2460,Kapkot (Saryu),Uttarakhand,46,Bageshwar,29.94516667,79.9025,2023-08-20,6.0,1.5,8
2461,Dakpathar,Uttarakhand,49,Dehradun,30.49866667,77.79744444,2023-08-20,27.5,5.5,13
2462,Yamkeshwar,Uttarakhand,52,PAURI GARHWAL,29.96130556,78.44086111,2023-08-20,0.5,0.5,1
2463,Nachni,Uttarakhand,53,Pithoragarh,29.90594444,80.16097222,2023-08-20,1.5,0.5,3
2464,Chandranagar_1,Uttarakhand,54,Rudraprayag,30.41541667,79.06208333,2023-08-20,0.5,0.5,1
2465,Gadarpur,Uttarakhand,56,UDHAM SINGH NAGAR,29.04324167,79.24461944,2023-08-20,1.0,0.5,2
2466,Sitarganj_1,Uttarakhand,56,UDHAM SINGH NAGAR,28.92971389,79.703,2023-08-20,5.0,2.5,2
2467,Lamgara,Uttarakhand,45,Almora,29.53866667,79.74994444,2023-08-21,4.0,2.0,2
2468,Kapkot (Saryu),Uttarakhand,46,Bageshwar,29.94516667,79.9025,2023-08-21,1.0,0.5,2
2469,Tanakpur_1,Uttarakhand,48,Champawat,29.07222222,80.1175,2023-08-21,13.5,1.0,20
2470,Dakpathar,Uttarakhand,49,Dehradun,30.49866667,77.79744444,2023-08-21,258.5,244.0,6
2471,Bahadarabad,Uttarakhand,50,Haridwar,29.92380278,78.03671389,2023-08-21,18.5,4.5,9
2472,Khanpur_5,Uttarakhand,50,Haridwar,29.641375,78.00678611,2023-08-21,1.0,0.5,2
2473,Roorkee_2,Uttarakhand,50,Haridwar,29.86771944,77.88415556,2023-08-21,14.0,9.0,2
2474,Mukteshwar_1,Uttarakhand,51,Nainital,29.47413889,79.65119444,2023-08-21,2.0,0.5,4
2475,Dugadda (Khoh),Uttarakhand,52,PAURI GARHWAL,29.75108333,78.52341667,2023-08-21,0.5,0.5,1
2476,Srinagar_2,Uttarakhand,52,PAURI GARHWAL,30.23581944,78.81720278,2023-08-21,13.5,8.5,2
2477,Nachni,Uttarakhand,53,Pithoragarh,29.90594444,80.16097222,2023-08-21,1.0,0.5,2
2478,Pithoragarh,Uttarakhand,53,Pithoragarh,29.57938889,80.21886111,2023-08-21,3.0,1.0,4
2479,Chandranagar_1,Uttarakhand,54,Rudraprayag,30.41541667,79.06208333,2023-08-21,2.0,1.0,3
2480,Kempty,Uttarakhand,55,Tehri Garhwal,30.49075,78.04738889,2023-08-21,3.0,0.5,6
2481,Rudrapur_2,Uttarakhand,56,UDHAM SINGH NAGAR,28.97373611,79.39988611,2023-08-21,1.0,0.5,2
2482,Sitarganj_1,Uttarakhand,56,UDHAM SINGH NAGAR,28.92971389,79.703,2023-08-21,7.0,2.5,6
2483,Almora_1,Uttarakhand,45,Almora,29.59575833,79.65063889,2023-08-22,5.0,1.0,8
2484,Lamgara,Uttarakhand,45,Almora,29.53866667,79.74994444,2023-08-22,17.5,6.5,7
2485,Tanakpur_1,Uttarakhand,48,Champawat,29.07222222,80.1175,2023-08-22,2.0,1.0,3
2486,Dakpathar,Uttarakhand,49,Dehradun,30.49866667,77.79744444,2023-08-22,7.0,1.5,10
2487,Bahadarabad,Uttarakhand,50,Haridwar,29.92380278,78.03671389,2023-08-22,44.0,8.5,14
2488,Khanpur_5,Uttarakhand,50,Haridwar,29.641375,78.00678611,2023-08-22,1.0,0.5,2
2489,Roorkee_2,Uttarakhand,50,Haridwar,29.86771944,77.88415556,2023-08-22,43.0,12.0,8
2490,Gola_1,Uttarakhand,51,Nainital,29.27136111,79.54743333,2023-08-22,1.0,0.5,2
2491,Mukteshwar_1,Uttarakhand,51,Nainital,29.47413889,79.65119444,2023-08-22,18.5,8.0,9
2492,Srinagar_2,Uttarakhand,52,PAURI GARHWAL,30.23581944,78.81720278,2023-08-22,45.0,12.5,8
2493,Nachni,Uttarakhand,53,Pithoragarh,29.90594444,80.16097222,2023-08-22,1.0,0.5,2
2494,Chandranagar_1,Uttarakhand,54,Rudraprayag,30.41541667,79.06208333,2023-08-22,2.5,1.5,3
2495,Gadarpur,Uttarakhand,56,UDHAM SINGH NAGAR,29.04324167,79.24461944,2023-08-22,1.0,0.5,2
2496,Haripura_2,Uttarakhand,56,UDHAM SINGH NAGAR,29.13151944,79.25965556,2023-08-22,57.5,24.5,6
2497,Rudrapur_2,Uttarakhand,56,UDHAM SINGH NAGAR,28.97373611,79.39988611,2023-08-22,63.5,15.0,19
2498,Sitarganj_1,Uttarakhand,56,UDHAM SINGH NAGAR,28.92971389,79.703,2023-08-22,118.0,29.0,22
2499,Tumaria,Uttarakhand,56,UDHAM SINGH NAGAR,29.30704722,78.93133056,2023-08-22,100.5,34.0,11
2500,Almora_1,Uttarakhand,45,Almora,29.59575833,79.65063889,2023-08-23,1.0,0.5,2
2501,Lamgara,Uttarakhand,45,Almora,29.53866667,79.74994444,2023-08-23,5.5,1.5,7
2502,Baijnath (Gomti),Uttarakhand,46,Bageshwar,29.90822222,79.61769444,2023-08-23,7.0,0.5,14
2503,Kapkot (Saryu),Uttarakhand,46,Bageshwar,29.94516667,79.9025,2023-08-23,1.0,0.5,2
2504,Champawat_1,Uttarakhand,48,Champawat,29.33341667,80.08469444,2023-08-23,1.0,0.5,2
2505,Tanakpur_1,Uttarakhand,48,Champawat,29.07222222,80.1175,2023-08-23,7.0,1.0,10
2506,Chakrata,Uttarakhand,49,Dehradun,30.76115556,77.86502778,2023-08-23,10.0,3.5,7
2507,Dakpathar,Uttarakhand,49,Dehradun,30.49866667,77.79744444,2023-08-23,35.5,3.5,21
2508,Bahadarabad,Uttarakhand,50,Haridwar,29.92380278,78.03671389,2023-08-23,98.0,17.0,18
2509,Roorkee_2,Uttarakhand,50,Haridwar,29.86771944,77.88415556,2023-08-23,56.5,17.5,12
2510,Gola_1,Uttarakhand,51,Nainital,29.27136111,79.54743333,2023-08-23,2.0,0.5,4
2511,Mukteshwar_1,Uttarakhand,51,Nainital,29.47413889,79.65119444,2023-08-23,15.5,4.5,9
2512,Srinagar_2,Uttarakhand,52,PAURI GARHWAL,30.23581944,78.81720278,2023-08-23,59.5,18.0,11
2513,Nachni,Uttarakhand,53,Pithoragarh,29.90594444,80.16097222,2023-08-23,0.5,0.5,1
2514,Pithoragarh,Uttarakhand,53,Pithoragarh,29.57938889,80.21886111,2023-08-23,15.5,4.0,9
2515,Chandranagar_1,Uttarakhand,54,Rudraprayag,30.41541667,79.06208333,2023-08-23,64.5,27.5,12
2516,Kempty,Uttarakhand,55,Tehri Garhwal,30.49075,78.04738889,2023-08-23,20.5,3.5,10
2517,Haripura_2,Uttarakhand,56,UDHAM SINGH NAGAR,29.13151944,79.25965556,2023-08-23,2.0,0.5,4
2518,Rudrapur_2,Uttarakhand,56,UDHAM SINGH NAGAR,28.97373611,79.39988611,2023-08-23,29.0,4.0,28
2519,Sitarganj_1,Uttarakhand,56,UDHAM SINGH NAGAR,28.92971389,79.703,2023-08-23,31.0,4.0,22
2520,Tumaria,Uttarakhand,56,UDHAM SINGH NAGAR,29.30704722,78.93133056,2023-08-23,69.0,35.0,13
2521,Almora_1,Uttarakhand,45,Almora,29.59575833,79.65063889,2023-08-24,1.0,0.5,2
2522,Lamgara,Uttarakhand,45,Almora,29.53866667,79.74994444,2023-08-24,9.0,4.0,4
2523,Baijnath (Gomti),Uttarakhand,46,Bageshwar,29.90822222,79.61769444,2023-08-24,4.5,0.5,9
2524,Champawat_1,Uttarakhand,48,Champawat,29.33341667,80.08469444,2023-08-24,1.0,0.5,2
2525,Dakpathar,Uttarakhand,49,Dehradun,30.49866667,77.79744444,2023-08-24,2.5,0.5,5
2526,Roorkee_2,Uttarakhand,50,Haridwar,29.86771944,77.88415556,2023-08-24,11.5,5.0,3
2527,Gola_1,Uttarakhand,51,Nainital,29.27136111,79.54743333,2023-08-24,1.0,0.5,2
2528,Mukteshwar_1,Uttarakhand,51,Nainital,29.47413889,79.65119444,2023-08-24,1.5,0.5,3
2529,Dugadda (Khoh),Uttarakhand,52,PAURI GARHWAL,29.75108333,78.52341667,2023-08-24,0.5,0.5,1
2530,Srinagar_2,Uttarakhand,52,PAURI GARHWAL,30.23581944,78.81720278,2023-08-24,12.0,5.0,4
2531,Pithoragarh,Uttarakhand,53,Pithoragarh,29.57938889,80.21886111,2023-08-24,11.5,5.0,7
2532,Chandranagar_1,Uttarakhand,54,Rudraprayag,30.41541667,79.06208333,2023-08-24,0.5,0.5,1
2533,Kempty,Uttarakhand,55,Tehri Garhwal,30.49075,78.04738889,2023-08-24,0.5,0.5,1
2534,Gadarpur,Uttarakhand,56,UDHAM SINGH NAGAR,29.04324167,79.24461944,2023-08-24,1.0,0.5,2
2535,Haripura_2,Uttarakhand,56,UDHAM SINGH NAGAR,29.13151944,79.25965556,2023-08-24,0.5,0.5,1
2536,Rudrapur_2,Uttarakhand,56,UDHAM SINGH NAGAR,28.97373611,79.39988611,2023-08-24,49.5,19.0,8
2537,Sitarganj_1,Uttarakhand,56,UDHAM SINGH NAGAR,28.92971389,79.703,2023-08-24,41.0,12.0,14
2538,Baijnath (Gomti),Uttarakhand,46,Bageshwar,29.90822222,79.61769444,2023-08-25,3.5,1.0,6
2539,Champawat_1,Uttarakhand,48,Champawat,29.33341667,80.08469444,2023-08-25,1.0,0.5,2
2540,Tanakpur_1,Uttarakhand,48,Champawat,29.07222222,80.1175,2023-08-25,1.0,0.5,2
2541,Dakpathar,Uttarakhand,49,Dehradun,30.49866667,77.79744444,2023-08-25,4.5,1.5,5
2542,Gola_1,Uttarakhand,51,Nainital,29.27136111,79.54743333,2023-08-25,2.0,0.5,4
2543,Mukteshwar_1,Uttarakhand,51,Nainital,29.47413889,79.65119444,2023-08-25,2.0,1.0,2
2544,Nachni,Uttarakhand,53,Pithoragarh,29.90594444,80.16097222,2023-08-25,0.5,0.5,1
2545,Pithoragarh,Uttarakhand,53,Pithoragarh,29.57938889,80.21886111,2023-08-25,7.5,2.0,6
2546,Chandranagar_1,Uttarakhand,54,Rudraprayag,30.41541667,79.06208333,2023-08-25,192.0,192.0,1
2547,Kempty,Uttarakhand,55,Tehri Garhwal,30.49075,78.04738889,2023-08-25,0.5,0.5,1
2548,Rudrapur_2,Uttarakhand,56,UDHAM SINGH NAGAR,28.97373611,79.39988611,2023-08-25,3.0,1.0,4
2549,Sitarganj_1,Uttarakhand,56,UDHAM SINGH NAGAR,28.92971389,79.703,2023-08-25,10.0,3.0,4
2550,Baijnath (Gomti),Uttarakhand,46,Bageshwar,29.90822222,79.61769444,2023-08-26,0.5,0.5,1
2551,Tanakpur_1,Uttarakhand,48,Champawat,29.07222222,80.1175,2023-08-26,1.0,0.5,2
2552,Bahadarabad,Uttarakhand,50,Haridwar,29.92380278,78.03671389,2023-08-26,4.0,2.0,2
2553,Gola_1,Uttarakhand,51,Nainital,29.27136111,79.54743333,2023-08-26,1.0,0.5,2
2554,Dharchula_1,Uttarakhand,53,Pithoragarh,29.84825,80.54047222,2023-08-26,160.0,160.0,1
2555,Nachni,Uttarakhand,53,Pithoragarh,29.90594444,80.16097222,2023-08-26,1.0,0.5,2
2556,Chandranagar_1,Uttarakhand,54,Rudraprayag,30.41541667,79.06208333,2023-08-26,1.0,0.5,2
2557,Kempty,Uttarakhand,55,Tehri Garhwal,30.49075,78.04738889,2023-08-26,86.0,80.0,3
2558,Gadarpur,Uttarakhand,56,UDHAM SINGH NAGAR,29.04324167,79.24461944,2023-08-26,0.5,0.5,1
2559,Dakpathar,Uttarakhand,49,Dehradun,30.49866667,77.79744444,2023-08-27,4.0,2.0,3
2560,Gola_1,Uttarakhand,51,Nainital,29.27136111,79.54743333,2023-08-27,1.0,0.5,2
2561,Nachni,Uttarakhand,53,Pithoragarh,29.90594444,80.16097222,2023-08-27,1.0,0.5,2
2562,Almora_1,Uttarakhand,45,Almora,29.59575833,79.65063889,2023-08-28,4.0,2.0,2
2563,Lamgara,Uttarakhand,45,Almora,29.53866667,79.74994444,2023-08-28,12.0,6.0,2
2564,Badrinath_1,Uttarakhand,47,Chamoli,30.74513889,79.49436111,2023-08-28,3.0,3.0,1
2565,Bahadarabad,Uttarakhand,50,Haridwar,29.92380278,78.03671389,2023-08-28,12.0,6.0,2
2566,Mukteshwar_1,Uttarakhand,51,Nainital,29.47413889,79.65119444,2023-08-28,3.0,1.0,5
2567,Nachni,Uttarakhand,53,Pithoragarh,29.90594444,80.16097222,2023-08-28,1.0,0.5,2
2568,Pithoragarh,Uttarakhand,53,Pithoragarh,29.57938889,80.21886111,2023-08-28,2.0,0.5,4
2569,Chandranagar_1,Uttarakhand,54,Rudraprayag,30.41541667,79.06208333,2023-08-28,6.5,6.5,1
2570,Nachni,Uttarakhand,53,Pithoragarh,29.90594444,80.16097222,2023-08-29,1.5,0.5,3
2571,Gola_1,Uttarakhand,51,Nainital,29.27136111,79.54743333,2023-08-30,1.0,0.5,2
2572,Mukteshwar_1,Uttarakhand,51,Nainital,29.47413889,79.65119444,2023-08-30,36.0,12.5,4
2573,Nachni,Uttarakhand,53,Pithoragarh,29.90594444,80.16097222,2023-08-30,2.0,0.5,4
2574,Haripura_2,Uttarakhand,56,UDHAM SINGH NAGAR,29.13151944,79.25965556,2023-08-30,64.5,64.5,1
2575,Nachni,Uttarakhand,53,Pithoragarh,29.90594444,80.16097222,2023-08-31,1.5,0.5,3
2576,Sonprayag_1,Uttarakhand,54,Rudraprayag,30.63547222,78.99941667,2023-08-31,1.0,0.5,2
2577,Nandprayag (Nandakini),Uttarakhand,47,Chamoli,30.33122222,79.31063889,2023-09-01,149.0,149.0,1
2578,Doiwala (Bhogpur),Uttarakhand,49,Dehradun,30.22270833,78.23418611,2023-09-01,192.0,192.0,1
2579,Manglaur_1,Uttarakhand,50,Haridwar,29.78567778,77.86368889,2023-09-01,282.0,282.0,1
2580,Nachni,Uttarakhand,53,Pithoragarh,29.90594444,80.16097222,2023-09-01,1.5,0.5,3
2581,Baijnath (Gomti),Uttarakhand,46,Bageshwar,29.90822222,79.61769444,2023-09-02,12.0,12.0,1
2582,Yamuna Colony,Uttarakhand,49,Dehradun,30.33775278,78.03311667,2023-09-02,103.0,103.0,1
2583,Gola_1,Uttarakhand,51,Nainital,29.27136111,79.54743333,2023-09-02,0.5,0.5,1
2584,Nachni,Uttarakhand,53,Pithoragarh,29.90594444,80.16097222,2023-09-02,0.5,0.5,1
2585,Sonprayag_1,Uttarakhand,54,Rudraprayag,30.63547222,78.99941667,2023-09-02,2.0,1.5,2
2586,Kempty,Uttarakhand,55,Tehri Garhwal,30.49075,78.04738889,2023-09-02,257.0,257.0,1
2587,Almora_1,Uttarakhand,45,Almora,29.59575833,79.65063889,2023-09-04,22.5,21.5,2
2588,Baijnath (Gomti),Uttarakhand,46,Bageshwar,29.90822222,79.61769444,2023-09-04,0.5,0.5,1
2589,Danda_1,Uttarakhand,48,Champawat,29.15927778,80.10852778,2023-09-04,40.0,40.0,1
2590,Chakrata,Uttarakhand,49,Dehradun,30.76115556,77.86502778,2023-09-04,0.5,0.5,1
2591,Yamuna Colony,Uttarakhand,49,Dehradun,30.33775278,78.03311667,2023-09-04,699.0,354.0,2
2592,Yamkeshwar,Uttarakhand,52,PAURI GARHWAL,29.96130556,78.44086111,2023-09-04,278.0,278.0,1
2593,Nachni,Uttarakhand,53,Pithoragarh,29.90594444,80.16097222,2023-09-04,0.5,0.5,1
2594,Chandranagar_1,Uttarakhand,54,Rudraprayag,30.41541667,79.06208333,2023-09-04,7.5,5.5,4
2595,Baijnath (Gomti),Uttarakhand,46,Bageshwar,29.90822222,79.61769444,2023-09-05,2.0,0.5,4
2596,Kapkot (Saryu),Uttarakhand,46,Bageshwar,29.94516667,79.9025,2023-09-05,2.0,0.5,4
2597,Yamuna Colony,Uttarakhand,49,Dehradun,30.33775278,78.03311667,2023-09-05,3690.5,364.5,11
2598,Mukteshwar_1,Uttarakhand,51,Nainital,29.47413889,79.65119444,2023-09-05,130.0,129.0,2
2599,Nachni,Uttarakhand,53,Pithoragarh,29.90594444,80.16097222,2023-09-05,0.5,0.5,1
2600,Gadarpur,Uttarakhand,56,UDHAM SINGH NAGAR,29.04324167,79.24461944,2023-09-05,1.0,0.5,2
2601,Almora_1,Uttarakhand,45,Almora,29.59575833,79.65063889,2023-09-06,1.0,0.5,2
2602,Champawat_1,Uttarakhand,48,Champawat,29.33341667,80.08469444,2023-09-06,473.5,472.5,3
2603,Yamuna Colony,Uttarakhand,49,Dehradun,30.33775278,78.03311667,2023-09-06,4095.5,367.5,12
2604,Dharchula_1,Uttarakhand,53,Pithoragarh,29.84825,80.54047222,2023-09-06,180.0,180.0,1
2605,Nachni,Uttarakhand,53,Pithoragarh,29.90594444,80.16097222,2023-09-06,1.5,0.5,3
2606,Chandranagar_1,Uttarakhand,54,Rudraprayag,30.41541667,79.06208333,2023-09-06,2.0,1.0,3
2607,Yamuna Colony,Uttarakhand,49,Dehradun,30.33775278,78.03311667,2023-09-07,4031.5,359.0,12
2608,Nachni,Uttarakhand,53,Pithoragarh,29.90594444,80.16097222,2023-09-07,1.0,0.5,2
2609,Rudrapur_2,Uttarakhand,56,UDHAM SINGH NAGAR,28.97373611,79.39988611,2023-09-07,3.0,1.5,2
2610,Sitarganj_1,Uttarakhand,56,UDHAM SINGH NAGAR,28.92971389,79.703,2023-09-07,1.0,0.5,2
2611,Almora_1,Uttarakhand,45,Almora,29.59575833,79.65063889,2023-09-08,2.0,0.5,4
2612,Lamgara,Uttarakhand,45,Almora,29.53866667,79.74994444,2023-09-08,5.0,1.0,7
2613,Baijnath (Gomti),Uttarakhand,46,Bageshwar,29.90822222,79.61769444,2023-09-08,0.5,0.5,1
2614,Kapkot (Saryu),Uttarakhand,46,Bageshwar,29.94516667,79.9025,2023-09-08,27.5,8.0,11
2615,Champawat_1,Uttarakhand,48,Champawat,29.33341667,80.08469444,2023-09-08,2.0,0.5,4
2616,Dakpathar,Uttarakhand,49,Dehradun,30.49866667,77.79744444,2023-09-08,30.0,27.0,5
2617,Yamuna Colony,Uttarakhand,49,Dehradun,30.33775278,78.03311667,2023-09-08,4300.0,355.0,13
2618,Bahadarabad,Uttarakhand,50,Haridwar,29.92380278,78.03671389,2023-09-08,0.5,0.5,1
2619,Roorkee_2,Uttarakhand,50,Haridwar,29.86771944,77.88415556,2023-09-08,4.0,4.0,1
2620,Gola_1,Uttarakhand,51,Nainital,29.27136111,79.54743333,2023-09-08,3.0,0.5,6
2621,Mukteshwar_1,Uttarakhand,51,Nainital,29.47413889,79.65119444,2023-09-08,1.0,0.5,2
2622,Dugadda (Khoh),Uttarakhand,52,PAURI GARHWAL,29.75108333,78.52341667,2023-09-08,1.0,0.5,2
2623,Srinagar_2,Uttarakhand,52,PAURI GARHWAL,30.23581944,78.81720278,2023-09-08,4.5,4.5,1
2624,Dharchula_1,Uttarakhand,53,Pithoragarh,29.84825,80.54047222,2023-09-08,0.5,0.5,1
2625,Nachni,Uttarakhand,53,Pithoragarh,29.90594444,80.16097222,2023-09-08,1.0,0.5,2
2626,Pithoragarh,Uttarakhand,53,Pithoragarh,29.57938889,80.21886111,2023-09-08,15.0,4.5,8
2627,Chandranagar_1,Uttarakhand,54,Rudraprayag,30.41541667,79.06208333,2023-09-08,147.5,144.0,3
2628,Kempty,Uttarakhand,55,Tehri Garhwal,30.49075,78.04738889,2023-09-08,5.5,4.0,2
2629,Gadarpur,Uttarakhand,56,UDHAM SINGH NAGAR,29.04324167,79.24461944,2023-09-08,2.5,0.5,5
2630,Haripura_2,Uttarakhand,56,UDHAM SINGH NAGAR,29.13151944,79.25965556,2023-09-08,19.0,14.0,3
2631,Rudrapur_2,Uttarakhand,56,UDHAM SINGH NAGAR,28.97373611,79.39988611,2023-09-08,54.0,26.0,6
2632,Sitarganj_1,Uttarakhand,56,UDHAM SINGH NAGAR,28.92971389,79.703,2023-09-08,1.0,0.5,2
2633,Tumaria,Uttarakhand,56,UDHAM SINGH NAGAR,29.30704722,78.93133056,2023-09-08,34.0,26.0,3
2634,Almora_1,Uttarakhand,45,Almora,29.59575833,79.65063889,2023-09-09,7.0,1.0,8
2635,Lamgara,Uttarakhand,45,Almora,29.53866667,79.74994444,2023-09-09,23.5,2.5,25
2636,Baijnath (Gomti),Uttarakhand,46,Bageshwar,29.90822222,79.61769444,2023-09-09,1.0,0.5,2
2637,Kapkot (Saryu),Uttarakhand,46,Bageshwar,29.94516667,79.9025,2023-09-09,16.0,1.0,28
2638,Champawat_1,Uttarakhand,48,Champawat,29.33341667,80.08469444,2023-09-09,1.0,0.5,2
2639,Danda_1,Uttarakhand,48,Champawat,29.15927778,80.10852778,2023-09-09,161.0,161.0,1
2640,Chakrata,Uttarakhand,49,Dehradun,30.76115556,77.86502778,2023-09-09,4.5,2.0,4
2641,Dakpathar,Uttarakhand,49,Dehradun,30.49866667,77.79744444,2023-09-09,15.5,3.5,7
2642,Yamuna Colony,Uttarakhand,49,Dehradun,30.33775278,78.03311667,2023-09-09,4814.0,335.5,15
2643,Bahadarabad,Uttarakhand,50,Haridwar,29.92380278,78.03671389,2023-09-09,5.5,0.5,11
2644,Khanpur_5,Uttarakhand,50,Haridwar,29.641375,78.00678611,2023-09-09,1.0,0.5,2
2645,Roorkee_2,Uttarakhand,50,Haridwar,29.86771944,77.88415556,2023-09-09,5.0,2.0,4
2646,Gola_1,Uttarakhand,51,Nainital,29.27136111,79.54743333,2023-09-09,2.0,0.5,4
2647,Mukteshwar_1,Uttarakhand,51,Nainital,29.47413889,79.65119444,2023-09-09,9.5,2.5,7
2648,Dugadda (Khoh),Uttarakhand,52,PAURI GARHWAL,29.75108333,78.52341667,2023-09-09,1.0,0.5,2
2649,Srinagar_2,Uttarakhand,52,PAURI GARHWAL,30.23581944,78.81720278,2023-09-09,5.0,2.5,3
2650,Dharchula_1,Uttarakhand,53,Pithoragarh,29.84825,80.54047222,2023-09-09,76.0,30.0,4
2651,Nachni,Uttarakhand,53,Pithoragarh,29.90594444,80.16097222,2023-09-09,1.0,0.5,2
2652,Pithoragarh,Uttarakhand,53,Pithoragarh,29.57938889,80.21886111,2023-09-09,8.5,3.0,7
2653,Chandranagar_1,Uttarakhand,54,Rudraprayag,30.41541667,79.06208333,2023-09-09,54.5,8.5,25
2654,Kempty,Uttarakhand,55,Tehri Garhwal,30.49075,78.04738889,2023-09-09,20.0,4.0,10
2655,Gadarpur,Uttarakhand,56,UDHAM SINGH NAGAR,29.04324167,79.24461944,2023-09-09,1.0,0.5,2
2656,Haripura_2,Uttarakhand,56,UDHAM SINGH NAGAR,29.13151944,79.25965556,2023-09-09,5.0,2.5,5
2657,Rudrapur_2,Uttarakhand,56,UDHAM SINGH NAGAR,28.97373611,79.39988611,2023-09-09,24.5,10.5,7
2658,Sitarganj_1,Uttarakhand,56,UDHAM SINGH NAGAR,28.92971389,79.703,2023-09-09,35.0,9.5,12
2659,Tumaria,Uttarakhand,56,UDHAM SINGH NAGAR,29.30704722,78.93133056,2023-09-09,22.5,13.0,10
2660,Lamgara,Uttarakhand,45,Almora,29.53866667,79.74994444,2023-09-10,296.0,19.0,44
2661,Baijnath (Gomti),Uttarakhand,46,Bageshwar,29.90822222,79.61769444,2023-09-10,0.5,0.5,1
2662,Kapkot (Saryu),Uttarakhand,46,Bageshwar,29.94516667,79.9025,2023-09-10,28.5,1.0,44
2663,Tanakpur_1,Uttarakhand,48,Champawat,29.07222222,80.1175,2023-09-10,1.0,0.5,2
2664,Dakpathar,Uttarakhand,49,Dehradun,30.49866667,77.79744444,2023-09-10,6.5,3.0,3
2665,Yamuna Colony,Uttarakhand,49,Dehradun,30.33775278,78.03311667,2023-09-10,911.5,305.0,3
2666,Bahadarabad,Uttarakhand,50,Haridwar,29.92380278,78.03671389,2023-09-10,6.5,2.0,7
2667,Khanpur_5,Uttarakhand,50,Haridwar,29.641375,78.00678611,2023-09-10,2.0,0.5,4
2668,Roorkee_2,Uttarakhand,50,Haridwar,29.86771944,77.88415556,2023-09-10,41.5,14.5,4
2669,Gola_1,Uttarakhand,51,Nainital,29.27136111,79.54743333,2023-09-10,2.0,0.5,4
2670,Dugadda (Khoh),Uttarakhand,52,PAURI GARHWAL,29.75108333,78.52341667,2023-09-10,2.5,0.5,5
2671,Srinagar_2,Uttarakhand,52,PAURI GARHWAL,30.23581944,78.81720278,2023-09-10,44.0,15.0,5
2672,Dharchula_1,Uttarakhand,53,Pithoragarh,29.84825,80.54047222,2023-09-10,257.0,257.0,1
2673,Nachni,Uttarakhand,53,Pithoragarh,29.90594444,80.16097222,2023-09-10,1.0,0.5,2
2674,Pithoragarh,Uttarakhand,53,Pithoragarh,29.57938889,80.21886111,2023-09-10,317.5,202.0,26
2675,Chandranagar_1,Uttarakhand,54,Rudraprayag,30.41541667,79.06208333,2023-09-10,96.5,8.5,32
2676,Kempty,Uttarakhand,55,Tehri Garhwal,30.49075,78.04738889,2023-09-10,25.0,5.5,8
2677,Gadarpur,Uttarakhand,56,UDHAM SINGH NAGAR,29.04324167,79.24461944,2023-09-10,0.5,0.5,1
2678,Rudrapur_2,Uttarakhand,56,UDHAM SINGH NAGAR,28.97373611,79.39988611,2023-09-10,278.5,32.0,37
2679,Sitarganj_1,Uttarakhand,56,UDHAM SINGH NAGAR,28.92971389,79.703,2023-09-10,102.5,10.0,33
2680,Tumaria,Uttarakhand,56,UDHAM SINGH NAGAR,29.30704722,78.93133056,2023-09-10,58.0,15.5,9
2681,Almora_1,Uttarakhand,45,Almora,29.59575833,79.65063889,2023-09-11,0.5,0.5,1
2682,Lamgara,Uttarakhand,45,Almora,29.53866667,79.74994444,2023-09-11,13.5,4.0,5
2683,Baijnath (Gomti),Uttarakhand,46,Bageshwar,29.90822222,79.61769444,2023-09-11,1.0,0.5,2
2684,Kapkot (Saryu),Uttarakhand,46,Bageshwar,29.94516667,79.9025,2023-09-11,5.5,1.0,9
2685,Nandprayag (Nandakini),Uttarakhand,47,Chamoli,30.33122222,79.31063889,2023-09-11,2.5,0.5,5
2686,Tanakpur_1,Uttarakhand,48,Champawat,29.07222222,80.1175,2023-09-11,1.0,0.5,2
2687,Dakpathar,Uttarakhand,49,Dehradun,30.49866667,77.79744444,2023-09-11,1.0,0.5,2
2688,Gola_1,Uttarakhand,51,Nainital,29.27136111,79.54743333,2023-09-11,-22.5,263.0,4
2689,Nachni,Uttarakhand,53,Pithoragarh,29.90594444,80.16097222,2023-09-11,0.5,0.5,1
2690,Pithoragarh,Uttarakhand,53,Pithoragarh,29.57938889,80.21886111,2023-09-11,5.5,1.5,4
2691,Basukedar,Uttarakhand,54,Rudraprayag,30.43919444,79.05633333,2023-09-11,2.0,1.0,3
2692,Gadarpur,Uttarakhand,56,UDHAM SINGH NAGAR,29.04324167,79.24461944,2023-09-11,0.5,0.5,1
2693,Rudrapur_2,Uttarakhand,56,UDHAM SINGH NAGAR,28.97373611,79.39988611,2023-09-11,52.0,13.5,9
2694,Sitarganj_1,Uttarakhand,56,UDHAM SINGH NAGAR,28.92971389,79.703,2023-09-11,23.5,5.5,7
2695,Tumaria,Uttarakhand,56,UDHAM SINGH NAGAR,29.30704722,78.93133056,2023-09-11,1.5,1.0,2
2696,Kosi_1,Uttarakhand,45,Almora,29.6191,79.62060833,2023-09-12,0.5,0.5,1
2697,Baijnath (Gomti),Uttarakhand,46,Bageshwar,29.90822222,79.61769444,2023-09-12,187.5,187.0,2
2698,Nandprayag (Nandakini),Uttarakhand,47,Chamoli,30.33122222,79.31063889,2023-09-12,9.0,1.0,14
2699,Champawat_1,Uttarakhand,48,Champawat,29.33341667,80.08469444,2023-09-12,1.0,0.5,2
2700,Dakpathar,Uttarakhand,49,Dehradun,30.49866667,77.79744444,2023-09-12,0.5,0.5,1
2701,Yamuna Colony,Uttarakhand,49,Dehradun,30.33775278,78.03311667,2023-09-12,2331.0,347.5,7
2702,Roorkee_2,Uttarakhand,50,Haridwar,29.86771944,77.88415556,2023-09-12,1.0,1.0,1
2703,Gola_1,Uttarakhand,51,Nainital,29.27136111,79.54743333,2023-09-12,1.0,0.5,2
2704,Srinagar_2,Uttarakhand,52,PAURI GARHWAL,30.23581944,78.81720278,2023-09-12,1.5,1.5,1
2705,Nachni,Uttarakhand,53,Pithoragarh,29.90594444,80.16097222,2023-09-12,0.5,0.5,1
2706,Sonprayag_1,Uttarakhand,54,Rudraprayag,30.63547222,78.99941667,2023-09-12,588.0,396.0,2
2707,Gadarpur,Uttarakhand,56,UDHAM SINGH NAGAR,29.04324167,79.24461944,2023-09-12,1.0,0.5,2
2708,Baijnath (Gomti),Uttarakhand,46,Bageshwar,29.90822222,79.61769444,2023-09-13,0.5,0.5,1
2709,Kapkot (Saryu),Uttarakhand,46,Bageshwar,29.94516667,79.9025,2023-09-13,1.0,0.5,2
2710,Nandprayag (Nandakini),Uttarakhand,47,Chamoli,30.33122222,79.31063889,2023-09-13,3.5,1.5,5
2711,Dakpathar,Uttarakhand,49,Dehradun,30.49866667,77.79744444,2023-09-13,18.0,12.5,3
2712,Yamuna Colony,Uttarakhand,49,Dehradun,30.33775278,78.03311667,2023-09-13,1626.0,336.0,5
2713,Gola_1,Uttarakhand,51,Nainital,29.27136111,79.54743333,2023-09-13,1.5,0.5,3
2714,Nachni,Uttarakhand,53,Pithoragarh,29.90594444,80.16097222,2023-09-13,1.5,0.5,3
2715,Basukedar,Uttarakhand,54,Rudraprayag,30.43919444,79.05633333,2023-09-13,0.5,0.5,1
2716,Sonprayag_1,Uttarakhand,54,Rudraprayag,30.63547222,78.99941667,2023-09-13,33.0,14.0,4
2717,Gadarpur,Uttarakhand,56,UDHAM SINGH NAGAR,29.04324167,79.24461944,2023-09-13,1.0,0.5,2
2718,Haripura_2,Uttarakhand,56,UDHAM SINGH NAGAR,29.13151944,79.25965556,2023-09-13,11.0,5.5,2
2719,Almora_1,Uttarakhand,45,Almora,29.59575833,79.65063889,2023-09-14,3.0,1.0,4
2720,Lamgara,Uttarakhand,45,Almora,29.53866667,79.74994444,2023-09-14,7.0,1.5,8
2721,Baijnath (Gomti),Uttarakhand,46,Bageshwar,29.90822222,79.61769444,2023-09-14,1.0,0.5,2
2722,Kapkot (Saryu),Uttarakhand,46,Bageshwar,29.94516667,79.9025,2023-09-14,23.0,6.5,13
2723,Chakrata,Uttarakhand,49,Dehradun,30.76115556,77.86502778,2023-09-14,0.5,0.5,1
2724,Dakpathar,Uttarakhand,49,Dehradun,30.49866667,77.79744444,2023-09-14,1.0,0.5,2
2725,Yamuna Colony,Uttarakhand,49,Dehradun,30.33775278,78.03311667,2023-09-14,2032.5,352.0,6
2726,Gola_1,Uttarakhand,51,Nainital,29.27136111,79.54743333,2023-09-14,1.5,0.5,3
2727,Mukteshwar_1,Uttarakhand,51,Nainital,29.47413889,79.65119444,2023-09-14,6.0,5.5,2
2728,Nachni,Uttarakhand,53,Pithoragarh,29.90594444,80.16097222,2023-09-14,1.0,0.5,2
2729,Basukedar,Uttarakhand,54,Rudraprayag,30.43919444,79.05633333,2023-09-14,22.0,10.0,6
2730,Chandranagar_1,Uttarakhand,54,Rudraprayag,30.41541667,79.06208333,2023-09-14,11.0,2.5,7
2731,Sonprayag_1,Uttarakhand,54,Rudraprayag,30.63547222,78.99941667,2023-09-14,19.0,6.5,8
2732,Kempty,Uttarakhand,55,Tehri Garhwal,30.49075,78.04738889,2023-09-14,0.5,0.5,1
2733,Gadarpur,Uttarakhand,56,UDHAM SINGH NAGAR,29.04324167,79.24461944,2023-09-14,0.5,0.5,1
2734,Haripura_2,Uttarakhand,56,UDHAM SINGH NAGAR,29.13151944,79.25965556,2023-09-14,128.0,128.0,1
2735,Rudrapur_2,Uttarakhand,56,UDHAM SINGH NAGAR,28.97373611,79.39988611,2023-09-14,38.0,17.0,4
2736,Sitarganj_1,Uttarakhand,56,UDHAM SINGH NAGAR,28.92971389,79.703,2023-09-14,-238.0,-238.0,1
2737,Tumaria,Uttarakhand,56,UDHAM SINGH NAGAR,29.30704722,78.93133056,2023-09-14,64.0,32.0,2
2738,Baijnath (Gomti),Uttarakhand,46,Bageshwar,29.90822222,79.61769444,2023-09-15,1.0,0.5,2
2739,Nandprayag (Nandakini),Uttarakhand,47,Chamoli,30.33122222,79.31063889,2023-09-15,1.0,1.0,1
2740,Chakrata,Uttarakhand,49,Dehradun,30.76115556,77.86502778,2023-09-15,47.5,35.5,8
2741,Dakpathar,Uttarakhand,49,Dehradun,30.49866667,77.79744444,2023-09-15,3.5,3.0,2
2742,Yamuna Colony,Uttarakhand,49,Dehradun,30.33775278,78.03311667,2023-09-15,974.5,344.5,3
2743,Bahadarabad,Uttarakhand,50,Haridwar,29.92380278,78.03671389,2023-09-15,51.5,22.0,11
2744,Roorkee_2,Uttarakhand,50,Haridwar,29.86771944,77.88415556,2023-09-15,109.5,53.5,8
2745,Gola_1,Uttarakhand,51,Nainital,29.27136111,79.54743333,2023-09-15,1.5,0.5,3
2746,Mukteshwar_1,Uttarakhand,51,Nainital,29.47413889,79.65119444,2023-09-15,1.5,1.0,2
2747,Dugadda (Khoh),Uttarakhand,52,PAURI GARHWAL,29.75108333,78.52341667,2023-09-15,0.5,0.5,1
2748,Srinagar_2,Uttarakhand,52,PAURI GARHWAL,30.23581944,78.81720278,2023-09-15,116.5,56.5,8
2749,Nachni,Uttarakhand,53,Pithoragarh,29.90594444,80.16097222,2023-09-15,1.5,0.5,3
2750,Pithoragarh,Uttarakhand,53,Pithoragarh,29.57938889,80.21886111,2023-09-15,1.0,1.0,1
2751,Basukedar,Uttarakhand,54,Rudraprayag,30.43919444,79.05633333,2023-09-15,29.0,7.5,9
2752,Chandranagar_1,Uttarakhand,54,Rudraprayag,30.41541667,79.06208333,2023-09-15,5.0,3.0,4
2753,Sonprayag_1,Uttarakhand,54,Rudraprayag,30.63547222,78.99941667,2023-09-15,27.0,11.0,8
2754,Kempty,Uttarakhand,55,Tehri Garhwal,30.49075,78.04738889,2023-09-15,20.0,6.0,8
2755,Haripura_2,Uttarakhand,56,UDHAM SINGH NAGAR,29.13151944,79.25965556,2023-09-15,-46.0,-46.0,1
2756,Sitarganj_1,Uttarakhand,56,UDHAM SINGH NAGAR,28.92971389,79.703,2023-09-15,6.0,3.0,2
2757,Tumaria,Uttarakhand,56,UDHAM SINGH NAGAR,29.30704722,78.93133056,2023-09-15,5.0,1.0,6
2758,Almora_1,Uttarakhand,45,Almora,29.59575833,79.65063889,2023-09-16,1.0,0.5,2
2759,Lamgara,Uttarakhand,45,Almora,29.53866667,79.74994444,2023-09-16,13.0,3.0,7
2760,Kapkot (Saryu),Uttarakhand,46,Bageshwar,29.94516667,79.9025,2023-09-16,12.5,3.5,11
2761,Nandprayag (Nandakini),Uttarakhand,47,Chamoli,30.33122222,79.31063889,2023-09-16,277.0,277.0,1
2762,Yamuna Colony,Uttarakhand,49,Dehradun,30.33775278,78.03311667,2023-09-16,1624.0,342.5,5
2763,Bahadarabad,Uttarakhand,50,Haridwar,29.92380278,78.03671389,2023-09-16,11.0,8.0,2
2764,Roorkee_2,Uttarakhand,50,Haridwar,29.86771944,77.88415556,2023-09-16,13.5,9.0,3
2765,Gola_1,Uttarakhand,51,Nainital,29.27136111,79.54743333,2023-09-16,2.0,0.5,4
2766,Mukteshwar_1,Uttarakhand,51,Nainital,29.47413889,79.65119444,2023-09-16,10.5,5.5,3
2767,Dugadda (Khoh),Uttarakhand,52,PAURI GARHWAL,29.75108333,78.52341667,2023-09-16,0.5,0.5,1
2768,Srinagar_2,Uttarakhand,52,PAURI GARHWAL,30.23581944,78.81720278,2023-09-16,14.5,10.0,3
2769,Nachni,Uttarakhand,53,Pithoragarh,29.90594444,80.16097222,2023-09-16,0.5,0.5,1
2770,Chandranagar_1,Uttarakhand,54,Rudraprayag,30.41541667,79.06208333,2023-09-16,2.0,0.5,4
2771,Kempty,Uttarakhand,55,Tehri Garhwal,30.49075,78.04738889,2023-09-16,2.0,1.0,3
2772,Rudrapur_2,Uttarakhand,56,UDHAM SINGH NAGAR,28.97373611,79.39988611,2023-09-16,27.0,12.5,6
2773,Sitarganj_1,Uttarakhand,56,UDHAM SINGH NAGAR,28.92971389,79.703,2023-09-16,1.0,0.5,2
2774,Tumaria,Uttarakhand,56,UDHAM SINGH NAGAR,29.30704722,78.93133056,2023-09-16,7.0,3.0,4
2775,Almora_1,Uttarakhand,45,Almora,29.59575833,79.65063889,2023-09-17,0.5,0.5,1
2776,Lamgara,Uttarakhand,45,Almora,29.53866667,79.74994444,2023-09-17,4.5,1.0,5
2777,Baijnath (Gomti),Uttarakhand,46,Bageshwar,29.90822222,79.61769444,2023-09-17,0.5,0.5,1
2778,Kapkot (Saryu),Uttarakhand,46,Bageshwar,29.94516667,79.9025,2023-09-17,1.0,0.5,2
2779,Chakrata,Uttarakhand,49,Dehradun,30.76115556,77.86502778,2023-09-17,13.0,8.5,4
2780,Yamuna Colony,Uttarakhand,49,Dehradun,30.33775278,78.03311667,2023-09-17,1306.0,331.5,4
2781,Gola_1,Uttarakhand,51,Nainital,29.27136111,79.54743333,2023-09-17,1.5,0.5,3
2782,Mukteshwar_1,Uttarakhand,51,Nainital,29.47413889,79.65119444,2023-09-17,1.0,1.0,1
2783,Dharchula_1,Uttarakhand,53,Pithoragarh,29.84825,80.54047222,2023-09-17,49.5,49.5,1
2784,Pithoragarh,Uttarakhand,53,Pithoragarh,29.57938889,80.21886111,2023-09-17,2.0,1.0,2
2785,Basukedar,Uttarakhand,54,Rudraprayag,30.43919444,79.05633333,2023-09-17,9.5,7.0,2
2786,Chandranagar_1,Uttarakhand,54,Rudraprayag,30.41541667,79.06208333,2023-09-17,53.5,23.0,5
2787,Sonprayag_1,Uttarakhand,54,Rudraprayag,30.63547222,78.99941667,2023-09-17,13.0,6.5,2
2788,Kempty,Uttarakhand,55,Tehri Garhwal,30.49075,78.04738889,2023-09-17,16.0,6.0,4
2789,Gadarpur,Uttarakhand,56,UDHAM SINGH NAGAR,29.04324167,79.24461944,2023-09-17,1.0,0.5,2
2790,Haripura_2,Uttarakhand,56,UDHAM SINGH NAGAR,29.13151944,79.25965556,2023-09-17,1.0,0.5,2
2791,Rudrapur_2,Uttarakhand,56,UDHAM SINGH NAGAR,28.97373611,79.39988611,2023-09-17,31.5,4.0,17
2792,Sitarganj_1,Uttarakhand,56,UDHAM SINGH NAGAR,28.92971389,79.703,2023-09-17,9.0,1.5,8
2793,Tumaria,Uttarakhand,56,UDHAM SINGH NAGAR,29.30704722,78.93133056,2023-09-17,10.5,3.0,6
2794,Almora_1,Uttarakhand,45,Almora,29.59575833,79.65063889,2023-09-18,1.5,0.5,3
2795,Baijnath (Gomti),Uttarakhand,46,Bageshwar,29.90822222,79.61769444,2023-09-18,0.5,0.5,1
2796,Kapkot (Saryu),Uttarakhand,46,Bageshwar,29.94516667,79.9025,2023-09-18,0.5,0.5,1
2797,Badrinath_1,Uttarakhand,47,Chamoli,30.74513889,79.49436111,2023-09-18,7.5,2.5,3
2798,Nandprayag (Nandakini),Uttarakhand,47,Chamoli,30.33122222,79.31063889,2023-09-18,1.0,0.5,2
2799,Chakrata,Uttarakhand,49,Dehradun,30.76115556,77.86502778,2023-09-18,16.0,8.0,5
2800,Yamuna Colony,Uttarakhand,49,Dehradun,30.33775278,78.03311667,2023-09-18,2642.5,351.5,8
2801,Gola_1,Uttarakhand,51,Nainital,29.27136111,79.54743333,2023-09-18,1.5,0.5,3
2802,Mukteshwar_1,Uttarakhand,51,Nainital,29.47413889,79.65119444,2023-09-18,15.0,12.5,3
2803,Pithoragarh,Uttarakhand,53,Pithoragarh,29.57938889,80.21886111,2023-09-18,6.0,2.0,4
2804,Chandranagar_1,Uttarakhand,54,Rudraprayag,30.41541667,79.06208333,2023-09-18,1.0,0.5,2
2805,Kempty,Uttarakhand,55,Tehri Garhwal,30.49075,78.04738889,2023-09-18,13.5,11.0,2
2806,Gadarpur,Uttarakhand,56,UDHAM SINGH NAGAR,29.04324167,79.24461944,2023-09-18,1.0,0.5,2
2807,Lamgara,Uttarakhand,45,Almora,29.53866667,79.74994444,2023-09-19,7.5,7.5,1
2808,Baijnath (Gomti),Uttarakhand,46,Bageshwar,29.90822222,79.61769444,2023-09-19,0.5,0.5,1
2809,Kapkot (Saryu),Uttarakhand,46,Bageshwar,29.94516667,79.9025,2023-09-19,2.5,0.5,5
2810,Nandprayag (Nandakini),Uttarakhand,47,Chamoli,30.33122222,79.31063889,2023-09-19,1.5,0.5,3
2811,Champawat_1,Uttarakhand,48,Champawat,29.33341667,80.08469444,2023-09-19,1.0,0.5,2
2812,Chakrata,Uttarakhand,49,Dehradun,30.76115556,77.86502778,2023-09-19,1.5,1.5,1
2813,Yamuna Colony,Uttarakhand,49,Dehradun,30.33775278,78.03311667,2023-09-19,1909.5,342.0,6
2814,Gola_1,Uttarakhand,51,Nainital,29.27136111,79.54743333,2023-09-19,0.5,0.5,1
2815,Mukteshwar_1,Uttarakhand,51,Nainital,29.47413889,79.65119444,2023-09-19,6.0,6.0,1
2816,Nachni,Uttarakhand,53,Pithoragarh,29.90594444,80.16097222,2023-09-19,0.5,0.5,1
2817,Basukedar,Uttarakhand,54,Rudraprayag,30.43919444,79.05633333,2023-09-19,1.5,1.5,1
2818,Sonprayag_1,Uttarakhand,54,Rudraprayag,30.63547222,78.99941667,2023-09-19,1.5,1.0,2
2819,Kempty,Uttarakhand,55,Tehri Garhwal,30.49075,78.04738889,2023-09-19,6.0,5.0,3
2820,Baijnath (Gomti),Uttarakhand,46,Bageshwar,29.90822222,79.61769444,2023-09-20,0.5,0.5,1
2821,Kapkot (Saryu),Uttarakhand,46,Bageshwar,29.94516667,79.9025,2023-09-20,4.0,1.0,6
2822,Gairsain (Ramganga),Uttarakhand,47,Chamoli,30.045,79.2855,2023-09-20,4.0,4.0,1
2823,Nandprayag (Nandakini),Uttarakhand,47,Chamoli,30.33122222,79.31063889,2023-09-20,2.0,0.5,4
2824,Dakpathar,Uttarakhand,49,Dehradun,30.49866667,77.79744444,2023-09-20,2.0,1.5,2
2825,Yamuna Colony,Uttarakhand,49,Dehradun,30.33775278,78.03311667,2023-09-20,2305.5,352.0,7
2826,Gola_1,Uttarakhand,51,Nainital,29.27136111,79.54743333,2023-09-20,1.5,0.5,3
2827,Mukteshwar_1,Uttarakhand,51,Nainital,29.47413889,79.65119444,2023-09-20,87.0,48.0,2
2828,Nachni,Uttarakhand,53,Pithoragarh,29.90594444,80.16097222,2023-09-20,0.5,0.5,1
2829,Basukedar,Uttarakhand,54,Rudraprayag,30.43919444,79.05633333,2023-09-20,1.0,0.5,2
2830,Chandranagar_1,Uttarakhand,54,Rudraprayag,30.41541667,79.06208333,2023-09-20,2.0,1.0,2
2831,Sonprayag_1,Uttarakhand,54,Rudraprayag,30.63547222,78.99941667,2023-09-20,1.0,0.5,2
2832,Kempty,Uttarakhand,55,Tehri Garhwal,30.49075,78.04738889,2023-09-20,1.5,0.5,3
2833,Baijnath (Gomti),Uttarakhand,46,Bageshwar,29.90822222,79.61769444,2023-09-21,0.5,0.5,1
2834,Kapkot (Saryu),Uttarakhand,46,Bageshwar,29.94516667,79.9025,2023-09-21,1.5,0.5,3
2835,Nandprayag (Nandakini),Uttarakhand,47,Chamoli,30.33122222,79.31063889,2023-09-21,0.5,0.5,1
2836,Yamuna Colony,Uttarakhand,49,Dehradun,30.33775278,78.03311667,2023-09-21,312.5,312.5,1
2837,Basukedar,Uttarakhand,54,Rudraprayag,30.43919444,79.05633333,2023-09-21,107.5,107.5,1
2838,Gadarpur,Uttarakhand,56,UDHAM SINGH NAGAR,29.04324167,79.24461944,2023-09-21,1.0,0.5,2
2839,Sitarganj_1,Uttarakhand,56,UDHAM SINGH NAGAR,28.92971389,79.703,2023-09-21,45.5,12.0,7
2840,Dakpathar,Uttarakhand,49,Dehradun,30.49866667,77.79744444,2023-09-22,27.0,13.5,2
2841,Yamuna Colony,Uttarakhand,49,Dehradun,30.33775278,78.03311667,2023-09-22,2539.0,334.0,8
2842,Roorkee_2,Uttarakhand,50,Haridwar,29.86771944,77.88415556,2023-09-22,0.5,0.5,1
2843,Srinagar_2,Uttarakhand,52,PAURI GARHWAL,30.23581944,78.81720278,2023-09-22,0.5,0.5,1
2844,Nachni,Uttarakhand,53,Pithoragarh,29.90594444,80.16097222,2023-09-22,0.5,0.5,1
2845,Basukedar,Uttarakhand,54,Rudraprayag,30.43919444,79.05633333,2023-09-22,14.0,3.5,8
2846,Chandranagar_1,Uttarakhand,54,Rudraprayag,30.41541667,79.06208333,2023-09-22,1.0,0.5,2
2847,Sonprayag_1,Uttarakhand,54,Rudraprayag,30.63547222,78.99941667,2023-09-22,13.0,6.5,2
2848,Rudrapur_2,Uttarakhand,56,UDHAM SINGH NAGAR,28.97373611,79.39988611,2023-09-22,3.0,1.5,2
2849,Sitarganj_1,Uttarakhand,56,UDHAM SINGH NAGAR,28.92971389,79.703,2023-09-22,14.5,7.0,7
2850,Baijnath (Gomti),Uttarakhand,46,Bageshwar,29.90822222,79.61769444,2023-09-23,0.5,0.5,1
2851,Nandprayag (Nandakini),Uttarakhand,47,Chamoli,30.33122222,79.31063889,2023-09-23,3.0,0.5,6
2852,Dakpathar,Uttarakhand,49,Dehradun,30.49866667,77.79744444,2023-09-23,1.0,0.5,2
2853,Yamuna Colony,Uttarakhand,49,Dehradun,30.33775278,78.03311667,2023-09-23,2895.5,344.0,9
2854,Roorkee_2,Uttarakhand,50,Haridwar,29.86771944,77.88415556,2023-09-23,0.5,0.5,1
2855,Gola_1,Uttarakhand,51,Nainital,29.27136111,79.54743333,2023-09-23,1.0,0.5,2
2856,Dugadda (Khoh),Uttarakhand,52,PAURI GARHWAL,29.75108333,78.52341667,2023-09-23,1.0,0.5,2
2857,Srinagar_2,Uttarakhand,52,PAURI GARHWAL,30.23581944,78.81720278,2023-09-23,0.5,0.5,1
2858,Kempty,Uttarakhand,55,Tehri Garhwal,30.49075,78.04738889,2023-09-23,341.0,341.0,1
2859,Rudrapur_2,Uttarakhand,56,UDHAM SINGH NAGAR,28.97373611,79.39988611,2023-09-23,6.0,3.0,2
2860,Sitarganj_1,Uttarakhand,56,UDHAM SINGH NAGAR,28.92971389,79.703,2023-09-23,29.0,10.0,6
2861,Tumaria,Uttarakhand,56,UDHAM SINGH NAGAR,29.30704722,78.93133056,2023-09-23,1.0,0.5,2
2862,Baijnath (Gomti),Uttarakhand,46,Bageshwar,29.90822222,79.61769444,2023-09-24,160.0,159.0,3
2863,Badrinath_1,Uttarakhand,47,Chamoli,30.74513889,79.49436111,2023-09-24,5.0,2.5,2
2864,Nandprayag (Nandakini),Uttarakhand,47,Chamoli,30.33122222,79.31063889,2023-09-24,1.0,0.5,2
2865,Yamuna Colony,Uttarakhand,49,Dehradun,30.33775278,78.03311667,2023-09-24,3820.0,340.0,12
2866,Nandprayag (Nandakini),Uttarakhand,47,Chamoli,30.33122222,79.31063889,2023-09-25,2.0,1.0,2
2867,Yamuna Colony,Uttarakhand,49,Dehradun,30.33775278,78.03311667,2023-09-25,1538.5,338.0,5
2868,Gola_1,Uttarakhand,51,Nainital,29.27136111,79.54743333,2023-09-25,1.0,0.5,2
2869,Danda_1,Uttarakhand,48,Champawat,29.15927778,80.10852778,2023-09-26,3.0,1.5,2
2870,Yamuna Colony,Uttarakhand,49,Dehradun,30.33775278,78.03311667,2023-09-26,1626.0,343.0,5
2871,Mukteshwar_1,Uttarakhand,51,Nainital,29.47413889,79.65119444,2023-09-26,89.5,89.5,1
2872,Guptkashi_1,Uttarakhand,54,Rudraprayag,30.52863889,79.08508333,2023-09-26,5.0,2.5,2
2873,Almora_1,Uttarakhand,45,Almora,29.59575833,79.65063889,2023-09-27,1.0,0.5,2
2874,Nandprayag (Nandakini),Uttarakhand,47,Chamoli,30.33122222,79.31063889,2023-09-27,2.0,0.5,4
2875,Yamuna Colony,Uttarakhand,49,Dehradun,30.33775278,78.03311667,2023-09-27,341.5,341.5,1
2876,Manglaur_1,Uttarakhand,50,Haridwar,29.78567778,77.86368889,2023-09-27,20.0,20.0,1
2877,Gola_1,Uttarakhand,51,Nainital,29.27136111,79.54743333,2023-09-27,1.0,0.5,2
2878,Dharchula_1,Uttarakhand,53,Pithoragarh,29.84825,80.54047222,2023-09-27,57.0,28.5,2
2879,Kempty,Uttarakhand,55,Tehri Garhwal,30.49075,78.04738889,2023-09-27,-36.0,-36.0,1
2880,Baijnath (Gomti),Uttarakhand,46,Bageshwar,29.90822222,79.61769444,2023-09-28,371.0,371.0,1
2881,Nandprayag (Nandakini),Uttarakhand,47,Chamoli,30.33122222,79.31063889,2023-09-28,1.0,0.5,2
2882,Yamuna Colony,Uttarakhand,49,Dehradun,30.33775278,78.03311667,2023-09-28,1636.0,348.0,5
2883,Bahadarabad,Uttarakhand,50,Haridwar,29.92380278,78.03671389,2023-09-28,0.5,0.5,1
2884,Yamkeshwar,Uttarakhand,52,PAURI GARHWAL,29.96130556,78.44086111,2023-09-28,160.0,160.0,1
2885,Purola_1,Uttarakhand,57,Uttarkashi,30.91291667,78.10388889,2023-09-28,3.0,1.5,2
2886,Kosi_1,Uttarakhand,45,Almora,29.6191,79.62060833,2023-09-29,18.0,18.0,1
2887,Lamgara,Uttarakhand,45,Almora,29.53866667,79.74994444,2023-09-29,144.0,144.0,1
2888,Nandprayag (Nandakini),Uttarakhand,47,Chamoli,30.33122222,79.31063889,2023-09-29,1.0,0.5,2
2889,Yamuna Colony,Uttarakhand,49,Dehradun,30.33775278,78.03311667,2023-09-29,943.0,332.0,3
2890,Gola_1,Uttarakhand,51,Nainital,29.27136111,79.54743333,2023-09-29,160.5,160.0,2
2891,Kempty,Uttarakhand,55,Tehri Garhwal,30.49075,78.04738889,2023-09-29,306.5,306.5,1
2892,Haripura_2,Uttarakhand,56,UDHAM SINGH NAGAR,29.13151944,79.25965556,2023-09-29,0.5,0.5,1
2893,Nandprayag (Nandakini),Uttarakhand,47,Chamoli,30.33122222,79.31063889,2023-09-30,1.0,0.5,2
2894,Tanakpur_1,Uttarakhand,48,Champawat,29.07222222,80.1175,2023-09-30,345.5,345.5,1
2895,Yamuna Colony,Uttarakhand,49,Dehradun,30.33775278,78.03311667,2023-09-30,5037.5,359.0,15
2896,Dharchula_1,Uttarakhand,53,Pithoragarh,29.84825,80.54047222,2023-09-30,72.0,72.0,1
2897,Haripura_2,Uttarakhand,56,UDHAM SINGH NAGAR,29.13151944,79.25965556,2023-09-30,28.0,11.0,4
2898,Nandprayag (Nandakini),Uttarakhand,47,Chamoli,30.33122222,79.31063889,2023-10-01,1.0,0.5,2
2899,Dakpathar,Uttarakhand,49,Dehradun,30.49866667,77.79744444,2023-10-01,7.0,3.0,3
2900,Yamuna Colony,Uttarakhand,49,Dehradun,30.33775278,78.03311667,2023-10-01,6600.5,354.5,20
2901,Gola_1,Uttarakhand,51,Nainital,29.27136111,79.54743333,2023-10-01,1.0,0.5,2
2902,Mukteshwar_1,Uttarakhand,51,Nainital,29.47413889,79.65119444,2023-10-01,1.0,0.5,2
2903,Dharchula_1,Uttarakhand,53,Pithoragarh,29.84825,80.54047222,2023-10-01,3.0,1.0,4
2904,Nachni,Uttarakhand,53,Pithoragarh,29.90594444,80.16097222,2023-10-01,0.5,0.5,1
2905,Pithoragarh,Uttarakhand,53,Pithoragarh,29.57938889,80.21886111,2023-10-01,1.0,0.5,2
2906,Rudrapur_2,Uttarakhand,56,UDHAM SINGH NAGAR,28.97373611,79.39988611,2023-10-01,96.0,96.0,1
2907,Baijnath (Gomti),Uttarakhand,46,Bageshwar,29.90822222,79.61769444,2023-10-02,41.0,40.0,3
2908,Gairsain (Ramganga),Uttarakhand,47,Chamoli,30.045,79.2855,2023-10-02,2.0,0.5,4
2909,Nandprayag (Nandakini),Uttarakhand,47,Chamoli,30.33122222,79.31063889,2023-10-02,4.5,1.5,5
2910,Danda_1,Uttarakhand,48,Champawat,29.15927778,80.10852778,2023-10-02,8.0,2.0,6
2911,Dakpathar,Uttarakhand,49,Dehradun,30.49866667,77.79744444,2023-10-02,1.0,0.5,2
2912,Yamuna Colony,Uttarakhand,49,Dehradun,30.33775278,78.03311667,2023-10-02,2912.5,351.5,9
2913,Dharchula_1,Uttarakhand,53,Pithoragarh,29.84825,80.54047222,2023-10-02,8.0,4.0,2
2914,Nachni,Uttarakhand,53,Pithoragarh,29.90594444,80.16097222,2023-10-02,5.0,1.5,5
2915,Pithoragarh,Uttarakhand,53,Pithoragarh,29.57938889,80.21886111,2023-10-02,4.0,1.5,4
2916,Chandranagar_1,Uttarakhand,54,Rudraprayag,30.41541667,79.06208333,2023-10-02,5.0,2.5,2
2917,Tumaria,Uttarakhand,56,UDHAM SINGH NAGAR,29.30704722,78.93133056,2023-10-02,3.0,3.0,1
2918,Baijnath (Gomti),Uttarakhand,46,Bageshwar,29.90822222,79.61769444,2023-10-03,2.5,1.0,4
2919,Nandprayag (Nandakini),Uttarakhand,47,Chamoli,30.33122222,79.31063889,2023-10-03,1.5,0.5,3
2920,Yamuna Colony,Uttarakhand,49,Dehradun,30.33775278,78.03311667,2023-10-03,4736.0,351.5,15
2921,Mukteshwar_1,Uttarakhand,51,Nainital,29.47413889,79.65119444,2023-10-03,1.0,1.0,1
2922,Nachni,Uttarakhand,53,Pithoragarh,29.90594444,80.16097222,2023-10-03,3.0,1.0,5
2923,Rudrapur_2,Uttarakhand,56,UDHAM SINGH NAGAR,28.97373611,79.39988611,2023-10-03,141.0,141.0,1
2924,Tumaria,Uttarakhand,56,UDHAM SINGH NAGAR,29.30704722,78.93133056,2023-10-03,0.5,0.5,1
2925,Nandprayag (Nandakini),Uttarakhand,47,Chamoli,30.33122222,79.31063889,2023-10-04,1.0,0.5,2
2926,Tanakpur_1,Uttarakhand,48,Champawat,29.07222222,80.1175,2023-10-04,-36.0,-36.0,1
2927,Yamuna Colony,Uttarakhand,49,Dehradun,30.33775278,78.03311667,2023-10-04,4121.0,348.5,15
2928,Virbhadra,Uttarakhand,52,PAURI GARHWAL,30.07444444,78.29047222,2023-10-04,129.0,129.0,1
2929,Dharchula_1,Uttarakhand,53,Pithoragarh,29.84825,80.54047222,2023-10-04,34.0,16.5,4
2930,Baijnath (Gomti),Uttarakhand,46,Bageshwar,29.90822222,79.61769444,2023-10-05,0.5,0.5,1
2931,Nandprayag (Nandakini),Uttarakhand,47,Chamoli,30.33122222,79.31063889,2023-10-05,2.0,0.5,4
2932,Yamuna Colony,Uttarakhand,49,Dehradun,30.33775278,78.03311667,2023-10-05,4586.5,349.5,14
2933,Gola_1,Uttarakhand,51,Nainital,29.27136111,79.54743333,2023-10-05,1.0,0.5,2
2934,Dharchula_1,Uttarakhand,53,Pithoragarh,29.84825,80.54047222,2023-10-05,17.0,8.0,3
2935,Nandprayag (Nandakini),Uttarakhand,47,Chamoli,30.33122222,79.31063889,2023-10-06,1.0,0.5,2
2936,Yamuna Colony,Uttarakhand,49,Dehradun,30.33775278,78.03311667,2023-10-06,4766.0,344.5,15
2937,Khati_1,Uttarakhand,46,Bageshwar,30.11019722,79.94055833,2023-10-07,37.0,18.5,2
2938,Nandprayag (Nandakini),Uttarakhand,47,Chamoli,30.33122222,79.31063889,2023-10-07,4.0,1.5,4
2939,Yamuna Colony,Uttarakhand,49,Dehradun,30.33775278,78.03311667,2023-10-07,5129.0,347.0,16
2940,Yamkeshwar,Uttarakhand,52,PAURI GARHWAL,29.96130556,78.44086111,2023-10-07,250.0,250.0,1
2941,Chandranagar_1,Uttarakhand,54,Rudraprayag,30.41541667,79.06208333,2023-10-07,4.0,1.5,4
2942,Yamuna Colony,Uttarakhand,49,Dehradun,30.33775278,78.03311667,2023-10-09,293.5,293.5,1
2943,Chakrata,Uttarakhand,49,Dehradun,30.76115556,77.86502778,2023-10-10,2.0,1.0,3
2944,Yamuna Colony,Uttarakhand,49,Dehradun,30.33775278,78.03311667,2023-10-10,307.5,307.5,1
2945,Bahadarabad,Uttarakhand,50,Haridwar,29.92380278,78.03671389,2023-10-10,0.5,0.5,1
2946,Roorkee_2,Uttarakhand,50,Haridwar,29.86771944,77.88415556,2023-10-10,0.5,0.5,1
2947,Srinagar_2,Uttarakhand,52,PAURI GARHWAL,30.23581944,78.81720278,2023-10-10,0.5,0.5,1
2948,Dharchula_1,Uttarakhand,53,Pithoragarh,29.84825,80.54047222,2023-10-10,192.0,192.0,1
2949,Basukedar,Uttarakhand,54,Rudraprayag,30.43919444,79.05633333,2023-10-10,1.0,0.5,2
2950,Sonprayag_1,Uttarakhand,54,Rudraprayag,30.63547222,78.99941667,2023-10-10,22.0,4.0,6
2951,Yamuna Colony,Uttarakhand,49,Dehradun,30.33775278,78.03311667,2023-10-11,904.0,324.5,3
2952,Yamuna Colony,Uttarakhand,49,Dehradun,30.33775278,78.03311667,2023-10-12,945.5,334.5,3
2953,Nandprayag (Nandakini),Uttarakhand,47,Chamoli,30.33122222,79.31063889,2023-10-13,1.5,0.5,3
2954,Yamuna Colony,Uttarakhand,49,Dehradun,30.33775278,78.03311667,2023-10-13,1538.0,335.0,5
2955,Nandprayag (Nandakini),Uttarakhand,47,Chamoli,30.33122222,79.31063889,2023-10-14,4.0,1.5,4
2956,Yamuna Colony,Uttarakhand,49,Dehradun,30.33775278,78.03311667,2023-10-14,596.0,314.0,2
2957,Baijnath (Gomti),Uttarakhand,46,Bageshwar,29.90822222,79.61769444,2023-10-15,-334.5,-334.5,1
2958,Nandprayag (Nandakini),Uttarakhand,47,Chamoli,30.33122222,79.31063889,2023-10-15,4.0,1.5,4
2959,Chakrata,Uttarakhand,49,Dehradun,30.76115556,77.86502778,2023-10-15,1.5,1.5,1
2960,Dakpathar,Uttarakhand,49,Dehradun,30.49866667,77.79744444,2023-10-15,2.0,1.0,2
2961,Yamuna Colony,Uttarakhand,49,Dehradun,30.33775278,78.03311667,2023-10-15,1207.5,309.5,4
2962,Dharchula_1,Uttarakhand,53,Pithoragarh,29.84825,80.54047222,2023-10-15,9.0,9.0,1
2963,Basukedar,Uttarakhand,54,Rudraprayag,30.43919444,79.05633333,2023-10-15,5.0,1.5,4
2964,Chandranagar_1,Uttarakhand,54,Rudraprayag,30.41541667,79.06208333,2023-10-15,1.5,0.5,3
2965,Guptkashi_1,Uttarakhand,54,Rudraprayag,30.52863889,79.08508333,2023-10-15,2.0,1.0,2
2966,Almora_1,Uttarakhand,45,Almora,29.59575833,79.65063889,2023-10-16,24.0,5.5,12
2967,Lamgara,Uttarakhand,45,Almora,29.53866667,79.74994444,2023-10-16,50.0,12.0,16
2968,Baijnath (Gomti),Uttarakhand,46,Bageshwar,29.90822222,79.61769444,2023-10-16,3.0,0.5,6
2969,Kapkot (Saryu),Uttarakhand,46,Bageshwar,29.94516667,79.9025,2023-10-16,3.0,1.0,4
2970,Khati_1,Uttarakhand,46,Bageshwar,30.11019722,79.94055833,2023-10-16,46.0,9.5,10
2971,Gairsain (Ramganga),Uttarakhand,47,Chamoli,30.045,79.2855,2023-10-16,36.0,7.0,10
2972,Danda_1,Uttarakhand,48,Champawat,29.15927778,80.10852778,2023-10-16,29.0,9.5,6
2973,Chakrata,Uttarakhand,49,Dehradun,30.76115556,77.86502778,2023-10-16,19.5,9.5,5
2974,Dakpathar,Uttarakhand,49,Dehradun,30.49866667,77.79744444,2023-10-16,29.0,5.5,12
2975,Yamuna Colony,Uttarakhand,49,Dehradun,30.33775278,78.03311667,2023-10-16,1968.5,292.5,7
2976,Bahadarabad,Uttarakhand,50,Haridwar,29.92380278,78.03671389,2023-10-16,15.0,10.0,5
2977,Roorkee_2,Uttarakhand,50,Haridwar,29.86771944,77.88415556,2023-10-16,13.5,8.5,5
2978,Gola_1,Uttarakhand,51,Nainital,29.27136111,79.54743333,2023-10-16,43.0,8.0,18
2979,Mukteshwar_1,Uttarakhand,51,Nainital,29.47413889,79.65119444,2023-10-16,49.0,11.5,14
2980,Dugadda (Khoh),Uttarakhand,52,PAURI GARHWAL,29.75108333,78.52341667,2023-10-16,33.0,5.0,12
2981,Srinagar_2,Uttarakhand,52,PAURI GARHWAL,30.23581944,78.81720278,2023-10-16,13.0,9.5,4
2982,Dharchula_1,Uttarakhand,53,Pithoragarh,29.84825,80.54047222,2023-10-16,10.5,3.5,5
2983,Pithoragarh,Uttarakhand,53,Pithoragarh,29.57938889,80.21886111,2023-10-16,14.0,4.0,6
2984,Basukedar,Uttarakhand,54,Rudraprayag,30.43919444,79.05633333,2023-10-16,26.0,4.5,12
2985,Chandranagar_1,Uttarakhand,54,Rudraprayag,30.41541667,79.06208333,2023-10-16,24.0,4.5,10
2986,Guptkashi_1,Uttarakhand,54,Rudraprayag,30.52863889,79.08508333,2023-10-16,20.0,3.5,10
2987,Sonprayag_1,Uttarakhand,54,Rudraprayag,30.63547222,78.99941667,2023-10-16,29.0,4.5,12
2988,Kempty,Uttarakhand,55,Tehri Garhwal,30.49075,78.04738889,2023-10-16,36.0,7.5,12
2989,Gadarpur,Uttarakhand,56,UDHAM SINGH NAGAR,29.04324167,79.24461944,2023-10-16,13.0,3.5,6
2990,Haripura_2,Uttarakhand,56,UDHAM SINGH NAGAR,29.13151944,79.25965556,2023-10-16,11.0,11.0,1
2991,Tumaria,Uttarakhand,56,UDHAM SINGH NAGAR,29.30704722,78.93133056,2023-10-16,32.0,15.0,6
2992,Kapkot (Saryu),Uttarakhand,46,Bageshwar,29.94516667,79.9025,2023-10-17,2.0,0.5,4
2993,Chakrata,Uttarakhand,49,Dehradun,30.76115556,77.86502778,2023-10-17,0.5,0.5,1
2994,Yamuna Colony,Uttarakhand,49,Dehradun,30.33775278,78.03311667,2023-10-17,1515.0,326.0,5
2995,Gola_1,Uttarakhand,51,Nainital,29.27136111,79.54743333,2023-10-17,1.0,0.5,2
2996,Basukedar,Uttarakhand,54,Rudraprayag,30.43919444,79.05633333,2023-10-17,6.0,2.5,3
2997,Chandranagar_1,Uttarakhand,54,Rudraprayag,30.41541667,79.06208333,2023-10-17,33.0,12.0,8
2998,Sonprayag_1,Uttarakhand,54,Rudraprayag,30.63547222,78.99941667,2023-10-17,11.0,3.0,10
2999,Baijnath (Gomti),Uttarakhand,46,Bageshwar,29.90822222,79.61769444,2023-10-18,0.5,0.5,1
3000,Yamuna Colony,Uttarakhand,49,Dehradun,30.33775278,78.03311667,2023-10-18,2866.0,331.0,10
3001,Srinagar_2,Uttarakhand,52,PAURI GARHWAL,30.23581944,78.81720278,2023-10-18,1.5,1.5,1
3002,Chandranagar_1,Uttarakhand,54,Rudraprayag,30.41541667,79.06208333,2023-10-18,1.0,0.5,2
3003,Yamuna Colony,Uttarakhand,49,Dehradun,30.33775278,78.03311667,2023-10-19,2580.0,326.5,9
3004,Baijnath (Gomti),Uttarakhand,46,Bageshwar,29.90822222,79.61769444,2023-10-20,192.0,192.0,1
3005,Tanakpur_1,Uttarakhand,48,Champawat,29.07222222,80.1175,2023-10-20,193.5,193.5,1
3006,Yamuna Colony,Uttarakhand,49,Dehradun,30.33775278,78.03311667,2023-10-20,4830.0,331.5,16
3007,Yamuna Colony,Uttarakhand,49,Dehradun,30.33775278,78.03311667,2023-10-21,1335.5,273.0,5
3008,Yamkeshwar,Uttarakhand,52,PAURI GARHWAL,29.96130556,78.44086111,2023-10-22,48.0,48.0,1
3009,Baijnath (Gomti),Uttarakhand,46,Bageshwar,29.90822222,79.61769444,2023-10-23,64.5,64.5,1
3010,Chakrata,Uttarakhand,49,Dehradun,30.76115556,77.86502778,2023-10-23,1.0,1.0,1
3011,Chandranagar_1,Uttarakhand,54,Rudraprayag,30.41541667,79.06208333,2023-10-23,2.5,1.0,3
3012,Sonprayag_1,Uttarakhand,54,Rudraprayag,30.63547222,78.99941667,2023-10-23,1.0,0.5,2
3013,Dharchula_1,Uttarakhand,53,Pithoragarh,29.84825,80.54047222,2023-10-24,15.0,7.5,2
3014,Baijnath (Gomti),Uttarakhand,46,Bageshwar,29.90822222,79.61769444,2023-10-25,112.0,112.0,1
3015,Gairsain (Ramganga),Uttarakhand,47,Chamoli,30.045,79.2855,2023-10-25,0.5,0.5,1
3016,Chakrata,Uttarakhand,49,Dehradun,30.76115556,77.86502778,2023-10-25,0.5,0.5,1
3017,Sitarganj_1,Uttarakhand,56,UDHAM SINGH NAGAR,28.92971389,79.703,2023-10-26,257.0,257.0,1
3018,Yamuna Colony,Uttarakhand,49,Dehradun,30.33775278,78.03311667,2023-10-27,268.5,268.5,1
3019,Mukteshwar_1,Uttarakhand,51,Nainital,29.47413889,79.65119444,2023-10-28,2.0,0.5,4
3020,Mukteshwar_1,Uttarakhand,51,Nainital,29.47413889,79.65119444,2023-10-29,21.5,12.5,5
3021,Mukteshwar_1,Uttarakhand,51,Nainital,29.47413889,79.65119444,2023-10-30,5.5,1.5,5
3022,Yamuna Colony,Uttarakhand,49,Dehradun,30.33775278,78.03311667,2023-11-02,606.5,331.0,2
3023,Yamuna Colony,Uttarakhand,49,Dehradun,30.33775278,78.03311667,2023-11-03,327.5,327.5,1
3024,Nandprayag (Nandakini),Uttarakhand,47,Chamoli,30.33122222,79.31063889,2023-11-05,1.0,0.5,2
3025,Yamuna Colony,Uttarakhand,49,Dehradun,30.33775278,78.03311667,2023-11-05,320.0,320.0,1
3026,Mukteshwar_1,Uttarakhand,51,Nainital,29.47413889,79.65119444,2023-11-05,160.0,160.0,1
3027,Nandprayag (Nandakini),Uttarakhand,47,Chamoli,30.33122222,79.31063889,2023-11-06,1.0,0.5,2
3028,Yamuna Colony,Uttarakhand,49,Dehradun,30.33775278,78.03311667,2023-11-06,1560.0,323.0,5
3029,Yamuna Colony,Uttarakhand,49,Dehradun,30.33775278,78.03311667,2023-11-08,897.0,323.5,3
3030,Nandprayag (Nandakini),Uttarakhand,47,Chamoli,30.33122222,79.31063889,2023-11-09,1.0,0.5,2
3031,Yamuna Colony,Uttarakhand,49,Dehradun,30.33775278,78.03311667,2023-11-09,852.5,317.0,3
3032,Srinagar_2,Uttarakhand,52,PAURI GARHWAL,30.23581944,78.81720278,2023-11-09,33.5,33.5,1
3033,Yamkeshwar,Uttarakhand,52,PAURI GARHWAL,29.96130556,78.44086111,2023-11-09,193.5,192.0,2
3034,Baijnath (Gomti),Uttarakhand,46,Bageshwar,29.90822222,79.61769444,2023-11-10,0.5,0.5,1
3035,Yamuna Colony,Uttarakhand,49,Dehradun,30.33775278,78.03311667,2023-11-10,1207.5,309.0,4
3036,Srinagar_2,Uttarakhand,52,PAURI GARHWAL,30.23581944,78.81720278,2023-11-10,0.5,0.5,1
3037,Basukedar,Uttarakhand,54,Rudraprayag,30.43919444,79.05633333,2023-11-10,4.0,1.5,3
3038,Chandranagar_1,Uttarakhand,54,Rudraprayag,30.41541667,79.06208333,2023-11-10,2.0,0.5,4
3039,Guptkashi_1,Uttarakhand,54,Rudraprayag,30.52863889,79.08508333,2023-11-10,2.0,0.5,4
3040,Sonprayag_1,Uttarakhand,54,Rudraprayag,30.63547222,78.99941667,2023-11-10,5.0,2.5,2
3041,Almora_1,Uttarakhand,45,Almora,29.59575833,79.65063889,2023-11-11,5.0,0.5,10
3042,Lamgara,Uttarakhand,45,Almora,29.53866667,79.74994444,2023-11-11,1.0,0.5,2
3043,Baijnath (Gomti),Uttarakhand,46,Bageshwar,29.90822222,79.61769444,2023-11-11,2.0,0.5,4
3044,Kapkot (Saryu),Uttarakhand,46,Bageshwar,29.94516667,79.9025,2023-11-11,1.0,0.5,2
3045,Gairsain (Ramganga),Uttarakhand,47,Chamoli,30.045,79.2855,2023-11-11,5.0,1.5,4
3046,Chakrata,Uttarakhand,49,Dehradun,30.76115556,77.86502778,2023-11-11,1.5,1.0,2
3047,Dakpathar,Uttarakhand,49,Dehradun,30.49866667,77.79744444,2023-11-11,1.0,0.5,2
3048,Bahadarabad,Uttarakhand,50,Haridwar,29.92380278,78.03671389,2023-11-11,1.5,1.5,1
3049,Mukteshwar_1,Uttarakhand,51,Nainital,29.47413889,79.65119444,2023-11-11,64.0,64.0,1
3050,Dharchula_1,Uttarakhand,53,Pithoragarh,29.84825,80.54047222,2023-11-11,1.5,1.5,1
3051,Basukedar,Uttarakhand,54,Rudraprayag,30.43919444,79.05633333,2023-11-11,4.5,1.0,7
3052,Chandranagar_1,Uttarakhand,54,Rudraprayag,30.41541667,79.06208333,2023-11-11,3.5,0.5,7
3053,Guptkashi_1,Uttarakhand,54,Rudraprayag,30.52863889,79.08508333,2023-11-11,9.0,1.5,12
3054,Sonprayag_1,Uttarakhand,54,Rudraprayag,30.63547222,78.99941667,2023-11-11,1.5,0.5,3
3055,Haripura_2,Uttarakhand,56,UDHAM SINGH NAGAR,29.13151944,79.25965556,2023-11-11,1.0,0.5,2
3056,Lamgara,Uttarakhand,45,Almora,29.53866667,79.74994444,2023-11-12,1.0,0.5,2
3057,Nandprayag (Nandakini),Uttarakhand,47,Chamoli,30.33122222,79.31063889,2023-11-12,1.0,0.5,2
3058,Yamuna Colony,Uttarakhand,49,Dehradun,30.33775278,78.03311667,2023-11-12,2048.5,318.0,7
3059,Nandprayag (Nandakini),Uttarakhand,47,Chamoli,30.33122222,79.31063889,2023-11-13,1.0,0.5,2
3060,Yamuna Colony,Uttarakhand,49,Dehradun,30.33775278,78.03311667,2023-11-13,1488.5,320.5,5
3061,Nandprayag (Nandakini),Uttarakhand,47,Chamoli,30.33122222,79.31063889,2023-11-14,4.0,1.5,4
3062,Yamuna Colony,Uttarakhand,49,Dehradun,30.33775278,78.03311667,2023-11-14,614.0,323.5,2
3063,Srinagar_2,Uttarakhand,52,PAURI GARHWAL,30.23581944,78.81720278,2023-11-14,511.5,511.5,1
3064,Yamuna Colony,Uttarakhand,49,Dehradun,30.33775278,78.03311667,2023-11-15,1145.0,325.5,4
3065,Srinagar_2,Uttarakhand,52,PAURI GARHWAL,30.23581944,78.81720278,2023-11-15,2557.5,511.5,5
3066,Yamkeshwar,Uttarakhand,52,PAURI GARHWAL,29.96130556,78.44086111,2023-11-15,34.0,34.0,1
3067,Baijnath (Gomti),Uttarakhand,46,Bageshwar,29.90822222,79.61769444,2023-11-16,192.0,192.0,1
3068,Yamuna Colony,Uttarakhand,49,Dehradun,30.33775278,78.03311667,2023-11-16,1169.5,319.0,4
3069,Mukteshwar_1,Uttarakhand,51,Nainital,29.47413889,79.65119444,2023-11-16,195.0,195.0,1
3070,Yamuna Colony,Uttarakhand,49,Dehradun,30.33775278,78.03311667,2023-11-17,1725.5,320.5,6
3071,Yamkeshwar,Uttarakhand,52,PAURI GARHWAL,29.96130556,78.44086111,2023-11-17,48.5,48.5,1
3072,Rithakhal,Uttarakhand,48,Champawat,29.44911111,79.882,2023-11-18,129.5,129.5,1
3073,Yamuna Colony,Uttarakhand,49,Dehradun,30.33775278,78.03311667,2023-11-18,907.5,324.0,3
3074,Yamuna Colony,Uttarakhand,49,Dehradun,30.33775278,78.03311667,2023-11-19,846.0,304.5,3
3075,Srinagar_2,Uttarakhand,52,PAURI GARHWAL,30.23581944,78.81720278,2023-11-19,1023.0,511.5,2
3076,Dharchula_1,Uttarakhand,53,Pithoragarh,29.84825,80.54047222,2023-11-19,-87.0,-87.0,1
3077,Yamuna Colony,Uttarakhand,49,Dehradun,30.33775278,78.03311667,2023-11-20,851.0,291.0,3
3078,Yamuna Colony,Uttarakhand,49,Dehradun,30.33775278,78.03311667,2023-11-21,788.0,267.0,3
3079,Yamkeshwar,Uttarakhand,52,PAURI GARHWAL,29.96130556,78.44086111,2023-11-21,132.0,160.5,2
3080,Yamuna Colony,Uttarakhand,49,Dehradun,30.33775278,78.03311667,2023-11-22,313.5,313.5,1
3081,Yamkeshwar,Uttarakhand,52,PAURI GARHWAL,29.96130556,78.44086111,2023-11-22,128.5,128.5,1
3082,Yamuna Colony,Uttarakhand,49,Dehradun,30.33775278,78.03311667,2023-11-23,868.5,311.0,3
3083,Yamkeshwar,Uttarakhand,52,PAURI GARHWAL,29.96130556,78.44086111,2023-11-23,354.0,354.0,1
3084,Nandprayag (Nandakini),Uttarakhand,47,Chamoli,30.33122222,79.31063889,2023-11-24,5.0,1.5,6
3085,Yamuna Colony,Uttarakhand,49,Dehradun,30.33775278,78.03311667,2023-11-24,870.5,313.0,3
3086,Srinagar_2,Uttarakhand,52,PAURI GARHWAL,30.23581944,78.81720278,2023-11-24,1023.0,511.5,2
3087,Nandprayag (Nandakini),Uttarakhand,47,Chamoli,30.33122222,79.31063889,2023-11-25,2.0,1.0,2
3088,Yamuna Colony,Uttarakhand,49,Dehradun,30.33775278,78.03311667,2023-11-25,284.0,284.0,1
3089,Srinagar_2,Uttarakhand,52,PAURI GARHWAL,30.23581944,78.81720278,2023-11-25,1534.5,511.5,3
3090,Rudrapur_2,Uttarakhand,56,UDHAM SINGH NAGAR,28.97373611,79.39988611,2023-11-25,2.0,1.0,2
3091,Yamuna Colony,Uttarakhand,49,Dehradun,30.33775278,78.03311667,2023-11-26,599.0,304.0,2
3092,Yamkeshwar,Uttarakhand,52,PAURI GARHWAL,29.96130556,78.44086111,2023-11-26,3.0,3.0,1
3093,Kapkot (Saryu),Uttarakhand,46,Bageshwar,29.94516667,79.9025,2023-11-27,1.0,0.5,2
3094,Nandprayag (Nandakini),Uttarakhand,47,Chamoli,30.33122222,79.31063889,2023-11-27,1.0,0.5,2
3095,Yamuna Colony,Uttarakhand,49,Dehradun,30.33775278,78.03311667,2023-11-27,266.5,266.5,1
3096,Yamuna Colony,Uttarakhand,49,Dehradun,30.33775278,78.03311667,2023-11-28,802.0,280.5,3
3097,Joshiyara,Uttarakhand,57,Uttarkashi,30.73122222,78.42733333,2023-11-28,1.0,0.5,2
3098,Yamuna Colony,Uttarakhand,49,Dehradun,30.33775278,78.03311667,2023-11-29,547.5,300.5,2
3099,Yamuna Colony,Uttarakhand,49,Dehradun,30.33775278,78.03311667,2023-11-30,5127.0,306.0,18
3100,Kempty,Uttarakhand,55,Tehri Garhwal,30.49075,78.04738889,2023-11-30,1.0,0.5,2
3101,Haripura_2,Uttarakhand,56,UDHAM SINGH NAGAR,29.13151944,79.25965556,2023-11-30,193.0,193.0,1
3102,Rudrapur_2,Uttarakhand,56,UDHAM SINGH NAGAR,28.97373611,79.39988611,2023-11-30,1.0,0.5,2
3103,Yamuna Colony,Uttarakhand,49,Dehradun,30.33775278,78.03311667,2023-12-01,2139.0,306.0,8
3104,Yamuna Colony,Uttarakhand,49,Dehradun,30.33775278,78.03311667,2023-12-02,1632.5,306.5,6
3105,Yamuna Colony,Uttarakhand,49,Dehradun,30.33775278,78.03311667,2023-12-03,306.0,306.0,1
3106,Kapkot (Saryu),Uttarakhand,46,Bageshwar,29.94516667,79.9025,2023-12-04,1.0,0.5,2
3107,Khati_1,Uttarakhand,46,Bageshwar,30.11019722,79.94055833,2023-12-04,5.0,2.0,4
3108,Gairsain (Ramganga),Uttarakhand,47,Chamoli,30.045,79.2855,2023-12-04,1.0,0.5,2
3109,Nandprayag (Nandakini),Uttarakhand,47,Chamoli,30.33122222,79.31063889,2023-12-04,2.0,1.0,2
3110,Danda_1,Uttarakhand,48,Champawat,29.15927778,80.10852778,2023-12-04,0.5,0.5,1
3111,Dakpathar,Uttarakhand,49,Dehradun,30.49866667,77.79744444,2023-12-04,179.0,179.0,1
3112,Yamuna Colony,Uttarakhand,49,Dehradun,30.33775278,78.03311667,2023-12-04,896.0,303.0,3
3113,Gola_1,Uttarakhand,51,Nainital,29.27136111,79.54743333,2023-12-04,2.5,0.5,5
3114,Dugadda (Khoh),Uttarakhand,52,PAURI GARHWAL,29.75108333,78.52341667,2023-12-04,4.0,2.0,2
3115,Yamkeshwar,Uttarakhand,52,PAURI GARHWAL,29.96130556,78.44086111,2023-12-04,256.0,192.0,2
3116,Dharchula_1,Uttarakhand,53,Pithoragarh,29.84825,80.54047222,2023-12-04,1.0,1.0,1
3117,Pithoragarh,Uttarakhand,53,Pithoragarh,29.57938889,80.21886111,2023-12-04,4.0,1.5,4
3118,Chandranagar_1,Uttarakhand,54,Rudraprayag,30.41541667,79.06208333,2023-12-04,2.0,0.5,4
3119,Guptkashi_1,Uttarakhand,54,Rudraprayag,30.52863889,79.08508333,2023-12-04,27.0,6.0,8
3120,Sonprayag_1,Uttarakhand,54,Rudraprayag,30.63547222,78.99941667,2023-12-04,8.0,1.5,7
3121,Kempty,Uttarakhand,55,Tehri Garhwal,30.49075,78.04738889,2023-12-04,0.5,0.5,1
3122,Gadarpur,Uttarakhand,56,UDHAM SINGH NAGAR,29.04324167,79.24461944,2023-12-04,4.0,0.5,8
3123,Haripura_2,Uttarakhand,56,UDHAM SINGH NAGAR,29.13151944,79.25965556,2023-12-04,2.0,1.0,3
3124,Rudrapur_2,Uttarakhand,56,UDHAM SINGH NAGAR,28.97373611,79.39988611,2023-12-04,1.0,0.5,2
3125,Kapkot (Saryu),Uttarakhand,46,Bageshwar,29.94516667,79.9025,2023-12-05,0.5,0.5,1
3126,Khati_1,Uttarakhand,46,Bageshwar,30.11019722,79.94055833,2023-12-05,1.0,0.5,2
3127,Gairsain (Ramganga),Uttarakhand,47,Chamoli,30.045,79.2855,2023-12-05,1.0,0.5,2
3128,Nandprayag (Nandakini),Uttarakhand,47,Chamoli,30.33122222,79.31063889,2023-12-05,4.0,1.5,4
3129,Yamuna Colony,Uttarakhand,49,Dehradun,30.33775278,78.03311667,2023-12-05,1411.5,308.0,5
3130,Bahadarabad,Uttarakhand,50,Haridwar,29.92380278,78.03671389,2023-12-05,1.5,1.5,1
3131,Basukedar,Uttarakhand,54,Rudraprayag,30.43919444,79.05633333,2023-12-05,7.0,4.0,2
3132,Chandranagar_1,Uttarakhand,54,Rudraprayag,30.41541667,79.06208333,2023-12-05,27.0,11.0,6
3133,Guptkashi_1,Uttarakhand,54,Rudraprayag,30.52863889,79.08508333,2023-12-05,4.0,2.0,2
3134,Sonprayag_1,Uttarakhand,54,Rudraprayag,30.63547222,78.99941667,2023-12-05,10.0,3.5,5
3135,Kempty,Uttarakhand,55,Tehri Garhwal,30.49075,78.04738889,2023-12-05,9.5,5.5,2
3136,Yamuna Colony,Uttarakhand,49,Dehradun,30.33775278,78.03311667,2023-12-07,809.5,298.5,3
3137,Yamuna Colony,Uttarakhand,49,Dehradun,30.33775278,78.03311667,2023-12-08,513.0,259.0,2
3138,Rudrapur_2,Uttarakhand,56,UDHAM SINGH NAGAR,28.97373611,79.39988611,2023-12-08,1.0,0.5,2
3139,Baijnath (Gomti),Uttarakhand,46,Bageshwar,29.90822222,79.61769444,2023-12-09,0.5,0.5,1
3140,Yamuna Colony,Uttarakhand,49,Dehradun,30.33775278,78.03311667,2023-12-09,556.5,301.5,2
3141,Kempty,Uttarakhand,55,Tehri Garhwal,30.49075,78.04738889,2023-12-09,257.0,257.0,1
3142,Joshiyara,Uttarakhand,57,Uttarkashi,30.73122222,78.42733333,2023-12-09,16.0,6.0,6
3143,Yamuna Colony,Uttarakhand,49,Dehradun,30.33775278,78.03311667,2023-12-10,563.0,300.5,2
3144,Yamkeshwar,Uttarakhand,52,PAURI GARHWAL,29.96130556,78.44086111,2023-12-10,68.0,68.0,1
3145,Rudrapur_2,Uttarakhand,56,UDHAM SINGH NAGAR,28.97373611,79.39988611,2023-12-10,1.0,0.5,2
3146,Joshiyara,Uttarakhand,57,Uttarkashi,30.73122222,78.42733333,2023-12-10,33.0,11.5,14
3147,Yamuna Colony,Uttarakhand,49,Dehradun,30.33775278,78.03311667,2023-12-11,800.5,288.0,3
3148,Dharchula_1,Uttarakhand,53,Pithoragarh,29.84825,80.54047222,2023-12-11,-156.0,-156.0,1
3149,Joshiyara,Uttarakhand,57,Uttarkashi,30.73122222,78.42733333,2023-12-11,54.0,12.0,20
3150,Yamuna Colony,Uttarakhand,49,Dehradun,30.33775278,78.03311667,2023-12-12,493.0,258.5,2
3151,Basukedar,Uttarakhand,54,Rudraprayag,30.43919444,79.05633333,2023-12-12,6.0,2.5,4
3152,Chandranagar_1,Uttarakhand,54,Rudraprayag,30.41541667,79.06208333,2023-12-12,2.0,0.5,4
3153,Guptkashi_1,Uttarakhand,54,Rudraprayag,30.52863889,79.08508333,2023-12-12,5.0,1.5,6
3154,Sonprayag_1,Uttarakhand,54,Rudraprayag,30.63547222,78.99941667,2023-12-12,0.5,0.5,1
3155,Yamuna Colony,Uttarakhand,49,Dehradun,30.33775278,78.03311667,2023-12-13,250.0,250.0,1
3156,Basukedar,Uttarakhand,54,Rudraprayag,30.43919444,79.05633333,2023-12-13,1.0,1.0,1
3157,Joshiyara,Uttarakhand,57,Uttarkashi,30.73122222,78.42733333,2023-12-13,3.0,0.5,6
3158,Yamuna Colony,Uttarakhand,49,Dehradun,30.33775278,78.03311667,2023-12-14,532.0,300.5,2
3159,Khanpur_5,Uttarakhand,50,Haridwar,29.641375,78.00678611,2023-12-14,257.5,257.5,1
3160,Joshiyara,Uttarakhand,57,Uttarkashi,30.73122222,78.42733333,2023-12-14,16.0,7.5,4
3161,Yamuna Colony,Uttarakhand,49,Dehradun,30.33775278,78.03311667,2023-12-15,514.0,265.5,2
3162,Yamuna Colony,Uttarakhand,49,Dehradun,30.33775278,78.03311667,2023-12-16,1523.5,292.5,6
3163,Joshiyara,Uttarakhand,57,Uttarkashi,30.73122222,78.42733333,2023-12-16,8.0,2.0,6
3164,Yamuna Colony,Uttarakhand,49,Dehradun,30.33775278,78.03311667,2023-12-17,521.0,284.0,2
3165,Mukteshwar_1,Uttarakhand,51,Nainital,29.47413889,79.65119444,2023-12-17,204.0,204.0,1
3166,Dharchula_1,Uttarakhand,53,Pithoragarh,29.84825,80.54047222,2023-12-17,12.0,12.0,1
3167,Pithoragarh,Uttarakhand,53,Pithoragarh,29.57938889,80.21886111,2023-12-17,96.0,96.0,1
3168,Basukedar,Uttarakhand,54,Rudraprayag,30.43919444,79.05633333,2023-12-17,444.0,444.0,1
3169,Rudrapur_2,Uttarakhand,56,UDHAM SINGH NAGAR,28.97373611,79.39988611,2023-12-17,1.0,0.5,2
3170,Tumaria,Uttarakhand,56,UDHAM SINGH NAGAR,29.30704722,78.93133056,2023-12-17,0.5,0.5,1
3171,Yamuna Colony,Uttarakhand,49,Dehradun,30.33775278,78.03311667,2023-12-18,1046.5,296.0,4
3172,Basukedar,Uttarakhand,54,Rudraprayag,30.43919444,79.05633333,2023-12-18,239.5,239.5,1
3173,Nandprayag (Nandakini),Uttarakhand,47,Chamoli,30.33122222,79.31063889,2023-12-19,1.0,0.5,2
3174,Yamuna Colony,Uttarakhand,49,Dehradun,30.33775278,78.03311667,2023-12-19,806.0,298.5,3
3175,Mukteshwar_1,Uttarakhand,51,Nainital,29.47413889,79.65119444,2023-12-19,160.0,160.0,1
3176,Dakpathar,Uttarakhand,49,Dehradun,30.49866667,77.79744444,2023-12-20,187.0,187.0,1
3177,Yamuna Colony,Uttarakhand,49,Dehradun,30.33775278,78.03311667,2023-12-20,1751.5,289.5,7
3178,Rudrapur_2,Uttarakhand,56,UDHAM SINGH NAGAR,28.97373611,79.39988611,2023-12-20,1.0,0.5,2
3179,Joshiyara,Uttarakhand,57,Uttarkashi,30.73122222,78.42733333,2023-12-20,2.0,0.5,4
3180,Gairsain (Ramganga),Uttarakhand,47,Chamoli,30.045,79.2855,2023-12-21,240.0,240.0,1
3181,Champawat_1,Uttarakhand,48,Champawat,29.33341667,80.08469444,2023-12-21,3.5,3.0,2
3182,Joshiyara,Uttarakhand,57,Uttarkashi,30.73122222,78.42733333,2023-12-21,2.0,1.0,3
3183,Nandprayag (Nandakini),Uttarakhand,47,Chamoli,30.33122222,79.31063889,2023-12-22,5.0,1.5,6
3184,Yamuna Colony,Uttarakhand,49,Dehradun,30.33775278,78.03311667,2023-12-22,1566.5,296.5,6
3185,Basukedar,Uttarakhand,54,Rudraprayag,30.43919444,79.05633333,2023-12-22,0.5,0.5,1
3186,Joshiyara,Uttarakhand,57,Uttarkashi,30.73122222,78.42733333,2023-12-22,19.0,8.5,6
3187,Nandprayag (Nandakini),Uttarakhand,47,Chamoli,30.33122222,79.31063889,2023-12-23,6.0,2.0,6
3188,Yamuna Colony,Uttarakhand,49,Dehradun,30.33775278,78.03311667,2023-12-23,823.0,296.0,3
3189,Khanpur_5,Uttarakhand,50,Haridwar,29.641375,78.00678611,2023-12-23,500.0,500.0,1
3190,Mukteshwar_1,Uttarakhand,51,Nainital,29.47413889,79.65119444,2023-12-23,197.0,197.0,1
3191,Basukedar,Uttarakhand,54,Rudraprayag,30.43919444,79.05633333,2023-12-23,258.5,343.5,2
3192,Joshiyara,Uttarakhand,57,Uttarkashi,30.73122222,78.42733333,2023-12-23,12.0,10.0,5
3193,Nandprayag (Nandakini),Uttarakhand,47,Chamoli,30.33122222,79.31063889,2023-12-24,3.0,0.5,6
3194,Yamuna Colony,Uttarakhand,49,Dehradun,30.33775278,78.03311667,2023-12-24,483.5,252.0,2
3195,Nandprayag (Nandakini),Uttarakhand,47,Chamoli,30.33122222,79.31063889,2023-12-25,3.0,0.5,6
3196,Yamuna Colony,Uttarakhand,49,Dehradun,30.33775278,78.03311667,2023-12-25,883.5,296.5,3
3197,Rudrapur_2,Uttarakhand,56,UDHAM SINGH NAGAR,28.97373611,79.39988611,2023-12-25,1.0,0.5,2
3198,Nandprayag (Nandakini),Uttarakhand,47,Chamoli,30.33122222,79.31063889,2023-12-26,4.0,0.5,8
3199,Yamuna Colony,Uttarakhand,49,Dehradun,30.33775278,78.03311667,2023-12-26,825.0,285.0,3
3200,Joshiyara,Uttarakhand,57,Uttarkashi,30.73122222,78.42733333,2023-12-26,15.0,7.5,2
3201,Nandprayag (Nandakini),Uttarakhand,47,Chamoli,30.33122222,79.31063889,2023-12-27,10.0,1.5,14
3202,Yamuna Colony,Uttarakhand,49,Dehradun,30.33775278,78.03311667,2023-12-27,833.5,299.0,3
3203,Joshiyara,Uttarakhand,57,Uttarkashi,30.73122222,78.42733333,2023-12-27,4.0,1.0,6
3204,Nandprayag (Nandakini),Uttarakhand,47,Chamoli,30.33122222,79.31063889,2023-12-28,3.0,0.5,6
3205,Yamuna Colony,Uttarakhand,49,Dehradun,30.33775278,78.03311667,2023-12-28,2693.5,294.5,10
3206,Yamkeshwar,Uttarakhand,52,PAURI GARHWAL,29.96130556,78.44086111,2023-12-28,257.5,257.5,1
3207,Nandprayag (Nandakini),Uttarakhand,47,Chamoli,30.33122222,79.31063889,2023-12-29,2.5,0.5,5
3208,Yamuna Colony,Uttarakhand,49,Dehradun,30.33775278,78.03311667,2023-12-29,1667.5,304.0,6
3209,Yamkeshwar,Uttarakhand,52,PAURI GARHWAL,29.96130556,78.44086111,2023-12-29,0.5,0.5,1
3210,Baijnath (Gomti),Uttarakhand,46,Bageshwar,29.90822222,79.61769444,2023-12-30,18.0,18.0,1
3211,Nandprayag (Nandakini),Uttarakhand,47,Chamoli,30.33122222,79.31063889,2023-12-30,8.0,2.5,6
3212,Yamuna Colony,Uttarakhand,49,Dehradun,30.33775278,78.03311667,2023-12-30,2815.0,302.0,11
3213,Nandprayag (Nandakini),Uttarakhand,47,Chamoli,30.33122222,79.31063889,2023-12-31,2.0,0.5,4
3214,Yamuna Colony,Uttarakhand,49,Dehradun,30.33775278,78.03311667,2023-12-31,5894.0,296.0,23
3215,Mukteshwar_1,Uttarakhand,51,Nainital,29.47413889,79.65119444,2023-12-31,65.5,65.5,1
3216,Yamkeshwar,Uttarakhand,52,PAURI GARHWAL,29.96130556,78.44086111,2023-12-31,64.0,64.0,1
3217,Joshiyara,Uttarakhand,57,Uttarkashi,30.73122222,78.42733333,2023-12-31,1.0,0.5,2
3218,Nandprayag (Nandakini),Uttarakhand,47,Chamoli,30.33122222,79.31063889,2024-01-01,3.0,0.5,6
3219,Yamuna Colony,Uttarakhand,49,Dehradun,30.33775278,78.03311667,2024-01-01,2270.0,290.0,9
3220,Joshiyara,Uttarakhand,57,Uttarkashi,30.73122222,78.42733333,2024-01-01,11.5,2.0,11
3221,Nandprayag (Nandakini),Uttarakhand,47,Chamoli,30.33122222,79.31063889,2024-01-02,3.0,1.0,4
3222,Yamuna Colony,Uttarakhand,49,Dehradun,30.33775278,78.03311667,2024-01-02,1062.5,287.5,4
3223,Tumaria,Uttarakhand,56,UDHAM SINGH NAGAR,29.30704722,78.93133056,2024-01-02,0.5,0.5,1
3224,Nandprayag (Nandakini),Uttarakhand,47,Chamoli,30.33122222,79.31063889,2024-01-03,4.0,1.0,6
3225,Yamuna Colony,Uttarakhand,49,Dehradun,30.33775278,78.03311667,2024-01-03,1037.0,287.0,4
3226,Dharchula_1,Uttarakhand,53,Pithoragarh,29.84825,80.54047222,2024-01-03,0.5,0.5,1
3227,Pithoragarh,Uttarakhand,53,Pithoragarh,29.57938889,80.21886111,2024-01-03,129.0,129.0,1
3228,Nandprayag (Nandakini),Uttarakhand,47,Chamoli,30.33122222,79.31063889,2024-01-04,12.0,1.5,12
3229,Yamuna Colony,Uttarakhand,49,Dehradun,30.33775278,78.03311667,2024-01-04,771.5,293.5,3
3230,Nandprayag (Nandakini),Uttarakhand,47,Chamoli,30.33122222,79.31063889,2024-01-05,2.5,0.5,5
3231,Yamuna Colony,Uttarakhand,49,Dehradun,30.33775278,78.03311667,2024-01-05,289.0,289.0,1
3232,Pithoragarh,Uttarakhand,53,Pithoragarh,29.57938889,80.21886111,2024-01-05,282.0,282.0,1
3233,Yamuna Colony,Uttarakhand,49,Dehradun,30.33775278,78.03311667,2024-01-06,1023.5,292.0,4
3234,Yamkeshwar,Uttarakhand,52,PAURI GARHWAL,29.96130556,78.44086111,2024-01-06,436.5,436.5,1
3235,Yamuna Colony,Uttarakhand,49,Dehradun,30.33775278,78.03311667,2024-01-07,551.5,285.5,2
3236,Nandprayag (Nandakini),Uttarakhand,47,Chamoli,30.33122222,79.31063889,2024-01-08,11.0,2.0,10
3237,Yamuna Colony,Uttarakhand,49,Dehradun,30.33775278,78.03311667,2024-01-08,774.5,283.0,3
3238,Yamkeshwar,Uttarakhand,52,PAURI GARHWAL,29.96130556,78.44086111,2024-01-08,127.0,127.0,1
3239,Nandprayag (Nandakini),Uttarakhand,47,Chamoli,30.33122222,79.31063889,2024-01-09,1.0,0.5,2
3240,Yamuna Colony,Uttarakhand,49,Dehradun,30.33775278,78.03311667,2024-01-09,1494.0,291.5,6
3241,Yamuna Colony,Uttarakhand,49,Dehradun,30.33775278,78.03311667,2024-01-10,1009.5,287.5,4
3242,Yamuna Colony,Uttarakhand,49,Dehradun,30.33775278,78.03311667,2024-01-11,500.5,269.5,2
3243,Dharchula_1,Uttarakhand,53,Pithoragarh,29.84825,80.54047222,2024-01-11,64.0,64.0,1
3244,Yamuna Colony,Uttarakhand,49,Dehradun,30.33775278,78.03311667,2024-01-12,943.0,238.5,4
3245,Yamkeshwar,Uttarakhand,52,PAURI GARHWAL,29.96130556,78.44086111,2024-01-12,1.5,1.5,1
3246,Tanakpur_1,Uttarakhand,48,Champawat,29.07222222,80.1175,2024-01-13,54.0,54.0,1
3247,Yamuna Colony,Uttarakhand,49,Dehradun,30.33775278,78.03311667,2024-01-13,1225.0,285.0,5
3248,Yamuna Colony,Uttarakhand,49,Dehradun,30.33775278,78.03311667,2024-01-14,487.0,261.0,2
3249,Yamuna Colony,Uttarakhand,49,Dehradun,30.33775278,78.03311667,2024-01-15,221.0,221.0,1
3250,Tumaria,Uttarakhand,56,UDHAM SINGH NAGAR,29.30704722,78.93133056,2024-01-15,1.0,0.5,2
3251,Champawat_1,Uttarakhand,48,Champawat,29.33341667,80.08469444,2024-01-16,48.0,48.0,1
3252,Yamuna Colony,Uttarakhand,49,Dehradun,30.33775278,78.03311667,2024-01-16,223.0,223.0,1
3253,Nandprayag (Nandakini),Uttarakhand,47,Chamoli,30.33122222,79.31063889,2024-01-17,8.0,3.0,6
3254,Yamuna Colony,Uttarakhand,49,Dehradun,30.33775278,78.03311667,2024-01-17,459.5,233.0,2
3255,Bahadarabad,Uttarakhand,50,Haridwar,29.92380278,78.03671389,2024-01-17,0.5,0.5,1
3256,Yamkeshwar,Uttarakhand,52,PAURI GARHWAL,29.96130556,78.44086111,2024-01-17,8.0,8.0,1
3257,Guptkashi_1,Uttarakhand,54,Rudraprayag,30.52863889,79.08508333,2024-01-17,2.0,1.0,2
3258,Nandprayag (Nandakini),Uttarakhand,47,Chamoli,30.33122222,79.31063889,2024-01-18,1.0,0.5,2
3259,Dharchula_1,Uttarakhand,53,Pithoragarh,29.84825,80.54047222,2024-01-18,448.0,448.0,1
3260,Baijnath (Gomti),Uttarakhand,46,Bageshwar,29.90822222,79.61769444,2024-01-19,1.5,1.5,1
3261,Nandprayag (Nandakini),Uttarakhand,47,Chamoli,30.33122222,79.31063889,2024-01-19,2.0,0.5,4
3262,Yamuna Colony,Uttarakhand,49,Dehradun,30.33775278,78.03311667,2024-01-19,1197.0,253.0,5
3263,Kempty,Uttarakhand,55,Tehri Garhwal,30.49075,78.04738889,2024-01-19,456.0,456.0,1
3264,Baijnath (Gomti),Uttarakhand,46,Bageshwar,29.90822222,79.61769444,2024-01-20,-152.5,-152.5,1
3265,Yamuna Colony,Uttarakhand,49,Dehradun,30.33775278,78.03311667,2024-01-20,239.0,239.0,1
3266,Yamkeshwar,Uttarakhand,52,PAURI GARHWAL,29.96130556,78.44086111,2024-01-20,138.0,128.0,2
3267,Dharchula_1,Uttarakhand,53,Pithoragarh,29.84825,80.54047222,2024-01-20,1.0,1.0,1
3268,Kempty,Uttarakhand,55,Tehri Garhwal,30.49075,78.04738889,2024-01-20,64.5,64.5,1
3269,Yamuna Colony,Uttarakhand,49,Dehradun,30.33775278,78.03311667,2024-01-21,513.5,282.0,2
3270,Mukteshwar_1,Uttarakhand,51,Nainital,29.47413889,79.65119444,2024-01-21,160.5,160.5,1
3271,Dharchula_1,Uttarakhand,53,Pithoragarh,29.84825,80.54047222,2024-01-22,83.0,253.0,2
3272,Baijnath (Gomti),Uttarakhand,46,Bageshwar,29.90822222,79.61769444,2024-01-23,1.5,1.5,1
3273,Yamuna Colony,Uttarakhand,49,Dehradun,30.33775278,78.03311667,2024-01-23,771.5,281.0,3
3274,Badrinath_1,Uttarakhand,47,Chamoli,30.74513889,79.49436111,2024-01-24,85.5,85.5,1
3275,Yamuna Colony,Uttarakhand,49,Dehradun,30.33775278,78.03311667,2024-01-24,1269.0,289.5,5
3276,Mukteshwar_1,Uttarakhand,51,Nainital,29.47413889,79.65119444,2024-01-24,105.0,93.5,3
3277,Dugadda (Khoh),Uttarakhand,52,PAURI GARHWAL,29.75108333,78.52341667,2024-01-24,18.0,18.0,1
3278,Kempty,Uttarakhand,55,Tehri Garhwal,30.49075,78.04738889,2024-01-24,-144.0,-144.0,1
3279,Yamuna Colony,Uttarakhand,49,Dehradun,30.33775278,78.03311667,2024-01-25,508.0,292.0,2
3280,Mukteshwar_1,Uttarakhand,51,Nainital,29.47413889,79.65119444,2024-01-25,8.0,192.0,2
3281,Basukedar,Uttarakhand,54,Rudraprayag,30.43919444,79.05633333,2024-01-25,36.0,36.0,1
3282,Yamuna Colony,Uttarakhand,49,Dehradun,30.33775278,78.03311667,2024-01-26,253.5,253.5,1
3283,Pithoragarh,Uttarakhand,53,Pithoragarh,29.57938889,80.21886111,2024-01-26,40.0,40.0,1
3284,Yamuna Colony,Uttarakhand,49,Dehradun,30.33775278,78.03311667,2024-01-27,1246.5,295.0,5
3285,Yamkeshwar,Uttarakhand,52,PAURI GARHWAL,29.96130556,78.44086111,2024-01-27,0.5,0.5,1
3286,Tumaria,Uttarakhand,56,UDHAM SINGH NAGAR,29.30704722,78.93133056,2024-01-27,0.5,0.5,1
3287,Champawat_1,Uttarakhand,48,Champawat,29.33341667,80.08469444,2024-01-28,34.0,34.0,1
3288,Doiwala (Bhogpur),Uttarakhand,49,Dehradun,30.22270833,78.23418611,2024-01-28,192.0,192.0,1
3289,Yamuna Colony,Uttarakhand,49,Dehradun,30.33775278,78.03311667,2024-01-28,279.0,279.0,1
3290,Mukteshwar_1,Uttarakhand,51,Nainital,29.47413889,79.65119444,2024-01-28,160.0,160.0,1
3291,Dugadda (Khoh),Uttarakhand,52,PAURI GARHWAL,29.75108333,78.52341667,2024-01-28,64.0,64.0,1
3292,Dakpathar,Uttarakhand,49,Dehradun,30.49866667,77.79744444,2024-01-29,179.0,179.0,1
3293,Kempty,Uttarakhand,55,Tehri Garhwal,30.49075,78.04738889,2024-01-29,149.0,149.0,1
3294,Tanakpur_1,Uttarakhand,48,Champawat,29.07222222,80.1175,2024-01-30,48.0,48.0,1
3295,Yamuna Colony,Uttarakhand,49,Dehradun,30.33775278,78.03311667,2024-01-30,514.5,284.0,2
3296,Mukteshwar_1,Uttarakhand,51,Nainital,29.47413889,79.65119444,2024-01-30,6.0,5.0,2
3297,Yamkeshwar,Uttarakhand,52,PAURI GARHWAL,29.96130556,78.44086111,2024-01-30,149.0,149.0,1
3298,Baijnath (Gomti),Uttarakhand,46,Bageshwar,29.90822222,79.61769444,2024-01-31,1.0,0.5,2
3299,Gairsain (Ramganga),Uttarakhand,47,Chamoli,30.045,79.2855,2024-01-31,0.5,0.5,1
3300,Yamuna Colony,Uttarakhand,49,Dehradun,30.33775278,78.03311667,2024-01-31,1309.0,282.5,5
3301,Mukteshwar_1,Uttarakhand,51,Nainital,29.47413889,79.65119444,2024-01-31,9.5,6.5,3
3302,Basukedar,Uttarakhand,54,Rudraprayag,30.43919444,79.05633333,2024-01-31,1.5,1.0,2
3303,Chandranagar_1,Uttarakhand,54,Rudraprayag,30.41541667,79.06208333,2024-01-31,2.0,1.0,3
3304,Guptkashi_1,Uttarakhand,54,Rudraprayag,30.52863889,79.08508333,2024-01-31,5.0,3.5,3
3305,Sonprayag_1,Uttarakhand,54,Rudraprayag,30.63547222,78.99941667,2024-01-31,2.0,1.0,3
3306,Kempty,Uttarakhand,55,Tehri Garhwal,30.49075,78.04738889,2024-01-31,0.5,0.5,1
3307,Baijnath (Gomti),Uttarakhand,46,Bageshwar,29.90822222,79.61769444,2024-02-01,0.5,0.5,1
3308,Khati_1,Uttarakhand,46,Bageshwar,30.11019722,79.94055833,2024-02-01,7.0,2.0,7
3309,Gairsain (Ramganga),Uttarakhand,47,Chamoli,30.045,79.2855,2024-02-01,16.0,3.5,10
3310,Danda_1,Uttarakhand,48,Champawat,29.15927778,80.10852778,2024-02-01,5.5,1.5,6
3311,Yamuna Colony,Uttarakhand,49,Dehradun,30.33775278,78.03311667,2024-02-01,244.0,244.0,1
3312,Bahadarabad,Uttarakhand,50,Haridwar,29.92380278,78.03671389,2024-02-01,10.0,6.0,5
3313,Mukteshwar_1,Uttarakhand,51,Nainital,29.47413889,79.65119444,2024-02-01,9.5,4.5,4
3314,Dugadda (Khoh),Uttarakhand,52,PAURI GARHWAL,29.75108333,78.52341667,2024-02-01,9.0,5.5,5
3315,Dharchula_1,Uttarakhand,53,Pithoragarh,29.84825,80.54047222,2024-02-01,8.5,4.0,4
3316,Pithoragarh,Uttarakhand,53,Pithoragarh,29.57938889,80.21886111,2024-02-01,4.5,2.0,6
3317,Basukedar,Uttarakhand,54,Rudraprayag,30.43919444,79.05633333,2024-02-01,22.0,3.5,12
3318,Chandranagar_1,Uttarakhand,54,Rudraprayag,30.41541667,79.06208333,2024-02-01,16.5,2.5,14
3319,Guptkashi_1,Uttarakhand,54,Rudraprayag,30.52863889,79.08508333,2024-02-01,21.5,4.5,8
3320,Sonprayag_1,Uttarakhand,54,Rudraprayag,30.63547222,78.99941667,2024-02-01,21.0,4.0,13
3321,Kempty,Uttarakhand,55,Tehri Garhwal,30.49075,78.04738889,2024-02-01,23.0,6.0,9
3322,Gadarpur,Uttarakhand,56,UDHAM SINGH NAGAR,29.04324167,79.24461944,2024-02-01,7.0,1.0,13
3323,Haripura_2,Uttarakhand,56,UDHAM SINGH NAGAR,29.13151944,79.25965556,2024-02-01,4.0,1.5,5
3324,Tumaria,Uttarakhand,56,UDHAM SINGH NAGAR,29.30704722,78.93133056,2024-02-01,7.5,3.5,6
3325,Kapkot (Saryu),Uttarakhand,46,Bageshwar,29.94516667,79.9025,2024-02-02,0.5,0.5,1
3326,Nandprayag (Nandakini),Uttarakhand,47,Chamoli,30.33122222,79.31063889,2024-02-02,3.0,1.5,2
3327,Mukteshwar_1,Uttarakhand,51,Nainital,29.47413889,79.65119444,2024-02-02,1.0,0.5,2
3328,Dugadda (Khoh),Uttarakhand,52,PAURI GARHWAL,29.75108333,78.52341667,2024-02-02,0.5,0.5,1
3329,Chandranagar_1,Uttarakhand,54,Rudraprayag,30.41541667,79.06208333,2024-02-02,2.0,0.5,4
3330,Kempty,Uttarakhand,55,Tehri Garhwal,30.49075,78.04738889,2024-02-02,21.5,5.0,6
3331,Baijnath (Gomti),Uttarakhand,46,Bageshwar,29.90822222,79.61769444,2024-02-03,0.5,0.5,1
3332,Yamuna Colony,Uttarakhand,49,Dehradun,30.33775278,78.03311667,2024-02-03,732.5,251.0,3
3333,Kempty,Uttarakhand,55,Tehri Garhwal,30.49075,78.04738889,2024-02-03,2.0,1.0,3
3334,Baijnath (Gomti),Uttarakhand,46,Bageshwar,29.90822222,79.61769444,2024-02-04,1.5,0.5,3
3335,Khati_1,Uttarakhand,46,Bageshwar,30.11019722,79.94055833,2024-02-04,11.0,1.5,12
3336,Gairsain (Ramganga),Uttarakhand,47,Chamoli,30.045,79.2855,2024-02-04,10.0,1.5,10
3337,Nandprayag (Nandakini),Uttarakhand,47,Chamoli,30.33122222,79.31063889,2024-02-04,1.0,0.5,2
3338,Danda_1,Uttarakhand,48,Champawat,29.15927778,80.10852778,2024-02-04,2.5,1.5,2
3339,Chakrata,Uttarakhand,49,Dehradun,30.76115556,77.86502778,2024-02-04,19.5,3.5,13
3340,Yamuna Colony,Uttarakhand,49,Dehradun,30.33775278,78.03311667,2024-02-04,504.0,257.5,2
3341,Bahadarabad,Uttarakhand,50,Haridwar,29.92380278,78.03671389,2024-02-04,4.0,2.0,4
3342,Roorkee_2,Uttarakhand,50,Haridwar,29.86771944,77.88415556,2024-02-04,4.0,2.5,3
3343,Mukteshwar_1,Uttarakhand,51,Nainital,29.47413889,79.65119444,2024-02-04,4.0,1.0,4
3344,Dugadda (Khoh),Uttarakhand,52,PAURI GARHWAL,29.75108333,78.52341667,2024-02-04,12.0,2.0,16
3345,Dharchula_1,Uttarakhand,53,Pithoragarh,29.84825,80.54047222,2024-02-04,5.5,1.0,8
3346,Pithoragarh,Uttarakhand,53,Pithoragarh,29.57938889,80.21886111,2024-02-04,18.5,5.0,15
3347,Basukedar,Uttarakhand,54,Rudraprayag,30.43919444,79.05633333,2024-02-04,17.5,2.0,15
3348,Chandranagar_1,Uttarakhand,54,Rudraprayag,30.41541667,79.06208333,2024-02-04,22.0,3.0,16
3349,Guptkashi_1,Uttarakhand,54,Rudraprayag,30.52863889,79.08508333,2024-02-04,19.0,2.0,18
3350,Sonprayag_1,Uttarakhand,54,Rudraprayag,30.63547222,78.99941667,2024-02-04,12.5,2.0,10
3351,Kempty,Uttarakhand,55,Tehri Garhwal,30.49075,78.04738889,2024-02-04,44.0,5.0,30
3352,Gadarpur,Uttarakhand,56,UDHAM SINGH NAGAR,29.04324167,79.24461944,2024-02-04,2.0,0.5,4
3353,Haripura_2,Uttarakhand,56,UDHAM SINGH NAGAR,29.13151944,79.25965556,2024-02-04,2.0,1.0,2
3354,Tumaria,Uttarakhand,56,UDHAM SINGH NAGAR,29.30704722,78.93133056,2024-02-04,4.0,2.0,3
3355,Jhala_1,Uttarakhand,57,Uttarkashi,31.01533333,78.71222222,2024-02-04,1.0,0.5,2
3356,Kosi_1,Uttarakhand,45,Almora,29.6191,79.62060833,2024-02-05,96.0,96.0,1
3357,Kapkot (Saryu),Uttarakhand,46,Bageshwar,29.94516667,79.9025,2024-02-05,1.0,0.5,2
3358,Khati_1,Uttarakhand,46,Bageshwar,30.11019722,79.94055833,2024-02-05,63.0,13.0,14
3359,Gairsain (Ramganga),Uttarakhand,47,Chamoli,30.045,79.2855,2024-02-05,16.0,2.0,14
3360,Nandprayag (Nandakini),Uttarakhand,47,Chamoli,30.33122222,79.31063889,2024-02-05,11.0,2.0,11
3361,Chakrata,Uttarakhand,49,Dehradun,30.76115556,77.86502778,2024-02-05,19.0,5.5,7
3362,Bahadarabad,Uttarakhand,50,Haridwar,29.92380278,78.03671389,2024-02-05,21.5,7.5,6
3363,Roorkee_2,Uttarakhand,50,Haridwar,29.86771944,77.88415556,2024-02-05,20.0,8.5,5
3364,Dugadda (Khoh),Uttarakhand,52,PAURI GARHWAL,29.75108333,78.52341667,2024-02-05,55.0,9.0,14
3365,Yamkeshwar,Uttarakhand,52,PAURI GARHWAL,29.96130556,78.44086111,2024-02-05,84.5,84.5,1
3366,Dharchula_1,Uttarakhand,53,Pithoragarh,29.84825,80.54047222,2024-02-05,3.5,1.5,3
3367,Basukedar,Uttarakhand,54,Rudraprayag,30.43919444,79.05633333,2024-02-05,9.5,3.5,7
3368,Chandranagar_1,Uttarakhand,54,Rudraprayag,30.41541667,79.06208333,2024-02-05,12.0,1.5,14
3369,Guptkashi_1,Uttarakhand,54,Rudraprayag,30.52863889,79.08508333,2024-02-05,9.0,2.5,8
3370,Sonprayag_1,Uttarakhand,54,Rudraprayag,30.63547222,78.99941667,2024-02-05,4.5,1.5,6
3371,Kempty,Uttarakhand,55,Tehri Garhwal,30.49075,78.04738889,2024-02-05,44.0,5.5,16
3372,Tumaria,Uttarakhand,56,UDHAM SINGH NAGAR,29.30704722,78.93133056,2024-02-05,0.5,0.5,1
3373,Baijnath (Gomti),Uttarakhand,46,Bageshwar,29.90822222,79.61769444,2024-02-06,0.5,0.5,1
3374,Nandprayag (Nandakini),Uttarakhand,47,Chamoli,30.33122222,79.31063889,2024-02-06,9.5,6.0,6
3375,Yamuna Colony,Uttarakhand,49,Dehradun,30.33775278,78.03311667,2024-02-06,239.0,239.0,1
3376,Yamkeshwar,Uttarakhand,52,PAURI GARHWAL,29.96130556,78.44086111,2024-02-06,544.0,384.0,2
3377,Nandprayag (Nandakini),Uttarakhand,47,Chamoli,30.33122222,79.31063889,2024-02-07,0.5,0.5,1
3378,Mukteshwar_1,Uttarakhand,51,Nainital,29.47413889,79.65119444,2024-02-07,9.0,1.5,10
3379,Nandprayag (Nandakini),Uttarakhand,47,Chamoli,30.33122222,79.31063889,2024-02-08,4.5,2.0,4
3380,Yamuna Colony,Uttarakhand,49,Dehradun,30.33775278,78.03311667,2024-02-08,219.5,219.5,1
3381,Dharchula_1,Uttarakhand,53,Pithoragarh,29.84825,80.54047222,2024-02-08,192.0,192.0,1
3382,Nandprayag (Nandakini),Uttarakhand,47,Chamoli,30.33122222,79.31063889,2024-02-09,4.0,2.0,3
3383,Yamuna Colony,Uttarakhand,49,Dehradun,30.33775278,78.03311667,2024-02-09,715.5,246.5,3
3384,Pithoragarh,Uttarakhand,53,Pithoragarh,29.57938889,80.21886111,2024-02-09,82.5,64.5,2
3385,Baijnath (Gomti),Uttarakhand,46,Bageshwar,29.90822222,79.61769444,2024-02-10,250.0,250.0,1
3386,Nandprayag (Nandakini),Uttarakhand,47,Chamoli,30.33122222,79.31063889,2024-02-10,3.5,1.5,4
3387,Nandprayag (Nandakini),Uttarakhand,47,Chamoli,30.33122222,79.31063889,2024-02-11,1.0,0.5,2
3388,Yamuna Colony,Uttarakhand,49,Dehradun,30.33775278,78.03311667,2024-02-11,530.0,272.0,2
3389,Mukteshwar_1,Uttarakhand,51,Nainital,29.47413889,79.65119444,2024-02-11,621.0,429.0,2
3390,Kempty,Uttarakhand,55,Tehri Garhwal,30.49075,78.04738889,2024-02-11,96.0,96.0,1
3391,Haripura_2,Uttarakhand,56,UDHAM SINGH NAGAR,29.13151944,79.25965556,2024-02-11,136.0,136.0,1
3392,Kosi_1,Uttarakhand,45,Almora,29.6191,79.62060833,2024-02-12,321.5,321.5,1
3393,Baijnath (Gomti),Uttarakhand,46,Bageshwar,29.90822222,79.61769444,2024-02-12,469.0,384.0,2
3394,Kapkot (Saryu),Uttarakhand,46,Bageshwar,29.94516667,79.9025,2024-02-12,144.0,144.0,1
3395,Gairsain (Ramganga),Uttarakhand,47,Chamoli,30.045,79.2855,2024-02-12,54.0,54.0,1
3396,Nandprayag (Nandakini),Uttarakhand,47,Chamoli,30.33122222,79.31063889,2024-02-12,0.5,0.5,1
3397,Yamuna Colony,Uttarakhand,49,Dehradun,30.33775278,78.03311667,2024-02-12,2355.0,301.5,9
3398,Yamkeshwar,Uttarakhand,52,PAURI GARHWAL,29.96130556,78.44086111,2024-02-12,85.0,85.0,1
3399,Dharchula_1,Uttarakhand,53,Pithoragarh,29.84825,80.54047222,2024-02-12,65.0,65.0,1
3400,Pithoragarh,Uttarakhand,53,Pithoragarh,29.57938889,80.21886111,2024-02-12,0.5,0.5,1
3401,Lamgara,Uttarakhand,45,Almora,29.53866667,79.74994444,2024-02-13,48.0,48.0,1
3402,Baijnath (Gomti),Uttarakhand,46,Bageshwar,29.90822222,79.61769444,2024-02-13,25.0,25.0,1
3403,Yamuna Colony,Uttarakhand,49,Dehradun,30.33775278,78.03311667,2024-02-13,2785.0,304.5,10
3404,Pithoragarh,Uttarakhand,53,Pithoragarh,29.57938889,80.21886111,2024-02-13,1.5,1.5,1
3405,Baijnath (Gomti),Uttarakhand,46,Bageshwar,29.90822222,79.61769444,2024-02-14,192.0,192.0,1
3406,Yamuna Colony,Uttarakhand,49,Dehradun,30.33775278,78.03311667,2024-02-14,2154.0,309.0,8
3407,Dharchula_1,Uttarakhand,53,Pithoragarh,29.84825,80.54047222,2024-02-14,192.0,192.0,1
3408,Baijnath (Gomti),Uttarakhand,46,Bageshwar,29.90822222,79.61769444,2024-02-15,176.0,176.0,1
3409,Yamuna Colony,Uttarakhand,49,Dehradun,30.33775278,78.03311667,2024-02-15,2271.0,310.0,8
3410,Mukteshwar_1,Uttarakhand,51,Nainital,29.47413889,79.65119444,2024-02-15,146.5,145.0,2
3411,Yamkeshwar,Uttarakhand,52,PAURI GARHWAL,29.96130556,78.44086111,2024-02-15,129.0,129.0,1
3412,Baijnath (Gomti),Uttarakhand,46,Bageshwar,29.90822222,79.61769444,2024-02-16,480.0,480.0,1
3413,Yamuna Colony,Uttarakhand,49,Dehradun,30.33775278,78.03311667,2024-02-16,2237.0,308.5,8
3414,Mukteshwar_1,Uttarakhand,51,Nainital,29.47413889,79.65119444,2024-02-16,3.0,1.0,4
3415,Pithoragarh,Uttarakhand,53,Pithoragarh,29.57938889,80.21886111,2024-02-16,192.0,192.0,1
3416,Kempty,Uttarakhand,55,Tehri Garhwal,30.49075,78.04738889,2024-02-16,329.0,329.0,1
3417,Yamuna Colony,Uttarakhand,49,Dehradun,30.33775278,78.03311667,2024-02-17,1866.5,302.5,7
3418,Mukteshwar_1,Uttarakhand,51,Nainital,29.47413889,79.65119444,2024-02-17,0.5,0.5,1
3419,Yamkeshwar,Uttarakhand,52,PAURI GARHWAL,29.96130556,78.44086111,2024-02-17,44.5,44.5,1
3420,Yamuna Colony,Uttarakhand,49,Dehradun,30.33775278,78.03311667,2024-02-18,2229.5,301.0,8
3421,Mukteshwar_1,Uttarakhand,51,Nainital,29.47413889,79.65119444,2024-02-18,258.0,258.0,1
3422,Chakrata,Uttarakhand,49,Dehradun,30.76115556,77.86502778,2024-02-19,0.5,0.5,1
3423,Yamuna Colony,Uttarakhand,49,Dehradun,30.33775278,78.03311667,2024-02-19,2503.0,298.0,9
3424,Pithoragarh,Uttarakhand,53,Pithoragarh,29.57938889,80.21886111,2024-02-19,2.0,0.5,4
3425,Chandranagar_1,Uttarakhand,54,Rudraprayag,30.41541667,79.06208333,2024-02-19,2.0,0.5,4
3426,Guptkashi_1,Uttarakhand,54,Rudraprayag,30.52863889,79.08508333,2024-02-19,2.0,0.5,4
3427,Kempty,Uttarakhand,55,Tehri Garhwal,30.49075,78.04738889,2024-02-19,27.0,24.0,2
3428,Baijnath (Gomti),Uttarakhand,46,Bageshwar,29.90822222,79.61769444,2024-02-20,122.5,122.5,1
3429,Kapkot (Saryu),Uttarakhand,46,Bageshwar,29.94516667,79.9025,2024-02-20,1.0,0.5,2
3430,Khati_1,Uttarakhand,46,Bageshwar,30.11019722,79.94055833,2024-02-20,19.0,7.0,8
3431,Gairsain (Ramganga),Uttarakhand,47,Chamoli,30.045,79.2855,2024-02-20,14.0,2.5,12
3432,Danda_1,Uttarakhand,48,Champawat,29.15927778,80.10852778,2024-02-20,8.0,2.5,6
3433,Chakrata,Uttarakhand,49,Dehradun,30.76115556,77.86502778,2024-02-20,14.5,6.0,6
3434,Yamuna Colony,Uttarakhand,49,Dehradun,30.33775278,78.03311667,2024-02-20,2596.0,307.0,9
3435,Bahadarabad,Uttarakhand,50,Haridwar,29.92380278,78.03671389,2024-02-20,1.5,1.0,2
3436,Roorkee_2,Uttarakhand,50,Haridwar,29.86771944,77.88415556,2024-02-20,3.0,1.5,3
3437,Mukteshwar_1,Uttarakhand,51,Nainital,29.47413889,79.65119444,2024-02-20,234.5,232.0,4
3438,Dugadda (Khoh),Uttarakhand,52,PAURI GARHWAL,29.75108333,78.52341667,2024-02-20,11.0,5.0,4
3439,Yamkeshwar,Uttarakhand,52,PAURI GARHWAL,29.96130556,78.44086111,2024-02-20,320.0,320.0,1
3440,Dharchula_1,Uttarakhand,53,Pithoragarh,29.84825,80.54047222,2024-02-20,220.5,192.5,9
3441,Pithoragarh,Uttarakhand,53,Pithoragarh,29.57938889,80.21886111,2024-02-20,8.5,3.5,3
3442,Basukedar,Uttarakhand,54,Rudraprayag,30.43919444,79.05633333,2024-02-20,19.0,2.5,12
3443,Chandranagar_1,Uttarakhand,54,Rudraprayag,30.41541667,79.06208333,2024-02-20,37.0,6.0,16
3444,Guptkashi_1,Uttarakhand,54,Rudraprayag,30.52863889,79.08508333,2024-02-20,35.0,3.5,24
3445,Sonprayag_1,Uttarakhand,54,Rudraprayag,30.63547222,78.99941667,2024-02-20,30.0,4.0,16
3446,Kempty,Uttarakhand,55,Tehri Garhwal,30.49075,78.04738889,2024-02-20,36.0,7.5,12
3447,Gadarpur,Uttarakhand,56,UDHAM SINGH NAGAR,29.04324167,79.24461944,2024-02-20,1.0,0.5,2
3448,Tumaria,Uttarakhand,56,UDHAM SINGH NAGAR,29.30704722,78.93133056,2024-02-20,1.0,0.5,2
3449,Baijnath (Gomti),Uttarakhand,46,Bageshwar,29.90822222,79.61769444,2024-02-21,34.0,34.0,1
3450,Gairsain (Ramganga),Uttarakhand,47,Chamoli,30.045,79.2855,2024-02-21,1.0,0.5,2
3451,Chakrata,Uttarakhand,49,Dehradun,30.76115556,77.86502778,2024-02-21,5.0,3.5,3
3452,Yamuna Colony,Uttarakhand,49,Dehradun,30.33775278,78.03311667,2024-02-21,2454.5,307.0,9
3453,Basukedar,Uttarakhand,54,Rudraprayag,30.43919444,79.05633333,2024-02-21,0.5,0.5,1
3454,Chandranagar_1,Uttarakhand,54,Rudraprayag,30.41541667,79.06208333,2024-02-21,2.0,0.5,4
3455,Guptkashi_1,Uttarakhand,54,Rudraprayag,30.52863889,79.08508333,2024-02-21,2.0,1.0,2
3456,Yamuna Colony,Uttarakhand,49,Dehradun,30.33775278,78.03311667,2024-02-22,239.5,239.5,1
3457,Basukedar,Uttarakhand,54,Rudraprayag,30.43919444,79.05633333,2024-02-22,0.5,0.5,1
3458,Yamuna Colony,Uttarakhand,49,Dehradun,30.33775278,78.03311667,2024-02-23,1642.5,298.0,6
3459,Mukteshwar_1,Uttarakhand,51,Nainital,29.47413889,79.65119444,2024-02-23,1.0,0.5,2
3460,Kempty,Uttarakhand,55,Tehri Garhwal,30.49075,78.04738889,2024-02-23,1.5,1.5,1
3461,Nandprayag (Nandakini),Uttarakhand,47,Chamoli,30.33122222,79.31063889,2024-02-24,3.5,2.5,3
3462,Yamuna Colony,Uttarakhand,49,Dehradun,30.33775278,78.03311667,2024-02-24,561.0,286.0,2
3463,Mukteshwar_1,Uttarakhand,51,Nainital,29.47413889,79.65119444,2024-02-24,0.5,0.5,1
3464,Basukedar,Uttarakhand,54,Rudraprayag,30.43919444,79.05633333,2024-02-24,1.0,0.5,2
3465,Guptkashi_1,Uttarakhand,54,Rudraprayag,30.52863889,79.08508333,2024-02-24,3.0,1.5,2
3466,Kempty,Uttarakhand,55,Tehri Garhwal,30.49075,78.04738889,2024-02-24,140.5,140.5,1
3467,Nandprayag (Nandakini),Uttarakhand,47,Chamoli,30.33122222,79.31063889,2024-02-25,6.5,5.0,2
3468,Yamuna Colony,Uttarakhand,49,Dehradun,30.33775278,78.03311667,2024-02-25,248.5,248.5,1
3469,Mukteshwar_1,Uttarakhand,51,Nainital,29.47413889,79.65119444,2024-02-25,1.0,0.5,2
3470,Chandranagar_1,Uttarakhand,54,Rudraprayag,30.41541667,79.06208333,2024-02-25,0.5,0.5,1
3471,Tanakpur_1,Uttarakhand,48,Champawat,29.07222222,80.1175,2024-02-26,1.5,1.5,1
3472,Yamuna Colony,Uttarakhand,49,Dehradun,30.33775278,78.03311667,2024-02-26,505.0,265.0,2
3473,Gairsain (Ramganga),Uttarakhand,47,Chamoli,30.045,79.2855,2024-02-27,2.0,1.0,3
3474,Yamuna Colony,Uttarakhand,49,Dehradun,30.33775278,78.03311667,2024-02-27,272.0,272.0,1
3475,Dharchula_1,Uttarakhand,53,Pithoragarh,29.84825,80.54047222,2024-02-27,2.5,1.0,4
3476,Pithoragarh,Uttarakhand,53,Pithoragarh,29.57938889,80.21886111,2024-02-27,1.5,0.5,3
3477,Basukedar,Uttarakhand,54,Rudraprayag,30.43919444,79.05633333,2024-02-27,5.0,1.0,6
3478,Chandranagar_1,Uttarakhand,54,Rudraprayag,30.41541667,79.06208333,2024-02-27,4.5,1.0,6
3479,Guptkashi_1,Uttarakhand,54,Rudraprayag,30.52863889,79.08508333,2024-02-27,4.5,1.0,7
3480,Gadarpur,Uttarakhand,56,UDHAM SINGH NAGAR,29.04324167,79.24461944,2024-02-27,-166.0,-166.0,1
3481,Nandprayag (Nandakini),Uttarakhand,47,Chamoli,30.33122222,79.31063889,2024-02-28,5.5,2.5,3
3482,Yamuna Colony,Uttarakhand,49,Dehradun,30.33775278,78.03311667,2024-02-28,879.5,306.0,3
3483,Roorkee_2,Uttarakhand,50,Haridwar,29.86771944,77.88415556,2024-02-28,1167.0,313.5,4
3484,Mukteshwar_1,Uttarakhand,51,Nainital,29.47413889,79.65119444,2024-02-28,0.5,0.5,1
3485,Dharchula_1,Uttarakhand,53,Pithoragarh,29.84825,80.54047222,2024-02-28,0.5,0.5,1
3486,Guptkashi_1,Uttarakhand,54,Rudraprayag,30.52863889,79.08508333,2024-02-28,0.5,0.5,1
3487,Yamuna Colony,Uttarakhand,49,Dehradun,30.33775278,78.03311667,2024-02-29,5452.0,319.5,19
3488,Roorkee_2,Uttarakhand,50,Haridwar,29.86771944,77.88415556,2024-02-29,5617.5,326.0,19
3489,Sitarganj_1,Uttarakhand,56,UDHAM SINGH NAGAR,28.92971389,79.703,2024-02-29,-68.0,-68.0,1
3490,Gairsain (Ramganga),Uttarakhand,47,Chamoli,30.045,79.2855,2024-03-01,160.5,160.0,2
3491,Chakrata,Uttarakhand,49,Dehradun,30.76115556,77.86502778,2024-03-01,6.0,2.0,5
3492,Yamuna Colony,Uttarakhand,49,Dehradun,30.33775278,78.03311667,2024-03-01,1874.5,320.5,7
3493,Roorkee_2,Uttarakhand,50,Haridwar,29.86771944,77.88415556,2024-03-01,2199.5,318.5,8
3494,Virbhadra,Uttarakhand,52,PAURI GARHWAL,30.07444444,78.29047222,2024-03-01,0.5,0.5,1
3495,Guptkashi_1,Uttarakhand,54,Rudraprayag,30.52863889,79.08508333,2024-03-01,1.5,0.5,3
3496,Kempty,Uttarakhand,55,Tehri Garhwal,30.49075,78.04738889,2024-03-01,0.5,0.5,1
3497,Jhala_1,Uttarakhand,57,Uttarkashi,31.01533333,78.71222222,2024-03-01,4.0,3.0,3
3498,Khati_1,Uttarakhand,46,Bageshwar,30.11019722,79.94055833,2024-03-02,31.0,12.0,12
3499,Gairsain (Ramganga),Uttarakhand,47,Chamoli,30.045,79.2855,2024-03-02,117.0,97.0,17
3500,Nandprayag (Nandakini),Uttarakhand,47,Chamoli,30.33122222,79.31063889,2024-03-02,1.5,0.5,3
3501,Danda_1,Uttarakhand,48,Champawat,29.15927778,80.10852778,2024-03-02,8.5,5.0,5
3502,Chakrata,Uttarakhand,49,Dehradun,30.76115556,77.86502778,2024-03-02,76.5,10.5,21
3503,Dakpathar,Uttarakhand,49,Dehradun,30.49866667,77.79744444,2024-03-02,19.5,9.5,9
3504,Yamuna Colony,Uttarakhand,49,Dehradun,30.33775278,78.03311667,2024-03-02,1136.0,293.0,4
3505,Roorkee_2,Uttarakhand,50,Haridwar,29.86771944,77.88415556,2024-03-02,1226.5,318.0,10
3506,Dugadda (Khoh),Uttarakhand,52,PAURI GARHWAL,29.75108333,78.52341667,2024-03-02,19.0,4.5,11
3507,Dharchula_1,Uttarakhand,53,Pithoragarh,29.84825,80.54047222,2024-03-02,21.0,4.0,13
3508,Pithoragarh,Uttarakhand,53,Pithoragarh,29.57938889,80.21886111,2024-03-02,20.5,5.0,12
3509,Basukedar,Uttarakhand,54,Rudraprayag,30.43919444,79.05633333,2024-03-02,52.5,4.0,31
3510,Chandranagar_1,Uttarakhand,54,Rudraprayag,30.41541667,79.06208333,2024-03-02,55.5,8.5,23
3511,Guptkashi_1,Uttarakhand,54,Rudraprayag,30.52863889,79.08508333,2024-03-02,58.0,4.5,26
3512,Kempty,Uttarakhand,55,Tehri Garhwal,30.49075,78.04738889,2024-03-02,30.0,8.5,11
3513,Gadarpur,Uttarakhand,56,UDHAM SINGH NAGAR,29.04324167,79.24461944,2024-03-02,6.0,1.0,11
3514,Haripura_2,Uttarakhand,56,UDHAM SINGH NAGAR,29.13151944,79.25965556,2024-03-02,1.0,1.0,1
3515,Sitarganj_1,Uttarakhand,56,UDHAM SINGH NAGAR,28.92971389,79.703,2024-03-02,1.0,1.0,1
3516,Tumaria,Uttarakhand,56,UDHAM SINGH NAGAR,29.30704722,78.93133056,2024-03-02,6.5,2.5,4
3517,Khati_1,Uttarakhand,46,Bageshwar,30.11019722,79.94055833,2024-03-03,96.5,25.0,14
3518,Gairsain (Ramganga),Uttarakhand,47,Chamoli,30.045,79.2855,2024-03-03,51.5,7.0,20
3519,Nandprayag (Nandakini),Uttarakhand,47,Chamoli,30.33122222,79.31063889,2024-03-03,0.5,0.5,1
3520,Danda_1,Uttarakhand,48,Champawat,29.15927778,80.10852778,2024-03-03,2.0,2.0,1
3521,Tanakpur_1,Uttarakhand,48,Champawat,29.07222222,80.1175,2024-03-03,-415.5,-415.5,1
3522,Chakrata,Uttarakhand,49,Dehradun,30.76115556,77.86502778,2024-03-03,63.5,13.0,21
3523,Dakpathar,Uttarakhand,49,Dehradun,30.49866667,77.79744444,2024-03-03,28.5,13.5,13
3524,Yamuna Colony,Uttarakhand,49,Dehradun,30.33775278,78.03311667,2024-03-03,539.5,275.5,2
3525,Roorkee_2,Uttarakhand,50,Haridwar,29.86771944,77.88415556,2024-03-03,17.0,7.0,6
3526,Dugadda (Khoh),Uttarakhand,52,PAURI GARHWAL,29.75108333,78.52341667,2024-03-03,68.0,16.5,16
3527,Dharchula_1,Uttarakhand,53,Pithoragarh,29.84825,80.54047222,2024-03-03,12.0,3.0,10
3528,Pithoragarh,Uttarakhand,53,Pithoragarh,29.57938889,80.21886111,2024-03-03,22.0,6.5,9
3529,Basukedar,Uttarakhand,54,Rudraprayag,30.43919444,79.05633333,2024-03-03,81.0,6.0,35
3530,Chandranagar_1,Uttarakhand,54,Rudraprayag,30.41541667,79.06208333,2024-03-03,68.5,5.5,23
3531,Guptkashi_1,Uttarakhand,54,Rudraprayag,30.52863889,79.08508333,2024-03-03,65.0,7.5,26
3532,Kempty,Uttarakhand,55,Tehri Garhwal,30.49075,78.04738889,2024-03-03,50.5,12.5,17
3533,Gadarpur,Uttarakhand,56,UDHAM SINGH NAGAR,29.04324167,79.24461944,2024-03-03,5.0,0.5,10
3534,Tumaria,Uttarakhand,56,UDHAM SINGH NAGAR,29.30704722,78.93133056,2024-03-03,57.5,28.0,6
3535,Jhala_1,Uttarakhand,57,Uttarkashi,31.01533333,78.71222222,2024-03-03,3.5,2.5,2
3536,Khati_1,Uttarakhand,46,Bageshwar,30.11019722,79.94055833,2024-03-04,15.0,7.5,2
3537,Gairsain (Ramganga),Uttarakhand,47,Chamoli,30.045,79.2855,2024-03-04,26.0,7.0,6
3538,Nandprayag (Nandakini),Uttarakhand,47,Chamoli,30.33122222,79.31063889,2024-03-04,1.0,0.5,2
3539,Yamuna Colony,Uttarakhand,49,Dehradun,30.33775278,78.03311667,2024-03-04,812.0,288.5,3
3540,Dharchula_1,Uttarakhand,53,Pithoragarh,29.84825,80.54047222,2024-03-04,18.0,5.5,5
3541,Pithoragarh,Uttarakhand,53,Pithoragarh,29.57938889,80.21886111,2024-03-04,19.0,6.5,4
3542,Basukedar,Uttarakhand,54,Rudraprayag,30.43919444,79.05633333,2024-03-04,11.0,4.5,4
3543,Chandranagar_1,Uttarakhand,54,Rudraprayag,30.41541667,79.06208333,2024-03-04,13.5,7.5,7
3544,Guptkashi_1,Uttarakhand,54,Rudraprayag,30.52863889,79.08508333,2024-03-04,5.0,4.0,2
3545,Gadarpur,Uttarakhand,56,UDHAM SINGH NAGAR,29.04324167,79.24461944,2024-03-04,3.5,0.5,7
3546,Tumaria,Uttarakhand,56,UDHAM SINGH NAGAR,29.30704722,78.93133056,2024-03-04,13.0,4.0,4
3547,Kapkot (Saryu),Uttarakhand,46,Bageshwar,29.94516667,79.9025,2024-03-05,0.5,0.5,1
3548,Nandprayag (Nandakini),Uttarakhand,47,Chamoli,30.33122222,79.31063889,2024-03-05,6.5,5.5,3
3549,Yamuna Colony,Uttarakhand,49,Dehradun,30.33775278,78.03311667,2024-03-05,268.0,268.0,1
3550,Roorkee_2,Uttarakhand,50,Haridwar,29.86771944,77.88415556,2024-03-05,255.0,255.0,1
3551,Gadarpur,Uttarakhand,56,UDHAM SINGH NAGAR,29.04324167,79.24461944,2024-03-05,2.5,0.5,5
3552,Nandprayag (Nandakini),Uttarakhand,47,Chamoli,30.33122222,79.31063889,2024-03-06,0.5,0.5,1
3553,Yamuna Colony,Uttarakhand,49,Dehradun,30.33775278,78.03311667,2024-03-06,864.5,305.5,3
3554,Roorkee_2,Uttarakhand,50,Haridwar,29.86771944,77.88415556,2024-03-06,1095.0,511.5,3
3555,Gadarpur,Uttarakhand,56,UDHAM SINGH NAGAR,29.04324167,79.24461944,2024-03-06,1.0,0.5,2
3556,Sitarganj_1,Uttarakhand,56,UDHAM SINGH NAGAR,28.92971389,79.703,2024-03-06,401.0,401.0,1
3557,Almora_1,Uttarakhand,45,Almora,29.59575833,79.65063889,2024-03-07,36.0,36.0,1
3558,Yamuna Colony,Uttarakhand,49,Dehradun,30.33775278,78.03311667,2024-03-07,587.0,303.0,2
3559,Gadarpur,Uttarakhand,56,UDHAM SINGH NAGAR,29.04324167,79.24461944,2024-03-07,1.0,0.5,2
3560,Joshiyara,Uttarakhand,57,Uttarkashi,30.73122222,78.42733333,2024-03-07,90.0,36.5,10
3561,Yamuna Colony,Uttarakhand,49,Dehradun,30.33775278,78.03311667,2024-03-08,279.0,279.0,1
3562,Gadarpur,Uttarakhand,56,UDHAM SINGH NAGAR,29.04324167,79.24461944,2024-03-08,2.5,0.5,5
3563,Tumaria,Uttarakhand,56,UDHAM SINGH NAGAR,29.30704722,78.93133056,2024-03-08,128.5,128.5,1
3564,Joshiyara,Uttarakhand,57,Uttarkashi,30.73122222,78.42733333,2024-03-08,8.0,2.0,6
3565,Danda_1,Uttarakhand,48,Champawat,29.15927778,80.10852778,2024-03-09,-36.0,-36.0,1
3566,Yamuna Colony,Uttarakhand,49,Dehradun,30.33775278,78.03311667,2024-03-09,555.0,278.0,2
3567,Roorkee_2,Uttarakhand,50,Haridwar,29.86771944,77.88415556,2024-03-09,271.0,271.0,1
3568,Gadarpur,Uttarakhand,56,UDHAM SINGH NAGAR,29.04324167,79.24461944,2024-03-09,1.0,0.5,2
3569,Joshiyara,Uttarakhand,57,Uttarkashi,30.73122222,78.42733333,2024-03-09,2.0,1.0,2
3570,Lamgara,Uttarakhand,45,Almora,29.53866667,79.74994444,2024-03-10,136.0,136.0,1
3571,Yamuna Colony,Uttarakhand,49,Dehradun,30.33775278,78.03311667,2024-03-10,607.5,310.0,2
3572,Gadarpur,Uttarakhand,56,UDHAM SINGH NAGAR,29.04324167,79.24461944,2024-03-10,1.0,0.5,2
3573,Joshiyara,Uttarakhand,57,Uttarkashi,30.73122222,78.42733333,2024-03-10,16.0,3.0,12
3574,Yamuna Colony,Uttarakhand,49,Dehradun,30.33775278,78.03311667,2024-03-11,589.5,314.0,2
3575,Chandranagar_1,Uttarakhand,54,Rudraprayag,30.41541667,79.06208333,2024-03-11,0.5,0.5,1
3576,Guptkashi_1,Uttarakhand,54,Rudraprayag,30.52863889,79.08508333,2024-03-11,1.0,0.5,2
3577,Gadarpur,Uttarakhand,56,UDHAM SINGH NAGAR,29.04324167,79.24461944,2024-03-11,0.5,0.5,1
3578,Joshiyara,Uttarakhand,57,Uttarkashi,30.73122222,78.42733333,2024-03-11,2.0,0.5,4
3579,Gairsain (Ramganga),Uttarakhand,47,Chamoli,30.045,79.2855,2024-03-12,4.0,3.5,2
3580,Yamuna Colony,Uttarakhand,49,Dehradun,30.33775278,78.03311667,2024-03-12,583.0,324.0,2
3581,Chandranagar_1,Uttarakhand,54,Rudraprayag,30.41541667,79.06208333,2024-03-12,0.5,0.5,1
3582,Gadarpur,Uttarakhand,56,UDHAM SINGH NAGAR,29.04324167,79.24461944,2024-03-12,0.5,0.5,1
3583,Joshiyara,Uttarakhand,57,Uttarkashi,30.73122222,78.42733333,2024-03-12,46.5,23.5,17
3584,Yamuna Colony,Uttarakhand,49,Dehradun,30.33775278,78.03311667,2024-03-13,898.5,318.5,3
3585,Gadarpur,Uttarakhand,56,UDHAM SINGH NAGAR,29.04324167,79.24461944,2024-03-13,0.5,0.5,1
3586,Sitarganj_1,Uttarakhand,56,UDHAM SINGH NAGAR,28.92971389,79.703,2024-03-13,52.5,51.0,2
3587,Joshiyara,Uttarakhand,57,Uttarkashi,30.73122222,78.42733333,2024-03-13,1.0,0.5,2
3588,Purola_1,Uttarakhand,57,Uttarkashi,30.91291667,78.10388889,2024-03-13,192.0,192.0,1
3589,Khati_1,Uttarakhand,46,Bageshwar,30.11019722,79.94055833,2024-03-14,0.5,0.5,1
3590,Yamuna Colony,Uttarakhand,49,Dehradun,30.33775278,78.03311667,2024-03-14,1169.0,327.0,4
3591,Roorkee_2,Uttarakhand,50,Haridwar,29.86771944,77.88415556,2024-03-14,511.5,511.5,1
3592,Guptkashi_1,Uttarakhand,54,Rudraprayag,30.52863889,79.08508333,2024-03-14,7.0,6.0,2
3593,Joshiyara,Uttarakhand,57,Uttarkashi,30.73122222,78.42733333,2024-03-14,44.0,8.0,8
3594,Yamuna Colony,Uttarakhand,49,Dehradun,30.33775278,78.03311667,2024-03-15,572.5,316.5,2
3595,Roorkee_2,Uttarakhand,50,Haridwar,29.86771944,77.88415556,2024-03-15,285.0,285.0,1
3596,Joshiyara,Uttarakhand,57,Uttarkashi,30.73122222,78.42733333,2024-03-15,8.0,2.5,4
3597,Khati_1,Uttarakhand,46,Bageshwar,30.11019722,79.94055833,2024-03-16,34.0,34.0,1
3598,Gairsain (Ramganga),Uttarakhand,47,Chamoli,30.045,79.2855,2024-03-16,14.0,9.0,4
3599,Roorkee_2,Uttarakhand,50,Haridwar,29.86771944,77.88415556,2024-03-16,276.0,276.0,1
3600,Guptkashi_1,Uttarakhand,54,Rudraprayag,30.52863889,79.08508333,2024-03-16,0.5,0.5,1
3601,Joshiyara,Uttarakhand,57,Uttarkashi,30.73122222,78.42733333,2024-03-16,7.0,3.0,4
3602,Yamuna Colony,Uttarakhand,49,Dehradun,30.33775278,78.03311667,2024-03-17,311.5,311.5,1
3603,Roorkee_2,Uttarakhand,50,Haridwar,29.86771944,77.88415556,2024-03-17,281.0,281.0,1
3604,Danda_1,Uttarakhand,48,Champawat,29.15927778,80.10852778,2024-03-18,64.5,64.5,1
3605,Yamuna Colony,Uttarakhand,49,Dehradun,30.33775278,78.03311667,2024-03-18,331.0,331.0,1
3606,Basukedar,Uttarakhand,54,Rudraprayag,30.43919444,79.05633333,2024-03-18,0.5,0.5,1
3607,Guptkashi_1,Uttarakhand,54,Rudraprayag,30.52863889,79.08508333,2024-03-18,-36.0,-36.0,1
3608,Lamgara,Uttarakhand,45,Almora,29.53866667,79.74994444,2024-03-19,57.0,57.0,1
3609,Yamuna Colony,Uttarakhand,49,Dehradun,30.33775278,78.03311667,2024-03-19,3646.5,332.5,12
3610,Gola_1,Uttarakhand,51,Nainital,29.27136111,79.54743333,2024-03-19,1.5,1.5,1
3611,Basukedar,Uttarakhand,54,Rudraprayag,30.43919444,79.05633333,2024-03-19,0.5,0.5,1
3612,Kempty,Uttarakhand,55,Tehri Garhwal,30.49075,78.04738889,2024-03-19,1.0,1.0,1
3613,Gadarpur,Uttarakhand,56,UDHAM SINGH NAGAR,29.04324167,79.24461944,2024-03-19,-66.0,160.0,2
3614,Yamuna Colony,Uttarakhand,49,Dehradun,30.33775278,78.03311667,2024-03-20,1626.0,290.5,6
3615,Bahadarabad,Uttarakhand,50,Haridwar,29.92380278,78.03671389,2024-03-20,1.0,1.0,1
3616,Roorkee_2,Uttarakhand,50,Haridwar,29.86771944,77.88415556,2024-03-20,285.0,285.0,1
3617,Mukteshwar_1,Uttarakhand,51,Nainital,29.47413889,79.65119444,2024-03-20,0.5,0.5,1
3618,Yamuna Colony,Uttarakhand,49,Dehradun,30.33775278,78.03311667,2024-03-21,280.5,280.5,1
3619,Mukteshwar_1,Uttarakhand,51,Nainital,29.47413889,79.65119444,2024-03-21,10.5,3.5,6
3620,Guptkashi_1,Uttarakhand,54,Rudraprayag,30.52863889,79.08508333,2024-03-21,1.0,0.5,2
3621,Yamuna Colony,Uttarakhand,49,Dehradun,30.33775278,78.03311667,2024-03-22,4021.0,323.0,13
3622,Mukteshwar_1,Uttarakhand,51,Nainital,29.47413889,79.65119444,2024-03-22,5.0,2.5,6
3623,Virbhadra,Uttarakhand,52,PAURI GARHWAL,30.07444444,78.29047222,2024-03-22,-36.0,-36.0,1
3624,Dharchula_1,Uttarakhand,53,Pithoragarh,29.84825,80.54047222,2024-03-22,10.5,2.5,8
3625,Basukedar,Uttarakhand,54,Rudraprayag,30.43919444,79.05633333,2024-03-22,11.0,3.5,6
3626,Chandranagar_1,Uttarakhand,54,Rudraprayag,30.41541667,79.06208333,2024-03-22,20.0,6.5,5
3627,Dakpathar,Uttarakhand,49,Dehradun,30.49866667,77.79744444,2024-03-23,20.0,20.0,1
3628,Yamuna Colony,Uttarakhand,49,Dehradun,30.33775278,78.03311667,2024-03-23,581.5,306.5,2
3629,Gola_1,Uttarakhand,51,Nainital,29.27136111,79.54743333,2024-03-23,1.0,1.0,1
3630,Dharchula_1,Uttarakhand,53,Pithoragarh,29.84825,80.54047222,2024-03-23,1.5,1.0,2
3631,Basukedar,Uttarakhand,54,Rudraprayag,30.43919444,79.05633333,2024-03-23,117.5,117.5,1
3632,Guptkashi_1,Uttarakhand,54,Rudraprayag,30.52863889,79.08508333,2024-03-23,25.0,25.0,1
3633,Yamuna Colony,Uttarakhand,49,Dehradun,30.33775278,78.03311667,2024-03-24,920.0,317.0,3
3634,Gola_1,Uttarakhand,51,Nainital,29.27136111,79.54743333,2024-03-24,1.5,1.5,1
3635,Mukteshwar_1,Uttarakhand,51,Nainital,29.47413889,79.65119444,2024-03-24,1.0,0.5,2
3636,Sonprayag_1,Uttarakhand,54,Rudraprayag,30.63547222,78.99941667,2024-03-25,204.0,204.0,1
3637,Yamuna Colony,Uttarakhand,49,Dehradun,30.33775278,78.03311667,2024-03-26,576.0,298.5,2
3638,Gola_1,Uttarakhand,51,Nainital,29.27136111,79.54743333,2024-03-26,0.5,0.5,1
3639,Mukteshwar_1,Uttarakhand,51,Nainital,29.47413889,79.65119444,2024-03-26,1.5,1.5,1
3640,Sitarganj_1,Uttarakhand,56,UDHAM SINGH NAGAR,28.92971389,79.703,2024-03-26,129.5,129.5,1
3641,Yamuna Colony,Uttarakhand,49,Dehradun,30.33775278,78.03311667,2024-03-27,609.5,314.5,2
3642,Gola_1,Uttarakhand,51,Nainital,29.27136111,79.54743333,2024-03-27,1.0,0.5,2
3643,Basukedar,Uttarakhand,54,Rudraprayag,30.43919444,79.05633333,2024-03-27,0.5,0.5,1
3644,Chandranagar_1,Uttarakhand,54,Rudraprayag,30.41541667,79.06208333,2024-03-27,1.0,0.5,2
3645,Mukteshwar_1,Uttarakhand,51,Nainital,29.47413889,79.65119444,2024-03-28,0.5,0.5,1
3646,Guptkashi_1,Uttarakhand,54,Rudraprayag,30.52863889,79.08508333,2024-03-28,-150.0,-150.0,1
3647,Gairsain (Ramganga),Uttarakhand,47,Chamoli,30.045,79.2855,2024-03-29,0.5,0.5,1
3648,Danda_1,Uttarakhand,48,Champawat,29.15927778,80.10852778,2024-03-29,96.0,96.0,1
3649,Yamuna Colony,Uttarakhand,49,Dehradun,30.33775278,78.03311667,2024-03-29,637.5,348.0,2
3650,Mukteshwar_1,Uttarakhand,51,Nainital,29.47413889,79.65119444,2024-03-29,2.0,1.0,3
3651,Gadarpur,Uttarakhand,56,UDHAM SINGH NAGAR,29.04324167,79.24461944,2024-03-29,0.5,0.5,1
3652,Tumaria,Uttarakhand,56,UDHAM SINGH NAGAR,29.30704722,78.93133056,2024-03-29,257.0,257.0,1
3653,Lamgara,Uttarakhand,45,Almora,29.53866667,79.74994444,2024-03-30,1.0,0.5,2
3654,Kapkot (Saryu),Uttarakhand,46,Bageshwar,29.94516667,79.9025,2024-03-30,1.5,0.5,3
3655,Khati_1,Uttarakhand,46,Bageshwar,30.11019722,79.94055833,2024-03-30,2.0,1.5,2
3656,Chakrata,Uttarakhand,49,Dehradun,30.76115556,77.86502778,2024-03-30,6.5,3.5,5
3657,Dakpathar,Uttarakhand,49,Dehradun,30.49866667,77.79744444,2024-03-30,10.5,5.5,3
3658,Doiwala (Bhogpur),Uttarakhand,49,Dehradun,30.22270833,78.23418611,2024-03-30,192.0,192.0,1
3659,Yamuna Colony,Uttarakhand,49,Dehradun,30.33775278,78.03311667,2024-03-30,945.5,341.0,3
3660,Roorkee_2,Uttarakhand,50,Haridwar,29.86771944,77.88415556,2024-03-30,1897.5,511.5,7
3661,Gola_1,Uttarakhand,51,Nainital,29.27136111,79.54743333,2024-03-30,1.0,0.5,2
3662,Mukteshwar_1,Uttarakhand,51,Nainital,29.47413889,79.65119444,2024-03-30,14.0,9.5,2
3663,Dugadda (Khoh),Uttarakhand,52,PAURI GARHWAL,29.75108333,78.52341667,2024-03-30,2.0,1.0,2
3664,Pithoragarh,Uttarakhand,53,Pithoragarh,29.57938889,80.21886111,2024-03-30,3.5,2.5,3
3665,Basukedar,Uttarakhand,54,Rudraprayag,30.43919444,79.05633333,2024-03-30,8.5,3.5,4
3666,Chandranagar_1,Uttarakhand,54,Rudraprayag,30.41541667,79.06208333,2024-03-30,8.5,3.0,5
3667,Guptkashi_1,Uttarakhand,54,Rudraprayag,30.52863889,79.08508333,2024-03-30,20.0,5.0,4
3668,Kempty,Uttarakhand,55,Tehri Garhwal,30.49075,78.04738889,2024-03-30,19.5,14.0,5
3669,Gadarpur,Uttarakhand,56,UDHAM SINGH NAGAR,29.04324167,79.24461944,2024-03-30,20.0,20.0,1
3670,Lamgara,Uttarakhand,45,Almora,29.53866667,79.74994444,2024-03-31,289.0,288.0,3
3671,Yamuna Colony,Uttarakhand,49,Dehradun,30.33775278,78.03311667,2024-03-31,5522.5,348.5,17
3672,Roorkee_2,Uttarakhand,50,Haridwar,29.86771944,77.88415556,2024-03-31,3873.5,511.5,11
3673,Gola_1,Uttarakhand,51,Nainital,29.27136111,79.54743333,2024-03-31,0.5,0.5,1
3674,Mukteshwar_1,Uttarakhand,51,Nainital,29.47413889,79.65119444,2024-03-31,1.5,1.5,1
3675,Guptkashi_1,Uttarakhand,54,Rudraprayag,30.52863889,79.08508333,2024-03-31,2.0,1.0,2
3676,Lamgara,Uttarakhand,45,Almora,29.53866667,79.74994444,2024-04-01,1.0,1.0,1
3677,Yamuna Colony,Uttarakhand,49,Dehradun,30.33775278,78.03311667,2024-04-01,1720.0,323.0,6
3678,Roorkee_2,Uttarakhand,50,Haridwar,29.86771944,77.88415556,2024-04-01,1210.0,310.0,4
3679,Gola_1,Uttarakhand,51,Nainital,29.27136111,79.54743333,2024-04-01,0.5,0.5,1
3680,Mukteshwar_1,Uttarakhand,51,Nainital,29.47413889,79.65119444,2024-04-01,2.0,0.5,4
3681,Danda_1,Uttarakhand,48,Champawat,29.15927778,80.10852778,2024-04-02,160.0,160.0,1
3682,Yamuna Colony,Uttarakhand,49,Dehradun,30.33775278,78.03311667,2024-04-02,630.0,339.5,2
3683,Roorkee_2,Uttarakhand,50,Haridwar,29.86771944,77.88415556,2024-04-02,643.5,352.0,2
3684,Gola_1,Uttarakhand,51,Nainital,29.27136111,79.54743333,2024-04-02,4.5,1.0,7
3685,Sitarganj_1,Uttarakhand,56,UDHAM SINGH NAGAR,28.92971389,79.703,2024-04-02,144.0,144.0,1
3686,Yamuna Colony,Uttarakhand,49,Dehradun,30.33775278,78.03311667,2024-04-03,319.5,319.5,1
3687,Roorkee_2,Uttarakhand,50,Haridwar,29.86771944,77.88415556,2024-04-03,295.5,295.5,1
3688,Gola_1,Uttarakhand,51,Nainital,29.27136111,79.54743333,2024-04-03,3.5,1.5,4
3689,Mukteshwar_1,Uttarakhand,51,Nainital,29.47413889,79.65119444,2024-04-03,4.0,3.5,2
3690,Guptkashi_1,Uttarakhand,54,Rudraprayag,30.52863889,79.08508333,2024-04-03,0.5,0.5,1
3691,Purola_1,Uttarakhand,57,Uttarkashi,30.91291667,78.10388889,2024-04-03,39.0,39.0,1
3692,Lamgara,Uttarakhand,45,Almora,29.53866667,79.74994444,2024-04-04,1.5,1.5,1
3693,Yamuna Colony,Uttarakhand,49,Dehradun,30.33775278,78.03311667,2024-04-04,664.0,351.5,2
3694,Roorkee_2,Uttarakhand,50,Haridwar,29.86771944,77.88415556,2024-04-04,318.0,318.0,1
3695,Gola_1,Uttarakhand,51,Nainital,29.27136111,79.54743333,2024-04-04,1.5,0.5,3
3696,Mukteshwar_1,Uttarakhand,51,Nainital,29.47413889,79.65119444,2024-04-04,0.5,0.5,1
3697,Guptkashi_1,Uttarakhand,54,Rudraprayag,30.52863889,79.08508333,2024-04-04,1.0,0.5,2
3698,Roorkee_2,Uttarakhand,50,Haridwar,29.86771944,77.88415556,2024-04-05,664.0,358.0,2
3699,Gola_1,Uttarakhand,51,Nainital,29.27136111,79.54743333,2024-04-05,2.5,1.5,3
3700,Chandranagar_1,Uttarakhand,54,Rudraprayag,30.41541667,79.06208333,2024-04-05,0.5,0.5,1
3701,Almora_1,Uttarakhand,45,Almora,29.59575833,79.65063889,2024-04-06,128.5,128.5,1
3702,Roorkee_2,Uttarakhand,50,Haridwar,29.86771944,77.88415556,2024-04-06,356.5,356.5,1
3703,Yamuna Colony,Uttarakhand,49,Dehradun,30.33775278,78.03311667,2024-04-07,349.0,349.0,1
3704,Roorkee_2,Uttarakhand,50,Haridwar,29.86771944,77.88415556,2024-04-07,357.0,357.0,1
3705,Haldwani_1,Uttarakhand,51,Nainital,29.214725,79.52400278,2024-04-07,25.5,25.5,1
3706,Mukteshwar_1,Uttarakhand,51,Nainital,29.47413889,79.65119444,2024-04-07,0.5,0.5,1
3707,Guptkashi_1,Uttarakhand,54,Rudraprayag,30.52863889,79.08508333,2024-04-07,129.0,129.0,1
3708,Yamuna Colony,Uttarakhand,49,Dehradun,30.33775278,78.03311667,2024-04-08,915.5,352.0,3
3709,Roorkee_2,Uttarakhand,50,Haridwar,29.86771944,77.88415556,2024-04-08,1019.5,361.5,3
3710,Mukteshwar_1,Uttarakhand,51,Nainital,29.47413889,79.65119444,2024-04-08,0.5,0.5,1
3711,Guptkashi_1,Uttarakhand,54,Rudraprayag,30.52863889,79.08508333,2024-04-08,1.5,1.5,1
3712,Gairsain (Ramganga),Uttarakhand,47,Chamoli,30.045,79.2855,2024-04-09,0.5,0.5,1
3713,Yamuna Colony,Uttarakhand,49,Dehradun,30.33775278,78.03311667,2024-04-09,309.5,309.5,1
3714,Roorkee_2,Uttarakhand,50,Haridwar,29.86771944,77.88415556,2024-04-09,294.0,294.0,1
3715,Yamuna Colony,Uttarakhand,49,Dehradun,30.33775278,78.03311667,2024-04-10,308.0,308.0,1
3716,Roorkee_2,Uttarakhand,50,Haridwar,29.86771944,77.88415556,2024-04-10,617.0,319.5,2
3717,Nainital_1,Uttarakhand,51,Nainital,29.39530278,79.46232778,2024-04-10,27.0,27.0,1
3718,Khati_1,Uttarakhand,46,Bageshwar,30.11019722,79.94055833,2024-04-11,54.0,54.0,1
3719,Gairsain (Ramganga),Uttarakhand,47,Chamoli,30.045,79.2855,2024-04-11,228.0,228.0,1
3720,Pithoragarh,Uttarakhand,53,Pithoragarh,29.57938889,80.21886111,2024-04-11,2.0,1.0,2
3721,Haripura_2,Uttarakhand,56,UDHAM SINGH NAGAR,29.13151944,79.25965556,2024-04-11,39.0,39.0,1
3722,Yamuna Colony,Uttarakhand,49,Dehradun,30.33775278,78.03311667,2024-04-12,714.5,358.0,2
3723,Roorkee_2,Uttarakhand,50,Haridwar,29.86771944,77.88415556,2024-04-12,1049.5,368.5,3
3724,Gola_1,Uttarakhand,51,Nainital,29.27136111,79.54743333,2024-04-12,9.0,3.5,6
3725,Kempty,Uttarakhand,55,Tehri Garhwal,30.49075,78.04738889,2024-04-12,1.5,1.5,1
3726,Haripura_2,Uttarakhand,56,UDHAM SINGH NAGAR,29.13151944,79.25965556,2024-04-12,407.0,407.0,1
3727,Baijnath (Gomti),Uttarakhand,46,Bageshwar,29.90822222,79.61769444,2024-04-13,384.0,384.0,1
3728,Yamuna Colony,Uttarakhand,49,Dehradun,30.33775278,78.03311667,2024-04-13,704.0,356.5,2
3729,Roorkee_2,Uttarakhand,50,Haridwar,29.86771944,77.88415556,2024-04-13,354.5,354.5,1
3730,Gola_1,Uttarakhand,51,Nainital,29.27136111,79.54743333,2024-04-13,2.0,1.0,2
3731,Mukteshwar_1,Uttarakhand,51,Nainital,29.47413889,79.65119444,2024-04-13,250.0,250.0,1
3732,Dharchula_1,Uttarakhand,53,Pithoragarh,29.84825,80.54047222,2024-04-13,16.5,16.5,1
3733,Yamuna Colony,Uttarakhand,49,Dehradun,30.33775278,78.03311667,2024-04-14,616.5,313.0,2
3734,Roorkee_2,Uttarakhand,50,Haridwar,29.86771944,77.88415556,2024-04-14,662.0,345.5,2
3735,Gola_1,Uttarakhand,51,Nainital,29.27136111,79.54743333,2024-04-14,4.0,1.0,6
3736,Haripura_2,Uttarakhand,56,UDHAM SINGH NAGAR,29.13151944,79.25965556,2024-04-14,378.5,378.5,1
3737,Yamuna Colony,Uttarakhand,49,Dehradun,30.33775278,78.03311667,2024-04-15,665.5,341.0,2
3738,Roorkee_2,Uttarakhand,50,Haridwar,29.86771944,77.88415556,2024-04-15,1036.5,356.0,3
3739,Chandranagar_1,Uttarakhand,54,Rudraprayag,30.41541667,79.06208333,2024-04-15,6.0,2.5,4
3740,Yamuna Colony,Uttarakhand,49,Dehradun,30.33775278,78.03311667,2024-04-16,999.0,353.0,3
3741,Bhagwanpur_1,Uttarakhand,50,Haridwar,29.93567778,77.80170611,2024-04-16,33.0,28.5,2
3742,Roorkee_2,Uttarakhand,50,Haridwar,29.86771944,77.88415556,2024-04-16,736.0,372.0,2
3743,Yamuna Colony,Uttarakhand,49,Dehradun,30.33775278,78.03311667,2024-04-17,631.0,333.5,2
3744,Bhagwanpur_1,Uttarakhand,50,Haridwar,29.93567778,77.80170611,2024-04-17,33.0,16.5,2
3745,Roorkee_2,Uttarakhand,50,Haridwar,29.86771944,77.88415556,2024-04-17,1399.0,364.5,4
3746,Gola_1,Uttarakhand,51,Nainital,29.27136111,79.54743333,2024-04-17,3.0,0.5,6
3747,Kempty,Uttarakhand,55,Tehri Garhwal,30.49075,78.04738889,2024-04-17,160.0,160.0,1
3748,Dakpathar,Uttarakhand,49,Dehradun,30.49866667,77.79744444,2024-04-18,192.0,192.0,1
3749,Yamuna Colony,Uttarakhand,49,Dehradun,30.33775278,78.03311667,2024-04-18,2075.5,364.5,6
3750,Roorkee_2,Uttarakhand,50,Haridwar,29.86771944,77.88415556,2024-04-18,1414.0,373.5,4
3751,Gola_1,Uttarakhand,51,Nainital,29.27136111,79.54743333,2024-04-18,1.0,0.5,2
3752,Mukteshwar_1,Uttarakhand,51,Nainital,29.47413889,79.65119444,2024-04-18,0.5,0.5,1
3753,Khati_1,Uttarakhand,46,Bageshwar,30.11019722,79.94055833,2024-04-19,0.5,0.5,1
3754,Chakrata,Uttarakhand,49,Dehradun,30.76115556,77.86502778,2024-04-19,11.0,6.0,4
3755,Dakpathar,Uttarakhand,49,Dehradun,30.49866667,77.79744444,2024-04-19,2.5,1.0,3
3756,Bhagwanpur_1,Uttarakhand,50,Haridwar,29.93567778,77.80170611,2024-04-19,2.0,1.0,2
3757,Dugadda (Khoh),Uttarakhand,52,PAURI GARHWAL,29.75108333,78.52341667,2024-04-19,1.0,0.5,2
3758,Yamkeshwar,Uttarakhand,52,PAURI GARHWAL,29.96130556,78.44086111,2024-04-19,2.0,2.0,1
3759,Basukedar,Uttarakhand,54,Rudraprayag,30.43919444,79.05633333,2024-04-19,1.5,1.5,1
3760,Chandranagar_1,Uttarakhand,54,Rudraprayag,30.41541667,79.06208333,2024-04-19,7.5,2.0,5
3761,Sonprayag_1,Uttarakhand,54,Rudraprayag,30.63547222,78.99941667,2024-04-19,3.0,3.0,1
3762,Kempty,Uttarakhand,55,Tehri Garhwal,30.49075,78.04738889,2024-04-19,1.5,0.5,3
3763,Haripura_2,Uttarakhand,56,UDHAM SINGH NAGAR,29.13151944,79.25965556,2024-04-19,257.0,257.0,1
3764,Gairsain (Ramganga),Uttarakhand,47,Chamoli,30.045,79.2855,2024-04-20,194.5,192.0,2
3765,Chakrata,Uttarakhand,49,Dehradun,30.76115556,77.86502778,2024-04-20,1.5,0.5,3
3766,Bhagwanpur_1,Uttarakhand,50,Haridwar,29.93567778,77.80170611,2024-04-20,127.0,127.0,1
3767,Haripura_2,Uttarakhand,56,UDHAM SINGH NAGAR,29.13151944,79.25965556,2024-04-20,3.0,3.0,1
3768,Kempty,Uttarakhand,55,Tehri Garhwal,30.49075,78.04738889,2024-04-21,245.0,245.0,1
3769,Gola_1,Uttarakhand,51,Nainital,29.27136111,79.54743333,2024-04-22,0.5,0.5,1
3770,Baijnath (Gomti),Uttarakhand,46,Bageshwar,29.90822222,79.61769444,2024-04-23,48.0,48.0,1
3771,Kapkot (Saryu),Uttarakhand,46,Bageshwar,29.94516667,79.9025,2024-04-23,1.0,0.5,2
3772,Gairsain (Ramganga),Uttarakhand,47,Chamoli,30.045,79.2855,2024-04-23,7.0,3.0,3
3773,Gola_1,Uttarakhand,51,Nainital,29.27136111,79.54743333,2024-04-23,1.0,0.5,2
3774,Pithoragarh,Uttarakhand,53,Pithoragarh,29.57938889,80.21886111,2024-04-23,1.5,1.0,2
3775,Gola_1,Uttarakhand,51,Nainital,29.27136111,79.54743333,2024-04-24,7.5,3.5,3
3776,Pithoragarh,Uttarakhand,53,Pithoragarh,29.57938889,80.21886111,2024-04-24,1.0,0.5,2
3777,Kempty,Uttarakhand,55,Tehri Garhwal,30.49075,78.04738889,2024-04-24,275.0,275.0,1
3778,Gola_1,Uttarakhand,51,Nainital,29.27136111,79.54743333,2024-04-25,2.0,0.5,4
3779,Kempty,Uttarakhand,55,Tehri Garhwal,30.49075,78.04738889,2024-04-25,0.5,0.5,1
3780,Dharchula_1,Uttarakhand,53,Pithoragarh,29.84825,80.54047222,2024-04-26,96.0,96.0,1
3781,Baijnath (Gomti),Uttarakhand,46,Bageshwar,29.90822222,79.61769444,2024-04-27,256.5,256.5,1
3782,Chakrata,Uttarakhand,49,Dehradun,30.76115556,77.86502778,2024-04-27,6.5,3.0,5
3783,Bahadarabad,Uttarakhand,50,Haridwar,29.92380278,78.03671389,2024-04-27,0.5,0.5,1
3784,Dharchula_1,Uttarakhand,53,Pithoragarh,29.84825,80.54047222,2024-04-27,5.0,2.0,4
3785,Pithoragarh,Uttarakhand,53,Pithoragarh,29.57938889,80.21886111,2024-04-27,1.0,0.5,2
3786,Chandranagar_1,Uttarakhand,54,Rudraprayag,30.41541667,79.06208333,2024-04-27,2.0,0.5,4
3787,Guptkashi_1,Uttarakhand,54,Rudraprayag,30.52863889,79.08508333,2024-04-27,1.0,0.5,2
3788,Sonprayag_1,Uttarakhand,54,Rudraprayag,30.63547222,78.99941667,2024-04-27,0.5,0.5,1
3789,Kempty,Uttarakhand,55,Tehri Garhwal,30.49075,78.04738889,2024-04-27,6.0,4.5,4
3790,Gola_1,Uttarakhand,51,Nainital,29.27136111,79.54743333,2024-04-28,1.0,0.5,2
3791,Mukteshwar_1,Uttarakhand,51,Nainital,29.47413889,79.65119444,2024-04-28,40.0,40.0,1
3792,Chakrata,Uttarakhand,49,Dehradun,30.76115556,77.86502778,2024-04-29,1.5,1.0,2
3793,Haldwani_1,Uttarakhand,51,Nainital,29.214725,79.52400278,2024-04-29,1.0,0.5,2
3794,Mukteshwar_1,Uttarakhand,51,Nainital,29.47413889,79.65119444,2024-04-29,223.0,223.0,1
3795,Dugadda (Khoh),Uttarakhand,52,PAURI GARHWAL,29.75108333,78.52341667,2024-04-29,5.0,1.5,4
3796,Guptkashi_1,Uttarakhand,54,Rudraprayag,30.52863889,79.08508333,2024-04-29,1.0,0.5,2
3797,Haripura_2,Uttarakhand,56,UDHAM SINGH NAGAR,29.13151944,79.25965556,2024-04-29,252.0,252.0,1
3798,Gola_1,Uttarakhand,51,Nainital,29.27136111,79.54743333,2024-04-30,3.0,0.5,6
3799,Haldwani_1,Uttarakhand,51,Nainital,29.214725,79.52400278,2024-04-30,1.0,0.5,2
3800,Mukteshwar_1,Uttarakhand,51,Nainital,29.47413889,79.65119444,2024-04-30,65.5,64.5,2
3801,Nainital_1,Uttarakhand,51,Nainital,29.39530278,79.46232778,2024-04-30,0.5,0.5,1
3802,Basukedar,Uttarakhand,54,Rudraprayag,30.43919444,79.05633333,2024-04-30,0.5,0.5,1
3803,Sonprayag_1,Uttarakhand,54,Rudraprayag,30.63547222,78.99941667,2024-04-30,3.0,3.0,1
3804,Tumaria,Uttarakhand,56,UDHAM SINGH NAGAR,29.30704722,78.93133056,2024-04-30,0.5,0.5,1
3805,Baijnath (Gomti),Uttarakhand,46,Bageshwar,29.90822222,79.61769444,2024-05-01,471.0,471.0,1
3806,Gola_1,Uttarakhand,51,Nainital,29.27136111,79.54743333,2024-05-01,13.0,2.0,14
3807,Mukteshwar_1,Uttarakhand,51,Nainital,29.47413889,79.65119444,2024-05-01,0.5,0.5,1
3808,Baijnath (Gomti),Uttarakhand,46,Bageshwar,29.90822222,79.61769444,2024-05-02,86.5,87.0,2
3809,Gola_1,Uttarakhand,51,Nainital,29.27136111,79.54743333,2024-05-02,6.0,2.0,4
3810,Dharchula_1,Uttarakhand,53,Pithoragarh,29.84825,80.54047222,2024-05-02,18.0,18.0,1
3811,Kempty,Uttarakhand,55,Tehri Garhwal,30.49075,78.04738889,2024-05-02,257.0,257.0,1
3812,Tanakpur_1,Uttarakhand,48,Champawat,29.07222222,80.1175,2024-05-03,126.0,126.0,1
3813,Yamuna Colony,Uttarakhand,49,Dehradun,30.33775278,78.03311667,2024-05-03,283.5,283.5,1
3814,Roorkee_2,Uttarakhand,50,Haridwar,29.86771944,77.88415556,2024-05-03,369.5,369.5,1
3815,Virbhadra,Uttarakhand,52,PAURI GARHWAL,30.07444444,78.29047222,2024-05-03,132.0,132.0,1
3816,Kempty,Uttarakhand,55,Tehri Garhwal,30.49075,78.04738889,2024-05-03,457.0,457.0,1
3817,Baijnath (Gomti),Uttarakhand,46,Bageshwar,29.90822222,79.61769444,2024-05-04,18.0,18.0,1
3818,Yamuna Colony,Uttarakhand,49,Dehradun,30.33775278,78.03311667,2024-05-04,324.5,324.5,1
3819,Roorkee_2,Uttarakhand,50,Haridwar,29.86771944,77.88415556,2024-05-04,703.5,377.0,2
3820,Gola_1,Uttarakhand,51,Nainital,29.27136111,79.54743333,2024-05-04,1.0,0.5,2
3821,Pithoragarh,Uttarakhand,53,Pithoragarh,29.57938889,80.21886111,2024-05-04,36.0,36.0,1
3822,Almora_1,Uttarakhand,45,Almora,29.59575833,79.65063889,2024-05-05,144.0,144.0,1
3823,Badrinath_1,Uttarakhand,47,Chamoli,30.74513889,79.49436111,2024-05-05,39.0,36.0,2
3824,Champawat_1,Uttarakhand,48,Champawat,29.33341667,80.08469444,2024-05-05,128.5,128.5,1
3825,Bahadarabad,Uttarakhand,50,Haridwar,29.92380278,78.03671389,2024-05-05,0.5,0.5,1
3826,Gola_1,Uttarakhand,51,Nainital,29.27136111,79.54743333,2024-05-05,9.0,2.5,6
3827,Kempty,Uttarakhand,55,Tehri Garhwal,30.49075,78.04738889,2024-05-05,96.0,96.0,1
3828,Gairsain (Ramganga),Uttarakhand,47,Chamoli,30.045,79.2855,2024-05-06,3.0,1.0,4
3829,Champawat_1,Uttarakhand,48,Champawat,29.33341667,80.08469444,2024-05-06,40.0,40.0,1
3830,Yamuna Colony,Uttarakhand,49,Dehradun,30.33775278,78.03311667,2024-05-06,948.0,373.5,3
3831,Roorkee_2,Uttarakhand,50,Haridwar,29.86771944,77.88415556,2024-05-06,714.5,377.5,2
3832,Gola_1,Uttarakhand,51,Nainital,29.27136111,79.54743333,2024-05-06,2.0,0.5,4
3833,Yamuna Colony,Uttarakhand,49,Dehradun,30.33775278,78.03311667,2024-05-07,714.0,362.5,2
3834,Roorkee_2,Uttarakhand,50,Haridwar,29.86771944,77.88415556,2024-05-07,707.5,364.0,2
3835,Dharchula_1,Uttarakhand,53,Pithoragarh,29.84825,80.54047222,2024-05-07,3.5,1.0,5
3836,Pithoragarh,Uttarakhand,53,Pithoragarh,29.57938889,80.21886111,2024-05-07,-216.0,-216.0,1
3837,Kempty,Uttarakhand,55,Tehri Garhwal,30.49075,78.04738889,2024-05-07,0.5,0.5,1
3838,Kapkot (Saryu),Uttarakhand,46,Bageshwar,29.94516667,79.9025,2024-05-08,3.0,0.5,6
3839,Gairsain (Ramganga),Uttarakhand,47,Chamoli,30.045,79.2855,2024-05-08,3.0,1.5,2
3840,Yamuna Colony,Uttarakhand,49,Dehradun,30.33775278,78.03311667,2024-05-08,654.0,327.5,2
3841,Roorkee_2,Uttarakhand,50,Haridwar,29.86771944,77.88415556,2024-05-08,713.0,366.0,2
3842,Mukteshwar_1,Uttarakhand,51,Nainital,29.47413889,79.65119444,2024-05-08,2.0,1.0,2
3843,Dharchula_1,Uttarakhand,53,Pithoragarh,29.84825,80.54047222,2024-05-08,5.5,1.5,5
3844,Pithoragarh,Uttarakhand,53,Pithoragarh,29.57938889,80.21886111,2024-05-08,1.0,0.5,2
3845,Sonprayag_1,Uttarakhand,54,Rudraprayag,30.63547222,78.99941667,2024-05-08,4.0,2.0,2
3846,Baijnath (Gomti),Uttarakhand,46,Bageshwar,29.90822222,79.61769444,2024-05-09,304.0,304.0,1
3847,Kapkot (Saryu),Uttarakhand,46,Bageshwar,29.94516667,79.9025,2024-05-09,0.5,0.5,1
3848,Gairsain (Ramganga),Uttarakhand,47,Chamoli,30.045,79.2855,2024-05-09,1.0,0.5,2
3849,Yamuna Colony,Uttarakhand,49,Dehradun,30.33775278,78.03311667,2024-05-09,620.0,313.5,2
3850,Roorkee_2,Uttarakhand,50,Haridwar,29.86771944,77.88415556,2024-05-09,332.0,332.0,1
3851,Dharchula_1,Uttarakhand,53,Pithoragarh,29.84825,80.54047222,2024-05-09,192.0,192.0,1
3852,Chandranagar_1,Uttarakhand,54,Rudraprayag,30.41541667,79.06208333,2024-05-09,1.0,0.5,2
3853,Almora_1,Uttarakhand,45,Almora,29.59575833,79.65063889,2024-05-10,128.0,128.0,1
3854,Baijnath (Gomti),Uttarakhand,46,Bageshwar,29.90822222,79.61769444,2024-05-10,455.0,455.0,1
3855,Mukteshwar_1,Uttarakhand,51,Nainital,29.47413889,79.65119444,2024-05-10,265.0,160.0,2
3856,Yamkeshwar,Uttarakhand,52,PAURI GARHWAL,29.96130556,78.44086111,2024-05-10,46.0,46.0,1
3857,Pithoragarh,Uttarakhand,53,Pithoragarh,29.57938889,80.21886111,2024-05-10,0.5,0.5,1
3858,Kapkot (Saryu),Uttarakhand,46,Bageshwar,29.94516667,79.9025,2024-05-11,1.0,0.5,2
3859,Khati_1,Uttarakhand,46,Bageshwar,30.11019722,79.94055833,2024-05-11,52.5,17.0,7
3860,Gairsain (Ramganga),Uttarakhand,47,Chamoli,30.045,79.2855,2024-05-11,42.0,9.0,12
3861,Danda_1,Uttarakhand,48,Champawat,29.15927778,80.10852778,2024-05-11,1.0,0.5,2
3862,Manglaur_1,Uttarakhand,50,Haridwar,29.78567778,77.86368889,2024-05-11,192.0,192.0,1
3863,Gola_1,Uttarakhand,51,Nainital,29.27136111,79.54743333,2024-05-11,3.0,1.5,2
3864,Mukteshwar_1,Uttarakhand,51,Nainital,29.47413889,79.65119444,2024-05-11,5.5,2.5,3
3865,Dugadda (Khoh),Uttarakhand,52,PAURI GARHWAL,29.75108333,78.52341667,2024-05-11,2.0,0.5,4
3866,Dharchula_1,Uttarakhand,53,Pithoragarh,29.84825,80.54047222,2024-05-11,33.0,13.5,8
3867,Pithoragarh,Uttarakhand,53,Pithoragarh,29.57938889,80.21886111,2024-05-11,0.5,0.5,1
3868,Basukedar,Uttarakhand,54,Rudraprayag,30.43919444,79.05633333,2024-05-11,11.5,6.0,4
3869,Chandranagar_1,Uttarakhand,54,Rudraprayag,30.41541667,79.06208333,2024-05-11,2.5,0.5,5
3870,Guptkashi_1,Uttarakhand,54,Rudraprayag,30.52863889,79.08508333,2024-05-11,1.0,0.5,2
3871,Sonprayag_1,Uttarakhand,54,Rudraprayag,30.63547222,78.99941667,2024-05-11,32.0,12.0,6
3872,Kempty,Uttarakhand,55,Tehri Garhwal,30.49075,78.04738889,2024-05-11,2.5,1.5,3
3873,Gadarpur,Uttarakhand,56,UDHAM SINGH NAGAR,29.04324167,79.24461944,2024-05-11,1.0,0.5,2
3874,Gairsain (Ramganga),Uttarakhand,47,Chamoli,30.045,79.2855,2024-05-12,3.0,1.0,4
3875,Chakrata,Uttarakhand,49,Dehradun,30.76115556,77.86502778,2024-05-12,3.0,3.0,1
3876,Gola_1,Uttarakhand,51,Nainital,29.27136111,79.54743333,2024-05-12,3.0,1.5,2
3877,Mukteshwar_1,Uttarakhand,51,Nainital,29.47413889,79.65119444,2024-05-12,20.0,20.0,1
3878,Virbhadra,Uttarakhand,52,PAURI GARHWAL,30.07444444,78.29047222,2024-05-12,294.0,294.0,1
3879,Dharchula_1,Uttarakhand,53,Pithoragarh,29.84825,80.54047222,2024-05-12,9.5,2.5,7
3880,Basukedar,Uttarakhand,54,Rudraprayag,30.43919444,79.05633333,2024-05-12,9.0,9.0,1
3881,Chandranagar_1,Uttarakhand,54,Rudraprayag,30.41541667,79.06208333,2024-05-12,2.0,0.5,4
3882,Kempty,Uttarakhand,55,Tehri Garhwal,30.49075,78.04738889,2024-05-12,113.5,113.0,2
3883,Gadarpur,Uttarakhand,56,UDHAM SINGH NAGAR,29.04324167,79.24461944,2024-05-12,0.5,0.5,1
3884,Khati_1,Uttarakhand,46,Bageshwar,30.11019722,79.94055833,2024-05-13,3.0,1.0,4
3885,Danda_1,Uttarakhand,48,Champawat,29.15927778,80.10852778,2024-05-13,1.0,1.0,1
3886,Roorkee_2,Uttarakhand,50,Haridwar,29.86771944,77.88415556,2024-05-13,377.5,377.5,1
3887,Gola_1,Uttarakhand,51,Nainital,29.27136111,79.54743333,2024-05-13,3.0,1.5,2
3888,Dharchula_1,Uttarakhand,53,Pithoragarh,29.84825,80.54047222,2024-05-13,160.0,160.0,1
3889,Khati_1,Uttarakhand,46,Bageshwar,30.11019722,79.94055833,2024-05-14,3.0,1.5,2
3890,Yamuna Colony,Uttarakhand,49,Dehradun,30.33775278,78.03311667,2024-05-14,349.0,349.0,1
3891,Roorkee_2,Uttarakhand,50,Haridwar,29.86771944,77.88415556,2024-05-14,356.0,356.0,1
3892,Dharchula_1,Uttarakhand,53,Pithoragarh,29.84825,80.54047222,2024-05-14,128.5,128.5,1
3893,Kempty,Uttarakhand,55,Tehri Garhwal,30.49075,78.04738889,2024-05-14,128.5,128.5,1
3894,Baijnath (Gomti),Uttarakhand,46,Bageshwar,29.90822222,79.61769444,2024-05-15,34.0,34.0,1
3895,Gairsain (Ramganga),Uttarakhand,47,Chamoli,30.045,79.2855,2024-05-15,7.0,1.5,6
3896,Tanakpur_1,Uttarakhand,48,Champawat,29.07222222,80.1175,2024-05-15,48.0,48.0,1
3897,Yamuna Colony,Uttarakhand,49,Dehradun,30.33775278,78.03311667,2024-05-15,368.5,368.5,1
3898,Roorkee_2,Uttarakhand,50,Haridwar,29.86771944,77.88415556,2024-05-15,691.0,368.0,2
3899,Basukedar,Uttarakhand,54,Rudraprayag,30.43919444,79.05633333,2024-05-15,1.0,1.0,1
3900,Haripura_2,Uttarakhand,56,UDHAM SINGH NAGAR,29.13151944,79.25965556,2024-05-15,368.0,368.0,1
3901,Gairsain (Ramganga),Uttarakhand,47,Chamoli,30.045,79.2855,2024-05-16,0.5,0.5,1
3902,Yamuna Colony,Uttarakhand,49,Dehradun,30.33775278,78.03311667,2024-05-16,368.5,368.5,1
3903,Roorkee_2,Uttarakhand,50,Haridwar,29.86771944,77.88415556,2024-05-16,706.5,367.0,2
3904,Gola_1,Uttarakhand,51,Nainital,29.27136111,79.54743333,2024-05-16,1.0,0.5,2
3905,Mukteshwar_1,Uttarakhand,51,Nainital,29.47413889,79.65119444,2024-05-16,2.0,1.0,2
3906,Yamkeshwar,Uttarakhand,52,PAURI GARHWAL,29.96130556,78.44086111,2024-05-16,226.0,226.0,1
3907,Pithoragarh,Uttarakhand,53,Pithoragarh,29.57938889,80.21886111,2024-05-16,1.0,0.5,2
3908,Haripura_2,Uttarakhand,56,UDHAM SINGH NAGAR,29.13151944,79.25965556,2024-05-16,24.0,24.0,1
3909,Yamuna Colony,Uttarakhand,49,Dehradun,30.33775278,78.03311667,2024-05-17,1107.5,386.5,3
3910,Roorkee_2,Uttarakhand,50,Haridwar,29.86771944,77.88415556,2024-05-17,1077.5,381.5,3
3911,Gola_1,Uttarakhand,51,Nainital,29.27136111,79.54743333,2024-05-17,5.0,2.5,2
3912,Nandprayag (Nandakini),Uttarakhand,47,Chamoli,30.33122222,79.31063889,2024-05-18,10.5,4.0,6
3913,Yamuna Colony,Uttarakhand,49,Dehradun,30.33775278,78.03311667,2024-05-18,746.5,373.5,2
3914,Roorkee_2,Uttarakhand,50,Haridwar,29.86771944,77.88415556,2024-05-18,376.5,376.5,1
3915,Basukedar,Uttarakhand,54,Rudraprayag,30.43919444,79.05633333,2024-05-18,401.5,401.5,1
3916,Kempty,Uttarakhand,55,Tehri Garhwal,30.49075,78.04738889,2024-05-18,0.5,0.5,1
3917,Joshiyara,Uttarakhand,57,Uttarkashi,30.73122222,78.42733333,2024-05-18,128.5,128.5,1
3918,Lamgara,Uttarakhand,45,Almora,29.53866667,79.74994444,2024-05-19,1.0,0.5,2
3919,Kapkot (Saryu),Uttarakhand,46,Bageshwar,29.94516667,79.9025,2024-05-19,2.0,0.5,4
3920,Gairsain (Ramganga),Uttarakhand,47,Chamoli,30.045,79.2855,2024-05-19,72.0,6.0,16
3921,Nandprayag (Nandakini),Uttarakhand,47,Chamoli,30.33122222,79.31063889,2024-05-19,9.5,3.5,6
3922,Danda_1,Uttarakhand,48,Champawat,29.15927778,80.10852778,2024-05-19,1.0,1.0,1
3923,Yamuna Colony,Uttarakhand,49,Dehradun,30.33775278,78.03311667,2024-05-19,336.0,336.0,1
3924,Roorkee_2,Uttarakhand,50,Haridwar,29.86771944,77.88415556,2024-05-19,729.0,379.5,2
3925,Gola_1,Uttarakhand,51,Nainital,29.27136111,79.54743333,2024-05-19,2.0,0.5,4
3926,Dharchula_1,Uttarakhand,53,Pithoragarh,29.84825,80.54047222,2024-05-19,5.0,4.5,2
3927,Basukedar,Uttarakhand,54,Rudraprayag,30.43919444,79.05633333,2024-05-19,12.0,6.5,4
3928,Sonprayag_1,Uttarakhand,54,Rudraprayag,30.63547222,78.99941667,2024-05-19,14.5,10.0,4
3929,Lamgara,Uttarakhand,45,Almora,29.53866667,79.74994444,2024-05-20,1.0,0.5,2
3930,Kapkot (Saryu),Uttarakhand,46,Bageshwar,29.94516667,79.9025,2024-05-20,1.0,0.5,2
3931,Khati_1,Uttarakhand,46,Bageshwar,30.11019722,79.94055833,2024-05-20,26.0,10.5,4
3932,Gairsain (Ramganga),Uttarakhand,47,Chamoli,30.045,79.2855,2024-05-20,14.0,2.5,6
3933,Danda_1,Uttarakhand,48,Champawat,29.15927778,80.10852778,2024-05-20,11.0,11.0,1
3934,Chakrata,Uttarakhand,49,Dehradun,30.76115556,77.86502778,2024-05-20,1.0,1.0,1
3935,Yamuna Colony,Uttarakhand,49,Dehradun,30.33775278,78.03311667,2024-05-20,1411.5,379.5,4
3936,Roorkee_2,Uttarakhand,50,Haridwar,29.86771944,77.88415556,2024-05-20,382.0,382.0,1
3937,Gola_1,Uttarakhand,51,Nainital,29.27136111,79.54743333,2024-05-20,3.0,1.5,2
3938,Dharchula_1,Uttarakhand,53,Pithoragarh,29.84825,80.54047222,2024-05-20,5.0,1.5,4
3939,Basukedar,Uttarakhand,54,Rudraprayag,30.43919444,79.05633333,2024-05-20,12.5,6.5,3
3940,Chandranagar_1,Uttarakhand,54,Rudraprayag,30.41541667,79.06208333,2024-05-20,4.0,2.0,2
3941,Sonprayag_1,Uttarakhand,54,Rudraprayag,30.63547222,78.99941667,2024-05-20,13.0,12.5,2
3942,Kempty,Uttarakhand,55,Tehri Garhwal,30.49075,78.04738889,2024-05-20,3.0,2.5,2
3943,Bahadarabad,Uttarakhand,50,Haridwar,29.92380278,78.03671389,2024-05-21,96.0,96.0,1
3944,Roorkee_2,Uttarakhand,50,Haridwar,29.86771944,77.88415556,2024-05-21,368.0,368.0,1
3945,Dharchula_1,Uttarakhand,53,Pithoragarh,29.84825,80.54047222,2024-05-21,7.0,7.0,1
3946,Basukedar,Uttarakhand,54,Rudraprayag,30.43919444,79.05633333,2024-05-21,4.5,2.5,2
3947,Sonprayag_1,Uttarakhand,54,Rudraprayag,30.63547222,78.99941667,2024-05-21,53.0,39.0,5
3948,Baijnath (Gomti),Uttarakhand,46,Bageshwar,29.90822222,79.61769444,2024-05-22,232.5,232.5,1
3949,Kapkot (Saryu),Uttarakhand,46,Bageshwar,29.94516667,79.9025,2024-05-22,1.0,0.5,2
3950,Gairsain (Ramganga),Uttarakhand,47,Chamoli,30.045,79.2855,2024-05-22,9.0,2.5,4
3951,Yamuna Colony,Uttarakhand,49,Dehradun,30.33775278,78.03311667,2024-05-22,324.0,324.0,1
3952,Roorkee_2,Uttarakhand,50,Haridwar,29.86771944,77.88415556,2024-05-22,708.5,368.5,2
3953,Gola_1,Uttarakhand,51,Nainital,29.27136111,79.54743333,2024-05-22,7.0,3.5,2
3954,Haldwani_1,Uttarakhand,51,Nainital,29.214725,79.52400278,2024-05-22,14.0,7.0,2
3955,Dharchula_1,Uttarakhand,53,Pithoragarh,29.84825,80.54047222,2024-05-22,3.5,1.0,6
3956,Nandprayag (Nandakini),Uttarakhand,47,Chamoli,30.33122222,79.31063889,2024-05-23,1.5,1.0,2
3957,Yamuna Colony,Uttarakhand,49,Dehradun,30.33775278,78.03311667,2024-05-23,337.0,337.0,1
3958,Khanpur_5,Uttarakhand,50,Haridwar,29.641375,78.00678611,2024-05-23,192.0,192.0,1
3959,Roorkee_2,Uttarakhand,50,Haridwar,29.86771944,77.88415556,2024-05-23,723.0,369.0,2
3960,Mukteshwar_1,Uttarakhand,51,Nainital,29.47413889,79.65119444,2024-05-23,160.0,160.0,1
3961,Basukedar,Uttarakhand,54,Rudraprayag,30.43919444,79.05633333,2024-05-23,1.0,1.0,1
3962,Sonprayag_1,Uttarakhand,54,Rudraprayag,30.63547222,78.99941667,2024-05-23,1.5,1.0,2
3963,Gairsain (Ramganga),Uttarakhand,47,Chamoli,30.045,79.2855,2024-05-24,0.5,0.5,1
3964,Yamuna Colony,Uttarakhand,49,Dehradun,30.33775278,78.03311667,2024-05-24,338.0,338.0,1
3965,Roorkee_2,Uttarakhand,50,Haridwar,29.86771944,77.88415556,2024-05-24,348.0,348.0,1
3966,Pithoragarh,Uttarakhand,53,Pithoragarh,29.57938889,80.21886111,2024-05-24,0.5,0.5,1
3967,Khati_1,Uttarakhand,46,Bageshwar,30.11019722,79.94055833,2024-05-25,11.0,5.0,4
3968,Nandprayag (Nandakini),Uttarakhand,47,Chamoli,30.33122222,79.31063889,2024-05-25,3.0,2.0,3
3969,Yamuna Colony,Uttarakhand,49,Dehradun,30.33775278,78.03311667,2024-05-25,330.5,330.5,1
3970,Roorkee_2,Uttarakhand,50,Haridwar,29.86771944,77.88415556,2024-05-25,711.5,368.0,2
3971,Dugadda (Khoh),Uttarakhand,52,PAURI GARHWAL,29.75108333,78.52341667,2024-05-25,2.0,0.5,4
3972,Dharchula_1,Uttarakhand,53,Pithoragarh,29.84825,80.54047222,2024-05-25,1.0,1.0,1
3973,Basukedar,Uttarakhand,54,Rudraprayag,30.43919444,79.05633333,2024-05-25,11.0,6.5,3
3974,Sonprayag_1,Uttarakhand,54,Rudraprayag,30.63547222,78.99941667,2024-05-25,2.0,2.0,1
3975,Khati_1,Uttarakhand,46,Bageshwar,30.11019722,79.94055833,2024-05-26,1.0,0.5,2
3976,Gairsain (Ramganga),Uttarakhand,47,Chamoli,30.045,79.2855,2024-05-26,2.0,1.0,2
3977,Nandprayag (Nandakini),Uttarakhand,47,Chamoli,30.33122222,79.31063889,2024-05-26,1.5,0.5,3
3978,Danda_1,Uttarakhand,48,Champawat,29.15927778,80.10852778,2024-05-26,2.0,1.0,2
3979,Yamuna Colony,Uttarakhand,49,Dehradun,30.33775278,78.03311667,2024-05-26,1068.5,371.0,3
3980,Roorkee_2,Uttarakhand,50,Haridwar,29.86771944,77.88415556,2024-05-26,722.0,370.0,2
3981,Dharchula_1,Uttarakhand,53,Pithoragarh,29.84825,80.54047222,2024-05-26,10.0,6.5,3
3982,Basukedar,Uttarakhand,54,Rudraprayag,30.43919444,79.05633333,2024-05-26,17.0,9.5,4
3983,Sonprayag_1,Uttarakhand,54,Rudraprayag,30.63547222,78.99941667,2024-05-26,9.5,5.0,2
3984,Kempty,Uttarakhand,55,Tehri Garhwal,30.49075,78.04738889,2024-05-26,53.0,53.0,1
3985,Kapkot (Saryu),Uttarakhand,46,Bageshwar,29.94516667,79.9025,2024-05-27,1.0,0.5,2
3986,Nandprayag (Nandakini),Uttarakhand,47,Chamoli,30.33122222,79.31063889,2024-05-27,1.0,0.5,2
3987,Champawat_1,Uttarakhand,48,Champawat,29.33341667,80.08469444,2024-05-27,1.0,0.5,2
3988,Manglaur_1,Uttarakhand,50,Haridwar,29.78567778,77.86368889,2024-05-27,136.0,136.0,1
3989,Roorkee_2,Uttarakhand,50,Haridwar,29.86771944,77.88415556,2024-05-27,370.0,370.0,1
3990,Gola_1,Uttarakhand,51,Nainital,29.27136111,79.54743333,2024-05-27,1.0,0.5,2
3991,Haldwani_1,Uttarakhand,51,Nainital,29.214725,79.52400278,2024-05-27,155.0,144.0,5
3992,Mukteshwar_1,Uttarakhand,51,Nainital,29.47413889,79.65119444,2024-05-27,192.0,192.0,1
3993,Dharchula_1,Uttarakhand,53,Pithoragarh,29.84825,80.54047222,2024-05-27,3.5,3.5,1
3994,Guptkashi_1,Uttarakhand,54,Rudraprayag,30.52863889,79.08508333,2024-05-27,48.0,48.0,1
3995,Roorkee_2,Uttarakhand,50,Haridwar,29.86771944,77.88415556,2024-05-28,390.5,390.5,1
3996,Gola_1,Uttarakhand,51,Nainital,29.27136111,79.54743333,2024-05-28,0.5,0.5,1
3997,Dharchula_1,Uttarakhand,53,Pithoragarh,29.84825,80.54047222,2024-05-28,7.5,5.0,4
3998,Basukedar,Uttarakhand,54,Rudraprayag,30.43919444,79.05633333,2024-05-28,34.5,31.0,3
3999,Guptkashi_1,Uttarakhand,54,Rudraprayag,30.52863889,79.08508333,2024-05-28,239.5,239.5,1
4000,Roorkee_2,Uttarakhand,50,Haridwar,29.86771944,77.88415556,2024-05-29,348.0,348.0,1
4001,Gairsain (Ramganga),Uttarakhand,47,Chamoli,30.045,79.2855,2024-05-30,1.0,0.5,2
4002,Nandprayag (Nandakini),Uttarakhand,47,Chamoli,30.33122222,79.31063889,2024-05-30,12.5,7.5,3
4003,Yamuna Colony,Uttarakhand,49,Dehradun,30.33775278,78.03311667,2024-05-30,354.0,354.0,1
4004,Roorkee_2,Uttarakhand,50,Haridwar,29.86771944,77.88415556,2024-05-30,351.0,351.0,1
4005,Gola_1,Uttarakhand,51,Nainital,29.27136111,79.54743333,2024-05-30,1.0,0.5,2
4006,Virbhadra,Uttarakhand,52,PAURI GARHWAL,30.07444444,78.29047222,2024-05-30,-194.0,84.5,2
4007,Kempty,Uttarakhand,55,Tehri Garhwal,30.49075,78.04738889,2024-05-30,1.0,1.0,1
4008,Joshiyara,Uttarakhand,57,Uttarkashi,30.73122222,78.42733333,2024-05-30,1.0,0.5,2
4009,Yamuna Colony,Uttarakhand,49,Dehradun,30.33775278,78.03311667,2024-05-31,1432.0,380.5,4
4010,Roorkee_2,Uttarakhand,50,Haridwar,29.86771944,77.88415556,2024-05-31,714.0,366.5,2
4011,Dharchula_1,Uttarakhand,53,Pithoragarh,29.84825,80.54047222,2024-05-31,0.5,0.5,1
4012,Kempty,Uttarakhand,55,Tehri Garhwal,30.49075,78.04738889,2024-05-31,468.5,468.5,1
4013,Joshiyara,Uttarakhand,57,Uttarkashi,30.73122222,78.42733333,2024-05-31,8.0,3.0,7
4014,Khati_1,Uttarakhand,46,Bageshwar,30.11019722,79.94055833,2024-06-01,4.0,0.5,8
4015,Danda_1,Uttarakhand,48,Champawat,29.15927778,80.10852778,2024-06-01,0.5,0.5,1
4016,Yamuna Colony,Uttarakhand,49,Dehradun,30.33775278,78.03311667,2024-06-01,1059.0,395.5,3
4017,Roorkee_2,Uttarakhand,50,Haridwar,29.86771944,77.88415556,2024-06-01,716.5,379.0,2
4018,Gola_1,Uttarakhand,51,Nainital,29.27136111,79.54743333,2024-06-01,8.0,2.0,8
4019,Mukteshwar_1,Uttarakhand,51,Nainital,29.47413889,79.65119444,2024-06-01,34.0,34.0,1
4020,Dugadda (Khoh),Uttarakhand,52,PAURI GARHWAL,29.75108333,78.52341667,2024-06-01,1.0,0.5,2
4021,Dharchula_1,Uttarakhand,53,Pithoragarh,29.84825,80.54047222,2024-06-01,257.5,257.0,2
4022,Joshiyara,Uttarakhand,57,Uttarkashi,30.73122222,78.42733333,2024-06-01,0.5,0.5,1
4023,Lamgara,Uttarakhand,45,Almora,29.53866667,79.74994444,2024-06-02,1.0,0.5,2
4024,Kapkot (Saryu),Uttarakhand,46,Bageshwar,29.94516667,79.9025,2024-06-02,53.0,53.0,1
4025,Khati_1,Uttarakhand,46,Bageshwar,30.11019722,79.94055833,2024-06-02,1.0,0.5,2
4026,Danda_1,Uttarakhand,48,Champawat,29.15927778,80.10852778,2024-06-02,0.5,0.5,1
4027,Bahadarabad,Uttarakhand,50,Haridwar,29.92380278,78.03671389,2024-06-02,0.5,0.5,1
4028,Roorkee_2,Uttarakhand,50,Haridwar,29.86771944,77.88415556,2024-06-02,1067.0,365.5,3
4029,Gola_1,Uttarakhand,51,Nainital,29.27136111,79.54743333,2024-06-02,13.0,4.5,8
4030,Pithoragarh,Uttarakhand,53,Pithoragarh,29.57938889,80.21886111,2024-06-02,2.0,0.5,4
4031,Sonprayag_1,Uttarakhand,54,Rudraprayag,30.63547222,78.99941667,2024-06-02,5.5,5.0,2
4032,Baijnath (Gomti),Uttarakhand,46,Bageshwar,29.90822222,79.61769444,2024-06-03,2.0,2.0,1
4033,Khati_1,Uttarakhand,46,Bageshwar,30.11019722,79.94055833,2024-06-03,2.0,0.5,4
4034,Gairsain (Ramganga),Uttarakhand,47,Chamoli,30.045,79.2855,2024-06-03,19.0,4.5,8
4035,Yamuna Colony,Uttarakhand,49,Dehradun,30.33775278,78.03311667,2024-06-03,672.0,341.0,2
4036,Manglaur_1,Uttarakhand,50,Haridwar,29.78567778,77.86368889,2024-06-03,54.0,54.0,1
4037,Roorkee_2,Uttarakhand,50,Haridwar,29.86771944,77.88415556,2024-06-03,1073.0,371.5,3
4038,Gola_1,Uttarakhand,51,Nainital,29.27136111,79.54743333,2024-06-03,35.0,7.5,14
4039,Mukteshwar_1,Uttarakhand,51,Nainital,29.47413889,79.65119444,2024-06-03,397.0,397.0,1
4040,Pithoragarh,Uttarakhand,53,Pithoragarh,29.57938889,80.21886111,2024-06-03,4.5,3.5,3
4041,Basukedar,Uttarakhand,54,Rudraprayag,30.43919444,79.05633333,2024-06-03,15.0,5.0,4
4042,Sonprayag_1,Uttarakhand,54,Rudraprayag,30.63547222,78.99941667,2024-06-03,15.0,5.0,5
4043,Lamgara,Uttarakhand,45,Almora,29.53866667,79.74994444,2024-06-04,1.0,0.5,2
4044,Gairsain (Ramganga),Uttarakhand,47,Chamoli,30.045,79.2855,2024-06-04,2.0,1.0,2
4045,Danda_1,Uttarakhand,48,Champawat,29.15927778,80.10852778,2024-06-04,0.5,0.5,1
4046,Yamuna Colony,Uttarakhand,49,Dehradun,30.33775278,78.03311667,2024-06-04,753.5,381.5,2
4047,Bahadarabad,Uttarakhand,50,Haridwar,29.92380278,78.03671389,2024-06-04,7.5,7.5,1
4048,Gola_1,Uttarakhand,51,Nainital,29.27136111,79.54743333,2024-06-04,30.0,5.0,14
4049,Srinagar_2,Uttarakhand,52,PAURI GARHWAL,30.23581944,78.81720278,2024-06-04,512.0,511.5,2
4050,Dharchula_1,Uttarakhand,53,Pithoragarh,29.84825,80.54047222,2024-06-04,96.0,96.0,1
4051,Pithoragarh,Uttarakhand,53,Pithoragarh,29.57938889,80.21886111,2024-06-04,36.5,36.0,2
4052,Sonprayag_1,Uttarakhand,54,Rudraprayag,30.63547222,78.99941667,2024-06-04,13.0,13.0,1
4053,Tumaria,Uttarakhand,56,UDHAM SINGH NAGAR,29.30704722,78.93133056,2024-06-04,0.5,0.5,1
4054,Gairsain (Ramganga),Uttarakhand,47,Chamoli,30.045,79.2855,2024-06-05,16.5,10.0,3
4055,Chakrata,Uttarakhand,49,Dehradun,30.76115556,77.86502778,2024-06-05,29.5,7.5,8
4056,Yamuna Colony,Uttarakhand,49,Dehradun,30.33775278,78.03311667,2024-06-05,326.0,326.0,1
4057,Bahadarabad,Uttarakhand,50,Haridwar,29.92380278,78.03671389,2024-06-05,0.5,0.5,1
4058,Roorkee_2,Uttarakhand,50,Haridwar,29.86771944,77.88415556,2024-06-05,344.5,344.5,1
4059,Gola_1,Uttarakhand,51,Nainital,29.27136111,79.54743333,2024-06-05,50.0,8.0,15
4060,Srinagar_2,Uttarakhand,52,PAURI GARHWAL,30.23581944,78.81720278,2024-06-05,0.5,0.5,1
4061,Sonprayag_1,Uttarakhand,54,Rudraprayag,30.63547222,78.99941667,2024-06-05,17.5,14.5,5
4062,Kempty,Uttarakhand,55,Tehri Garhwal,30.49075,78.04738889,2024-06-05,15.0,10.0,3
4063,Khati_1,Uttarakhand,46,Bageshwar,30.11019722,79.94055833,2024-06-06,0.5,0.5,1
4064,Nandprayag (Nandakini),Uttarakhand,47,Chamoli,30.33122222,79.31063889,2024-06-06,1.0,0.5,2
4065,Chakrata,Uttarakhand,49,Dehradun,30.76115556,77.86502778,2024-06-06,0.5,0.5,1
4066,Yamuna Colony,Uttarakhand,49,Dehradun,30.33775278,78.03311667,2024-06-06,314.0,314.0,1
4067,Bahadarabad,Uttarakhand,50,Haridwar,29.92380278,78.03671389,2024-06-06,0.5,0.5,1
4068,Bhagwanpur_1,Uttarakhand,50,Haridwar,29.93567778,77.80170611,2024-06-06,1.0,1.0,1
4069,Roorkee_2,Uttarakhand,50,Haridwar,29.86771944,77.88415556,2024-06-06,1047.0,370.0,3
4070,Gola_1,Uttarakhand,51,Nainital,29.27136111,79.54743333,2024-06-06,5.0,1.5,6
4071,Srinagar_2,Uttarakhand,52,PAURI GARHWAL,30.23581944,78.81720278,2024-06-06,5.0,4.5,2
4072,Basukedar,Uttarakhand,54,Rudraprayag,30.43919444,79.05633333,2024-06-06,321.5,321.5,1
4073,Kempty,Uttarakhand,55,Tehri Garhwal,30.49075,78.04738889,2024-06-06,0.5,0.5,1
4074,Haripura_2,Uttarakhand,56,UDHAM SINGH NAGAR,29.13151944,79.25965556,2024-06-06,0.5,0.5,1
4075,Tumaria,Uttarakhand,56,UDHAM SINGH NAGAR,29.30704722,78.93133056,2024-06-06,0.5,0.5,1
4076,Yamuna Colony,Uttarakhand,49,Dehradun,30.33775278,78.03311667,2024-06-07,384.0,383.0,3
4077,Roorkee_2,Uttarakhand,50,Haridwar,29.86771944,77.88415556,2024-06-07,380.5,380.5,1
4078,Gola_1,Uttarakhand,51,Nainital,29.27136111,79.54743333,2024-06-07,7.0,1.5,6
4079,Pithoragarh,Uttarakhand,53,Pithoragarh,29.57938889,80.21886111,2024-06-07,1.0,0.5,2
4080,Kempty,Uttarakhand,55,Tehri Garhwal,30.49075,78.04738889,2024-06-07,145.0,144.0,2
4081,Nandprayag (Nandakini),Uttarakhand,47,Chamoli,30.33122222,79.31063889,2024-06-08,1.0,1.0,1
4082,Yamuna Colony,Uttarakhand,49,Dehradun,30.33775278,78.03311667,2024-06-08,727.5,374.5,2
4083,Roorkee_2,Uttarakhand,50,Haridwar,29.86771944,77.88415556,2024-06-08,375.5,375.5,1
4084,Gola_1,Uttarakhand,51,Nainital,29.27136111,79.54743333,2024-06-08,5.0,1.0,8
4085,Kempty,Uttarakhand,55,Tehri Garhwal,30.49075,78.04738889,2024-06-08,48.0,48.0,1
4086,Yamuna Colony,Uttarakhand,49,Dehradun,30.33775278,78.03311667,2024-06-09,323.5,323.5,1
4087,Roorkee_2,Uttarakhand,50,Haridwar,29.86771944,77.88415556,2024-06-09,712.5,369.5,2
4088,Gola_1,Uttarakhand,51,Nainital,29.27136111,79.54743333,2024-06-09,1.0,0.5,2
4089,Baijnath (Gomti),Uttarakhand,46,Bageshwar,29.90822222,79.61769444,2024-06-10,160.0,160.0,1
4090,Danda_1,Uttarakhand,48,Champawat,29.15927778,80.10852778,2024-06-10,39.0,39.0,1
4091,Yamuna Colony,Uttarakhand,49,Dehradun,30.33775278,78.03311667,2024-06-10,1387.5,373.5,4
4092,Roorkee_2,Uttarakhand,50,Haridwar,29.86771944,77.88415556,2024-06-10,732.0,379.0,2
4093,Gola_1,Uttarakhand,51,Nainital,29.27136111,79.54743333,2024-06-10,196.0,195.5,2
4094,Kempty,Uttarakhand,55,Tehri Garhwal,30.49075,78.04738889,2024-06-10,216.0,216.0,1
4095,Almora_1,Uttarakhand,45,Almora,29.59575833,79.65063889,2024-06-11,257.0,257.0,1
4096,Yamuna Colony,Uttarakhand,49,Dehradun,30.33775278,78.03311667,2024-06-11,1052.5,390.0,3
4097,Roorkee_2,Uttarakhand,50,Haridwar,29.86771944,77.88415556,2024-06-11,381.0,381.0,1
4098,Gola_1,Uttarakhand,51,Nainital,29.27136111,79.54743333,2024-06-11,3.5,0.5,7
4099,Pithoragarh,Uttarakhand,53,Pithoragarh,29.57938889,80.21886111,2024-06-11,320.0,320.0,1
4100,Baijnath (Gomti),Uttarakhand,46,Bageshwar,29.90822222,79.61769444,2024-06-12,0.5,0.5,1
4101,Yamuna Colony,Uttarakhand,49,Dehradun,30.33775278,78.03311667,2024-06-12,1065.0,392.5,3
4102,Roorkee_2,Uttarakhand,50,Haridwar,29.86771944,77.88415556,2024-06-12,380.5,380.5,1
4103,Gola_1,Uttarakhand,51,Nainital,29.27136111,79.54743333,2024-06-12,49.0,6.0,18
4104,Kempty,Uttarakhand,55,Tehri Garhwal,30.49075,78.04738889,2024-06-12,33.5,33.5,1
4105,Baijnath (Gomti),Uttarakhand,46,Bageshwar,29.90822222,79.61769444,2024-06-13,1.0,1.0,1
4106,Gairsain (Ramganga),Uttarakhand,47,Chamoli,30.045,79.2855,2024-06-13,223.0,223.0,1
4107,Yamuna Colony,Uttarakhand,49,Dehradun,30.33775278,78.03311667,2024-06-13,1508.0,395.5,4
4108,Roorkee_2,Uttarakhand,50,Haridwar,29.86771944,77.88415556,2024-06-13,749.5,385.0,2
4109,Gola_1,Uttarakhand,51,Nainital,29.27136111,79.54743333,2024-06-13,7.0,1.0,8
4110,Haripura_2,Uttarakhand,56,UDHAM SINGH NAGAR,29.13151944,79.25965556,2024-06-13,48.0,48.0,1
4111,Yamuna Colony,Uttarakhand,49,Dehradun,30.33775278,78.03311667,2024-06-14,697.5,367.5,2
4112,Gola_1,Uttarakhand,51,Nainital,29.27136111,79.54743333,2024-06-14,2.5,0.5,5
4113,Chandranagar_1,Uttarakhand,54,Rudraprayag,30.41541667,79.06208333,2024-06-14,80.0,80.0,1
4114,Yamuna Colony,Uttarakhand,49,Dehradun,30.33775278,78.03311667,2024-06-15,1641.5,397.0,5
4115,Roorkee_2,Uttarakhand,50,Haridwar,29.86771944,77.88415556,2024-06-15,371.0,364.5,2
4116,Gola_1,Uttarakhand,51,Nainital,29.27136111,79.54743333,2024-06-15,1.0,0.5,2
4117,Haripura_2,Uttarakhand,56,UDHAM SINGH NAGAR,29.13151944,79.25965556,2024-06-15,0.5,0.5,1
4118,Gola_1,Uttarakhand,51,Nainital,29.27136111,79.54743333,2024-06-16,1.5,0.5,3
4119,Yamuna Colony,Uttarakhand,49,Dehradun,30.33775278,78.03311667,2024-06-17,1123.0,398.5,3
4120,Bhagwanpur_1,Uttarakhand,50,Haridwar,29.93567778,77.80170611,2024-06-17,64.0,64.0,1
4121,Roorkee_2,Uttarakhand,50,Haridwar,29.86771944,77.88415556,2024-06-17,358.5,358.5,1
4122,Gola_1,Uttarakhand,51,Nainital,29.27136111,79.54743333,2024-06-17,1.0,0.5,2
4123,Kapkot (Saryu),Uttarakhand,46,Bageshwar,29.94516667,79.9025,2024-06-18,0.5,0.5,1
4124,Champawat_1,Uttarakhand,48,Champawat,29.33341667,80.08469444,2024-06-18,371.5,371.5,1
4125,Yamuna Colony,Uttarakhand,49,Dehradun,30.33775278,78.03311667,2024-06-18,340.0,340.0,1
4126,Gola_1,Uttarakhand,51,Nainital,29.27136111,79.54743333,2024-06-18,5.5,2.0,5
4127,Lamgara,Uttarakhand,45,Almora,29.53866667,79.74994444,2024-06-19,1.0,0.5,2
4128,Kapkot (Saryu),Uttarakhand,46,Bageshwar,29.94516667,79.9025,2024-06-19,0.5,0.5,1
4129,Gairsain (Ramganga),Uttarakhand,47,Chamoli,30.045,79.2855,2024-06-19,13.5,3.5,6
4130,Chakrata,Uttarakhand,49,Dehradun,30.76115556,77.86502778,2024-06-19,11.5,4.0,5
4131,Dakpathar,Uttarakhand,49,Dehradun,30.49866667,77.79744444,2024-06-19,19.5,9.5,5
4132,Yamuna Colony,Uttarakhand,49,Dehradun,30.33775278,78.03311667,2024-06-19,341.0,341.0,1
4133,Bahadarabad,Uttarakhand,50,Haridwar,29.92380278,78.03671389,2024-06-19,6.5,5.0,3
4134,Bhagwanpur_1,Uttarakhand,50,Haridwar,29.93567778,77.80170611,2024-06-19,1.0,1.0,1
4135,Khanpur_5,Uttarakhand,50,Haridwar,29.641375,78.00678611,2024-06-19,1.0,1.0,1
4136,Roorkee_2,Uttarakhand,50,Haridwar,29.86771944,77.88415556,2024-06-19,355.5,351.0,4
4137,Gola_1,Uttarakhand,51,Nainital,29.27136111,79.54743333,2024-06-19,3.0,0.5,6
4138,Srinagar_2,Uttarakhand,52,PAURI GARHWAL,30.23581944,78.81720278,2024-06-19,1.0,0.5,2
4139,Pithoragarh,Uttarakhand,53,Pithoragarh,29.57938889,80.21886111,2024-06-19,0.5,0.5,1
4140,Basukedar,Uttarakhand,54,Rudraprayag,30.43919444,79.05633333,2024-06-19,85.5,85.5,1
4141,Chandranagar_1,Uttarakhand,54,Rudraprayag,30.41541667,79.06208333,2024-06-19,1.0,0.5,2
4142,Kempty,Uttarakhand,55,Tehri Garhwal,30.49075,78.04738889,2024-06-19,89.5,35.0,9
4143,Khati_1,Uttarakhand,46,Bageshwar,30.11019722,79.94055833,2024-06-20,0.5,0.5,1
4144,Champawat_1,Uttarakhand,48,Champawat,29.33341667,80.08469444,2024-06-20,1.5,1.0,2
4145,Bahadarabad,Uttarakhand,50,Haridwar,29.92380278,78.03671389,2024-06-20,1.5,0.5,3
4146,Bhagwanpur_1,Uttarakhand,50,Haridwar,29.93567778,77.80170611,2024-06-20,1.0,0.5,2
4147,Roorkee_2,Uttarakhand,50,Haridwar,29.86771944,77.88415556,2024-06-20,8.0,6.0,3
4148,Gola_1,Uttarakhand,51,Nainital,29.27136111,79.54743333,2024-06-20,0.5,0.5,1
4149,Dugadda (Khoh),Uttarakhand,52,PAURI GARHWAL,29.75108333,78.52341667,2024-06-20,0.5,0.5,1
4150,Srinagar_2,Uttarakhand,52,PAURI GARHWAL,30.23581944,78.81720278,2024-06-20,7.5,6.0,3
4151,Kempty,Uttarakhand,55,Tehri Garhwal,30.49075,78.04738889,2024-06-20,1.0,1.0,1
4152,Gadarpur,Uttarakhand,56,UDHAM SINGH NAGAR,29.04324167,79.24461944,2024-06-20,1.5,1.0,2
4153,Khati_1,Uttarakhand,46,Bageshwar,30.11019722,79.94055833,2024-06-21,0.5,0.5,1
4154,Bhagwanpur_1,Uttarakhand,50,Haridwar,29.93567778,77.80170611,2024-06-21,0.5,0.5,1
4155,Gola_1,Uttarakhand,51,Nainital,29.27136111,79.54743333,2024-06-21,3.0,1.5,4
4156,Gola_1,Uttarakhand,51,Nainital,29.27136111,79.54743333,2024-06-22,0.5,0.5,1
4157,Dugadda (Khoh),Uttarakhand,52,PAURI GARHWAL,29.75108333,78.52341667,2024-06-22,0.5,0.5,1
4158,Kempty,Uttarakhand,55,Tehri Garhwal,30.49075,78.04738889,2024-06-22,0.5,0.5,1
4159,Khati_1,Uttarakhand,46,Bageshwar,30.11019722,79.94055833,2024-06-23,0.5,0.5,1
4160,Chakrata,Uttarakhand,49,Dehradun,30.76115556,77.86502778,2024-06-23,0.5,0.5,1
4161,Dakpathar,Uttarakhand,49,Dehradun,30.49866667,77.79744444,2024-06-23,1.5,1.0,2
4162,Haldwani_1,Uttarakhand,51,Nainital,29.214725,79.52400278,2024-06-23,15.0,14.5,2
4163,Kempty,Uttarakhand,55,Tehri Garhwal,30.49075,78.04738889,2024-06-23,3.5,2.5,3
4164,Kapkot (Saryu),Uttarakhand,46,Bageshwar,29.94516667,79.9025,2024-06-24,0.5,0.5,1
4165,Gairsain (Ramganga),Uttarakhand,47,Chamoli,30.045,79.2855,2024-06-24,5.5,3.0,4
4166,Dakpathar,Uttarakhand,49,Dehradun,30.49866667,77.79744444,2024-06-24,4.0,3.5,2
4167,Bahadarabad,Uttarakhand,50,Haridwar,29.92380278,78.03671389,2024-06-24,1.5,1.5,1
4168,Roorkee_2,Uttarakhand,50,Haridwar,29.86771944,77.88415556,2024-06-24,12.5,12.5,1
4169,Srinagar_2,Uttarakhand,52,PAURI GARHWAL,30.23581944,78.81720278,2024-06-24,12.0,12.0,1
4170,Pithoragarh,Uttarakhand,53,Pithoragarh,29.57938889,80.21886111,2024-06-24,0.5,0.5,1
4171,Kempty,Uttarakhand,55,Tehri Garhwal,30.49075,78.04738889,2024-06-24,1.5,1.0,2
4172,Lamgara,Uttarakhand,45,Almora,29.53866667,79.74994444,2024-06-25,0.5,0.5,1
4173,Gairsain (Ramganga),Uttarakhand,47,Chamoli,30.045,79.2855,2024-06-25,8.0,4.5,4
4174,Haldwani_1,Uttarakhand,51,Nainital,29.214725,79.52400278,2024-06-25,3.5,2.5,2
4175,Dugadda (Khoh),Uttarakhand,52,PAURI GARHWAL,29.75108333,78.52341667,2024-06-25,0.5,0.5,1
4176,Gairsain (Ramganga),Uttarakhand,47,Chamoli,30.045,79.2855,2024-06-26,1.5,1.0,2
4177,Champawat_1,Uttarakhand,48,Champawat,29.33341667,80.08469444,2024-06-26,0.5,0.5,1
4178,Chakrata,Uttarakhand,49,Dehradun,30.76115556,77.86502778,2024-06-26,7.5,2.5,6
4179,Bhagwanpur_1,Uttarakhand,50,Haridwar,29.93567778,77.80170611,2024-06-26,0.5,0.5,1
4180,Haldwani_1,Uttarakhand,51,Nainital,29.214725,79.52400278,2024-06-26,3.5,2.0,3
4181,Kempty,Uttarakhand,55,Tehri Garhwal,30.49075,78.04738889,2024-06-26,14.5,13.5,3
4182,Gadarpur,Uttarakhand,56,UDHAM SINGH NAGAR,29.04324167,79.24461944,2024-06-26,0.5,0.5,1
4183,Lamgara,Uttarakhand,45,Almora,29.53866667,79.74994444,2024-06-27,0.5,0.5,1
4184,Khati_1,Uttarakhand,46,Bageshwar,30.11019722,79.94055833,2024-06-27,0.5,0.5,1
4185,Chakrata,Uttarakhand,49,Dehradun,30.76115556,77.86502778,2024-06-27,4.5,3.0,3
4186,Dakpathar,Uttarakhand,49,Dehradun,30.49866667,77.79744444,2024-06-27,0.5,0.5,1
4187,Haldwani_1,Uttarakhand,51,Nainital,29.214725,79.52400278,2024-06-27,7.5,2.5,5
4188,Pithoragarh,Uttarakhand,53,Pithoragarh,29.57938889,80.21886111,2024-06-27,0.5,0.5,1
4189,Kempty,Uttarakhand,55,Tehri Garhwal,30.49075,78.04738889,2024-06-27,12.0,7.0,2
4190,Gadarpur,Uttarakhand,56,UDHAM SINGH NAGAR,29.04324167,79.24461944,2024-06-27,0.5,0.5,1
4191,Kapkot (Saryu),Uttarakhand,46,Bageshwar,29.94516667,79.9025,2024-06-28,0.5,0.5,1
4192,Chakrata,Uttarakhand,49,Dehradun,30.76115556,77.86502778,2024-06-28,2.0,1.0,3
4193,Dakpathar,Uttarakhand,49,Dehradun,30.49866667,77.79744444,2024-06-28,0.5,0.5,1
4194,Yamuna Colony,Uttarakhand,49,Dehradun,30.33775278,78.03311667,2024-06-28,0.5,0.5,1
4195,Bahadarabad,Uttarakhand,50,Haridwar,29.92380278,78.03671389,2024-06-28,0.5,0.5,1
4196,Bhagwanpur_1,Uttarakhand,50,Haridwar,29.93567778,77.80170611,2024-06-28,1.5,1.0,2
4197,Haldwani_1,Uttarakhand,51,Nainital,29.214725,79.52400278,2024-06-28,78.0,35.5,6
4198,Kempty,Uttarakhand,55,Tehri Garhwal,30.49075,78.04738889,2024-06-28,1.0,1.0,1
4199,Tumaria,Uttarakhand,56,UDHAM SINGH NAGAR,29.30704722,78.93133056,2024-06-28,1.0,0.5,2
4200,Lamgara,Uttarakhand,45,Almora,29.53866667,79.74994444,2024-06-29,1.0,0.5,2
4201,Yamuna Colony,Uttarakhand,49,Dehradun,30.33775278,78.03311667,2024-06-29,1.0,1.0,1
4202,Bahadarabad,Uttarakhand,50,Haridwar,29.92380278,78.03671389,2024-06-29,0.5,0.5,1
4203,Bhagwanpur_1,Uttarakhand,50,Haridwar,29.93567778,77.80170611,2024-06-29,2.0,1.0,3
4204,Gola_1,Uttarakhand,51,Nainital,29.27136111,79.54743333,2024-06-29,0.5,0.5,1
4205,Haldwani_1,Uttarakhand,51,Nainital,29.214725,79.52400278,2024-06-29,34.0,30.0,3
4206,Dugadda (Khoh),Uttarakhand,52,PAURI GARHWAL,29.75108333,78.52341667,2024-06-29,0.5,0.5,1
4207,Gadarpur,Uttarakhand,56,UDHAM SINGH NAGAR,29.04324167,79.24461944,2024-06-29,0.5,0.5,1
4208,Khati_1,Uttarakhand,46,Bageshwar,30.11019722,79.94055833,2024-06-30,0.5,0.5,1
4209,Yamuna Colony,Uttarakhand,49,Dehradun,30.33775278,78.03311667,2024-06-30,4.0,1.0,4
4210,Haldwani_1,Uttarakhand,51,Nainital,29.214725,79.52400278,2024-06-30,4.5,2.5,2
4211,Gadarpur,Uttarakhand,56,UDHAM SINGH NAGAR,29.04324167,79.24461944,2024-06-30,0.5,0.5,1
4212,Tumaria,Uttarakhand,56,UDHAM SINGH NAGAR,29.30704722,78.93133056,2024-06-30,0.5,0.5,1
4213,Gairsain (Ramganga),Uttarakhand,47,Chamoli,30.045,79.2855,2024-07-01,8.5,4.0,4
4214,Yamuna Colony,Uttarakhand,49,Dehradun,30.33775278,78.03311667,2024-07-01,7.5,2.0,9
4215,Bahadarabad,Uttarakhand,50,Haridwar,29.92380278,78.03671389,2024-07-01,2.5,0.5,5
4216,Bhagwanpur_1,Uttarakhand,50,Haridwar,29.93567778,77.80170611,2024-07-01,1.0,0.5,2
4217,Manglaur_1,Uttarakhand,50,Haridwar,29.78567778,77.86368889,2024-07-01,2.5,2.5,1
4218,Roorkee_2,Uttarakhand,50,Haridwar,29.86771944,77.88415556,2024-07-01,35.5,33.5,2
4219,Haldwani_1,Uttarakhand,51,Nainital,29.214725,79.52400278,2024-07-01,82.5,36.5,7
4220,Srinagar_2,Uttarakhand,52,PAURI GARHWAL,30.23581944,78.81720278,2024-07-01,36.0,34.0,2
4221,Basukedar,Uttarakhand,54,Rudraprayag,30.43919444,79.05633333,2024-07-01,4.0,4.0,1
4222,Kempty,Uttarakhand,55,Tehri Garhwal,30.49075,78.04738889,2024-07-01,21.5,14.0,4
4223,Gadarpur,Uttarakhand,56,UDHAM SINGH NAGAR,29.04324167,79.24461944,2024-07-01,0.5,0.5,1
4224,Tumaria,Uttarakhand,56,UDHAM SINGH NAGAR,29.30704722,78.93133056,2024-07-01,5.5,3.5,5
4225,Bhagwanpur_1,Uttarakhand,50,Haridwar,29.93567778,77.80170611,2024-07-02,0.5,0.5,1
4226,Haldwani_1,Uttarakhand,51,Nainital,29.214725,79.52400278,2024-07-02,15.5,12.0,3
4227,Dugadda (Khoh),Uttarakhand,52,PAURI GARHWAL,29.75108333,78.52341667,2024-07-02,0.5,0.5,1
4228,Pithoragarh,Uttarakhand,53,Pithoragarh,29.57938889,80.21886111,2024-07-02,0.5,0.5,1
4229,Basukedar,Uttarakhand,54,Rudraprayag,30.43919444,79.05633333,2024-07-02,12.0,6.0,6
4230,Kempty,Uttarakhand,55,Tehri Garhwal,30.49075,78.04738889,2024-07-02,7.0,5.0,3
4231,Lamgara,Uttarakhand,45,Almora,29.53866667,79.74994444,2024-07-03,1.0,0.5,2
4232,Gairsain (Ramganga),Uttarakhand,47,Chamoli,30.045,79.2855,2024-07-03,13.5,4.0,5
4233,Yamuna Colony,Uttarakhand,49,Dehradun,30.33775278,78.03311667,2024-07-03,0.5,0.5,1
4234,Bahadarabad,Uttarakhand,50,Haridwar,29.92380278,78.03671389,2024-07-03,0.5,0.5,1
4235,Roorkee_2,Uttarakhand,50,Haridwar,29.86771944,77.88415556,2024-07-03,15.0,12.0,3
4236,Haldwani_1,Uttarakhand,51,Nainital,29.214725,79.52400278,2024-07-03,151.5,42.0,15
4237,Srinagar_2,Uttarakhand,52,PAURI GARHWAL,30.23581944,78.81720278,2024-07-03,14.5,12.0,3
4238,Pithoragarh,Uttarakhand,53,Pithoragarh,29.57938889,80.21886111,2024-07-03,0.5,0.5,1
4239,Basukedar,Uttarakhand,54,Rudraprayag,30.43919444,79.05633333,2024-07-03,50.0,10.5,8
4240,Kempty,Uttarakhand,55,Tehri Garhwal,30.49075,78.04738889,2024-07-03,5.0,4.5,2
4241,Gadarpur,Uttarakhand,56,UDHAM SINGH NAGAR,29.04324167,79.24461944,2024-07-03,0.5,0.5,1
4242,Tumaria,Uttarakhand,56,UDHAM SINGH NAGAR,29.30704722,78.93133056,2024-07-03,30.5,4.5,15
4243,Kapkot (Saryu),Uttarakhand,46,Bageshwar,29.94516667,79.9025,2024-07-04,0.5,0.5,1
4244,Khati_1,Uttarakhand,46,Bageshwar,30.11019722,79.94055833,2024-07-04,1.0,0.5,2
4245,Gairsain (Ramganga),Uttarakhand,47,Chamoli,30.045,79.2855,2024-07-04,3.0,2.5,2
4246,Chakrata,Uttarakhand,49,Dehradun,30.76115556,77.86502778,2024-07-04,1.0,0.5,2
4247,Dakpathar,Uttarakhand,49,Dehradun,30.49866667,77.79744444,2024-07-04,0.5,0.5,1
4248,Doiwala (Bhogpur),Uttarakhand,49,Dehradun,30.22270833,78.23418611,2024-07-04,187.0,187.0,1
4249,Yamuna Colony,Uttarakhand,49,Dehradun,30.33775278,78.03311667,2024-07-04,318.0,318.0,1
4250,Bahadarabad,Uttarakhand,50,Haridwar,29.92380278,78.03671389,2024-07-04,0.5,0.5,1
4251,Roorkee_2,Uttarakhand,50,Haridwar,29.86771944,77.88415556,2024-07-04,704.5,363.5,2
4252,Haldwani_1,Uttarakhand,51,Nainital,29.214725,79.52400278,2024-07-04,14.5,13.0,3
4253,Dugadda (Khoh),Uttarakhand,52,PAURI GARHWAL,29.75108333,78.52341667,2024-07-04,-266.5,-266.5,1
4254,Srinagar_2,Uttarakhand,52,PAURI GARHWAL,30.23581944,78.81720278,2024-07-04,0.5,0.5,1
4255,Virbhadra,Uttarakhand,52,PAURI GARHWAL,30.07444444,78.29047222,2024-07-04,128.0,128.0,1
4256,Pithoragarh,Uttarakhand,53,Pithoragarh,29.57938889,80.21886111,2024-07-04,24.5,24.0,2
4257,Basukedar,Uttarakhand,54,Rudraprayag,30.43919444,79.05633333,2024-07-04,5.5,2.0,7
4258,Chandranagar_1,Uttarakhand,54,Rudraprayag,30.41541667,79.06208333,2024-07-04,0.5,0.5,1
4259,Sonprayag_1,Uttarakhand,54,Rudraprayag,30.63547222,78.99941667,2024-07-04,14.5,6.5,9
4260,Kempty,Uttarakhand,55,Tehri Garhwal,30.49075,78.04738889,2024-07-04,19.0,5.0,6
4261,Gadarpur,Uttarakhand,56,UDHAM SINGH NAGAR,29.04324167,79.24461944,2024-07-04,122.5,122.5,1
4262,Haripura_2,Uttarakhand,56,UDHAM SINGH NAGAR,29.13151944,79.25965556,2024-07-04,6.5,1.5,7
4263,Purola_1,Uttarakhand,57,Uttarkashi,30.91291667,78.10388889,2024-07-04,264.0,264.0,1
4264,Almora_1,Uttarakhand,45,Almora,29.59575833,79.65063889,2024-07-05,346.0,346.0,1
4265,Lamgara,Uttarakhand,45,Almora,29.53866667,79.74994444,2024-07-05,88.5,88.0,2
4266,Kapkot (Saryu),Uttarakhand,46,Bageshwar,29.94516667,79.9025,2024-07-05,38.0,38.0,1
4267,Gairsain (Ramganga),Uttarakhand,47,Chamoli,30.045,79.2855,2024-07-05,21.5,2.0,16
4268,Nandprayag (Nandakini),Uttarakhand,47,Chamoli,30.33122222,79.31063889,2024-07-05,29.0,12.5,4
4269,Chakrata,Uttarakhand,49,Dehradun,30.76115556,77.86502778,2024-07-05,6.5,2.0,5
4270,Dakpathar,Uttarakhand,49,Dehradun,30.49866667,77.79744444,2024-07-05,0.5,0.5,1
4271,Doiwala (Bhogpur),Uttarakhand,49,Dehradun,30.22270833,78.23418611,2024-07-05,-6.0,-6.0,1
4272,Yamuna Colony,Uttarakhand,49,Dehradun,30.33775278,78.03311667,2024-07-05,963.0,327.0,3
4273,Bhagwanpur_1,Uttarakhand,50,Haridwar,29.93567778,77.80170611,2024-07-05,0.5,0.5,1
4274,Roorkee_2,Uttarakhand,50,Haridwar,29.86771944,77.88415556,2024-07-05,1025.0,348.0,3
4275,Haldwani_1,Uttarakhand,51,Nainital,29.214725,79.52400278,2024-07-05,527.0,437.0,17
4276,Pithoragarh,Uttarakhand,53,Pithoragarh,29.57938889,80.21886111,2024-07-05,1.0,0.5,2
4277,Basukedar,Uttarakhand,54,Rudraprayag,30.43919444,79.05633333,2024-07-05,43.0,15.5,13
4278,Sonprayag_1,Uttarakhand,54,Rudraprayag,30.63547222,78.99941667,2024-07-05,95.5,20.0,18
4279,Kempty,Uttarakhand,55,Tehri Garhwal,30.49075,78.04738889,2024-07-05,25.5,15.5,5
4280,Gadarpur,Uttarakhand,56,UDHAM SINGH NAGAR,29.04324167,79.24461944,2024-07-05,128.5,128.0,2
4281,Haripura_2,Uttarakhand,56,UDHAM SINGH NAGAR,29.13151944,79.25965556,2024-07-05,8.5,0.5,17
4282,Sitarganj_1,Uttarakhand,56,UDHAM SINGH NAGAR,28.92971389,79.703,2024-07-05,120.0,120.0,1
4283,Tumaria,Uttarakhand,56,UDHAM SINGH NAGAR,29.30704722,78.93133056,2024-07-05,2.0,0.5,4
4284,Purola_1,Uttarakhand,57,Uttarkashi,30.91291667,78.10388889,2024-07-05,5.0,5.0,1
4285,Lamgara,Uttarakhand,45,Almora,29.53866667,79.74994444,2024-07-06,173.0,160.0,3
4286,Kapkot (Saryu),Uttarakhand,46,Bageshwar,29.94516667,79.9025,2024-07-06,0.5,0.5,1
4287,Gairsain (Ramganga),Uttarakhand,47,Chamoli,30.045,79.2855,2024-07-06,5.5,2.0,3
4288,Danda_1,Uttarakhand,48,Champawat,29.15927778,80.10852778,2024-07-06,85.5,85.5,1
4289,Chakrata,Uttarakhand,49,Dehradun,30.76115556,77.86502778,2024-07-06,9.5,6.5,4
4290,Yamuna Colony,Uttarakhand,49,Dehradun,30.33775278,78.03311667,2024-07-06,313.5,313.5,1
4291,Khanpur_5,Uttarakhand,50,Haridwar,29.641375,78.00678611,2024-07-06,138.0,138.0,1
4292,Manglaur_1,Uttarakhand,50,Haridwar,29.78567778,77.86368889,2024-07-06,-44.0,107.5,2
4293,Roorkee_2,Uttarakhand,50,Haridwar,29.86771944,77.88415556,2024-07-06,832.5,330.0,9
4294,Haldwani_1,Uttarakhand,51,Nainital,29.214725,79.52400278,2024-07-06,72.5,25.0,11
4295,Srinagar_2,Uttarakhand,52,PAURI GARHWAL,30.23581944,78.81720278,2024-07-06,7.0,2.5,4
4296,Pithoragarh,Uttarakhand,53,Pithoragarh,29.57938889,80.21886111,2024-07-06,1.0,0.5,2
4297,Basukedar,Uttarakhand,54,Rudraprayag,30.43919444,79.05633333,2024-07-06,84.5,14.0,16
4298,Sonprayag_1,Uttarakhand,54,Rudraprayag,30.63547222,78.99941667,2024-07-06,-262.5,13.0,19
4299,Kempty,Uttarakhand,55,Tehri Garhwal,30.49075,78.04738889,2024-07-06,58.5,16.5,11
4300,Haripura_2,Uttarakhand,56,UDHAM SINGH NAGAR,29.13151944,79.25965556,2024-07-06,3.0,0.5,6
4301,Tumaria,Uttarakhand,56,UDHAM SINGH NAGAR,29.30704722,78.93133056,2024-07-06,5.0,1.5,6
4302,Lamgara,Uttarakhand,45,Almora,29.53866667,79.74994444,2024-07-07,0.5,0.5,1
4303,Gairsain (Ramganga),Uttarakhand,47,Chamoli,30.045,79.2855,2024-07-07,6.5,3.5,2
4304,Danda_1,Uttarakhand,48,Champawat,29.15927778,80.10852778,2024-07-07,439.0,298.0,4
4305,Tanakpur_1,Uttarakhand,48,Champawat,29.07222222,80.1175,2024-07-07,192.0,192.0,1
4306,Chakrata,Uttarakhand,49,Dehradun,30.76115556,77.86502778,2024-07-07,4.5,1.5,5
4307,Yamuna Colony,Uttarakhand,49,Dehradun,30.33775278,78.03311667,2024-07-07,631.0,315.5,2
4308,Bahadarabad,Uttarakhand,50,Haridwar,29.92380278,78.03671389,2024-07-07,0.5,0.5,1
4309,Roorkee_2,Uttarakhand,50,Haridwar,29.86771944,77.88415556,2024-07-07,997.5,344.5,3
4310,Gola_1,Uttarakhand,51,Nainital,29.27136111,79.54743333,2024-07-07,129.5,129.5,1
4311,Haldwani_1,Uttarakhand,51,Nainital,29.214725,79.52400278,2024-07-07,196.5,17.0,26
4312,Virbhadra,Uttarakhand,52,PAURI GARHWAL,30.07444444,78.29047222,2024-07-07,48.0,48.0,1
4313,Pithoragarh,Uttarakhand,53,Pithoragarh,29.57938889,80.21886111,2024-07-07,1.0,0.5,2
4314,Basukedar,Uttarakhand,54,Rudraprayag,30.43919444,79.05633333,2024-07-07,0.5,0.5,1
4315,Sonprayag_1,Uttarakhand,54,Rudraprayag,30.63547222,78.99941667,2024-07-07,0.5,0.5,1
4316,Kempty,Uttarakhand,55,Tehri Garhwal,30.49075,78.04738889,2024-07-07,15.0,8.0,5
4317,Gadarpur,Uttarakhand,56,UDHAM SINGH NAGAR,29.04324167,79.24461944,2024-07-07,0.5,0.5,1
4318,Haripura_2,Uttarakhand,56,UDHAM SINGH NAGAR,29.13151944,79.25965556,2024-07-07,44.0,18.5,23
4319,Tumaria,Uttarakhand,56,UDHAM SINGH NAGAR,29.30704722,78.93133056,2024-07-07,1.0,0.5,2
4320,Kapkot (Saryu),Uttarakhand,46,Bageshwar,29.94516667,79.9025,2024-07-08,0.5,0.5,1
4321,Gairsain (Ramganga),Uttarakhand,47,Chamoli,30.045,79.2855,2024-07-08,96.0,96.0,1
4322,Tanakpur_1,Uttarakhand,48,Champawat,29.07222222,80.1175,2024-07-08,128.5,128.5,1
4323,Chakrata,Uttarakhand,49,Dehradun,30.76115556,77.86502778,2024-07-08,2.5,1.5,3
4324,Yamuna Colony,Uttarakhand,49,Dehradun,30.33775278,78.03311667,2024-07-08,717.5,319.0,3
4325,Roorkee_2,Uttarakhand,50,Haridwar,29.86771944,77.88415556,2024-07-08,995.5,332.5,3
4326,Haldwani_1,Uttarakhand,51,Nainital,29.214725,79.52400278,2024-07-08,281.0,26.5,22
4327,Virbhadra,Uttarakhand,52,PAURI GARHWAL,30.07444444,78.29047222,2024-07-08,430.5,410.5,2
4328,Pithoragarh,Uttarakhand,53,Pithoragarh,29.57938889,80.21886111,2024-07-08,0.5,0.5,1
4329,Sonprayag_1,Uttarakhand,54,Rudraprayag,30.63547222,78.99941667,2024-07-08,11.5,10.0,4
4330,Kempty,Uttarakhand,55,Tehri Garhwal,30.49075,78.04738889,2024-07-08,5.5,5.0,2
4331,Gadarpur,Uttarakhand,56,UDHAM SINGH NAGAR,29.04324167,79.24461944,2024-07-08,0.5,0.5,1
4332,Haripura_2,Uttarakhand,56,UDHAM SINGH NAGAR,29.13151944,79.25965556,2024-07-08,77.0,17.0,10
4333,Kapkot (Saryu),Uttarakhand,46,Bageshwar,29.94516667,79.9025,2024-07-09,540.0,384.0,2
4334,Khati_1,Uttarakhand,46,Bageshwar,30.11019722,79.94055833,2024-07-09,0.5,0.5,1
4335,Badrinath_1,Uttarakhand,47,Chamoli,30.74513889,79.49436111,2024-07-09,168.0,168.0,1
4336,Danda_1,Uttarakhand,48,Champawat,29.15927778,80.10852778,2024-07-09,6.0,6.0,1
4337,Tanakpur_1,Uttarakhand,48,Champawat,29.07222222,80.1175,2024-07-09,371.0,371.0,1
4338,Dakpathar,Uttarakhand,49,Dehradun,30.49866667,77.79744444,2024-07-09,72.0,72.0,1
4339,Doiwala (Bhogpur),Uttarakhand,49,Dehradun,30.22270833,78.23418611,2024-07-09,373.5,288.0,2
4340,Yamuna Colony,Uttarakhand,49,Dehradun,30.33775278,78.03311667,2024-07-09,307.5,219.0,2
4341,Bhagwanpur_1,Uttarakhand,50,Haridwar,29.93567778,77.80170611,2024-07-09,150.5,150.5,1
4342,Khanpur_5,Uttarakhand,50,Haridwar,29.641375,78.00678611,2024-07-09,1.0,1.0,1
4343,Roorkee_2,Uttarakhand,50,Haridwar,29.86771944,77.88415556,2024-07-09,820.0,479.0,2
4344,Haldwani_1,Uttarakhand,51,Nainital,29.214725,79.52400278,2024-07-09,502.0,345.5,3
4345,Virbhadra,Uttarakhand,52,PAURI GARHWAL,30.07444444,78.29047222,2024-07-09,90.5,81.5,2
4346,Basukedar,Uttarakhand,54,Rudraprayag,30.43919444,79.05633333,2024-07-09,241.5,241.5,1
4347,Gadarpur,Uttarakhand,56,UDHAM SINGH NAGAR,29.04324167,79.24461944,2024-07-09,2.0,1.5,2
4348,Gairsain (Ramganga),Uttarakhand,47,Chamoli,30.045,79.2855,2024-07-10,3.5,2.5,2
4349,Danda_1,Uttarakhand,48,Champawat,29.15927778,80.10852778,2024-07-10,0.5,0.5,1
4350,Tanakpur_1,Uttarakhand,48,Champawat,29.07222222,80.1175,2024-07-10,132.5,128.5,2
4351,Dakpathar,Uttarakhand,49,Dehradun,30.49866667,77.79744444,2024-07-10,29.0,29.0,1
4352,Doiwala (Bhogpur),Uttarakhand,49,Dehradun,30.22270833,78.23418611,2024-07-10,86.5,86.0,2
4353,Yamuna Colony,Uttarakhand,49,Dehradun,30.33775278,78.03311667,2024-07-10,362.0,362.0,1
4354,Bhagwanpur_1,Uttarakhand,50,Haridwar,29.93567778,77.80170611,2024-07-10,343.0,343.0,1
4355,Manglaur_1,Uttarakhand,50,Haridwar,29.78567778,77.86368889,2024-07-10,169.0,169.0,1
4356,Roorkee_2,Uttarakhand,50,Haridwar,29.86771944,77.88415556,2024-07-10,688.0,345.5,3
4357,Chandranagar_1,Uttarakhand,54,Rudraprayag,30.41541667,79.06208333,2024-07-10,0.5,0.5,1
4358,Sonprayag_1,Uttarakhand,54,Rudraprayag,30.63547222,78.99941667,2024-07-10,0.5,0.5,1
4359,Kempty,Uttarakhand,55,Tehri Garhwal,30.49075,78.04738889,2024-07-10,19.5,10.0,2
4360,Gadarpur,Uttarakhand,56,UDHAM SINGH NAGAR,29.04324167,79.24461944,2024-07-10,0.5,0.5,1
4361,Haripura_2,Uttarakhand,56,UDHAM SINGH NAGAR,29.13151944,79.25965556,2024-07-10,13.0,5.5,3
4362,Sitarganj_1,Uttarakhand,56,UDHAM SINGH NAGAR,28.92971389,79.703,2024-07-10,10.0,10.0,1
4363,Tumaria,Uttarakhand,56,UDHAM SINGH NAGAR,29.30704722,78.93133056,2024-07-10,1.5,1.5,1
4364,Khati_1,Uttarakhand,46,Bageshwar,30.11019722,79.94055833,2024-07-11,498.0,498.0,1
4365,Champawat_1,Uttarakhand,48,Champawat,29.33341667,80.08469444,2024-07-11,166.0,166.0,1
4366,Danda_1,Uttarakhand,48,Champawat,29.15927778,80.10852778,2024-07-11,275.0,212.0,2
4367,Tanakpur_1,Uttarakhand,48,Champawat,29.07222222,80.1175,2024-07-11,200.0,200.0,1
4368,Dakpathar,Uttarakhand,49,Dehradun,30.49866667,77.79744444,2024-07-11,0.5,0.5,1
4369,Doiwala (Bhogpur),Uttarakhand,49,Dehradun,30.22270833,78.23418611,2024-07-11,1.5,1.5,1
4370,Yamuna Colony,Uttarakhand,49,Dehradun,30.33775278,78.03311667,2024-07-11,680.5,351.0,3
4371,Bhagwanpur_1,Uttarakhand,50,Haridwar,29.93567778,77.80170611,2024-07-11,0.5,0.5,1
4372,Roorkee_2,Uttarakhand,50,Haridwar,29.86771944,77.88415556,2024-07-11,1755.0,369.5,5
4373,Haldwani_1,Uttarakhand,51,Nainital,29.214725,79.52400278,2024-07-11,149.0,141.5,3
4374,Pithoragarh,Uttarakhand,53,Pithoragarh,29.57938889,80.21886111,2024-07-11,618.0,257.0,3
4375,Basukedar,Uttarakhand,54,Rudraprayag,30.43919444,79.05633333,2024-07-11,1.0,1.0,1
4376,Sonprayag_1,Uttarakhand,54,Rudraprayag,30.63547222,78.99941667,2024-07-11,6.5,6.5,1
4377,Gadarpur,Uttarakhand,56,UDHAM SINGH NAGAR,29.04324167,79.24461944,2024-07-11,258.5,257.0,4
4378,Sitarganj_1,Uttarakhand,56,UDHAM SINGH NAGAR,28.92971389,79.703,2024-07-11,94.0,94.0,1
4379,Kosi_1,Uttarakhand,45,Almora,29.6191,79.62060833,2024-07-12,-437.0,5.0,2
4380,Kapkot (Saryu),Uttarakhand,46,Bageshwar,29.94516667,79.9025,2024-07-12,0.5,0.5,1
4381,Gairsain (Ramganga),Uttarakhand,47,Chamoli,30.045,79.2855,2024-07-12,3.0,2.5,2
4382,Champawat_1,Uttarakhand,48,Champawat,29.33341667,80.08469444,2024-07-12,96.0,96.0,1
4383,Doiwala (Bhogpur),Uttarakhand,49,Dehradun,30.22270833,78.23418611,2024-07-12,160.5,160.5,1
4384,Yamuna Colony,Uttarakhand,49,Dehradun,30.33775278,78.03311667,2024-07-12,684.5,350.5,2
4385,Manglaur_1,Uttarakhand,50,Haridwar,29.78567778,77.86368889,2024-07-12,260.0,260.0,1
4386,Roorkee_2,Uttarakhand,50,Haridwar,29.86771944,77.88415556,2024-07-12,947.0,354.5,4
4387,Gola_1,Uttarakhand,51,Nainital,29.27136111,79.54743333,2024-07-12,257.0,257.0,1
4388,Haldwani_1,Uttarakhand,51,Nainital,29.214725,79.52400278,2024-07-12,8.5,3.5,5
4389,Dugadda (Khoh),Uttarakhand,52,PAURI GARHWAL,29.75108333,78.52341667,2024-07-12,219.0,219.0,1
4390,Basukedar,Uttarakhand,54,Rudraprayag,30.43919444,79.05633333,2024-07-12,79.0,141.0,6
4391,Sonprayag_1,Uttarakhand,54,Rudraprayag,30.63547222,78.99941667,2024-07-12,19.0,18.5,2
4392,Gadarpur,Uttarakhand,56,UDHAM SINGH NAGAR,29.04324167,79.24461944,2024-07-12,0.5,0.5,1
4393,Haripura_2,Uttarakhand,56,UDHAM SINGH NAGAR,29.13151944,79.25965556,2024-07-12,9.5,8.0,2
4394,Lamgara,Uttarakhand,45,Almora,29.53866667,79.74994444,2024-07-13,17.0,17.0,1
4395,Kapkot (Saryu),Uttarakhand,46,Bageshwar,29.94516667,79.9025,2024-07-13,156.0,156.0,1
4396,Gairsain (Ramganga),Uttarakhand,47,Chamoli,30.045,79.2855,2024-07-13,1.0,0.5,2
4397,Champawat_1,Uttarakhand,48,Champawat,29.33341667,80.08469444,2024-07-13,0.5,0.5,1
4398,Danda_1,Uttarakhand,48,Champawat,29.15927778,80.10852778,2024-07-13,3.5,1.5,5
4399,Tanakpur_1,Uttarakhand,48,Champawat,29.07222222,80.1175,2024-07-13,16.5,10.5,3
4400,Yamuna Colony,Uttarakhand,49,Dehradun,30.33775278,78.03311667,2024-07-13,343.5,343.5,1
4401,Roorkee_2,Uttarakhand,50,Haridwar,29.86771944,77.88415556,2024-07-13,1024.0,360.0,3
4402,Haldwani_1,Uttarakhand,51,Nainital,29.214725,79.52400278,2024-07-13,80.0,30.0,8
4403,Virbhadra,Uttarakhand,52,PAURI GARHWAL,30.07444444,78.29047222,2024-07-13,0.5,0.5,1
4404,Kempty,Uttarakhand,55,Tehri Garhwal,30.49075,78.04738889,2024-07-13,2.5,2.5,1
4405,Gadarpur,Uttarakhand,56,UDHAM SINGH NAGAR,29.04324167,79.24461944,2024-07-13,408.5,407.5,3
4406,Haripura_2,Uttarakhand,56,UDHAM SINGH NAGAR,29.13151944,79.25965556,2024-07-13,7.0,4.5,2
4407,Tumaria,Uttarakhand,56,UDHAM SINGH NAGAR,29.30704722,78.93133056,2024-07-13,37.0,36.0,3
4408,Almora_1,Uttarakhand,45,Almora,29.59575833,79.65063889,2024-07-14,64.5,64.5,1
4409,Lamgara,Uttarakhand,45,Almora,29.53866667,79.74994444,2024-07-14,0.5,0.5,1
4410,Kapkot (Saryu),Uttarakhand,46,Bageshwar,29.94516667,79.9025,2024-07-14,257.5,257.5,1
4411,Khati_1,Uttarakhand,46,Bageshwar,30.11019722,79.94055833,2024-07-14,257.0,256.5,2
4412,Gairsain (Ramganga),Uttarakhand,47,Chamoli,30.045,79.2855,2024-07-14,64.0,7.0,12
4413,Champawat_1,Uttarakhand,48,Champawat,29.33341667,80.08469444,2024-07-14,296.0,227.0,6
4414,Danda_1,Uttarakhand,48,Champawat,29.15927778,80.10852778,2024-07-14,318.0,317.0,2
4415,Tanakpur_1,Uttarakhand,48,Champawat,29.07222222,80.1175,2024-07-14,-101.5,0.5,2
4416,Chakrata,Uttarakhand,49,Dehradun,30.76115556,77.86502778,2024-07-14,1.0,1.0,1
4417,Doiwala (Bhogpur),Uttarakhand,49,Dehradun,30.22270833,78.23418611,2024-07-14,71.0,71.0,1
4418,Yamuna Colony,Uttarakhand,49,Dehradun,30.33775278,78.03311667,2024-07-14,656.5,330.0,2
4419,Roorkee_2,Uttarakhand,50,Haridwar,29.86771944,77.88415556,2024-07-14,1412.0,367.0,4
4420,Gola_1,Uttarakhand,51,Nainital,29.27136111,79.54743333,2024-07-14,352.5,352.0,2
4421,Haldwani_1,Uttarakhand,51,Nainital,29.214725,79.52400278,2024-07-14,287.0,192.0,7
4422,Basukedar,Uttarakhand,54,Rudraprayag,30.43919444,79.05633333,2024-07-14,312.0,178.0,6
4423,Chandranagar_1,Uttarakhand,54,Rudraprayag,30.41541667,79.06208333,2024-07-14,32.0,32.0,1
4424,Gadarpur,Uttarakhand,56,UDHAM SINGH NAGAR,29.04324167,79.24461944,2024-07-14,1.5,0.5,3
4425,Haripura_2,Uttarakhand,56,UDHAM SINGH NAGAR,29.13151944,79.25965556,2024-07-14,112.5,112.5,1
4426,Sitarganj_1,Uttarakhand,56,UDHAM SINGH NAGAR,28.92971389,79.703,2024-07-14,1.0,1.0,1
4427,Lamgara,Uttarakhand,45,Almora,29.53866667,79.74994444,2024-07-15,0.5,0.5,1
4428,Kapkot (Saryu),Uttarakhand,46,Bageshwar,29.94516667,79.9025,2024-07-15,132.0,132.0,1
4429,Champawat_1,Uttarakhand,48,Champawat,29.33341667,80.08469444,2024-07-15,10.5,6.5,3
4430,Danda_1,Uttarakhand,48,Champawat,29.15927778,80.10852778,2024-07-15,202.5,192.0,2
4431,Tanakpur_1,Uttarakhand,48,Champawat,29.07222222,80.1175,2024-07-15,37.0,15.5,4
4432,Chakrata,Uttarakhand,49,Dehradun,30.76115556,77.86502778,2024-07-15,0.5,0.5,1
4433,Doiwala (Bhogpur),Uttarakhand,49,Dehradun,30.22270833,78.23418611,2024-07-15,418.0,430.0,2
4434,Yamuna Colony,Uttarakhand,49,Dehradun,30.33775278,78.03311667,2024-07-15,671.5,358.5,2
4435,Bhagwanpur_1,Uttarakhand,50,Haridwar,29.93567778,77.80170611,2024-07-15,50.5,48.0,6
4436,Manglaur_1,Uttarakhand,50,Haridwar,29.78567778,77.86368889,2024-07-15,128.0,128.0,1
4437,Roorkee_2,Uttarakhand,50,Haridwar,29.86771944,77.88415556,2024-07-15,2070.5,360.5,9
4438,Haldwani_1,Uttarakhand,51,Nainital,29.214725,79.52400278,2024-07-15,1.5,1.5,1
4439,Dugadda (Khoh),Uttarakhand,52,PAURI GARHWAL,29.75108333,78.52341667,2024-07-15,53.5,53.0,2
4440,Srinagar_2,Uttarakhand,52,PAURI GARHWAL,30.23581944,78.81720278,2024-07-15,42.5,22.0,6
4441,Pithoragarh,Uttarakhand,53,Pithoragarh,29.57938889,80.21886111,2024-07-15,19.0,7.5,4
4442,Basukedar,Uttarakhand,54,Rudraprayag,30.43919444,79.05633333,2024-07-15,0.5,0.5,1
4443,Guptkashi_1,Uttarakhand,54,Rudraprayag,30.52863889,79.08508333,2024-07-15,-27.0,-27.0,1
4444,Sonprayag_1,Uttarakhand,54,Rudraprayag,30.63547222,78.99941667,2024-07-15,0.5,0.5,1
4445,Kempty,Uttarakhand,55,Tehri Garhwal,30.49075,78.04738889,2024-07-15,2.5,1.0,4
4446,Gadarpur,Uttarakhand,56,UDHAM SINGH NAGAR,29.04324167,79.24461944,2024-07-15,145.0,144.5,2
4447,Purola_1,Uttarakhand,57,Uttarkashi,30.91291667,78.10388889,2024-07-15,139.5,139.5,1
4448,Lamgara,Uttarakhand,45,Almora,29.53866667,79.74994444,2024-07-16,216.0,215.0,3
4449,Kapkot (Saryu),Uttarakhand,46,Bageshwar,29.94516667,79.9025,2024-07-16,115.0,66.0,4
4450,Khati_1,Uttarakhand,46,Bageshwar,30.11019722,79.94055833,2024-07-16,214.5,214.5,1
4451,Badrinath_1,Uttarakhand,47,Chamoli,30.74513889,79.49436111,2024-07-16,384.0,384.0,1
4452,Gairsain (Ramganga),Uttarakhand,47,Chamoli,30.045,79.2855,2024-07-16,17.0,3.0,7
4453,Champawat_1,Uttarakhand,48,Champawat,29.33341667,80.08469444,2024-07-16,5.0,4.0,2
4454,Chakrata,Uttarakhand,49,Dehradun,30.76115556,77.86502778,2024-07-16,0.5,0.5,1
4455,Doiwala (Bhogpur),Uttarakhand,49,Dehradun,30.22270833,78.23418611,2024-07-16,0.5,0.5,1
4456,Yamuna Colony,Uttarakhand,49,Dehradun,30.33775278,78.03311667,2024-07-16,1215.5,354.0,4
4457,Bahadarabad,Uttarakhand,50,Haridwar,29.92380278,78.03671389,2024-07-16,129.0,129.0,1
4458,Bhagwanpur_1,Uttarakhand,50,Haridwar,29.93567778,77.80170611,2024-07-16,444.0,443.0,3
4459,Manglaur_1,Uttarakhand,50,Haridwar,29.78567778,77.86368889,2024-07-16,288.0,288.0,1
4460,Roorkee_2,Uttarakhand,50,Haridwar,29.86771944,77.88415556,2024-07-16,1743.5,355.0,5
4461,Dugadda (Khoh),Uttarakhand,52,PAURI GARHWAL,29.75108333,78.52341667,2024-07-16,258.0,258.0,1
4462,Pithoragarh,Uttarakhand,53,Pithoragarh,29.57938889,80.21886111,2024-07-16,2.5,2.5,1
4463,Basukedar,Uttarakhand,54,Rudraprayag,30.43919444,79.05633333,2024-07-16,54.0,22.0,8
4464,Chandranagar_1,Uttarakhand,54,Rudraprayag,30.41541667,79.06208333,2024-07-16,228.0,228.0,1
4465,Sonprayag_1,Uttarakhand,54,Rudraprayag,30.63547222,78.99941667,2024-07-16,246.0,128.5,10
4466,Gadarpur,Uttarakhand,56,UDHAM SINGH NAGAR,29.04324167,79.24461944,2024-07-16,0.5,0.5,1
4467,Haripura_2,Uttarakhand,56,UDHAM SINGH NAGAR,29.13151944,79.25965556,2024-07-16,490.0,489.5,2
4468,Sitarganj_1,Uttarakhand,56,UDHAM SINGH NAGAR,28.92971389,79.703,2024-07-16,417.5,417.5,1
4469,Tumaria,Uttarakhand,56,UDHAM SINGH NAGAR,29.30704722,78.93133056,2024-07-16,1.0,0.5,2
4470,Purola_1,Uttarakhand,57,Uttarkashi,30.91291667,78.10388889,2024-07-16,16.0,16.0,1
4471,Lamgara,Uttarakhand,45,Almora,29.53866667,79.74994444,2024-07-17,1.0,0.5,2
4472,Kapkot (Saryu),Uttarakhand,46,Bageshwar,29.94516667,79.9025,2024-07-17,12.0,12.0,1
4473,Khati_1,Uttarakhand,46,Bageshwar,30.11019722,79.94055833,2024-07-17,385.0,385.0,1
4474,Gairsain (Ramganga),Uttarakhand,47,Chamoli,30.045,79.2855,2024-07-17,2.0,1.0,2
4475,Champawat_1,Uttarakhand,48,Champawat,29.33341667,80.08469444,2024-07-17,14.0,7.5,6
4476,Tanakpur_1,Uttarakhand,48,Champawat,29.07222222,80.1175,2024-07-17,32.5,13.5,5
4477,Doiwala (Bhogpur),Uttarakhand,49,Dehradun,30.22270833,78.23418611,2024-07-17,380.5,380.5,1
4478,Yamuna Colony,Uttarakhand,49,Dehradun,30.33775278,78.03311667,2024-07-17,1289.5,329.5,5
4479,Bahadarabad,Uttarakhand,50,Haridwar,29.92380278,78.03671389,2024-07-17,0.5,0.5,1
4480,Bhagwanpur_1,Uttarakhand,50,Haridwar,29.93567778,77.80170611,2024-07-17,1.5,0.5,3
4481,Roorkee_2,Uttarakhand,50,Haridwar,29.86771944,77.88415556,2024-07-17,1384.5,339.5,7
4482,Haldwani_1,Uttarakhand,51,Nainital,29.214725,79.52400278,2024-07-17,439.0,385.0,5
4483,Srinagar_2,Uttarakhand,52,PAURI GARHWAL,30.23581944,78.81720278,2024-07-17,124.5,55.5,7
4484,Virbhadra,Uttarakhand,52,PAURI GARHWAL,30.07444444,78.29047222,2024-07-17,168.0,168.0,1
4485,Pithoragarh,Uttarakhand,53,Pithoragarh,29.57938889,80.21886111,2024-07-17,1.0,0.5,2
4486,Basukedar,Uttarakhand,54,Rudraprayag,30.43919444,79.05633333,2024-07-17,51.0,18.0,7
4487,Sonprayag_1,Uttarakhand,54,Rudraprayag,30.63547222,78.99941667,2024-07-17,146.5,128.0,3
4488,Kempty,Uttarakhand,55,Tehri Garhwal,30.49075,78.04738889,2024-07-17,5.0,2.5,5
4489,Gadarpur,Uttarakhand,56,UDHAM SINGH NAGAR,29.04324167,79.24461944,2024-07-17,1.0,0.5,2
4490,Haripura_2,Uttarakhand,56,UDHAM SINGH NAGAR,29.13151944,79.25965556,2024-07-17,0.5,0.5,1
4491,Tumaria,Uttarakhand,56,UDHAM SINGH NAGAR,29.30704722,78.93133056,2024-07-17,384.0,384.0,1
4492,Lamgara,Uttarakhand,45,Almora,29.53866667,79.74994444,2024-07-18,358.5,305.0,3
4493,Champawat_1,Uttarakhand,48,Champawat,29.33341667,80.08469444,2024-07-18,15.5,6.0,6
4494,Tanakpur_1,Uttarakhand,48,Champawat,29.07222222,80.1175,2024-07-18,3.5,2.5,3
4495,Dakpathar,Uttarakhand,49,Dehradun,30.49866667,77.79744444,2024-07-18,102.0,102.0,1
4496,Yamuna Colony,Uttarakhand,49,Dehradun,30.33775278,78.03311667,2024-07-18,344.0,342.5,2
4497,Bhagwanpur_1,Uttarakhand,50,Haridwar,29.93567778,77.80170611,2024-07-18,0.5,0.5,1
4498,Roorkee_2,Uttarakhand,50,Haridwar,29.86771944,77.88415556,2024-07-18,11.0,8.5,3
4499,Gola_1,Uttarakhand,51,Nainital,29.27136111,79.54743333,2024-07-18,-51.5,2.5,2
4500,Haldwani_1,Uttarakhand,51,Nainital,29.214725,79.52400278,2024-07-18,111.0,70.0,6
4501,Dugadda (Khoh),Uttarakhand,52,PAURI GARHWAL,29.75108333,78.52341667,2024-07-18,0.5,0.5,1
4502,Srinagar_2,Uttarakhand,52,PAURI GARHWAL,30.23581944,78.81720278,2024-07-18,10.5,8.5,2
4503,Pithoragarh,Uttarakhand,53,Pithoragarh,29.57938889,80.21886111,2024-07-18,2.0,1.0,2
4504,Basukedar,Uttarakhand,54,Rudraprayag,30.43919444,79.05633333,2024-07-18,16.5,16.5,1
4505,Gadarpur,Uttarakhand,56,UDHAM SINGH NAGAR,29.04324167,79.24461944,2024-07-18,0.5,0.5,1
4506,Lamgara,Uttarakhand,45,Almora,29.53866667,79.74994444,2024-07-19,0.5,0.5,1
4507,Kapkot (Saryu),Uttarakhand,46,Bageshwar,29.94516667,79.9025,2024-07-19,0.5,0.5,1
4508,Khati_1,Uttarakhand,46,Bageshwar,30.11019722,79.94055833,2024-07-19,0.5,0.5,1
4509,Gairsain (Ramganga),Uttarakhand,47,Chamoli,30.045,79.2855,2024-07-19,3.5,2.0,2
4510,Champawat_1,Uttarakhand,48,Champawat,29.33341667,80.08469444,2024-07-19,33.0,24.5,4
4511,Tanakpur_1,Uttarakhand,48,Champawat,29.07222222,80.1175,2024-07-19,4.0,1.5,5
4512,Chakrata,Uttarakhand,49,Dehradun,30.76115556,77.86502778,2024-07-19,4.5,2.0,3
4513,Pithoragarh,Uttarakhand,53,Pithoragarh,29.57938889,80.21886111,2024-07-19,31.0,30.5,2
4514,Sonprayag_1,Uttarakhand,54,Rudraprayag,30.63547222,78.99941667,2024-07-19,7.0,7.0,1
4515,Kempty,Uttarakhand,55,Tehri Garhwal,30.49075,78.04738889,2024-07-19,84.5,29.5,6
4516,Gadarpur,Uttarakhand,56,UDHAM SINGH NAGAR,29.04324167,79.24461944,2024-07-19,1.0,0.5,2
4517,Gairsain (Ramganga),Uttarakhand,47,Chamoli,30.045,79.2855,2024-07-20,31.5,3.5,19
4518,Basukedar,Uttarakhand,54,Rudraprayag,30.43919444,79.05633333,2024-07-20,36.0,20.0,8
4519,Sonprayag_1,Uttarakhand,54,Rudraprayag,30.63547222,78.99941667,2024-07-20,57.5,34.5,9
4520,Kempty,Uttarakhand,55,Tehri Garhwal,30.49075,78.04738889,2024-07-20,4.5,2.0,4
4521,Gadarpur,Uttarakhand,56,UDHAM SINGH NAGAR,29.04324167,79.24461944,2024-07-20,4.5,2.5,2
4522,Gairsain (Ramganga),Uttarakhand,47,Chamoli,30.045,79.2855,2024-07-21,11.5,3.5,5
4523,Champawat_1,Uttarakhand,48,Champawat,29.33341667,80.08469444,2024-07-21,6.0,4.5,2
4524,Tanakpur_1,Uttarakhand,48,Champawat,29.07222222,80.1175,2024-07-21,208.5,72.5,7
4525,Haldwani_1,Uttarakhand,51,Nainital,29.214725,79.52400278,2024-07-21,110.5,58.5,5
4526,Basukedar,Uttarakhand,54,Rudraprayag,30.43919444,79.05633333,2024-07-21,33.0,10.0,8
4527,Sonprayag_1,Uttarakhand,54,Rudraprayag,30.63547222,78.99941667,2024-07-21,8.0,5.0,3
4528,Gadarpur,Uttarakhand,56,UDHAM SINGH NAGAR,29.04324167,79.24461944,2024-07-21,4.5,1.0,7
4529,Tumaria,Uttarakhand,56,UDHAM SINGH NAGAR,29.30704722,78.93133056,2024-07-21,21.0,15.0,5
4530,Lamgara,Uttarakhand,45,Almora,29.53866667,79.74994444,2024-07-22,1.0,0.5,2
4531,Champawat_1,Uttarakhand,48,Champawat,29.33341667,80.08469444,2024-07-22,2.5,1.5,2
4532,Yamuna Colony,Uttarakhand,49,Dehradun,30.33775278,78.03311667,2024-07-22,328.5,328.5,1
4533,Bhagwanpur_1,Uttarakhand,50,Haridwar,29.93567778,77.80170611,2024-07-22,0.5,0.5,1
4534,Roorkee_2,Uttarakhand,50,Haridwar,29.86771944,77.88415556,2024-07-22,-283.0,50.0,6
4535,Haldwani_1,Uttarakhand,51,Nainital,29.214725,79.52400278,2024-07-22,11.5,9.0,4
4536,Dugadda (Khoh),Uttarakhand,52,PAURI GARHWAL,29.75108333,78.52341667,2024-07-22,0.5,0.5,1
4537,Srinagar_2,Uttarakhand,52,PAURI GARHWAL,30.23581944,78.81720278,2024-07-22,71.5,51.0,5
4538,Pithoragarh,Uttarakhand,53,Pithoragarh,29.57938889,80.21886111,2024-07-22,1.0,0.5,2
4539,Basukedar,Uttarakhand,54,Rudraprayag,30.43919444,79.05633333,2024-07-22,56.5,18.5,10
4540,Sonprayag_1,Uttarakhand,54,Rudraprayag,30.63547222,78.99941667,2024-07-22,57.0,22.0,10
4541,Kempty,Uttarakhand,55,Tehri Garhwal,30.49075,78.04738889,2024-07-22,9.5,3.0,8
4542,Lamgara,Uttarakhand,45,Almora,29.53866667,79.74994444,2024-07-23,291.0,289.5,4
4543,Kapkot (Saryu),Uttarakhand,46,Bageshwar,29.94516667,79.9025,2024-07-23,1.0,0.5,2
4544,Khati_1,Uttarakhand,46,Bageshwar,30.11019722,79.94055833,2024-07-23,5.0,5.0,1
4545,Gairsain (Ramganga),Uttarakhand,47,Chamoli,30.045,79.2855,2024-07-23,0.5,0.5,1
4546,Champawat_1,Uttarakhand,48,Champawat,29.33341667,80.08469444,2024-07-23,260.0,256.5,6
4547,Tanakpur_1,Uttarakhand,48,Champawat,29.07222222,80.1175,2024-07-23,24.0,24.0,1
4548,Yamuna Colony,Uttarakhand,49,Dehradun,30.33775278,78.03311667,2024-07-23,1124.5,347.0,5
4549,Bahadarabad,Uttarakhand,50,Haridwar,29.92380278,78.03671389,2024-07-23,167.5,160.0,2
4550,Bhagwanpur_1,Uttarakhand,50,Haridwar,29.93567778,77.80170611,2024-07-23,495.5,495.5,1
4551,Khanpur_5,Uttarakhand,50,Haridwar,29.641375,78.00678611,2024-07-23,10.0,10.0,1
4552,Roorkee_2,Uttarakhand,50,Haridwar,29.86771944,77.88415556,2024-07-23,1754.0,356.5,7
4553,Gola_1,Uttarakhand,51,Nainital,29.27136111,79.54743333,2024-07-23,-503.5,-503.5,1
4554,Haldwani_1,Uttarakhand,51,Nainital,29.214725,79.52400278,2024-07-23,36.0,36.0,1
4555,Dugadda (Khoh),Uttarakhand,52,PAURI GARHWAL,29.75108333,78.52341667,2024-07-23,221.5,197.5,2
4556,Srinagar_2,Uttarakhand,52,PAURI GARHWAL,30.23581944,78.81720278,2024-07-23,4.0,3.0,2
4557,Pithoragarh,Uttarakhand,53,Pithoragarh,29.57938889,80.21886111,2024-07-23,7.5,6.5,3
4558,Basukedar,Uttarakhand,54,Rudraprayag,30.43919444,79.05633333,2024-07-23,1.5,0.5,3
4559,Chandranagar_1,Uttarakhand,54,Rudraprayag,30.41541667,79.06208333,2024-07-23,378.5,350.0,2
4560,Guptkashi_1,Uttarakhand,54,Rudraprayag,30.52863889,79.08508333,2024-07-23,384.5,384.5,1
4561,Sonprayag_1,Uttarakhand,54,Rudraprayag,30.63547222,78.99941667,2024-07-23,65.0,58.0,3
4562,Sitarganj_1,Uttarakhand,56,UDHAM SINGH NAGAR,28.92971389,79.703,2024-07-23,45.0,40.0,2
4563,Purola_1,Uttarakhand,57,Uttarkashi,30.91291667,78.10388889,2024-07-23,68.0,68.0,1
4564,Lamgara,Uttarakhand,45,Almora,29.53866667,79.74994444,2024-07-24,1.0,0.5,2
4565,Baijnath (Gomti),Uttarakhand,46,Bageshwar,29.90822222,79.61769444,2024-07-24,20.5,20.5,1
4566,Gairsain (Ramganga),Uttarakhand,47,Chamoli,30.045,79.2855,2024-07-24,0.5,0.5,1
4567,Danda_1,Uttarakhand,48,Champawat,29.15927778,80.10852778,2024-07-24,41.0,96.5,3
4568,Tanakpur_1,Uttarakhand,48,Champawat,29.07222222,80.1175,2024-07-24,54.0,54.0,1
4569,Doiwala (Bhogpur),Uttarakhand,49,Dehradun,30.22270833,78.23418611,2024-07-24,224.5,224.5,1
4570,Yamuna Colony,Uttarakhand,49,Dehradun,30.33775278,78.03311667,2024-07-24,950.0,346.0,3
4571,Bhagwanpur_1,Uttarakhand,50,Haridwar,29.93567778,77.80170611,2024-07-24,3.0,3.0,1
4572,Manglaur_1,Uttarakhand,50,Haridwar,29.78567778,77.86368889,2024-07-24,192.0,192.0,1
4573,Roorkee_2,Uttarakhand,50,Haridwar,29.86771944,77.88415556,2024-07-24,1390.5,366.0,4
4574,Haldwani_1,Uttarakhand,51,Nainital,29.214725,79.52400278,2024-07-24,5.0,1.5,6
4575,Virbhadra,Uttarakhand,52,PAURI GARHWAL,30.07444444,78.29047222,2024-07-24,80.5,80.5,1
4576,Basukedar,Uttarakhand,54,Rudraprayag,30.43919444,79.05633333,2024-07-24,4.5,3.5,3
4577,Chandranagar_1,Uttarakhand,54,Rudraprayag,30.41541667,79.06208333,2024-07-24,31.0,31.0,1
4578,Sonprayag_1,Uttarakhand,54,Rudraprayag,30.63547222,78.99941667,2024-07-24,31.0,6.5,17
4579,Kempty,Uttarakhand,55,Tehri Garhwal,30.49075,78.04738889,2024-07-24,11.0,4.0,5
4580,Tumaria,Uttarakhand,56,UDHAM SINGH NAGAR,29.30704722,78.93133056,2024-07-24,3.0,2.0,2
4581,Almora_1,Uttarakhand,45,Almora,29.59575833,79.65063889,2024-07-25,282.0,282.0,1
4582,Lamgara,Uttarakhand,45,Almora,29.53866667,79.74994444,2024-07-25,1.0,0.5,2
4583,Kapkot (Saryu),Uttarakhand,46,Bageshwar,29.94516667,79.9025,2024-07-25,0.5,0.5,1
4584,Badrinath_1,Uttarakhand,47,Chamoli,30.74513889,79.49436111,2024-07-25,423.5,422.0,2
4585,Champawat_1,Uttarakhand,48,Champawat,29.33341667,80.08469444,2024-07-25,24.0,24.0,1
4586,Tanakpur_1,Uttarakhand,48,Champawat,29.07222222,80.1175,2024-07-25,-283.5,0.5,2
4587,Chakrata,Uttarakhand,49,Dehradun,30.76115556,77.86502778,2024-07-25,1.0,0.5,2
4588,Doiwala (Bhogpur),Uttarakhand,49,Dehradun,30.22270833,78.23418611,2024-07-25,144.0,144.0,1
4589,Yamuna Colony,Uttarakhand,49,Dehradun,30.33775278,78.03311667,2024-07-25,326.5,326.5,1
4590,Bahadarabad,Uttarakhand,50,Haridwar,29.92380278,78.03671389,2024-07-25,265.0,149.0,2
4591,Bhagwanpur_1,Uttarakhand,50,Haridwar,29.93567778,77.80170611,2024-07-25,226.0,226.0,1
4592,Khanpur_5,Uttarakhand,50,Haridwar,29.641375,78.00678611,2024-07-25,234.0,234.0,1
4593,Roorkee_2,Uttarakhand,50,Haridwar,29.86771944,77.88415556,2024-07-25,698.0,359.0,2
4594,Gola_1,Uttarakhand,51,Nainital,29.27136111,79.54743333,2024-07-25,129.0,129.0,1
4595,Pithoragarh,Uttarakhand,53,Pithoragarh,29.57938889,80.21886111,2024-07-25,0.5,0.5,1
4596,Basukedar,Uttarakhand,54,Rudraprayag,30.43919444,79.05633333,2024-07-25,28.0,9.5,10
4597,Sonprayag_1,Uttarakhand,54,Rudraprayag,30.63547222,78.99941667,2024-07-25,69.0,48.0,12
4598,Kempty,Uttarakhand,55,Tehri Garhwal,30.49075,78.04738889,2024-07-25,-28.5,19.5,11
4599,Gadarpur,Uttarakhand,56,UDHAM SINGH NAGAR,29.04324167,79.24461944,2024-07-25,0.5,0.5,1
4600,Sitarganj_1,Uttarakhand,56,UDHAM SINGH NAGAR,28.92971389,79.703,2024-07-25,239.0,238.0,2
4601,Lamgara,Uttarakhand,45,Almora,29.53866667,79.74994444,2024-07-26,1.0,0.5,2
4602,Khati_1,Uttarakhand,46,Bageshwar,30.11019722,79.94055833,2024-07-26,1.0,0.5,2
4603,Badrinath_1,Uttarakhand,47,Chamoli,30.74513889,79.49436111,2024-07-26,570.5,384.0,3
4604,Gairsain (Ramganga),Uttarakhand,47,Chamoli,30.045,79.2855,2024-07-26,3.5,1.0,5
4605,Champawat_1,Uttarakhand,48,Champawat,29.33341667,80.08469444,2024-07-26,80.0,64.0,7
4606,Tanakpur_1,Uttarakhand,48,Champawat,29.07222222,80.1175,2024-07-26,2.5,1.5,2
4607,Chakrata,Uttarakhand,49,Dehradun,30.76115556,77.86502778,2024-07-26,0.5,0.5,1
4608,Doiwala (Bhogpur),Uttarakhand,49,Dehradun,30.22270833,78.23418611,2024-07-26,178.0,178.0,1
4609,Yamuna Colony,Uttarakhand,49,Dehradun,30.33775278,78.03311667,2024-07-26,953.0,348.0,3
4610,Bhagwanpur_1,Uttarakhand,50,Haridwar,29.93567778,77.80170611,2024-07-26,0.5,0.5,1
4611,Manglaur_1,Uttarakhand,50,Haridwar,29.78567778,77.86368889,2024-07-26,20.0,20.0,1
4612,Roorkee_2,Uttarakhand,50,Haridwar,29.86771944,77.88415556,2024-07-26,1764.0,367.5,5
4613,Haldwani_1,Uttarakhand,51,Nainital,29.214725,79.52400278,2024-07-26,8.0,5.0,2
4614,Dugadda (Khoh),Uttarakhand,52,PAURI GARHWAL,29.75108333,78.52341667,2024-07-26,0.5,0.5,1
4615,Basukedar,Uttarakhand,54,Rudraprayag,30.43919444,79.05633333,2024-07-26,261.0,160.0,14
4616,Chandranagar_1,Uttarakhand,54,Rudraprayag,30.41541667,79.06208333,2024-07-26,1.0,0.5,2
4617,Guptkashi_1,Uttarakhand,54,Rudraprayag,30.52863889,79.08508333,2024-07-26,195.0,195.0,1
4618,Sonprayag_1,Uttarakhand,54,Rudraprayag,30.63547222,78.99941667,2024-07-26,200.5,178.0,8
4619,Kempty,Uttarakhand,55,Tehri Garhwal,30.49075,78.04738889,2024-07-26,49.5,24.0,9
4620,Gadarpur,Uttarakhand,56,UDHAM SINGH NAGAR,29.04324167,79.24461944,2024-07-26,0.5,0.5,1
4621,Almora_1,Uttarakhand,45,Almora,29.59575833,79.65063889,2024-07-27,48.0,48.0,1
4622,Lamgara,Uttarakhand,45,Almora,29.53866667,79.74994444,2024-07-27,1.0,0.5,2
4623,Kapkot (Saryu),Uttarakhand,46,Bageshwar,29.94516667,79.9025,2024-07-27,0.5,0.5,1
4624,Badrinath_1,Uttarakhand,47,Chamoli,30.74513889,79.49436111,2024-07-27,0.5,0.5,1
4625,Gairsain (Ramganga),Uttarakhand,47,Chamoli,30.045,79.2855,2024-07-27,16.0,3.0,13
4626,Champawat_1,Uttarakhand,48,Champawat,29.33341667,80.08469444,2024-07-27,155.0,33.0,12
4627,Tanakpur_1,Uttarakhand,48,Champawat,29.07222222,80.1175,2024-07-27,40.5,17.0,6
4628,Yamuna Colony,Uttarakhand,49,Dehradun,30.33775278,78.03311667,2024-07-27,1241.5,343.5,6
4629,Bahadarabad,Uttarakhand,50,Haridwar,29.92380278,78.03671389,2024-07-27,192.5,192.5,1
4630,Khanpur_5,Uttarakhand,50,Haridwar,29.641375,78.00678611,2024-07-27,0.5,0.5,1
4631,Roorkee_2,Uttarakhand,50,Haridwar,29.86771944,77.88415556,2024-07-27,690.0,346.5,2
4632,Haldwani_1,Uttarakhand,51,Nainital,29.214725,79.52400278,2024-07-27,54.5,41.0,10
4633,Mukteshwar_1,Uttarakhand,51,Nainital,29.47413889,79.65119444,2024-07-27,85.5,85.5,1
4634,Pithoragarh,Uttarakhand,53,Pithoragarh,29.57938889,80.21886111,2024-07-27,8.0,2.5,6
4635,Basukedar,Uttarakhand,54,Rudraprayag,30.43919444,79.05633333,2024-07-27,56.5,9.0,11
4636,Chandranagar_1,Uttarakhand,54,Rudraprayag,30.41541667,79.06208333,2024-07-27,255.5,255.5,1
4637,Guptkashi_1,Uttarakhand,54,Rudraprayag,30.52863889,79.08508333,2024-07-27,455.0,495.0,2
4638,Sonprayag_1,Uttarakhand,54,Rudraprayag,30.63547222,78.99941667,2024-07-27,-214.0,19.0,10
4639,Kempty,Uttarakhand,55,Tehri Garhwal,30.49075,78.04738889,2024-07-27,68.5,26.5,10
4640,Haripura_2,Uttarakhand,56,UDHAM SINGH NAGAR,29.13151944,79.25965556,2024-07-27,131.5,131.5,1
4641,Almora_1,Uttarakhand,45,Almora,29.59575833,79.65063889,2024-07-28,18.0,18.0,1
4642,Kosi_1,Uttarakhand,45,Almora,29.6191,79.62060833,2024-07-28,1.5,1.5,1
4643,Kapkot (Saryu),Uttarakhand,46,Bageshwar,29.94516667,79.9025,2024-07-28,0.5,0.5,1
4644,Badrinath_1,Uttarakhand,47,Chamoli,30.74513889,79.49436111,2024-07-28,-388.5,0.5,2
4645,Gairsain (Ramganga),Uttarakhand,47,Chamoli,30.045,79.2855,2024-07-28,4.5,1.5,4
4646,Chakrata,Uttarakhand,49,Dehradun,30.76115556,77.86502778,2024-07-28,14.5,4.5,6
4647,Dakpathar,Uttarakhand,49,Dehradun,30.49866667,77.79744444,2024-07-28,197.5,197.5,1
4648,Doiwala (Bhogpur),Uttarakhand,49,Dehradun,30.22270833,78.23418611,2024-07-28,269.0,269.0,1
4649,Yamuna Colony,Uttarakhand,49,Dehradun,30.33775278,78.03311667,2024-07-28,1354.0,425.5,4
4650,Roorkee_2,Uttarakhand,50,Haridwar,29.86771944,77.88415556,2024-07-28,1070.0,366.5,3
4651,Virbhadra,Uttarakhand,52,PAURI GARHWAL,30.07444444,78.29047222,2024-07-28,128.0,128.0,1
4652,Sonprayag_1,Uttarakhand,54,Rudraprayag,30.63547222,78.99941667,2024-07-28,1.0,0.5,2
4653,Kempty,Uttarakhand,55,Tehri Garhwal,30.49075,78.04738889,2024-07-28,7.5,6.0,2
4654,Haripura_2,Uttarakhand,56,UDHAM SINGH NAGAR,29.13151944,79.25965556,2024-07-28,350.0,350.0,1
4655,Lamgara,Uttarakhand,45,Almora,29.53866667,79.74994444,2024-07-29,0.5,0.5,1
4656,Kapkot (Saryu),Uttarakhand,46,Bageshwar,29.94516667,79.9025,2024-07-29,1.0,0.5,2
4657,Gairsain (Ramganga),Uttarakhand,47,Chamoli,30.045,79.2855,2024-07-29,36.0,2.5,22
4658,Champawat_1,Uttarakhand,48,Champawat,29.33341667,80.08469444,2024-07-29,10.0,3.0,6
4659,Tanakpur_1,Uttarakhand,48,Champawat,29.07222222,80.1175,2024-07-29,3.5,2.5,3
4660,Chakrata,Uttarakhand,49,Dehradun,30.76115556,77.86502778,2024-07-29,13.5,7.0,5
4661,Doiwala (Bhogpur),Uttarakhand,49,Dehradun,30.22270833,78.23418611,2024-07-29,257.0,257.0,1
4662,Yamuna Colony,Uttarakhand,49,Dehradun,30.33775278,78.03311667,2024-07-29,995.0,361.5,3
4663,Roorkee_2,Uttarakhand,50,Haridwar,29.86771944,77.88415556,2024-07-29,1044.0,351.0,3
4664,Dugadda (Khoh),Uttarakhand,52,PAURI GARHWAL,29.75108333,78.52341667,2024-07-29,58.0,58.0,1
4665,Basukedar,Uttarakhand,54,Rudraprayag,30.43919444,79.05633333,2024-07-29,33.5,8.5,5
4666,Chandranagar_1,Uttarakhand,54,Rudraprayag,30.41541667,79.06208333,2024-07-29,1.0,0.5,2
4667,Sonprayag_1,Uttarakhand,54,Rudraprayag,30.63547222,78.99941667,2024-07-29,49.0,20.0,7
4668,Kempty,Uttarakhand,55,Tehri Garhwal,30.49075,78.04738889,2024-07-29,13.0,8.0,6
4669,Gadarpur,Uttarakhand,56,UDHAM SINGH NAGAR,29.04324167,79.24461944,2024-07-29,149.0,149.0,1
4670,Haripura_2,Uttarakhand,56,UDHAM SINGH NAGAR,29.13151944,79.25965556,2024-07-29,96.0,96.0,1
4671,Tumaria,Uttarakhand,56,UDHAM SINGH NAGAR,29.30704722,78.93133056,2024-07-29,258.0,258.0,1
4672,Gairsain (Ramganga),Uttarakhand,47,Chamoli,30.045,79.2855,2024-07-30,8.0,1.5,13
4673,Chakrata,Uttarakhand,49,Dehradun,30.76115556,77.86502778,2024-07-30,29.5,24.5,4
4674,Yamuna Colony,Uttarakhand,49,Dehradun,30.33775278,78.03311667,2024-07-30,2376.5,352.0,7
4675,Bahadarabad,Uttarakhand,50,Haridwar,29.92380278,78.03671389,2024-07-30,7.5,3.0,5
4676,Roorkee_2,Uttarakhand,50,Haridwar,29.86771944,77.88415556,2024-07-30,1224.5,363.5,4
4677,Gola_1,Uttarakhand,51,Nainital,29.27136111,79.54743333,2024-07-30,1.0,1.0,1
4678,Dugadda (Khoh),Uttarakhand,52,PAURI GARHWAL,29.75108333,78.52341667,2024-07-30,1.0,0.5,2
4679,Pithoragarh,Uttarakhand,53,Pithoragarh,29.57938889,80.21886111,2024-07-30,0.5,0.5,1
4680,Basukedar,Uttarakhand,54,Rudraprayag,30.43919444,79.05633333,2024-07-30,180.5,37.5,15
4681,Guptkashi_1,Uttarakhand,54,Rudraprayag,30.52863889,79.08508333,2024-07-30,1.0,0.5,2
4682,Sonprayag_1,Uttarakhand,54,Rudraprayag,30.63547222,78.99941667,2024-07-30,-15.0,9.5,14
4683,Kempty,Uttarakhand,55,Tehri Garhwal,30.49075,78.04738889,2024-07-30,0.5,0.5,1
4684,Tumaria,Uttarakhand,56,UDHAM SINGH NAGAR,29.30704722,78.93133056,2024-07-30,128.0,128.0,1
4685,Almora_1,Uttarakhand,45,Almora,29.59575833,79.65063889,2024-07-31,1.0,1.0,1
4686,Kapkot (Saryu),Uttarakhand,46,Bageshwar,29.94516667,79.9025,2024-07-31,0.5,0.5,1
4687,Badrinath_1,Uttarakhand,47,Chamoli,30.74513889,79.49436111,2024-07-31,172.0,172.0,1
4688,Gairsain (Ramganga),Uttarakhand,47,Chamoli,30.045,79.2855,2024-07-31,19.5,3.5,17
4689,Champawat_1,Uttarakhand,48,Champawat,29.33341667,80.08469444,2024-07-31,3.0,1.5,2
4690,Tanakpur_1,Uttarakhand,48,Champawat,29.07222222,80.1175,2024-07-31,91.0,29.5,10
4691,Chakrata,Uttarakhand,49,Dehradun,30.76115556,77.86502778,2024-07-31,7.5,7.5,1
4692,Yamuna Colony,Uttarakhand,49,Dehradun,30.33775278,78.03311667,2024-07-31,4643.5,354.5,14
4693,Bahadarabad,Uttarakhand,50,Haridwar,29.92380278,78.03671389,2024-07-31,308.0,48.0,14
4694,Roorkee_2,Uttarakhand,50,Haridwar,29.86771944,77.88415556,2024-07-31,3113.5,355.5,17
4695,Haldwani_1,Uttarakhand,51,Nainital,29.214725,79.52400278,2024-07-31,305.0,56.0,24
4696,Dugadda (Khoh),Uttarakhand,52,PAURI GARHWAL,29.75108333,78.52341667,2024-07-31,642.0,507.5,2
4697,Srinagar_2,Uttarakhand,52,PAURI GARHWAL,30.23581944,78.81720278,2024-07-31,80.0,33.5,7
4698,Pithoragarh,Uttarakhand,53,Pithoragarh,29.57938889,80.21886111,2024-07-31,10.5,8.0,2
4699,Basukedar,Uttarakhand,54,Rudraprayag,30.43919444,79.05633333,2024-07-31,134.0,40.5,22
4700,Guptkashi_1,Uttarakhand,54,Rudraprayag,30.52863889,79.08508333,2024-07-31,1.0,0.5,2
4701,Sonprayag_1,Uttarakhand,54,Rudraprayag,30.63547222,78.99941667,2024-07-31,131.0,32.0,20
4702,Kempty,Uttarakhand,55,Tehri Garhwal,30.49075,78.04738889,2024-07-31,45.5,31.5,6
4703,Gadarpur,Uttarakhand,56,UDHAM SINGH NAGAR,29.04324167,79.24461944,2024-07-31,6.0,1.0,10
4704,Haripura_2,Uttarakhand,56,UDHAM SINGH NAGAR,29.13151944,79.25965556,2024-07-31,344.5,184.5,2
4705,Tumaria,Uttarakhand,56,UDHAM SINGH NAGAR,29.30704722,78.93133056,2024-07-31,133.5,53.5,13
4706,Purola_1,Uttarakhand,57,Uttarkashi,30.91291667,78.10388889,2024-07-31,0.5,0.5,1
4707,Gairsain (Ramganga),Uttarakhand,47,Chamoli,30.045,79.2855,2024-08-01,68.0,10.0,12
4708,Chakrata,Uttarakhand,49,Dehradun,30.76115556,77.86502778,2024-08-01,8.0,3.0,4
4709,Yamuna Colony,Uttarakhand,49,Dehradun,30.33775278,78.03311667,2024-08-01,2899.5,352.5,9
4710,Bahadarabad,Uttarakhand,50,Haridwar,29.92380278,78.03671389,2024-08-01,57.0,12.5,7
4711,Bhagwanpur_1,Uttarakhand,50,Haridwar,29.93567778,77.80170611,2024-08-01,1.0,0.5,2
4712,Roorkee_2,Uttarakhand,50,Haridwar,29.86771944,77.88415556,2024-08-01,669.5,325.5,6
4713,Gola_1,Uttarakhand,51,Nainital,29.27136111,79.54743333,2024-08-01,64.0,64.0,1
4714,Srinagar_2,Uttarakhand,52,PAURI GARHWAL,30.23581944,78.81720278,2024-08-01,17.0,11.5,3
4715,Basukedar,Uttarakhand,54,Rudraprayag,30.43919444,79.05633333,2024-08-01,4.0,2.0,2
4716,Sonprayag_1,Uttarakhand,54,Rudraprayag,30.63547222,78.99941667,2024-08-01,2.0,2.0,1
4717,Kempty,Uttarakhand,55,Tehri Garhwal,30.49075,78.04738889,2024-08-01,11.0,5.0,3
4718,Lamgara,Uttarakhand,45,Almora,29.53866667,79.74994444,2024-08-02,1.0,0.5,2
4719,Kapkot (Saryu),Uttarakhand,46,Bageshwar,29.94516667,79.9025,2024-08-02,1.0,0.5,2
4720,Khati_1,Uttarakhand,46,Bageshwar,30.11019722,79.94055833,2024-08-02,156.0,156.0,1
4721,Gairsain (Ramganga),Uttarakhand,47,Chamoli,30.045,79.2855,2024-08-02,9.0,1.5,9
4722,Tanakpur_1,Uttarakhand,48,Champawat,29.07222222,80.1175,2024-08-02,273.5,257.0,6
4723,Yamuna Colony,Uttarakhand,49,Dehradun,30.33775278,78.03311667,2024-08-02,1328.0,350.5,4
4724,Bahadarabad,Uttarakhand,50,Haridwar,29.92380278,78.03671389,2024-08-02,1.0,0.5,2
4725,Roorkee_2,Uttarakhand,50,Haridwar,29.86771944,77.88415556,2024-08-02,1059.5,363.0,3
4726,Haldwani_1,Uttarakhand,51,Nainital,29.214725,79.52400278,2024-08-02,6.0,2.0,4
4727,Basukedar,Uttarakhand,54,Rudraprayag,30.43919444,79.05633333,2024-08-02,80.0,22.5,14
4728,Sonprayag_1,Uttarakhand,54,Rudraprayag,30.63547222,78.99941667,2024-08-02,29.5,13.5,6
4729,Kempty,Uttarakhand,55,Tehri Garhwal,30.49075,78.04738889,2024-08-02,164.5,162.0,4
4730,Lamgara,Uttarakhand,45,Almora,29.53866667,79.74994444,2024-08-03,1.5,0.5,3
4731,Gairsain (Ramganga),Uttarakhand,47,Chamoli,30.045,79.2855,2024-08-03,26.5,4.0,15
4732,Champawat_1,Uttarakhand,48,Champawat,29.33341667,80.08469444,2024-08-03,12.0,3.0,10
4733,Tanakpur_1,Uttarakhand,48,Champawat,29.07222222,80.1175,2024-08-03,112.0,45.5,17
4734,Chakrata,Uttarakhand,49,Dehradun,30.76115556,77.86502778,2024-08-03,5.5,2.0,5
4735,Dakpathar,Uttarakhand,49,Dehradun,30.49866667,77.79744444,2024-08-03,1.0,1.0,1
4736,Yamuna Colony,Uttarakhand,49,Dehradun,30.33775278,78.03311667,2024-08-03,1814.5,455.5,5
4737,Bahadarabad,Uttarakhand,50,Haridwar,29.92380278,78.03671389,2024-08-03,5.0,5.0,1
4738,Bhagwanpur_1,Uttarakhand,50,Haridwar,29.93567778,77.80170611,2024-08-03,40.0,40.0,1
4739,Roorkee_2,Uttarakhand,50,Haridwar,29.86771944,77.88415556,2024-08-03,1042.5,352.5,3
4740,Haldwani_1,Uttarakhand,51,Nainital,29.214725,79.52400278,2024-08-03,11.0,2.5,10
4741,Dugadda (Khoh),Uttarakhand,52,PAURI GARHWAL,29.75108333,78.52341667,2024-08-03,1.0,0.5,2
4742,Pithoragarh,Uttarakhand,53,Pithoragarh,29.57938889,80.21886111,2024-08-03,2.0,1.5,2
4743,Basukedar,Uttarakhand,54,Rudraprayag,30.43919444,79.05633333,2024-08-03,12.5,4.0,5
4744,Sonprayag_1,Uttarakhand,54,Rudraprayag,30.63547222,78.99941667,2024-08-03,2.5,2.5,1
4745,Kempty,Uttarakhand,55,Tehri Garhwal,30.49075,78.04738889,2024-08-03,0.5,0.5,1
4746,Lamgara,Uttarakhand,45,Almora,29.53866667,79.74994444,2024-08-04,1.0,0.5,2
4747,Kapkot (Saryu),Uttarakhand,46,Bageshwar,29.94516667,79.9025,2024-08-04,0.5,0.5,1
4748,Khati_1,Uttarakhand,46,Bageshwar,30.11019722,79.94055833,2024-08-04,1.0,0.5,2
4749,Gairsain (Ramganga),Uttarakhand,47,Chamoli,30.045,79.2855,2024-08-04,0.5,0.5,1
4750,Tanakpur_1,Uttarakhand,48,Champawat,29.07222222,80.1175,2024-08-04,8.0,4.0,2
4751,Yamuna Colony,Uttarakhand,49,Dehradun,30.33775278,78.03311667,2024-08-04,1343.0,342.5,4
4752,Roorkee_2,Uttarakhand,50,Haridwar,29.86771944,77.88415556,2024-08-04,1413.5,365.0,4
4753,Haldwani_1,Uttarakhand,51,Nainital,29.214725,79.52400278,2024-08-04,1.5,0.5,3
4754,Basukedar,Uttarakhand,54,Rudraprayag,30.43919444,79.05633333,2024-08-04,130.0,72.5,14
4755,Sonprayag_1,Uttarakhand,54,Rudraprayag,30.63547222,78.99941667,2024-08-04,8.0,6.0,3
4756,Sitarganj_1,Uttarakhand,56,UDHAM SINGH NAGAR,28.92971389,79.703,2024-08-04,198.0,169.5,2
4757,Tumaria,Uttarakhand,56,UDHAM SINGH NAGAR,29.30704722,78.93133056,2024-08-04,0.5,0.5,1
4758,Lamgara,Uttarakhand,45,Almora,29.53866667,79.74994444,2024-08-05,1.5,0.5,3
4759,Gairsain (Ramganga),Uttarakhand,47,Chamoli,30.045,79.2855,2024-08-05,24.5,3.5,21
4760,Danda_1,Uttarakhand,48,Champawat,29.15927778,80.10852778,2024-08-05,1.0,1.0,1
4761,Yamuna Colony,Uttarakhand,49,Dehradun,30.33775278,78.03311667,2024-08-05,2005.5,348.5,6
4762,Bahadarabad,Uttarakhand,50,Haridwar,29.92380278,78.03671389,2024-08-05,0.5,0.5,1
4763,Roorkee_2,Uttarakhand,50,Haridwar,29.86771944,77.88415556,2024-08-05,1053.0,361.5,3
4764,Gola_1,Uttarakhand,51,Nainital,29.27136111,79.54743333,2024-08-05,10.0,10.0,1
4765,Haldwani_1,Uttarakhand,51,Nainital,29.214725,79.52400278,2024-08-05,7.0,3.0,4
4766,Dugadda (Khoh),Uttarakhand,52,PAURI GARHWAL,29.75108333,78.52341667,2024-08-05,141.5,141.5,1
4767,Pithoragarh,Uttarakhand,53,Pithoragarh,29.57938889,80.21886111,2024-08-05,3.0,2.5,2
4768,Chandranagar_1,Uttarakhand,54,Rudraprayag,30.41541667,79.06208333,2024-08-05,1.0,0.5,2
4769,Sonprayag_1,Uttarakhand,54,Rudraprayag,30.63547222,78.99941667,2024-08-05,2.0,1.5,2
4770,Kempty,Uttarakhand,55,Tehri Garhwal,30.49075,78.04738889,2024-08-05,1.5,1.5,1
4771,Gadarpur,Uttarakhand,56,UDHAM SINGH NAGAR,29.04324167,79.24461944,2024-08-05,7.5,7.5,1
4772,Haripura_2,Uttarakhand,56,UDHAM SINGH NAGAR,29.13151944,79.25965556,2024-08-05,1.0,1.0,1
4773,Kapkot (Saryu),Uttarakhand,46,Bageshwar,29.94516667,79.9025,2024-08-06,0.5,0.5,1
4774,Gairsain (Ramganga),Uttarakhand,47,Chamoli,30.045,79.2855,2024-08-06,13.0,4.0,8
4775,Champawat_1,Uttarakhand,48,Champawat,29.33341667,80.08469444,2024-08-06,12.0,2.0,10
4776,Danda_1,Uttarakhand,48,Champawat,29.15927778,80.10852778,2024-08-06,25.0,10.0,6
4777,Tanakpur_1,Uttarakhand,48,Champawat,29.07222222,80.1175,2024-08-06,46.0,20.5,10
4778,Chakrata,Uttarakhand,49,Dehradun,30.76115556,77.86502778,2024-08-06,5.0,2.0,4
4779,Yamuna Colony,Uttarakhand,49,Dehradun,30.33775278,78.03311667,2024-08-06,2028.5,347.5,8
4780,Bahadarabad,Uttarakhand,50,Haridwar,29.92380278,78.03671389,2024-08-06,88.0,60.0,7
4781,Roorkee_2,Uttarakhand,50,Haridwar,29.86771944,77.88415556,2024-08-06,1399.5,361.0,4
4782,Haldwani_1,Uttarakhand,51,Nainital,29.214725,79.52400278,2024-08-06,1.0,0.5,2
4783,Dugadda (Khoh),Uttarakhand,52,PAURI GARHWAL,29.75108333,78.52341667,2024-08-06,1.0,0.5,2
4784,Pithoragarh,Uttarakhand,53,Pithoragarh,29.57938889,80.21886111,2024-08-06,26.0,15.5,5
4785,Basukedar,Uttarakhand,54,Rudraprayag,30.43919444,79.05633333,2024-08-06,57.5,11.5,15
4786,Sonprayag_1,Uttarakhand,54,Rudraprayag,30.63547222,78.99941667,2024-08-06,38.5,11.5,8
4787,Kempty,Uttarakhand,55,Tehri Garhwal,30.49075,78.04738889,2024-08-06,2.5,1.5,2
4788,Gadarpur,Uttarakhand,56,UDHAM SINGH NAGAR,29.04324167,79.24461944,2024-08-06,82.0,31.0,4
4789,Sitarganj_1,Uttarakhand,56,UDHAM SINGH NAGAR,28.92971389,79.703,2024-08-06,19.5,11.5,2
4790,Purola_1,Uttarakhand,57,Uttarkashi,30.91291667,78.10388889,2024-08-06,119.0,119.0,1
4791,Lamgara,Uttarakhand,45,Almora,29.53866667,79.74994444,2024-08-07,87.0,84.5,6
4792,Kapkot (Saryu),Uttarakhand,46,Bageshwar,29.94516667,79.9025,2024-08-07,1.0,0.5,2
4793,Gairsain (Ramganga),Uttarakhand,47,Chamoli,30.045,79.2855,2024-08-07,49.5,2.0,41
4794,Champawat_1,Uttarakhand,48,Champawat,29.33341667,80.08469444,2024-08-07,85.5,11.5,21
4795,Danda_1,Uttarakhand,48,Champawat,29.15927778,80.10852778,2024-08-07,36.5,9.0,8
4796,Tanakpur_1,Uttarakhand,48,Champawat,29.07222222,80.1175,2024-08-07,356.5,218.0,15
4797,Chakrata,Uttarakhand,49,Dehradun,30.76115556,77.86502778,2024-08-07,24.5,9.5,6
4798,Yamuna Colony,Uttarakhand,49,Dehradun,30.33775278,78.03311667,2024-08-07,981.5,340.5,3
4799,Bahadarabad,Uttarakhand,50,Haridwar,29.92380278,78.03671389,2024-08-07,30.0,7.5,9
4800,Khanpur_5,Uttarakhand,50,Haridwar,29.641375,78.00678611,2024-08-07,1.0,0.5,2
4801,Roorkee_2,Uttarakhand,50,Haridwar,29.86771944,77.88415556,2024-08-07,1740.5,351.5,15
4802,Haldwani_1,Uttarakhand,51,Nainital,29.214725,79.52400278,2024-08-07,54.0,5.5,16
4803,Srinagar_2,Uttarakhand,52,PAURI GARHWAL,30.23581944,78.81720278,2024-08-07,10.0,3.0,5
4804,Dharchula_1,Uttarakhand,53,Pithoragarh,29.84825,80.54047222,2024-08-07,4.0,2.0,3
4805,Pithoragarh,Uttarakhand,53,Pithoragarh,29.57938889,80.21886111,2024-08-07,39.5,9.0,11
4806,Basukedar,Uttarakhand,54,Rudraprayag,30.43919444,79.05633333,2024-08-07,33.5,7.0,10
4807,Sonprayag_1,Uttarakhand,54,Rudraprayag,30.63547222,78.99941667,2024-08-07,13.0,9.5,4
4808,Kempty,Uttarakhand,55,Tehri Garhwal,30.49075,78.04738889,2024-08-07,1.5,0.5,3
4809,Gadarpur,Uttarakhand,56,UDHAM SINGH NAGAR,29.04324167,79.24461944,2024-08-07,111.0,10.5,24
4810,Haripura_2,Uttarakhand,56,UDHAM SINGH NAGAR,29.13151944,79.25965556,2024-08-07,-5.5,2.0,5
4811,Sitarganj_1,Uttarakhand,56,UDHAM SINGH NAGAR,28.92971389,79.703,2024-08-07,43.5,10.0,8
4812,Tumaria,Uttarakhand,56,UDHAM SINGH NAGAR,29.30704722,78.93133056,2024-08-07,56.0,11.0,22
4813,Purola_1,Uttarakhand,57,Uttarkashi,30.91291667,78.10388889,2024-08-07,120.0,120.0,1
4814,Lamgara,Uttarakhand,45,Almora,29.53866667,79.74994444,2024-08-08,2.5,0.5,5
4815,Kapkot (Saryu),Uttarakhand,46,Bageshwar,29.94516667,79.9025,2024-08-08,1.0,0.5,2
4816,Gairsain (Ramganga),Uttarakhand,47,Chamoli,30.045,79.2855,2024-08-08,6.0,1.0,7
4817,Danda_1,Uttarakhand,48,Champawat,29.15927778,80.10852778,2024-08-08,1.0,0.5,2
4818,Tanakpur_1,Uttarakhand,48,Champawat,29.07222222,80.1175,2024-08-08,1.5,1.5,1
4819,Chakrata,Uttarakhand,49,Dehradun,30.76115556,77.86502778,2024-08-08,3.5,1.5,3
4820,Yamuna Colony,Uttarakhand,49,Dehradun,30.33775278,78.03311667,2024-08-08,1211.0,319.0,4
4821,Bahadarabad,Uttarakhand,50,Haridwar,29.92380278,78.03671389,2024-08-08,108.0,108.0,1
4822,Roorkee_2,Uttarakhand,50,Haridwar,29.86771944,77.88415556,2024-08-08,1389.5,354.0,6
4823,Srinagar_2,Uttarakhand,52,PAURI GARHWAL,30.23581944,78.81720278,2024-08-08,11.0,11.0,1
4824,Dharchula_1,Uttarakhand,53,Pithoragarh,29.84825,80.54047222,2024-08-08,46.0,14.0,8
4825,Chandranagar_1,Uttarakhand,54,Rudraprayag,30.41541667,79.06208333,2024-08-08,1.0,0.5,2
4826,Sonprayag_1,Uttarakhand,54,Rudraprayag,30.63547222,78.99941667,2024-08-08,7.0,3.5,3
4827,Kempty,Uttarakhand,55,Tehri Garhwal,30.49075,78.04738889,2024-08-08,21.0,9.5,6
4828,Gadarpur,Uttarakhand,56,UDHAM SINGH NAGAR,29.04324167,79.24461944,2024-08-08,28.0,10.0,6
4829,Haripura_2,Uttarakhand,56,UDHAM SINGH NAGAR,29.13151944,79.25965556,2024-08-08,193.5,192.0,2
4830,Tumaria,Uttarakhand,56,UDHAM SINGH NAGAR,29.30704722,78.93133056,2024-08-08,5.0,1.5,4
4831,Kapkot (Saryu),Uttarakhand,46,Bageshwar,29.94516667,79.9025,2024-08-09,1.0,0.5,2
4832,Gairsain (Ramganga),Uttarakhand,47,Chamoli,30.045,79.2855,2024-08-09,7.5,1.0,13
4833,Champawat_1,Uttarakhand,48,Champawat,29.33341667,80.08469444,2024-08-09,16.0,3.0,8
4834,Danda_1,Uttarakhand,48,Champawat,29.15927778,80.10852778,2024-08-09,2.5,0.5,5
4835,Tanakpur_1,Uttarakhand,48,Champawat,29.07222222,80.1175,2024-08-09,67.0,19.0,4
4836,Yamuna Colony,Uttarakhand,49,Dehradun,30.33775278,78.03311667,2024-08-09,969.5,333.0,3
4837,Bhagwanpur_1,Uttarakhand,50,Haridwar,29.93567778,77.80170611,2024-08-09,1.0,0.5,2
4838,Manglaur_1,Uttarakhand,50,Haridwar,29.78567778,77.86368889,2024-08-09,15.0,15.0,1
4839,Roorkee_2,Uttarakhand,50,Haridwar,29.86771944,77.88415556,2024-08-09,331.5,331.5,1
4840,Haldwani_1,Uttarakhand,51,Nainital,29.214725,79.52400278,2024-08-09,8.0,1.5,10
4841,Dharchula_1,Uttarakhand,53,Pithoragarh,29.84825,80.54047222,2024-08-09,8.0,3.0,5
4842,Pithoragarh,Uttarakhand,53,Pithoragarh,29.57938889,80.21886111,2024-08-09,0.5,0.5,1
4843,Basukedar,Uttarakhand,54,Rudraprayag,30.43919444,79.05633333,2024-08-09,17.0,17.0,1
4844,Sonprayag_1,Uttarakhand,54,Rudraprayag,30.63547222,78.99941667,2024-08-09,10.5,7.5,6
4845,Kempty,Uttarakhand,55,Tehri Garhwal,30.49075,78.04738889,2024-08-09,2.0,2.0,1
4846,Gadarpur,Uttarakhand,56,UDHAM SINGH NAGAR,29.04324167,79.24461944,2024-08-09,1.0,0.5,2
4847,Sitarganj_1,Uttarakhand,56,UDHAM SINGH NAGAR,28.92971389,79.703,2024-08-09,1.0,0.5,2
4848,Purola_1,Uttarakhand,57,Uttarkashi,30.91291667,78.10388889,2024-08-09,160.0,160.0,1
4849,Lamgara,Uttarakhand,45,Almora,29.53866667,79.74994444,2024-08-10,0.5,0.5,1
4850,Kapkot (Saryu),Uttarakhand,46,Bageshwar,29.94516667,79.9025,2024-08-10,1.5,0.5,3
4851,Gairsain (Ramganga),Uttarakhand,47,Chamoli,30.045,79.2855,2024-08-10,30.0,2.0,18
4852,Champawat_1,Uttarakhand,48,Champawat,29.33341667,80.08469444,2024-08-10,3.0,1.5,2
4853,Danda_1,Uttarakhand,48,Champawat,29.15927778,80.10852778,2024-08-10,1.0,0.5,2
4854,Chakrata,Uttarakhand,49,Dehradun,30.76115556,77.86502778,2024-08-10,6.5,6.0,2
4855,Yamuna Colony,Uttarakhand,49,Dehradun,30.33775278,78.03311667,2024-08-10,1340.0,340.5,4
4856,Roorkee_2,Uttarakhand,50,Haridwar,29.86771944,77.88415556,2024-08-10,2094.5,362.0,8
4857,Haldwani_1,Uttarakhand,51,Nainital,29.214725,79.52400278,2024-08-10,3.0,2.5,2
4858,Srinagar_2,Uttarakhand,52,PAURI GARHWAL,30.23581944,78.81720278,2024-08-10,0.5,0.5,1
4859,Pithoragarh,Uttarakhand,53,Pithoragarh,29.57938889,80.21886111,2024-08-10,10.0,4.5,6
4860,Basukedar,Uttarakhand,54,Rudraprayag,30.43919444,79.05633333,2024-08-10,40.5,15.0,7
4861,Sonprayag_1,Uttarakhand,54,Rudraprayag,30.63547222,78.99941667,2024-08-10,1.0,1.0,1
4862,Kempty,Uttarakhand,55,Tehri Garhwal,30.49075,78.04738889,2024-08-10,17.0,6.5,8
4863,Gadarpur,Uttarakhand,56,UDHAM SINGH NAGAR,29.04324167,79.24461944,2024-08-10,2.5,2.5,1
4864,Sitarganj_1,Uttarakhand,56,UDHAM SINGH NAGAR,28.92971389,79.703,2024-08-10,4.5,2.0,3
4865,Kosi_1,Uttarakhand,45,Almora,29.6191,79.62060833,2024-08-11,160.0,160.0,1
4866,Kapkot (Saryu),Uttarakhand,46,Bageshwar,29.94516667,79.9025,2024-08-11,0.5,0.5,1
4867,Gairsain (Ramganga),Uttarakhand,47,Chamoli,30.045,79.2855,2024-08-11,23.0,3.5,8
4868,Champawat_1,Uttarakhand,48,Champawat,29.33341667,80.08469444,2024-08-11,0.5,0.5,1
4869,Yamuna Colony,Uttarakhand,49,Dehradun,30.33775278,78.03311667,2024-08-11,642.5,326.0,2
4870,Bahadarabad,Uttarakhand,50,Haridwar,29.92380278,78.03671389,2024-08-11,0.5,0.5,1
4871,Manglaur_1,Uttarakhand,50,Haridwar,29.78567778,77.86368889,2024-08-11,9.5,9.0,2
4872,Roorkee_2,Uttarakhand,50,Haridwar,29.86771944,77.88415556,2024-08-11,689.0,354.5,2
4873,Sitarganj_1,Uttarakhand,56,UDHAM SINGH NAGAR,28.92971389,79.703,2024-08-11,8.0,8.0,1
4874,Lamgara,Uttarakhand,45,Almora,29.53866667,79.74994444,2024-08-12,0.5,0.5,1
4875,Kapkot (Saryu),Uttarakhand,46,Bageshwar,29.94516667,79.9025,2024-08-12,2.5,0.5,5
4876,Gairsain (Ramganga),Uttarakhand,47,Chamoli,30.045,79.2855,2024-08-12,7.0,1.5,7
4877,Champawat_1,Uttarakhand,48,Champawat,29.33341667,80.08469444,2024-08-12,6.0,2.0,6
4878,Tanakpur_1,Uttarakhand,48,Champawat,29.07222222,80.1175,2024-08-12,0.5,0.5,1
4879,Chakrata,Uttarakhand,49,Dehradun,30.76115556,77.86502778,2024-08-12,1.0,0.5,2
4880,Yamuna Colony,Uttarakhand,49,Dehradun,30.33775278,78.03311667,2024-08-12,635.5,323.5,2
4881,Bahadarabad,Uttarakhand,50,Haridwar,29.92380278,78.03671389,2024-08-12,2.0,0.5,4
4882,Khanpur_5,Uttarakhand,50,Haridwar,29.641375,78.00678611,2024-08-12,24.0,10.0,4
4883,Manglaur_1,Uttarakhand,50,Haridwar,29.78567778,77.86368889,2024-08-12,4.0,1.0,4
4884,Roorkee_2,Uttarakhand,50,Haridwar,29.86771944,77.88415556,2024-08-12,1.5,1.0,2
4885,Srinagar_2,Uttarakhand,52,PAURI GARHWAL,30.23581944,78.81720278,2024-08-12,1.5,1.0,2
4886,Basukedar,Uttarakhand,54,Rudraprayag,30.43919444,79.05633333,2024-08-12,7.0,3.0,4
4887,Gadarpur,Uttarakhand,56,UDHAM SINGH NAGAR,29.04324167,79.24461944,2024-08-12,1.0,0.5,2
4888,Sitarganj_1,Uttarakhand,56,UDHAM SINGH NAGAR,28.92971389,79.703,2024-08-12,1.0,0.5,2
4889,Kapkot (Saryu),Uttarakhand,46,Bageshwar,29.94516667,79.9025,2024-08-13,2.0,0.5,4
4890,Khati_1,Uttarakhand,46,Bageshwar,30.11019722,79.94055833,2024-08-13,0.5,0.5,1
4891,Gairsain (Ramganga),Uttarakhand,47,Chamoli,30.045,79.2855,2024-08-13,66.5,60.0,12
4892,Champawat_1,Uttarakhand,48,Champawat,29.33341667,80.08469444,2024-08-13,0.5,0.5,1
4893,Danda_1,Uttarakhand,48,Champawat,29.15927778,80.10852778,2024-08-13,0.5,0.5,1
4894,Tanakpur_1,Uttarakhand,48,Champawat,29.07222222,80.1175,2024-08-13,2.0,1.0,2
4895,Yamuna Colony,Uttarakhand,49,Dehradun,30.33775278,78.03311667,2024-08-13,1326.5,345.5,4
4896,Bahadarabad,Uttarakhand,50,Haridwar,29.92380278,78.03671389,2024-08-13,1.0,0.5,2
4897,Haldwani_1,Uttarakhand,51,Nainital,29.214725,79.52400278,2024-08-13,8.0,3.5,4
4898,Basukedar,Uttarakhand,54,Rudraprayag,30.43919444,79.05633333,2024-08-13,5.5,2.0,5
4899,Sonprayag_1,Uttarakhand,54,Rudraprayag,30.63547222,78.99941667,2024-08-13,4.0,3.0,2
4900,Lamgara,Uttarakhand,45,Almora,29.53866667,79.74994444,2024-08-14,1.0,0.5,2
4901,Kapkot (Saryu),Uttarakhand,46,Bageshwar,29.94516667,79.9025,2024-08-14,4.0,0.5,8
4902,Gairsain (Ramganga),Uttarakhand,47,Chamoli,30.045,79.2855,2024-08-14,2.0,0.5,4
4903,Danda_1,Uttarakhand,48,Champawat,29.15927778,80.10852778,2024-08-14,0.5,0.5,1
4904,Tanakpur_1,Uttarakhand,48,Champawat,29.07222222,80.1175,2024-08-14,4.0,2.0,2
4905,Yamuna Colony,Uttarakhand,49,Dehradun,30.33775278,78.03311667,2024-08-14,987.0,343.0,3
4906,Roorkee_2,Uttarakhand,50,Haridwar,29.86771944,77.88415556,2024-08-14,1046.0,360.5,3
4907,Dugadda (Khoh),Uttarakhand,52,PAURI GARHWAL,29.75108333,78.52341667,2024-08-14,1.0,0.5,2
4908,Dharchula_1,Uttarakhand,53,Pithoragarh,29.84825,80.54047222,2024-08-14,1.5,1.0,2
4909,Pithoragarh,Uttarakhand,53,Pithoragarh,29.57938889,80.21886111,2024-08-14,9.0,6.5,5
4910,Basukedar,Uttarakhand,54,Rudraprayag,30.43919444,79.05633333,2024-08-14,13.5,2.5,6
4911,Sonprayag_1,Uttarakhand,54,Rudraprayag,30.63547222,78.99941667,2024-08-14,7.5,3.0,6
4912,Haripura_2,Uttarakhand,56,UDHAM SINGH NAGAR,29.13151944,79.25965556,2024-08-14,63.0,40.0,2
4913,Purola_1,Uttarakhand,57,Uttarkashi,30.91291667,78.10388889,2024-08-14,-378.5,-378.5,1
4914,Lamgara,Uttarakhand,45,Almora,29.53866667,79.74994444,2024-08-15,1.0,0.5,2
4915,Kapkot (Saryu),Uttarakhand,46,Bageshwar,29.94516667,79.9025,2024-08-15,2.5,0.5,5
4916,Gairsain (Ramganga),Uttarakhand,47,Chamoli,30.045,79.2855,2024-08-15,32.5,1.0,42
4917,Champawat_1,Uttarakhand,48,Champawat,29.33341667,80.08469444,2024-08-15,52.0,12.5,14
4918,Danda_1,Uttarakhand,48,Champawat,29.15927778,80.10852778,2024-08-15,0.5,0.5,1
4919,Chakrata,Uttarakhand,49,Dehradun,30.76115556,77.86502778,2024-08-15,2.0,1.5,2
4920,Doiwala (Bhogpur),Uttarakhand,49,Dehradun,30.22270833,78.23418611,2024-08-15,160.0,160.0,1
4921,Yamuna Colony,Uttarakhand,49,Dehradun,30.33775278,78.03311667,2024-08-15,2004.0,349.0,6
4922,Bahadarabad,Uttarakhand,50,Haridwar,29.92380278,78.03671389,2024-08-15,2.0,0.5,4
4923,Manglaur_1,Uttarakhand,50,Haridwar,29.78567778,77.86368889,2024-08-15,126.0,126.0,1
4924,Roorkee_2,Uttarakhand,50,Haridwar,29.86771944,77.88415556,2024-08-15,700.0,354.5,2
4925,Haldwani_1,Uttarakhand,51,Nainital,29.214725,79.52400278,2024-08-15,10.0,2.5,10
4926,Mukteshwar_1,Uttarakhand,51,Nainital,29.47413889,79.65119444,2024-08-15,133.0,132.0,2
4927,Dharchula_1,Uttarakhand,53,Pithoragarh,29.84825,80.54047222,2024-08-15,15.0,9.5,5
4928,Pithoragarh,Uttarakhand,53,Pithoragarh,29.57938889,80.21886111,2024-08-15,8.0,4.5,5
4929,Basukedar,Uttarakhand,54,Rudraprayag,30.43919444,79.05633333,2024-08-15,30.5,7.5,11
4930,Chandranagar_1,Uttarakhand,54,Rudraprayag,30.41541667,79.06208333,2024-08-15,0.5,0.5,1
4931,Sonprayag_1,Uttarakhand,54,Rudraprayag,30.63547222,78.99941667,2024-08-15,22.0,10.0,8
4932,Kempty,Uttarakhand,55,Tehri Garhwal,30.49075,78.04738889,2024-08-15,16.0,9.5,5
4933,Gadarpur,Uttarakhand,56,UDHAM SINGH NAGAR,29.04324167,79.24461944,2024-08-15,6.0,1.5,6
4934,Haripura_2,Uttarakhand,56,UDHAM SINGH NAGAR,29.13151944,79.25965556,2024-08-15,258.0,257.0,2
4935,Sitarganj_1,Uttarakhand,56,UDHAM SINGH NAGAR,28.92971389,79.703,2024-08-15,1.0,0.5,2
4936,Tumaria,Uttarakhand,56,UDHAM SINGH NAGAR,29.30704722,78.93133056,2024-08-15,2.0,1.0,3
4937,Purola_1,Uttarakhand,57,Uttarkashi,30.91291667,78.10388889,2024-08-15,147.0,147.0,1
4938,Kapkot (Saryu),Uttarakhand,46,Bageshwar,29.94516667,79.9025,2024-08-16,2.0,0.5,4
4939,Gairsain (Ramganga),Uttarakhand,47,Chamoli,30.045,79.2855,2024-08-16,1.5,0.5,3
4940,Yamuna Colony,Uttarakhand,49,Dehradun,30.33775278,78.03311667,2024-08-16,3032.5,358.5,9
4941,Bahadarabad,Uttarakhand,50,Haridwar,29.92380278,78.03671389,2024-08-16,2.0,1.0,2
4942,Manglaur_1,Uttarakhand,50,Haridwar,29.78567778,77.86368889,2024-08-16,3.0,1.5,2
4943,Basukedar,Uttarakhand,54,Rudraprayag,30.43919444,79.05633333,2024-08-16,6.0,2.5,5
4944,Chandranagar_1,Uttarakhand,54,Rudraprayag,30.41541667,79.06208333,2024-08-16,0.5,0.5,1
4945,Sonprayag_1,Uttarakhand,54,Rudraprayag,30.63547222,78.99941667,2024-08-16,3.5,1.5,3
4946,Kempty,Uttarakhand,55,Tehri Garhwal,30.49075,78.04738889,2024-08-16,6.0,6.0,1
4947,Haripura_2,Uttarakhand,56,UDHAM SINGH NAGAR,29.13151944,79.25965556,2024-08-16,116.0,68.0,2
4948,Kapkot (Saryu),Uttarakhand,46,Bageshwar,29.94516667,79.9025,2024-08-17,1.0,0.5,2
4949,Gairsain (Ramganga),Uttarakhand,47,Chamoli,30.045,79.2855,2024-08-17,2.5,0.5,5
4950,Haldwani_1,Uttarakhand,51,Nainital,29.214725,79.52400278,2024-08-17,1.0,1.0,1
4951,Dharchula_1,Uttarakhand,53,Pithoragarh,29.84825,80.54047222,2024-08-17,1.5,1.0,2
4952,Basukedar,Uttarakhand,54,Rudraprayag,30.43919444,79.05633333,2024-08-17,15.0,11.0,2
4953,Kempty,Uttarakhand,55,Tehri Garhwal,30.49075,78.04738889,2024-08-17,2.0,2.0,1
4954,Lamgara,Uttarakhand,45,Almora,29.53866667,79.74994444,2024-08-18,0.5,0.5,1
4955,Kapkot (Saryu),Uttarakhand,46,Bageshwar,29.94516667,79.9025,2024-08-18,0.5,0.5,1
4956,Gairsain (Ramganga),Uttarakhand,47,Chamoli,30.045,79.2855,2024-08-18,9.0,1.0,13
4957,Haldwani_1,Uttarakhand,51,Nainital,29.214725,79.52400278,2024-08-18,24.0,10.5,5
4958,Basukedar,Uttarakhand,54,Rudraprayag,30.43919444,79.05633333,2024-08-18,1.5,0.5,3
4959,Kempty,Uttarakhand,55,Tehri Garhwal,30.49075,78.04738889,2024-08-18,12.5,10.0,3
4960,Gadarpur,Uttarakhand,56,UDHAM SINGH NAGAR,29.04324167,79.24461944,2024-08-18,51.5,28.0,2
4961,Sitarganj_1,Uttarakhand,56,UDHAM SINGH NAGAR,28.92971389,79.703,2024-08-18,51.5,42.5,4
4962,Lamgara,Uttarakhand,45,Almora,29.53866667,79.74994444,2024-08-19,0.5,0.5,1
4963,Kapkot (Saryu),Uttarakhand,46,Bageshwar,29.94516667,79.9025,2024-08-19,0.5,0.5,1
4964,Gairsain (Ramganga),Uttarakhand,47,Chamoli,30.045,79.2855,2024-08-19,8.5,1.0,12
4965,Champawat_1,Uttarakhand,48,Champawat,29.33341667,80.08469444,2024-08-19,7.0,2.5,8
4966,Bhagwanpur_1,Uttarakhand,50,Haridwar,29.93567778,77.80170611,2024-08-19,0.5,0.5,1
4967,Manglaur_1,Uttarakhand,50,Haridwar,29.78567778,77.86368889,2024-08-19,4.0,2.0,3
4968,Roorkee_2,Uttarakhand,50,Haridwar,29.86771944,77.88415556,2024-08-19,4.5,3.5,2
4969,Haldwani_1,Uttarakhand,51,Nainital,29.214725,79.52400278,2024-08-19,7.0,5.5,3
4970,Dugadda (Khoh),Uttarakhand,52,PAURI GARHWAL,29.75108333,78.52341667,2024-08-19,0.5,0.5,1
4971,Srinagar_2,Uttarakhand,52,PAURI GARHWAL,30.23581944,78.81720278,2024-08-19,5.0,3.5,3
4972,Dharchula_1,Uttarakhand,53,Pithoragarh,29.84825,80.54047222,2024-08-19,19.0,4.0,11
4973,Pithoragarh,Uttarakhand,53,Pithoragarh,29.57938889,80.21886111,2024-08-19,66.5,34.0,12
4974,Basukedar,Uttarakhand,54,Rudraprayag,30.43919444,79.05633333,2024-08-19,39.5,15.0,12
4975,Kempty,Uttarakhand,55,Tehri Garhwal,30.49075,78.04738889,2024-08-19,12.5,7.5,2
4976,Gadarpur,Uttarakhand,56,UDHAM SINGH NAGAR,29.04324167,79.24461944,2024-08-19,4.5,3.5,2
4977,Sitarganj_1,Uttarakhand,56,UDHAM SINGH NAGAR,28.92971389,79.703,2024-08-19,4.5,4.5,1
4978,Tumaria,Uttarakhand,56,UDHAM SINGH NAGAR,29.30704722,78.93133056,2024-08-19,14.5,8.0,4
4979,Lamgara,Uttarakhand,45,Almora,29.53866667,79.74994444,2024-08-20,1.5,0.5,3
4980,Kapkot (Saryu),Uttarakhand,46,Bageshwar,29.94516667,79.9025,2024-08-20,0.5,0.5,1
4981,Khati_1,Uttarakhand,46,Bageshwar,30.11019722,79.94055833,2024-08-20,1.0,0.5,2
4982,Gairsain (Ramganga),Uttarakhand,47,Chamoli,30.045,79.2855,2024-08-20,14.0,1.0,17
4983,Champawat_1,Uttarakhand,48,Champawat,29.33341667,80.08469444,2024-08-20,28.0,5.0,10
4984,Yamuna Colony,Uttarakhand,49,Dehradun,30.33775278,78.03311667,2024-08-20,1638.0,338.5,5
4985,Bahadarabad,Uttarakhand,50,Haridwar,29.92380278,78.03671389,2024-08-20,8.0,3.5,3
4986,Khanpur_5,Uttarakhand,50,Haridwar,29.641375,78.00678611,2024-08-20,64.0,17.0,4
4987,Manglaur_1,Uttarakhand,50,Haridwar,29.78567778,77.86368889,2024-08-20,22.0,10.5,4
4988,Roorkee_2,Uttarakhand,50,Haridwar,29.86771944,77.88415556,2024-08-20,1.0,0.5,2
4989,Haldwani_1,Uttarakhand,51,Nainital,29.214725,79.52400278,2024-08-20,88.0,12.0,16
4990,Srinagar_2,Uttarakhand,52,PAURI GARHWAL,30.23581944,78.81720278,2024-08-20,1.5,1.0,2
4991,Dharchula_1,Uttarakhand,53,Pithoragarh,29.84825,80.54047222,2024-08-20,339.5,258.5,13
4992,Pithoragarh,Uttarakhand,53,Pithoragarh,29.57938889,80.21886111,2024-08-20,0.5,0.5,1
4993,Basukedar,Uttarakhand,54,Rudraprayag,30.43919444,79.05633333,2024-08-20,89.5,14.0,27
4994,Sonprayag_1,Uttarakhand,54,Rudraprayag,30.63547222,78.99941667,2024-08-20,201.0,29.5,22
4995,Kempty,Uttarakhand,55,Tehri Garhwal,30.49075,78.04738889,2024-08-20,2.5,1.5,3
4996,Gadarpur,Uttarakhand,56,UDHAM SINGH NAGAR,29.04324167,79.24461944,2024-08-20,3.0,1.0,4
4997,Haripura_2,Uttarakhand,56,UDHAM SINGH NAGAR,29.13151944,79.25965556,2024-08-20,0.5,0.5,1
4998,Sitarganj_1,Uttarakhand,56,UDHAM SINGH NAGAR,28.92971389,79.703,2024-08-20,31.0,15.0,4
4999,Tumaria,Uttarakhand,56,UDHAM SINGH NAGAR,29.30704722,78.93133056,2024-08-20,72.5,15.5,9
5000,Lamgara,Uttarakhand,45,Almora,29.53866667,79.74994444,2024-08-21,1.0,0.5,2
5001,Kapkot (Saryu),Uttarakhand,46,Bageshwar,29.94516667,79.9025,2024-08-21,1.0,0.5,2
5002,Gairsain (Ramganga),Uttarakhand,47,Chamoli,30.045,79.2855,2024-08-21,26.0,2.0,20
5003,Champawat_1,Uttarakhand,48,Champawat,29.33341667,80.08469444,2024-08-21,5.0,2.0,4
5004,Tanakpur_1,Uttarakhand,48,Champawat,29.07222222,80.1175,2024-08-21,197.5,197.5,1
5005,Yamuna Colony,Uttarakhand,49,Dehradun,30.33775278,78.03311667,2024-08-21,620.0,310.5,2
5006,Bahadarabad,Uttarakhand,50,Haridwar,29.92380278,78.03671389,2024-08-21,39.0,36.0,3
5007,Khanpur_5,Uttarakhand,50,Haridwar,29.641375,78.00678611,2024-08-21,0.5,0.5,1
5008,Manglaur_1,Uttarakhand,50,Haridwar,29.78567778,77.86368889,2024-08-21,45.0,15.0,7
5009,Roorkee_2,Uttarakhand,50,Haridwar,29.86771944,77.88415556,2024-08-21,347.0,333.5,2
5010,Haldwani_1,Uttarakhand,51,Nainital,29.214725,79.52400278,2024-08-21,100.0,28.5,12
5011,Srinagar_2,Uttarakhand,52,PAURI GARHWAL,30.23581944,78.81720278,2024-08-21,13.0,13.0,1
5012,Dharchula_1,Uttarakhand,53,Pithoragarh,29.84825,80.54047222,2024-08-21,16.5,6.0,4
5013,Basukedar,Uttarakhand,54,Rudraprayag,30.43919444,79.05633333,2024-08-21,59.5,9.5,20
5014,Sonprayag_1,Uttarakhand,54,Rudraprayag,30.63547222,78.99941667,2024-08-21,193.0,32.0,20
5015,Kempty,Uttarakhand,55,Tehri Garhwal,30.49075,78.04738889,2024-08-21,11.0,4.5,5
5016,Gadarpur,Uttarakhand,56,UDHAM SINGH NAGAR,29.04324167,79.24461944,2024-08-21,177.0,33.5,14
5017,Haripura_2,Uttarakhand,56,UDHAM SINGH NAGAR,29.13151944,79.25965556,2024-08-21,6.5,3.5,3
5018,Sitarganj_1,Uttarakhand,56,UDHAM SINGH NAGAR,28.92971389,79.703,2024-08-21,74.5,15.0,13
5019,Tumaria,Uttarakhand,56,UDHAM SINGH NAGAR,29.30704722,78.93133056,2024-08-21,24.0,3.5,10
5020,Lamgara,Uttarakhand,45,Almora,29.53866667,79.74994444,2024-08-22,1.5,0.5,3
5021,Kapkot (Saryu),Uttarakhand,46,Bageshwar,29.94516667,79.9025,2024-08-22,1.0,0.5,2
5022,Gairsain (Ramganga),Uttarakhand,47,Chamoli,30.045,79.2855,2024-08-22,10.0,0.5,20
5023,Dakpathar,Uttarakhand,49,Dehradun,30.49866667,77.79744444,2024-08-22,126.5,126.5,1
5024,Yamuna Colony,Uttarakhand,49,Dehradun,30.33775278,78.03311667,2024-08-22,646.0,333.5,2
5025,Bahadarabad,Uttarakhand,50,Haridwar,29.92380278,78.03671389,2024-08-22,2.5,1.5,3
5026,Khanpur_5,Uttarakhand,50,Haridwar,29.641375,78.00678611,2024-08-22,35.0,17.0,4
5027,Manglaur_1,Uttarakhand,50,Haridwar,29.78567778,77.86368889,2024-08-22,102.0,102.0,1
5028,Dugadda (Khoh),Uttarakhand,52,PAURI GARHWAL,29.75108333,78.52341667,2024-08-22,0.5,0.5,1
5029,Dharchula_1,Uttarakhand,53,Pithoragarh,29.84825,80.54047222,2024-08-22,12.0,5.5,6
5030,Pithoragarh,Uttarakhand,53,Pithoragarh,29.57938889,80.21886111,2024-08-22,1.0,0.5,2
5031,Basukedar,Uttarakhand,54,Rudraprayag,30.43919444,79.05633333,2024-08-22,11.5,10.5,3
5032,Chandranagar_1,Uttarakhand,54,Rudraprayag,30.41541667,79.06208333,2024-08-22,1.0,0.5,2
5033,Sonprayag_1,Uttarakhand,54,Rudraprayag,30.63547222,78.99941667,2024-08-22,17.5,12.0,10
5034,Kempty,Uttarakhand,55,Tehri Garhwal,30.49075,78.04738889,2024-08-22,31.0,15.0,5
5035,Gadarpur,Uttarakhand,56,UDHAM SINGH NAGAR,29.04324167,79.24461944,2024-08-22,53.5,29.5,7
5036,Sitarganj_1,Uttarakhand,56,UDHAM SINGH NAGAR,28.92971389,79.703,2024-08-22,32.0,15.0,4
5037,Tumaria,Uttarakhand,56,UDHAM SINGH NAGAR,29.30704722,78.93133056,2024-08-22,31.5,9.5,10
5038,Gairsain (Ramganga),Uttarakhand,47,Chamoli,30.045,79.2855,2024-08-23,47.0,1.5,41
5039,Tanakpur_1,Uttarakhand,48,Champawat,29.07222222,80.1175,2024-08-23,8.5,2.5,5
5040,Yamuna Colony,Uttarakhand,49,Dehradun,30.33775278,78.03311667,2024-08-23,2554.0,327.0,8
5041,Roorkee_2,Uttarakhand,50,Haridwar,29.86771944,77.88415556,2024-08-23,332.0,331.5,2
5042,Srinagar_2,Uttarakhand,52,PAURI GARHWAL,30.23581944,78.81720278,2024-08-23,0.5,0.5,1
5043,Dharchula_1,Uttarakhand,53,Pithoragarh,29.84825,80.54047222,2024-08-23,16.5,3.5,7
5044,Basukedar,Uttarakhand,54,Rudraprayag,30.43919444,79.05633333,2024-08-23,51.0,10.0,14
5045,Guptkashi_1,Uttarakhand,54,Rudraprayag,30.52863889,79.08508333,2024-08-23,1.0,0.5,2
5046,Sonprayag_1,Uttarakhand,54,Rudraprayag,30.63547222,78.99941667,2024-08-23,5.0,1.0,8
5047,Kempty,Uttarakhand,55,Tehri Garhwal,30.49075,78.04738889,2024-08-23,17.0,17.0,1
5048,Gadarpur,Uttarakhand,56,UDHAM SINGH NAGAR,29.04324167,79.24461944,2024-08-23,54.0,26.5,4
5049,Sitarganj_1,Uttarakhand,56,UDHAM SINGH NAGAR,28.92971389,79.703,2024-08-23,3.0,1.0,4
5050,Tumaria,Uttarakhand,56,UDHAM SINGH NAGAR,29.30704722,78.93133056,2024-08-23,68.5,30.0,5
5051,Lamgara,Uttarakhand,45,Almora,29.53866667,79.74994444,2024-08-24,2.0,0.5,4
5052,Baijnath (Gomti),Uttarakhand,46,Bageshwar,29.90822222,79.61769444,2024-08-24,34.0,34.0,1
5053,Kapkot (Saryu),Uttarakhand,46,Bageshwar,29.94516667,79.9025,2024-08-24,0.5,0.5,1
5054,Gairsain (Ramganga),Uttarakhand,47,Chamoli,30.045,79.2855,2024-08-24,39.0,5.5,12
5055,Champawat_1,Uttarakhand,48,Champawat,29.33341667,80.08469444,2024-08-24,16.0,4.0,5
5056,Danda_1,Uttarakhand,48,Champawat,29.15927778,80.10852778,2024-08-24,0.5,0.5,1
5057,Tanakpur_1,Uttarakhand,48,Champawat,29.07222222,80.1175,2024-08-24,1.0,0.5,2
5058,Chakrata,Uttarakhand,49,Dehradun,30.76115556,77.86502778,2024-08-24,9.0,3.5,3
5059,Yamuna Colony,Uttarakhand,49,Dehradun,30.33775278,78.03311667,2024-08-24,2574.5,336.5,8
5060,Roorkee_2,Uttarakhand,50,Haridwar,29.86771944,77.88415556,2024-08-24,671.0,336.0,2
5061,Haldwani_1,Uttarakhand,51,Nainital,29.214725,79.52400278,2024-08-24,1.0,0.5,2
5062,Nainital_1,Uttarakhand,51,Nainital,29.39530278,79.46232778,2024-08-24,51.0,51.0,1
5063,Dharchula_1,Uttarakhand,53,Pithoragarh,29.84825,80.54047222,2024-08-24,55.5,48.5,5
5064,Pithoragarh,Uttarakhand,53,Pithoragarh,29.57938889,80.21886111,2024-08-24,1.0,1.0,1
5065,Basukedar,Uttarakhand,54,Rudraprayag,30.43919444,79.05633333,2024-08-24,15.0,6.0,8
5066,Sonprayag_1,Uttarakhand,54,Rudraprayag,30.63547222,78.99941667,2024-08-24,4.0,3.5,2
5067,Kempty,Uttarakhand,55,Tehri Garhwal,30.49075,78.04738889,2024-08-24,8.0,2.5,8
5068,Haripura_2,Uttarakhand,56,UDHAM SINGH NAGAR,29.13151944,79.25965556,2024-08-24,33.0,33.0,1
5069,Sitarganj_1,Uttarakhand,56,UDHAM SINGH NAGAR,28.92971389,79.703,2024-08-24,1.5,0.5,3
5070,Lamgara,Uttarakhand,45,Almora,29.53866667,79.74994444,2024-08-25,0.5,0.5,1
5071,Kapkot (Saryu),Uttarakhand,46,Bageshwar,29.94516667,79.9025,2024-08-25,1.0,0.5,2
5072,Gairsain (Ramganga),Uttarakhand,47,Chamoli,30.045,79.2855,2024-08-25,41.0,2.0,26
5073,Champawat_1,Uttarakhand,48,Champawat,29.33341667,80.08469444,2024-08-25,0.5,0.5,1
5074,Yamuna Colony,Uttarakhand,49,Dehradun,30.33775278,78.03311667,2024-08-25,1684.0,354.5,5
5075,Bhagwanpur_1,Uttarakhand,50,Haridwar,29.93567778,77.80170611,2024-08-25,0.5,0.5,1
5076,Haldwani_1,Uttarakhand,51,Nainital,29.214725,79.52400278,2024-08-25,0.5,0.5,1
5077,Dharchula_1,Uttarakhand,53,Pithoragarh,29.84825,80.54047222,2024-08-25,26.5,15.5,3
5078,Pithoragarh,Uttarakhand,53,Pithoragarh,29.57938889,80.21886111,2024-08-25,2.0,1.5,2
5079,Basukedar,Uttarakhand,54,Rudraprayag,30.43919444,79.05633333,2024-08-25,2.5,1.0,4
5080,Sonprayag_1,Uttarakhand,54,Rudraprayag,30.63547222,78.99941667,2024-08-25,-65.5,-65.5,1
5081,Kempty,Uttarakhand,55,Tehri Garhwal,30.49075,78.04738889,2024-08-25,1.0,1.0,1
5082,Haripura_2,Uttarakhand,56,UDHAM SINGH NAGAR,29.13151944,79.25965556,2024-08-25,353.0,353.0,1
5083,Sitarganj_1,Uttarakhand,56,UDHAM SINGH NAGAR,28.92971389,79.703,2024-08-25,2.5,2.5,1
5084,Tumaria,Uttarakhand,56,UDHAM SINGH NAGAR,29.30704722,78.93133056,2024-08-25,0.5,0.5,1
5085,Gairsain (Ramganga),Uttarakhand,47,Chamoli,30.045,79.2855,2024-08-26,5.5,1.5,4
5086,Champawat_1,Uttarakhand,48,Champawat,29.33341667,80.08469444,2024-08-26,2.0,1.0,2
5087,Tanakpur_1,Uttarakhand,48,Champawat,29.07222222,80.1175,2024-08-26,1.0,0.5,2
5088,Chakrata,Uttarakhand,49,Dehradun,30.76115556,77.86502778,2024-08-26,5.5,5.0,2
5089,Yamuna Colony,Uttarakhand,49,Dehradun,30.33775278,78.03311667,2024-08-26,1313.5,346.5,4
5090,Dharchula_1,Uttarakhand,53,Pithoragarh,29.84825,80.54047222,2024-08-26,0.5,0.5,1
5091,Basukedar,Uttarakhand,54,Rudraprayag,30.43919444,79.05633333,2024-08-26,15.0,5.0,6
5092,Chandranagar_1,Uttarakhand,54,Rudraprayag,30.41541667,79.06208333,2024-08-26,1.0,0.5,2
5093,Kempty,Uttarakhand,55,Tehri Garhwal,30.49075,78.04738889,2024-08-26,20.5,12.5,4
5094,Haripura_2,Uttarakhand,56,UDHAM SINGH NAGAR,29.13151944,79.25965556,2024-08-26,15.0,15.0,1
5095,Sitarganj_1,Uttarakhand,56,UDHAM SINGH NAGAR,28.92971389,79.703,2024-08-26,1.0,1.0,1
5096,Kapkot (Saryu),Uttarakhand,46,Bageshwar,29.94516667,79.9025,2024-08-27,1.0,0.5,2
5097,Gairsain (Ramganga),Uttarakhand,47,Chamoli,30.045,79.2855,2024-08-27,17.0,2.5,9
5098,Champawat_1,Uttarakhand,48,Champawat,29.33341667,80.08469444,2024-08-27,389.0,384.0,3
5099,Chakrata,Uttarakhand,49,Dehradun,30.76115556,77.86502778,2024-08-27,6.0,5.5,2
5100,Yamuna Colony,Uttarakhand,49,Dehradun,30.33775278,78.03311667,2024-08-27,3267.5,354.5,10
5101,Bahadarabad,Uttarakhand,50,Haridwar,29.92380278,78.03671389,2024-08-27,0.5,0.5,1
5102,Roorkee_2,Uttarakhand,50,Haridwar,29.86771944,77.88415556,2024-08-27,2104.5,365.0,7
5103,Haldwani_1,Uttarakhand,51,Nainital,29.214725,79.52400278,2024-08-27,4.0,2.0,2
5104,Dugadda (Khoh),Uttarakhand,52,PAURI GARHWAL,29.75108333,78.52341667,2024-08-27,1.0,0.5,2
5105,Srinagar_2,Uttarakhand,52,PAURI GARHWAL,30.23581944,78.81720278,2024-08-27,0.5,0.5,1
5106,Basukedar,Uttarakhand,54,Rudraprayag,30.43919444,79.05633333,2024-08-27,5.0,2.5,2
5107,Kempty,Uttarakhand,55,Tehri Garhwal,30.49075,78.04738889,2024-08-27,14.5,6.0,6
5108,Haripura_2,Uttarakhand,56,UDHAM SINGH NAGAR,29.13151944,79.25965556,2024-08-27,0.5,0.5,1
5109,Sitarganj_1,Uttarakhand,56,UDHAM SINGH NAGAR,28.92971389,79.703,2024-08-27,2.0,1.0,2
5110,Joshiyara,Uttarakhand,57,Uttarkashi,30.73122222,78.42733333,2024-08-27,1.0,0.5,2
5111,Kapkot (Saryu),Uttarakhand,46,Bageshwar,29.94516667,79.9025,2024-08-28,0.5,0.5,1
5112,Champawat_1,Uttarakhand,48,Champawat,29.33341667,80.08469444,2024-08-28,2.0,1.5,2
5113,Chakrata,Uttarakhand,49,Dehradun,30.76115556,77.86502778,2024-08-28,15.0,5.0,5
5114,Yamuna Colony,Uttarakhand,49,Dehradun,30.33775278,78.03311667,2024-08-28,637.5,319.0,2
5115,Roorkee_2,Uttarakhand,50,Haridwar,29.86771944,77.88415556,2024-08-28,1021.0,342.0,3
5116,Haldwani_1,Uttarakhand,51,Nainital,29.214725,79.52400278,2024-08-28,3.0,2.0,3
5117,Dharchula_1,Uttarakhand,53,Pithoragarh,29.84825,80.54047222,2024-08-28,6.5,3.0,3
5118,Pithoragarh,Uttarakhand,53,Pithoragarh,29.57938889,80.21886111,2024-08-28,6.5,2.5,5
5119,Basukedar,Uttarakhand,54,Rudraprayag,30.43919444,79.05633333,2024-08-28,39.0,12.5,8
5120,Kempty,Uttarakhand,55,Tehri Garhwal,30.49075,78.04738889,2024-08-28,35.0,21.0,6
5121,Sitarganj_1,Uttarakhand,56,UDHAM SINGH NAGAR,28.92971389,79.703,2024-08-28,16.5,9.5,3
5122,Joshiyara,Uttarakhand,57,Uttarkashi,30.73122222,78.42733333,2024-08-28,2.5,0.5,5
5123,Khati_1,Uttarakhand,46,Bageshwar,30.11019722,79.94055833,2024-08-29,1.0,0.5,2
5124,Gairsain (Ramganga),Uttarakhand,47,Chamoli,30.045,79.2855,2024-08-29,1.0,0.5,2
5125,Chakrata,Uttarakhand,49,Dehradun,30.76115556,77.86502778,2024-08-29,12.0,4.0,6
5126,Yamuna Colony,Uttarakhand,49,Dehradun,30.33775278,78.03311667,2024-08-29,1302.0,346.5,4
5127,Bahadarabad,Uttarakhand,50,Haridwar,29.92380278,78.03671389,2024-08-29,20.0,11.0,4
5128,Manglaur_1,Uttarakhand,50,Haridwar,29.78567778,77.86368889,2024-08-29,305.0,288.0,11
5129,Roorkee_2,Uttarakhand,50,Haridwar,29.86771944,77.88415556,2024-08-29,2.5,1.5,2
5130,Haldwani_1,Uttarakhand,51,Nainital,29.214725,79.52400278,2024-08-29,1.0,0.5,2
5131,Srinagar_2,Uttarakhand,52,PAURI GARHWAL,30.23581944,78.81720278,2024-08-29,11.0,4.0,4
5132,Dharchula_1,Uttarakhand,53,Pithoragarh,29.84825,80.54047222,2024-08-29,7.5,4.5,6
5133,Pithoragarh,Uttarakhand,53,Pithoragarh,29.57938889,80.21886111,2024-08-29,5.0,4.5,2
5134,Basukedar,Uttarakhand,54,Rudraprayag,30.43919444,79.05633333,2024-08-29,13.0,7.0,4
5135,Kempty,Uttarakhand,55,Tehri Garhwal,30.49075,78.04738889,2024-08-29,6.0,2.5,4
5136,Gadarpur,Uttarakhand,56,UDHAM SINGH NAGAR,29.04324167,79.24461944,2024-08-29,28.5,26.5,5
5137,Haripura_2,Uttarakhand,56,UDHAM SINGH NAGAR,29.13151944,79.25965556,2024-08-29,20.0,20.0,1
5138,Sitarganj_1,Uttarakhand,56,UDHAM SINGH NAGAR,28.92971389,79.703,2024-08-29,4.0,2.5,2
5139,Tumaria,Uttarakhand,56,UDHAM SINGH NAGAR,29.30704722,78.93133056,2024-08-29,36.5,16.5,5
5140,Joshiyara,Uttarakhand,57,Uttarkashi,30.73122222,78.42733333,2024-08-29,4.5,0.5,9
5141,Lamgara,Uttarakhand,45,Almora,29.53866667,79.74994444,2024-08-30,73.0,72.0,3
5142,Kapkot (Saryu),Uttarakhand,46,Bageshwar,29.94516667,79.9025,2024-08-30,1.0,0.5,2
5143,Gairsain (Ramganga),Uttarakhand,47,Chamoli,30.045,79.2855,2024-08-30,7.0,1.0,8
5144,Champawat_1,Uttarakhand,48,Champawat,29.33341667,80.08469444,2024-08-30,2.0,1.0,2
5145,Yamuna Colony,Uttarakhand,49,Dehradun,30.33775278,78.03311667,2024-08-30,2015.5,354.5,6
5146,Roorkee_2,Uttarakhand,50,Haridwar,29.86771944,77.88415556,2024-08-30,361.5,361.5,1
5147,Dharchula_1,Uttarakhand,53,Pithoragarh,29.84825,80.54047222,2024-08-30,49.5,19.0,6
5148,Pithoragarh,Uttarakhand,53,Pithoragarh,29.57938889,80.21886111,2024-08-30,7.0,4.5,3
5149,Basukedar,Uttarakhand,54,Rudraprayag,30.43919444,79.05633333,2024-08-30,12.0,5.0,4
5150,Sitarganj_1,Uttarakhand,56,UDHAM SINGH NAGAR,28.92971389,79.703,2024-08-30,27.0,13.5,2
5151,Joshiyara,Uttarakhand,57,Uttarkashi,30.73122222,78.42733333,2024-08-30,1.0,0.5,2
5152,Purola_1,Uttarakhand,57,Uttarkashi,30.91291667,78.10388889,2024-08-30,240.0,240.0,1
5153,Kapkot (Saryu),Uttarakhand,46,Bageshwar,29.94516667,79.9025,2024-08-31,1.0,0.5,2
5154,Yamuna Colony,Uttarakhand,49,Dehradun,30.33775278,78.03311667,2024-08-31,1724.0,355.0,5
5155,Roorkee_2,Uttarakhand,50,Haridwar,29.86771944,77.88415556,2024-08-31,345.0,345.0,1
5156,Virbhadra,Uttarakhand,52,PAURI GARHWAL,30.07444444,78.29047222,2024-08-31,1.0,1.0,1
5157,Sonprayag_1,Uttarakhand,54,Rudraprayag,30.63547222,78.99941667,2024-08-31,-73.5,-73.5,1
5158,Joshiyara,Uttarakhand,57,Uttarkashi,30.73122222,78.42733333,2024-08-31,1.5,0.5,3
5159,Yamuna Colony,Uttarakhand,49,Dehradun,30.33775278,78.03311667,2024-09-01,653.0,327.0,2
5160,Bahadarabad,Uttarakhand,50,Haridwar,29.92380278,78.03671389,2024-09-01,154.0,128.0,5
5161,Roorkee_2,Uttarakhand,50,Haridwar,29.86771944,77.88415556,2024-09-01,711.5,367.5,2
5162,Gola_1,Uttarakhand,51,Nainital,29.27136111,79.54743333,2024-09-01,9.0,9.0,1
5163,Haldwani_1,Uttarakhand,51,Nainital,29.214725,79.52400278,2024-09-01,25.0,12.5,2
5164,Dharchula_1,Uttarakhand,53,Pithoragarh,29.84825,80.54047222,2024-09-01,56.0,16.0,12
5165,Basukedar,Uttarakhand,54,Rudraprayag,30.43919444,79.05633333,2024-09-01,44.0,13.0,6
5166,Sonprayag_1,Uttarakhand,54,Rudraprayag,30.63547222,78.99941667,2024-09-01,0.5,0.5,1
5167,Haripura_2,Uttarakhand,56,UDHAM SINGH NAGAR,29.13151944,79.25965556,2024-09-01,86.5,85.0,2
5168,Sitarganj_1,Uttarakhand,56,UDHAM SINGH NAGAR,28.92971389,79.703,2024-09-01,3.0,1.5,2
5169,Joshiyara,Uttarakhand,57,Uttarkashi,30.73122222,78.42733333,2024-09-01,2.0,0.5,4
5170,Purola_1,Uttarakhand,57,Uttarkashi,30.91291667,78.10388889,2024-09-01,375.5,375.5,1
5171,Baijnath (Gomti),Uttarakhand,46,Bageshwar,29.90822222,79.61769444,2024-09-02,16.5,7.5,6
5172,Kapkot (Saryu),Uttarakhand,46,Bageshwar,29.94516667,79.9025,2024-09-02,1.0,0.5,2
5173,Gairsain (Ramganga),Uttarakhand,47,Chamoli,30.045,79.2855,2024-09-02,29.0,3.5,11
5174,Champawat_1,Uttarakhand,48,Champawat,29.33341667,80.08469444,2024-09-02,19.0,3.5,12
5175,Chakrata,Uttarakhand,49,Dehradun,30.76115556,77.86502778,2024-09-02,36.5,9.0,10
5176,Dakpathar,Uttarakhand,49,Dehradun,30.49866667,77.79744444,2024-09-02,23.0,23.0,1
5177,Yamuna Colony,Uttarakhand,49,Dehradun,30.33775278,78.03311667,2024-09-02,637.0,320.0,2
5178,Roorkee_2,Uttarakhand,50,Haridwar,29.86771944,77.88415556,2024-09-02,1902.0,511.5,5
5179,Dugadda (Khoh),Uttarakhand,52,PAURI GARHWAL,29.75108333,78.52341667,2024-09-02,1.0,0.5,2
5180,Dharchula_1,Uttarakhand,53,Pithoragarh,29.84825,80.54047222,2024-09-02,83.0,19.0,15
5181,Pithoragarh,Uttarakhand,53,Pithoragarh,29.57938889,80.21886111,2024-09-02,9.5,3.0,6
5182,Basukedar,Uttarakhand,54,Rudraprayag,30.43919444,79.05633333,2024-09-02,79.0,11.5,24
5183,Kempty,Uttarakhand,55,Tehri Garhwal,30.49075,78.04738889,2024-09-02,33.5,5.0,15
5184,Joshiyara,Uttarakhand,57,Uttarkashi,30.73122222,78.42733333,2024-09-02,3.0,0.5,6
5185,Lamgara,Uttarakhand,45,Almora,29.53866667,79.74994444,2024-09-03,2.0,0.5,4
5186,Baijnath (Gomti),Uttarakhand,46,Bageshwar,29.90822222,79.61769444,2024-09-03,1.0,1.0,1
5187,Gairsain (Ramganga),Uttarakhand,47,Chamoli,30.045,79.2855,2024-09-03,0.5,0.5,1
5188,Danda_1,Uttarakhand,48,Champawat,29.15927778,80.10852778,2024-09-03,144.0,144.0,1
5189,Chakrata,Uttarakhand,49,Dehradun,30.76115556,77.86502778,2024-09-03,0.5,0.5,1
5190,Bahadarabad,Uttarakhand,50,Haridwar,29.92380278,78.03671389,2024-09-03,56.0,27.0,6
5191,Roorkee_2,Uttarakhand,50,Haridwar,29.86771944,77.88415556,2024-09-03,370.5,359.5,5
5192,Nainital_1,Uttarakhand,51,Nainital,29.39530278,79.46232778,2024-09-03,0.5,0.5,1
5193,Srinagar_2,Uttarakhand,52,PAURI GARHWAL,30.23581944,78.81720278,2024-09-03,5.0,3.0,2
5194,Dharchula_1,Uttarakhand,53,Pithoragarh,29.84825,80.54047222,2024-09-03,39.0,14.0,4
5195,Pithoragarh,Uttarakhand,53,Pithoragarh,29.57938889,80.21886111,2024-09-03,4.0,2.5,2
5196,Basukedar,Uttarakhand,54,Rudraprayag,30.43919444,79.05633333,2024-09-03,102.5,23.5,19
5197,Kempty,Uttarakhand,55,Tehri Garhwal,30.49075,78.04738889,2024-09-03,27.0,5.5,10
5198,Gadarpur,Uttarakhand,56,UDHAM SINGH NAGAR,29.04324167,79.24461944,2024-09-03,12.0,6.0,2
5199,Haripura_2,Uttarakhand,56,UDHAM SINGH NAGAR,29.13151944,79.25965556,2024-09-03,1.0,1.0,1
5200,Joshiyara,Uttarakhand,57,Uttarkashi,30.73122222,78.42733333,2024-09-03,5.0,1.5,8
5201,Lamgara,Uttarakhand,45,Almora,29.53866667,79.74994444,2024-09-04,1.0,0.5,2
5202,Champawat_1,Uttarakhand,48,Champawat,29.33341667,80.08469444,2024-09-04,2.0,1.0,2
5203,Danda_1,Uttarakhand,48,Champawat,29.15927778,80.10852778,2024-09-04,6.0,5.0,3
5204,Chakrata,Uttarakhand,49,Dehradun,30.76115556,77.86502778,2024-09-04,6.0,2.5,4
5205,Bahadarabad,Uttarakhand,50,Haridwar,29.92380278,78.03671389,2024-09-04,18.0,5.0,9
5206,Khanpur_5,Uttarakhand,50,Haridwar,29.641375,78.00678611,2024-09-04,20.0,8.5,4
5207,Manglaur_1,Uttarakhand,50,Haridwar,29.78567778,77.86368889,2024-09-04,13.0,9.0,5
5208,Roorkee_2,Uttarakhand,50,Haridwar,29.86771944,77.88415556,2024-09-04,17.5,4.0,7
5209,Nainital_1,Uttarakhand,51,Nainital,29.39530278,79.46232778,2024-09-04,-193.5,298.0,2
5210,Srinagar_2,Uttarakhand,52,PAURI GARHWAL,30.23581944,78.81720278,2024-09-04,16.5,3.5,6
5211,Dharchula_1,Uttarakhand,53,Pithoragarh,29.84825,80.54047222,2024-09-04,1.5,1.0,2
5212,Kempty,Uttarakhand,55,Tehri Garhwal,30.49075,78.04738889,2024-09-04,23.5,4.5,15
5213,Gadarpur,Uttarakhand,56,UDHAM SINGH NAGAR,29.04324167,79.24461944,2024-09-04,43.0,9.0,12
5214,Haripura_2,Uttarakhand,56,UDHAM SINGH NAGAR,29.13151944,79.25965556,2024-09-04,65.0,30.0,8
5215,Sitarganj_1,Uttarakhand,56,UDHAM SINGH NAGAR,28.92971389,79.703,2024-09-04,1.0,0.5,2
5216,Tumaria,Uttarakhand,56,UDHAM SINGH NAGAR,29.30704722,78.93133056,2024-09-04,5.0,1.5,4
5217,Joshiyara,Uttarakhand,57,Uttarkashi,30.73122222,78.42733333,2024-09-04,3.5,0.5,7
5218,Kapkot (Saryu),Uttarakhand,46,Bageshwar,29.94516667,79.9025,2024-09-05,1.0,0.5,2
5219,Gairsain (Ramganga),Uttarakhand,47,Chamoli,30.045,79.2855,2024-09-05,1.5,1.0,2
5220,Bhagwanpur_1,Uttarakhand,50,Haridwar,29.93567778,77.80170611,2024-09-05,0.5,0.5,1
5221,Roorkee_2,Uttarakhand,50,Haridwar,29.86771944,77.88415556,2024-09-05,325.0,325.0,1
5222,Nainital_1,Uttarakhand,51,Nainital,29.39530278,79.46232778,2024-09-05,352.0,352.0,1
5223,Yamkeshwar,Uttarakhand,52,PAURI GARHWAL,29.96130556,78.44086111,2024-09-05,17.0,17.0,1
5224,Dharchula_1,Uttarakhand,53,Pithoragarh,29.84825,80.54047222,2024-09-05,21.5,16.5,3
5225,Pithoragarh,Uttarakhand,53,Pithoragarh,29.57938889,80.21886111,2024-09-05,4.5,2.0,3
5226,Kempty,Uttarakhand,55,Tehri Garhwal,30.49075,78.04738889,2024-09-05,1.0,0.5,2
5227,Joshiyara,Uttarakhand,57,Uttarkashi,30.73122222,78.42733333,2024-09-05,2.5,0.5,5
5228,Gairsain (Ramganga),Uttarakhand,47,Chamoli,30.045,79.2855,2024-09-06,10.0,2.0,7
5229,Danda_1,Uttarakhand,48,Champawat,29.15927778,80.10852778,2024-09-06,16.0,10.0,2
5230,Yamuna Colony,Uttarakhand,49,Dehradun,30.33775278,78.03311667,2024-09-06,313.5,313.5,1
5231,Bahadarabad,Uttarakhand,50,Haridwar,29.92380278,78.03671389,2024-09-06,1.0,0.5,2
5232,Khanpur_5,Uttarakhand,50,Haridwar,29.641375,78.00678611,2024-09-06,1.0,0.5,2
5233,Manglaur_1,Uttarakhand,50,Haridwar,29.78567778,77.86368889,2024-09-06,17.0,6.0,4
5234,Roorkee_2,Uttarakhand,50,Haridwar,29.86771944,77.88415556,2024-09-06,1223.5,511.5,7
5235,Haldwani_1,Uttarakhand,51,Nainital,29.214725,79.52400278,2024-09-06,1.0,0.5,2
5236,Nainital_1,Uttarakhand,51,Nainital,29.39530278,79.46232778,2024-09-06,2.0,1.0,3
5237,Dugadda (Khoh),Uttarakhand,52,PAURI GARHWAL,29.75108333,78.52341667,2024-09-06,1.0,0.5,2
5238,Srinagar_2,Uttarakhand,52,PAURI GARHWAL,30.23581944,78.81720278,2024-09-06,11.0,8.0,2
5239,Dharchula_1,Uttarakhand,53,Pithoragarh,29.84825,80.54047222,2024-09-06,8.0,4.0,3
5240,Nachni,Uttarakhand,53,Pithoragarh,29.90594444,80.16097222,2024-09-06,24.0,11.0,5
5241,Pithoragarh,Uttarakhand,53,Pithoragarh,29.57938889,80.21886111,2024-09-06,7.5,5.0,3
5242,Basukedar,Uttarakhand,54,Rudraprayag,30.43919444,79.05633333,2024-09-06,19.0,6.5,6
5243,Chandranagar_1,Uttarakhand,54,Rudraprayag,30.41541667,79.06208333,2024-09-06,1.0,0.5,2
5244,Kempty,Uttarakhand,55,Tehri Garhwal,30.49075,78.04738889,2024-09-06,7.5,1.5,9
5245,Gadarpur,Uttarakhand,56,UDHAM SINGH NAGAR,29.04324167,79.24461944,2024-09-06,1.0,0.5,2
5246,Haripura_2,Uttarakhand,56,UDHAM SINGH NAGAR,29.13151944,79.25965556,2024-09-06,0.5,0.5,1
5247,Tumaria,Uttarakhand,56,UDHAM SINGH NAGAR,29.30704722,78.93133056,2024-09-06,22.0,9.5,6
5248,Joshiyara,Uttarakhand,57,Uttarkashi,30.73122222,78.42733333,2024-09-06,3.0,0.5,6
5249,Lamgara,Uttarakhand,45,Almora,29.53866667,79.74994444,2024-09-07,2.0,0.5,4
5250,Khati_1,Uttarakhand,46,Bageshwar,30.11019722,79.94055833,2024-09-07,1.0,0.5,2
5251,Gairsain (Ramganga),Uttarakhand,47,Chamoli,30.045,79.2855,2024-09-07,1.5,0.5,3
5252,Bahadarabad,Uttarakhand,50,Haridwar,29.92380278,78.03671389,2024-09-07,1.0,0.5,2
5253,Roorkee_2,Uttarakhand,50,Haridwar,29.86771944,77.88415556,2024-09-07,356.5,356.5,1
5254,Yamkeshwar,Uttarakhand,52,PAURI GARHWAL,29.96130556,78.44086111,2024-09-07,289.5,289.5,1
5255,Nachni,Uttarakhand,53,Pithoragarh,29.90594444,80.16097222,2024-09-07,15.0,14.5,2
5256,Kempty,Uttarakhand,55,Tehri Garhwal,30.49075,78.04738889,2024-09-07,1.0,0.5,2
5257,Tumaria,Uttarakhand,56,UDHAM SINGH NAGAR,29.30704722,78.93133056,2024-09-07,7.0,2.0,4
5258,Joshiyara,Uttarakhand,57,Uttarkashi,30.73122222,78.42733333,2024-09-07,3.0,0.5,6
5259,Lamgara,Uttarakhand,45,Almora,29.53866667,79.74994444,2024-09-08,1.5,0.5,3
5260,Baijnath (Gomti),Uttarakhand,46,Bageshwar,29.90822222,79.61769444,2024-09-08,29.0,19.0,4
5261,Gairsain (Ramganga),Uttarakhand,47,Chamoli,30.045,79.2855,2024-09-08,15.5,1.5,13
5262,Chakrata,Uttarakhand,49,Dehradun,30.76115556,77.86502778,2024-09-08,0.5,0.5,1
5263,Haldwani_1,Uttarakhand,51,Nainital,29.214725,79.52400278,2024-09-08,17.0,7.0,4
5264,Yamkeshwar,Uttarakhand,52,PAURI GARHWAL,29.96130556,78.44086111,2024-09-08,260.0,260.0,1
5265,Dharchula_1,Uttarakhand,53,Pithoragarh,29.84825,80.54047222,2024-09-08,37.5,28.0,6
5266,Nachni,Uttarakhand,53,Pithoragarh,29.90594444,80.16097222,2024-09-08,14.0,6.5,5
5267,Pithoragarh,Uttarakhand,53,Pithoragarh,29.57938889,80.21886111,2024-09-08,33.0,21.0,3
5268,Kempty,Uttarakhand,55,Tehri Garhwal,30.49075,78.04738889,2024-09-08,6.0,1.5,6
5269,Haripura_2,Uttarakhand,56,UDHAM SINGH NAGAR,29.13151944,79.25965556,2024-09-08,3.0,3.0,1
5270,Joshiyara,Uttarakhand,57,Uttarkashi,30.73122222,78.42733333,2024-09-08,3.5,0.5,7
5271,Kapkot (Saryu),Uttarakhand,46,Bageshwar,29.94516667,79.9025,2024-09-09,1.0,0.5,2
5272,Gairsain (Ramganga),Uttarakhand,47,Chamoli,30.045,79.2855,2024-09-09,19.5,4.0,8
5273,Yamuna Colony,Uttarakhand,49,Dehradun,30.33775278,78.03311667,2024-09-09,318.0,318.0,1
5274,Roorkee_2,Uttarakhand,50,Haridwar,29.86771944,77.88415556,2024-09-09,341.0,341.0,1
5275,Nainital_1,Uttarakhand,51,Nainital,29.39530278,79.46232778,2024-09-09,15.5,14.5,2
5276,Dharchula_1,Uttarakhand,53,Pithoragarh,29.84825,80.54047222,2024-09-09,23.5,13.5,2
5277,Nachni,Uttarakhand,53,Pithoragarh,29.90594444,80.16097222,2024-09-09,14.5,12.0,3
5278,Basukedar,Uttarakhand,54,Rudraprayag,30.43919444,79.05633333,2024-09-09,1.0,0.5,2
5279,Chandranagar_1,Uttarakhand,54,Rudraprayag,30.41541667,79.06208333,2024-09-09,1.0,0.5,2
5280,Kempty,Uttarakhand,55,Tehri Garhwal,30.49075,78.04738889,2024-09-09,1.0,0.5,2
5281,Haripura_2,Uttarakhand,56,UDHAM SINGH NAGAR,29.13151944,79.25965556,2024-09-09,15.0,10.0,2
5282,Joshiyara,Uttarakhand,57,Uttarkashi,30.73122222,78.42733333,2024-09-09,2.5,0.5,5
5283,Lamgara,Uttarakhand,45,Almora,29.53866667,79.74994444,2024-09-10,1.0,0.5,2
5284,Gairsain (Ramganga),Uttarakhand,47,Chamoli,30.045,79.2855,2024-09-10,25.5,6.0,5
5285,Chakrata,Uttarakhand,49,Dehradun,30.76115556,77.86502778,2024-09-10,5.0,2.0,3
5286,Yamuna Colony,Uttarakhand,49,Dehradun,30.33775278,78.03311667,2024-09-10,310.0,310.0,1
5287,Bahadarabad,Uttarakhand,50,Haridwar,29.92380278,78.03671389,2024-09-10,8.0,1.5,8
5288,Khanpur_5,Uttarakhand,50,Haridwar,29.641375,78.00678611,2024-09-10,2.0,1.0,2
5289,Manglaur_1,Uttarakhand,50,Haridwar,29.78567778,77.86368889,2024-09-10,15.0,4.0,10
5290,Roorkee_2,Uttarakhand,50,Haridwar,29.86771944,77.88415556,2024-09-10,413.5,331.5,10
5291,Srinagar_2,Uttarakhand,52,PAURI GARHWAL,30.23581944,78.81720278,2024-09-10,70.5,38.0,7
5292,Dharchula_1,Uttarakhand,53,Pithoragarh,29.84825,80.54047222,2024-09-10,64.0,64.0,1
5293,Pithoragarh,Uttarakhand,53,Pithoragarh,29.57938889,80.21886111,2024-09-10,0.5,0.5,1
5294,Kempty,Uttarakhand,55,Tehri Garhwal,30.49075,78.04738889,2024-09-10,7.5,1.5,7
5295,Haripura_2,Uttarakhand,56,UDHAM SINGH NAGAR,29.13151944,79.25965556,2024-09-10,-156.0,-156.0,1
5296,Joshiyara,Uttarakhand,57,Uttarkashi,30.73122222,78.42733333,2024-09-10,4.0,0.5,8
5297,Lamgara,Uttarakhand,45,Almora,29.53866667,79.74994444,2024-09-11,2.0,0.5,4
5298,Kapkot (Saryu),Uttarakhand,46,Bageshwar,29.94516667,79.9025,2024-09-11,1.0,0.5,2
5299,Gairsain (Ramganga),Uttarakhand,47,Chamoli,30.045,79.2855,2024-09-11,7.5,1.5,7
5300,Champawat_1,Uttarakhand,48,Champawat,29.33341667,80.08469444,2024-09-11,14.5,10.5,3
5301,Tanakpur_1,Uttarakhand,48,Champawat,29.07222222,80.1175,2024-09-11,1.0,0.5,2
5302,Chakrata,Uttarakhand,49,Dehradun,30.76115556,77.86502778,2024-09-11,1.0,0.5,2
5303,Yamuna Colony,Uttarakhand,49,Dehradun,30.33775278,78.03311667,2024-09-11,701.0,352.5,2
5304,Nainital_1,Uttarakhand,51,Nainital,29.39530278,79.46232778,2024-09-11,0.5,0.5,1
5305,Yamkeshwar,Uttarakhand,52,PAURI GARHWAL,29.96130556,78.44086111,2024-09-11,-252.0,-252.0,1
5306,Dharchula_1,Uttarakhand,53,Pithoragarh,29.84825,80.54047222,2024-09-11,1.5,0.5,3
5307,Nachni,Uttarakhand,53,Pithoragarh,29.90594444,80.16097222,2024-09-11,4.5,3.0,3
5308,Pithoragarh,Uttarakhand,53,Pithoragarh,29.57938889,80.21886111,2024-09-11,0.5,0.5,1
5309,Basukedar,Uttarakhand,54,Rudraprayag,30.43919444,79.05633333,2024-09-11,10.0,5.0,2
5310,Kempty,Uttarakhand,55,Tehri Garhwal,30.49075,78.04738889,2024-09-11,14.0,3.5,4
5311,Gadarpur,Uttarakhand,56,UDHAM SINGH NAGAR,29.04324167,79.24461944,2024-09-11,1.0,0.5,2
5312,Joshiyara,Uttarakhand,57,Uttarkashi,30.73122222,78.42733333,2024-09-11,0.5,0.5,1
5313,Baijnath (Gomti),Uttarakhand,46,Bageshwar,29.90822222,79.61769444,2024-09-12,-90.5,169.5,18
5314,Champawat_1,Uttarakhand,48,Champawat,29.33341667,80.08469444,2024-09-12,140.5,15.0,22
5315,Tanakpur_1,Uttarakhand,48,Champawat,29.07222222,80.1175,2024-09-12,348.0,22.0,48
5316,Chakrata,Uttarakhand,49,Dehradun,30.76115556,77.86502778,2024-09-12,15.5,3.5,12
5317,Bahadarabad,Uttarakhand,50,Haridwar,29.92380278,78.03671389,2024-09-12,52.5,4.5,27
5318,Khanpur_5,Uttarakhand,50,Haridwar,29.641375,78.00678611,2024-09-12,11.0,3.0,8
5319,Manglaur_1,Uttarakhand,50,Haridwar,29.78567778,77.86368889,2024-09-12,46.0,6.0,26
5320,Roorkee_2,Uttarakhand,50,Haridwar,29.86771944,77.88415556,2024-09-12,22.0,6.5,9
5321,Haldwani_1,Uttarakhand,51,Nainital,29.214725,79.52400278,2024-09-12,338.5,33.5,43
5322,Mukteshwar_1,Uttarakhand,51,Nainital,29.47413889,79.65119444,2024-09-12,84.5,84.5,1
5323,Nainital_1,Uttarakhand,51,Nainital,29.39530278,79.46232778,2024-09-12,106.5,15.5,22
5324,Dugadda (Khoh),Uttarakhand,52,PAURI GARHWAL,29.75108333,78.52341667,2024-09-12,1.0,0.5,2
5325,Srinagar_2,Uttarakhand,52,PAURI GARHWAL,30.23581944,78.81720278,2024-09-12,23.0,6.5,12
5326,Yamkeshwar,Uttarakhand,52,PAURI GARHWAL,29.96130556,78.44086111,2024-09-12,492.0,492.0,1
5327,Dharchula_1,Uttarakhand,53,Pithoragarh,29.84825,80.54047222,2024-09-12,63.0,5.5,36
5328,Nachni,Uttarakhand,53,Pithoragarh,29.90594444,80.16097222,2024-09-12,31.5,4.0,16
5329,Pithoragarh,Uttarakhand,53,Pithoragarh,29.57938889,80.21886111,2024-09-12,103.5,23.5,23
5330,Basukedar,Uttarakhand,54,Rudraprayag,30.43919444,79.05633333,2024-09-12,46.0,3.0,35
5331,Kempty,Uttarakhand,55,Tehri Garhwal,30.49075,78.04738889,2024-09-12,38.0,3.5,24
5332,Gadarpur,Uttarakhand,56,UDHAM SINGH NAGAR,29.04324167,79.24461944,2024-09-12,289.0,25.5,46
5333,Haripura_2,Uttarakhand,56,UDHAM SINGH NAGAR,29.13151944,79.25965556,2024-09-12,80.0,13.5,20
5334,Sitarganj_1,Uttarakhand,56,UDHAM SINGH NAGAR,28.92971389,79.703,2024-09-12,91.5,19.5,18
5335,Tumaria,Uttarakhand,56,UDHAM SINGH NAGAR,29.30704722,78.93133056,2024-09-12,166.0,8.5,44
5336,Joshiyara,Uttarakhand,57,Uttarkashi,30.73122222,78.42733333,2024-09-12,3.0,0.5,6
5337,Lamgara,Uttarakhand,45,Almora,29.53866667,79.74994444,2024-09-13,1.5,0.5,3
5338,Baijnath (Gomti),Uttarakhand,46,Bageshwar,29.90822222,79.61769444,2024-09-13,54.0,12.0,13
5339,Champawat_1,Uttarakhand,48,Champawat,29.33341667,80.08469444,2024-09-13,230.0,34.0,18
5340,Tanakpur_1,Uttarakhand,48,Champawat,29.07222222,80.1175,2024-09-13,284.0,25.5,36
5341,Chakrata,Uttarakhand,49,Dehradun,30.76115556,77.86502778,2024-09-13,46.5,7.5,16
5342,Bahadarabad,Uttarakhand,50,Haridwar,29.92380278,78.03671389,2024-09-13,46.0,4.5,26
5343,Khanpur_5,Uttarakhand,50,Haridwar,29.641375,78.00678611,2024-09-13,15.0,6.5,6
5344,Manglaur_1,Uttarakhand,50,Haridwar,29.78567778,77.86368889,2024-09-13,74.0,8.0,30
5345,Roorkee_2,Uttarakhand,50,Haridwar,29.86771944,77.88415556,2024-09-13,34.5,8.5,13
5346,Haldwani_1,Uttarakhand,51,Nainital,29.214725,79.52400278,2024-09-13,316.5,23.0,44
5347,Nainital_1,Uttarakhand,51,Nainital,29.39530278,79.46232778,2024-09-13,82.0,10.5,23
5348,Srinagar_2,Uttarakhand,52,PAURI GARHWAL,30.23581944,78.81720278,2024-09-13,33.0,8.5,13
5349,Dharchula_1,Uttarakhand,53,Pithoragarh,29.84825,80.54047222,2024-09-13,64.0,5.5,30
5350,Nachni,Uttarakhand,53,Pithoragarh,29.90594444,80.16097222,2024-09-13,25.5,4.5,13
5351,Pithoragarh,Uttarakhand,53,Pithoragarh,29.57938889,80.21886111,2024-09-13,115.5,18.5,17
5352,Basukedar,Uttarakhand,54,Rudraprayag,30.43919444,79.05633333,2024-09-13,47.0,4.0,32
5353,Kempty,Uttarakhand,55,Tehri Garhwal,30.49075,78.04738889,2024-09-13,44.5,9.0,28
5354,Gadarpur,Uttarakhand,56,UDHAM SINGH NAGAR,29.04324167,79.24461944,2024-09-13,164.0,11.5,42
5355,Haripura_2,Uttarakhand,56,UDHAM SINGH NAGAR,29.13151944,79.25965556,2024-09-13,62.5,10.5,20
5356,Sitarganj_1,Uttarakhand,56,UDHAM SINGH NAGAR,28.92971389,79.703,2024-09-13,144.5,24.0,22
5357,Tumaria,Uttarakhand,56,UDHAM SINGH NAGAR,29.30704722,78.93133056,2024-09-13,133.0,6.0,40
5358,Joshiyara,Uttarakhand,57,Uttarkashi,30.73122222,78.42733333,2024-09-13,7.5,0.5,15
5359,Lamgara,Uttarakhand,45,Almora,29.53866667,79.74994444,2024-09-14,4.0,0.5,8
5360,Baijnath (Gomti),Uttarakhand,46,Bageshwar,29.90822222,79.61769444,2024-09-14,272.5,272.0,2
5361,Kapkot (Saryu),Uttarakhand,46,Bageshwar,29.94516667,79.9025,2024-09-14,1.0,0.5,2
5362,Champawat_1,Uttarakhand,48,Champawat,29.33341667,80.08469444,2024-09-14,16.0,9.0,4
5363,Tanakpur_1,Uttarakhand,48,Champawat,29.07222222,80.1175,2024-09-14,6.0,2.5,4
5364,Chakrata,Uttarakhand,49,Dehradun,30.76115556,77.86502778,2024-09-14,1.0,0.5,2
5365,Yamuna Colony,Uttarakhand,49,Dehradun,30.33775278,78.03311667,2024-09-14,326.5,326.5,1
5366,Bahadarabad,Uttarakhand,50,Haridwar,29.92380278,78.03671389,2024-09-14,1.0,0.5,2
5367,Khanpur_5,Uttarakhand,50,Haridwar,29.641375,78.00678611,2024-09-14,1.5,1.0,2
5368,Manglaur_1,Uttarakhand,50,Haridwar,29.78567778,77.86368889,2024-09-14,5.5,1.5,5
5369,Haldwani_1,Uttarakhand,51,Nainital,29.214725,79.52400278,2024-09-14,9.0,2.5,8
5370,Nainital_1,Uttarakhand,51,Nainital,29.39530278,79.46232778,2024-09-14,9.0,3.0,6
5371,Dugadda (Khoh),Uttarakhand,52,PAURI GARHWAL,29.75108333,78.52341667,2024-09-14,1.0,0.5,2
5372,Srinagar_2,Uttarakhand,52,PAURI GARHWAL,30.23581944,78.81720278,2024-09-14,1.0,0.5,2
5373,Yamkeshwar,Uttarakhand,52,PAURI GARHWAL,29.96130556,78.44086111,2024-09-14,372.0,169.0,3
5374,Pithoragarh,Uttarakhand,53,Pithoragarh,29.57938889,80.21886111,2024-09-14,0.5,0.5,1
5375,Basukedar,Uttarakhand,54,Rudraprayag,30.43919444,79.05633333,2024-09-14,1.0,0.5,2
5376,Kempty,Uttarakhand,55,Tehri Garhwal,30.49075,78.04738889,2024-09-14,258.5,257.0,4
5377,Gadarpur,Uttarakhand,56,UDHAM SINGH NAGAR,29.04324167,79.24461944,2024-09-14,3.0,0.5,6
5378,Haripura_2,Uttarakhand,56,UDHAM SINGH NAGAR,29.13151944,79.25965556,2024-09-14,2.0,1.0,3
5379,Sitarganj_1,Uttarakhand,56,UDHAM SINGH NAGAR,28.92971389,79.703,2024-09-14,1.0,0.5,2
5380,Tumaria,Uttarakhand,56,UDHAM SINGH NAGAR,29.30704722,78.93133056,2024-09-14,7.0,1.0,8
5381,Joshiyara,Uttarakhand,57,Uttarkashi,30.73122222,78.42733333,2024-09-14,5.0,0.5,10
5382,Yamuna Colony,Uttarakhand,49,Dehradun,30.33775278,78.03311667,2024-09-15,345.0,345.0,1
5383,Bahadarabad,Uttarakhand,50,Haridwar,29.92380278,78.03671389,2024-09-15,1.0,0.5,2
5384,Bhagwanpur_1,Uttarakhand,50,Haridwar,29.93567778,77.80170611,2024-09-15,0.5,0.5,1
5385,Khanpur_5,Uttarakhand,50,Haridwar,29.641375,78.00678611,2024-09-15,16.5,16.5,1
5386,Manglaur_1,Uttarakhand,50,Haridwar,29.78567778,77.86368889,2024-09-15,114.0,39.0,10
5387,Roorkee_2,Uttarakhand,50,Haridwar,29.86771944,77.88415556,2024-09-15,13.0,12.5,2
5388,Srinagar_2,Uttarakhand,52,PAURI GARHWAL,30.23581944,78.81720278,2024-09-15,19.5,11.5,3
5389,Dharchula_1,Uttarakhand,53,Pithoragarh,29.84825,80.54047222,2024-09-15,1.0,1.0,1
5390,Joshiyara,Uttarakhand,57,Uttarkashi,30.73122222,78.42733333,2024-09-15,4.0,0.5,8
5391,Baijnath (Gomti),Uttarakhand,46,Bageshwar,29.90822222,79.61769444,2024-09-16,320.0,320.0,1
5392,Khati_1,Uttarakhand,46,Bageshwar,30.11019722,79.94055833,2024-09-16,1.0,0.5,2
5393,Mukteshwar_1,Uttarakhand,51,Nainital,29.47413889,79.65119444,2024-09-16,40.0,20.0,2
5394,Nachni,Uttarakhand,53,Pithoragarh,29.90594444,80.16097222,2024-09-16,9.0,8.5,2
5395,Joshiyara,Uttarakhand,57,Uttarkashi,30.73122222,78.42733333,2024-09-16,3.0,0.5,6
5396,Lamgara,Uttarakhand,45,Almora,29.53866667,79.74994444,2024-09-17,4.0,0.5,8
5397,Baijnath (Gomti),Uttarakhand,46,Bageshwar,29.90822222,79.61769444,2024-09-17,29.0,6.0,10
5398,Gairsain (Ramganga),Uttarakhand,47,Chamoli,30.045,79.2855,2024-09-17,0.5,0.5,1
5399,Champawat_1,Uttarakhand,48,Champawat,29.33341667,80.08469444,2024-09-17,192.0,192.0,1
5400,Yamuna Colony,Uttarakhand,49,Dehradun,30.33775278,78.03311667,2024-09-17,304.0,304.0,1
5401,Mukteshwar_1,Uttarakhand,51,Nainital,29.47413889,79.65119444,2024-09-17,5.0,1.5,6
5402,Nainital_1,Uttarakhand,51,Nainital,29.39530278,79.46232778,2024-09-17,0.5,0.5,1
5403,Dharchula_1,Uttarakhand,53,Pithoragarh,29.84825,80.54047222,2024-09-17,10.0,8.0,3
5404,Nachni,Uttarakhand,53,Pithoragarh,29.90594444,80.16097222,2024-09-17,22.5,17.0,4
5405,Pithoragarh,Uttarakhand,53,Pithoragarh,29.57938889,80.21886111,2024-09-17,0.5,0.5,1
5406,Basukedar,Uttarakhand,54,Rudraprayag,30.43919444,79.05633333,2024-09-17,32.0,5.5,15
5407,Kempty,Uttarakhand,55,Tehri Garhwal,30.49075,78.04738889,2024-09-17,2.0,1.0,2
5408,Tumaria,Uttarakhand,56,UDHAM SINGH NAGAR,29.30704722,78.93133056,2024-09-17,7.0,3.5,2
5409,Joshiyara,Uttarakhand,57,Uttarkashi,30.73122222,78.42733333,2024-09-17,3.5,0.5,7
5410,Lamgara,Uttarakhand,45,Almora,29.53866667,79.74994444,2024-09-18,1.0,0.5,2
5411,Baijnath (Gomti),Uttarakhand,46,Bageshwar,29.90822222,79.61769444,2024-09-18,0.5,0.5,1
5412,Kapkot (Saryu),Uttarakhand,46,Bageshwar,29.94516667,79.9025,2024-09-18,32.0,14.0,4
5413,Chakrata,Uttarakhand,49,Dehradun,30.76115556,77.86502778,2024-09-18,16.0,4.5,10
5414,Bahadarabad,Uttarakhand,50,Haridwar,29.92380278,78.03671389,2024-09-18,7.0,0.5,14
5415,Khanpur_5,Uttarakhand,50,Haridwar,29.641375,78.00678611,2024-09-18,1.0,0.5,2
5416,Manglaur_1,Uttarakhand,50,Haridwar,29.78567778,77.86368889,2024-09-18,14.0,1.0,20
5417,Roorkee_2,Uttarakhand,50,Haridwar,29.86771944,77.88415556,2024-09-18,566.0,511.5,20
5418,Mukteshwar_1,Uttarakhand,51,Nainital,29.47413889,79.65119444,2024-09-18,2.0,0.5,4
5419,Srinagar_2,Uttarakhand,52,PAURI GARHWAL,30.23581944,78.81720278,2024-09-18,321.0,316.5,10
5420,Nachni,Uttarakhand,53,Pithoragarh,29.90594444,80.16097222,2024-09-18,0.5,0.5,1
5421,Basukedar,Uttarakhand,54,Rudraprayag,30.43919444,79.05633333,2024-09-18,3.0,1.5,2
5422,Kempty,Uttarakhand,55,Tehri Garhwal,30.49075,78.04738889,2024-09-18,16.5,2.5,17
5423,Joshiyara,Uttarakhand,57,Uttarkashi,30.73122222,78.42733333,2024-09-18,2.5,0.5,5
5424,Chakrata,Uttarakhand,49,Dehradun,30.76115556,77.86502778,2024-09-19,4.5,2.0,4
5425,Bahadarabad,Uttarakhand,50,Haridwar,29.92380278,78.03671389,2024-09-19,2.0,0.5,4
5426,Manglaur_1,Uttarakhand,50,Haridwar,29.78567778,77.86368889,2024-09-19,1.0,0.5,2
5427,Dugadda (Khoh),Uttarakhand,52,PAURI GARHWAL,29.75108333,78.52341667,2024-09-19,1.0,0.5,2
5428,Srinagar_2,Uttarakhand,52,PAURI GARHWAL,30.23581944,78.81720278,2024-09-19,0.5,0.5,1
5429,Chandranagar_1,Uttarakhand,54,Rudraprayag,30.41541667,79.06208333,2024-09-19,1.0,0.5,2
5430,Kempty,Uttarakhand,55,Tehri Garhwal,30.49075,78.04738889,2024-09-19,4.0,1.0,6
5431,Joshiyara,Uttarakhand,57,Uttarkashi,30.73122222,78.42733333,2024-09-19,3.5,0.5,7
5432,Yamuna Colony,Uttarakhand,49,Dehradun,30.33775278,78.03311667,2024-09-20,346.5,346.5,1
5433,Joshiyara,Uttarakhand,57,Uttarkashi,30.73122222,78.42733333,2024-09-20,2.0,0.5,4
5434,Roorkee_2,Uttarakhand,50,Haridwar,29.86771944,77.88415556,2024-09-21,333.5,333.5,1
5435,Mukteshwar_1,Uttarakhand,51,Nainital,29.47413889,79.65119444,2024-09-21,192.0,192.0,1
5436,Yamkeshwar,Uttarakhand,52,PAURI GARHWAL,29.96130556,78.44086111,2024-09-21,476.0,476.0,1
5437,Dharchula_1,Uttarakhand,53,Pithoragarh,29.84825,80.54047222,2024-09-21,76.0,72.5,2
5438,Nachni,Uttarakhand,53,Pithoragarh,29.90594444,80.16097222,2024-09-21,0.5,0.5,1
5439,Joshiyara,Uttarakhand,57,Uttarkashi,30.73122222,78.42733333,2024-09-21,1.5,0.5,3
5440,Roorkee_2,Uttarakhand,50,Haridwar,29.86771944,77.88415556,2024-09-22,340.0,340.0,1
5441,Dharchula_1,Uttarakhand,53,Pithoragarh,29.84825,80.54047222,2024-09-22,1.5,1.5,1
5442,Nachni,Uttarakhand,53,Pithoragarh,29.90594444,80.16097222,2024-09-22,11.0,8.5,6
5443,Gadarpur,Uttarakhand,56,UDHAM SINGH NAGAR,29.04324167,79.24461944,2024-09-22,193.5,193.5,1
5444,Joshiyara,Uttarakhand,57,Uttarkashi,30.73122222,78.42733333,2024-09-22,1.5,0.5,3
5445,Roorkee_2,Uttarakhand,50,Haridwar,29.86771944,77.88415556,2024-09-23,340.5,340.5,1
5446,Joshiyara,Uttarakhand,57,Uttarkashi,30.73122222,78.42733333,2024-09-23,1.5,0.5,3
5447,Lamgara,Uttarakhand,45,Almora,29.53866667,79.74994444,2024-09-24,0.5,0.5,1
5448,Kapkot (Saryu),Uttarakhand,46,Bageshwar,29.94516667,79.9025,2024-09-24,2.0,2.0,1
5449,Khati_1,Uttarakhand,46,Bageshwar,30.11019722,79.94055833,2024-09-24,0.5,0.5,1
5450,Yamuna Colony,Uttarakhand,49,Dehradun,30.33775278,78.03311667,2024-09-24,1010.5,363.5,3
5451,Mukteshwar_1,Uttarakhand,51,Nainital,29.47413889,79.65119444,2024-09-24,8.5,8.0,2
5452,Nachni,Uttarakhand,53,Pithoragarh,29.90594444,80.16097222,2024-09-24,13.0,6.0,4
5453,Basukedar,Uttarakhand,54,Rudraprayag,30.43919444,79.05633333,2024-09-24,1.0,0.5,2
5454,Joshiyara,Uttarakhand,57,Uttarkashi,30.73122222,78.42733333,2024-09-24,2.0,0.5,4
5455,Lamgara,Uttarakhand,45,Almora,29.53866667,79.74994444,2024-09-25,2.0,1.0,3
5456,Baijnath (Gomti),Uttarakhand,46,Bageshwar,29.90822222,79.61769444,2024-09-25,0.5,0.5,1
5457,Kapkot (Saryu),Uttarakhand,46,Bageshwar,29.94516667,79.9025,2024-09-25,446.5,325.5,7
5458,Champawat_1,Uttarakhand,48,Champawat,29.33341667,80.08469444,2024-09-25,0.5,0.5,1
5459,Danda_1,Uttarakhand,48,Champawat,29.15927778,80.10852778,2024-09-25,5.0,1.5,5
5460,Tanakpur_1,Uttarakhand,48,Champawat,29.07222222,80.1175,2024-09-25,52.5,30.5,7
5461,Yamuna Colony,Uttarakhand,49,Dehradun,30.33775278,78.03311667,2024-09-25,1013.5,351.0,3
5462,Mukteshwar_1,Uttarakhand,51,Nainital,29.47413889,79.65119444,2024-09-25,3.5,2.5,3
5463,Dharchula_1,Uttarakhand,53,Pithoragarh,29.84825,80.54047222,2024-09-25,14.0,14.0,1
5464,Nachni,Uttarakhand,53,Pithoragarh,29.90594444,80.16097222,2024-09-25,61.0,21.5,7
5465,Pithoragarh,Uttarakhand,53,Pithoragarh,29.57938889,80.21886111,2024-09-25,1.5,0.5,3
5466,Basukedar,Uttarakhand,54,Rudraprayag,30.43919444,79.05633333,2024-09-25,3.0,2.0,2
5467,Gadarpur,Uttarakhand,56,UDHAM SINGH NAGAR,29.04324167,79.24461944,2024-09-25,1.0,0.5,2
5468,Sitarganj_1,Uttarakhand,56,UDHAM SINGH NAGAR,28.92971389,79.703,2024-09-25,2.0,1.5,2
5469,Joshiyara,Uttarakhand,57,Uttarkashi,30.73122222,78.42733333,2024-09-25,1.5,0.5,3
5470,Lamgara,Uttarakhand,45,Almora,29.53866667,79.74994444,2024-09-26,64.0,63.0,3
5471,Baijnath (Gomti),Uttarakhand,46,Bageshwar,29.90822222,79.61769444,2024-09-26,51.5,14.5,8
5472,Kapkot (Saryu),Uttarakhand,46,Bageshwar,29.94516667,79.9025,2024-09-26,71.0,21.5,8
5473,Gairsain (Ramganga),Uttarakhand,47,Chamoli,30.045,79.2855,2024-09-26,25.5,6.5,5
5474,Danda_1,Uttarakhand,48,Champawat,29.15927778,80.10852778,2024-09-26,3.5,3.5,1
5475,Yamuna Colony,Uttarakhand,49,Dehradun,30.33775278,78.03311667,2024-09-26,313.0,313.0,1
5476,Bahadarabad,Uttarakhand,50,Haridwar,29.92380278,78.03671389,2024-09-26,9.0,2.5,6
5477,Nainital_1,Uttarakhand,51,Nainital,29.39530278,79.46232778,2024-09-26,0.5,0.5,1
5478,Dugadda (Khoh),Uttarakhand,52,PAURI GARHWAL,29.75108333,78.52341667,2024-09-26,5.5,0.5,11
5479,Srinagar_2,Uttarakhand,52,PAURI GARHWAL,30.23581944,78.81720278,2024-09-26,1.0,1.0,1
5480,Dharchula_1,Uttarakhand,53,Pithoragarh,29.84825,80.54047222,2024-09-26,42.0,11.5,9
5481,Nachni,Uttarakhand,53,Pithoragarh,29.90594444,80.16097222,2024-09-26,52.0,14.0,9
5482,Pithoragarh,Uttarakhand,53,Pithoragarh,29.57938889,80.21886111,2024-09-26,10.5,3.5,6
5483,Basukedar,Uttarakhand,54,Rudraprayag,30.43919444,79.05633333,2024-09-26,64.5,20.5,9
5484,Kempty,Uttarakhand,55,Tehri Garhwal,30.49075,78.04738889,2024-09-26,167.5,32.0,11
5485,Joshiyara,Uttarakhand,57,Uttarkashi,30.73122222,78.42733333,2024-09-26,3.0,0.5,6
5486,Baijnath (Gomti),Uttarakhand,46,Bageshwar,29.90822222,79.61769444,2024-09-27,0.5,0.5,1
5487,Kapkot (Saryu),Uttarakhand,46,Bageshwar,29.94516667,79.9025,2024-09-27,6.0,2.5,4
5488,Champawat_1,Uttarakhand,48,Champawat,29.33341667,80.08469444,2024-09-27,0.5,0.5,1
5489,Danda_1,Uttarakhand,48,Champawat,29.15927778,80.10852778,2024-09-27,34.5,14.0,9
5490,Tanakpur_1,Uttarakhand,48,Champawat,29.07222222,80.1175,2024-09-27,51.5,33.5,8
5491,Bahadarabad,Uttarakhand,50,Haridwar,29.92380278,78.03671389,2024-09-27,3.0,1.0,4
5492,Roorkee_2,Uttarakhand,50,Haridwar,29.86771944,77.88415556,2024-09-27,360.0,360.0,1
5493,Haldwani_1,Uttarakhand,51,Nainital,29.214725,79.52400278,2024-09-27,35.5,20.0,4
5494,Mukteshwar_1,Uttarakhand,51,Nainital,29.47413889,79.65119444,2024-09-27,2.5,2.0,2
5495,Nainital_1,Uttarakhand,51,Nainital,29.39530278,79.46232778,2024-09-27,35.0,29.5,4
5496,Dharchula_1,Uttarakhand,53,Pithoragarh,29.84825,80.54047222,2024-09-27,39.0,24.0,10
5497,Nachni,Uttarakhand,53,Pithoragarh,29.90594444,80.16097222,2024-09-27,15.0,6.0,5
5498,Pithoragarh,Uttarakhand,53,Pithoragarh,29.57938889,80.21886111,2024-09-27,8.0,3.0,7
5499,Basukedar,Uttarakhand,54,Rudraprayag,30.43919444,79.05633333,2024-09-27,31.0,18.0,4
5500,Gadarpur,Uttarakhand,56,UDHAM SINGH NAGAR,29.04324167,79.24461944,2024-09-27,35.0,14.5,9
5501,Haripura_2,Uttarakhand,56,UDHAM SINGH NAGAR,29.13151944,79.25965556,2024-09-27,1.5,1.5,1
5502,Sitarganj_1,Uttarakhand,56,UDHAM SINGH NAGAR,28.92971389,79.703,2024-09-27,22.0,12.0,9
5503,Tumaria,Uttarakhand,56,UDHAM SINGH NAGAR,29.30704722,78.93133056,2024-09-27,1.0,0.5,2
5504,Joshiyara,Uttarakhand,57,Uttarkashi,30.73122222,78.42733333,2024-09-27,4.0,0.5,8
5505,Gairsain (Ramganga),Uttarakhand,47,Chamoli,30.045,79.2855,2024-09-28,1.0,1.0,1
5506,Danda_1,Uttarakhand,48,Champawat,29.15927778,80.10852778,2024-09-28,2.5,1.5,3
5507,Tanakpur_1,Uttarakhand,48,Champawat,29.07222222,80.1175,2024-09-28,365.0,365.0,1
5508,Roorkee_2,Uttarakhand,50,Haridwar,29.86771944,77.88415556,2024-09-28,346.5,346.5,1
5509,Haldwani_1,Uttarakhand,51,Nainital,29.214725,79.52400278,2024-09-28,1.0,0.5,2
5510,Mukteshwar_1,Uttarakhand,51,Nainital,29.47413889,79.65119444,2024-09-28,0.5,0.5,1
5511,Nainital_1,Uttarakhand,51,Nainital,29.39530278,79.46232778,2024-09-28,6.0,3.5,5
5512,Nachni,Uttarakhand,53,Pithoragarh,29.90594444,80.16097222,2024-09-28,1.5,1.0,2
5513,Sitarganj_1,Uttarakhand,56,UDHAM SINGH NAGAR,28.92971389,79.703,2024-09-28,0.5,0.5,1
5514,Joshiyara,Uttarakhand,57,Uttarkashi,30.73122222,78.42733333,2024-09-28,2.5,0.5,5
5515,Yamuna Colony,Uttarakhand,49,Dehradun,30.33775278,78.03311667,2024-09-29,626.5,316.0,2
5516,Bhagwanpur_1,Uttarakhand,50,Haridwar,29.93567778,77.80170611,2024-09-29,0.5,0.5,1
5517,Roorkee_2,Uttarakhand,50,Haridwar,29.86771944,77.88415556,2024-09-29,351.5,351.5,1
5518,Haldwani_1,Uttarakhand,51,Nainital,29.214725,79.52400278,2024-09-29,30.5,29.5,3
5519,Chandranagar_1,Uttarakhand,54,Rudraprayag,30.41541667,79.06208333,2024-09-29,12.0,12.0,1
5520,Sitarganj_1,Uttarakhand,56,UDHAM SINGH NAGAR,28.92971389,79.703,2024-09-29,0.5,0.5,1
5521,Joshiyara,Uttarakhand,57,Uttarkashi,30.73122222,78.42733333,2024-09-29,4.0,0.5,8
5522,Yamuna Colony,Uttarakhand,49,Dehradun,30.33775278,78.03311667,2024-09-30,5887.5,347.5,18
5523,Roorkee_2,Uttarakhand,50,Haridwar,29.86771944,77.88415556,2024-09-30,4162.0,363.0,12
5524,Haldwani_1,Uttarakhand,51,Nainital,29.214725,79.52400278,2024-09-30,1.5,1.5,1
5525,Joshiyara,Uttarakhand,57,Uttarkashi,30.73122222,78.42733333,2024-09-30,2.5,0.5,5
5526,Yamuna Colony,Uttarakhand,49,Dehradun,30.33775278,78.03311667,2024-10-01,1524.0,307.0,5
5527,Roorkee_2,Uttarakhand,50,Haridwar,29.86771944,77.88415556,2024-10-01,1863.0,511.5,5
5528,Joshiyara,Uttarakhand,57,Uttarkashi,30.73122222,78.42733333,2024-10-01,3.5,0.5,7
5529,Yamuna Colony,Uttarakhand,49,Dehradun,30.33775278,78.03311667,2024-10-02,1276.5,343.0,4
5530,Roorkee_2,Uttarakhand,50,Haridwar,29.86771944,77.88415556,2024-10-02,17.5,359.5,2
5531,Nachni,Uttarakhand,53,Pithoragarh,29.90594444,80.16097222,2024-10-02,43.0,42.0,2
5532,Joshiyara,Uttarakhand,57,Uttarkashi,30.73122222,78.42733333,2024-10-02,3.5,0.5,7
5533,Kapkot (Saryu),Uttarakhand,46,Bageshwar,29.94516667,79.9025,2024-10-03,27.0,13.0,4
5534,Yamuna Colony,Uttarakhand,49,Dehradun,30.33775278,78.03311667,2024-10-03,650.0,336.5,2
5535,Roorkee_2,Uttarakhand,50,Haridwar,29.86771944,77.88415556,2024-10-03,709.0,364.5,2
5536,Sitarganj_1,Uttarakhand,56,UDHAM SINGH NAGAR,28.92971389,79.703,2024-10-03,160.5,160.0,2
5537,Joshiyara,Uttarakhand,57,Uttarkashi,30.73122222,78.42733333,2024-10-03,4.5,0.5,9
5538,Kapkot (Saryu),Uttarakhand,46,Bageshwar,29.94516667,79.9025,2024-10-04,1.0,0.5,2
5539,Yamuna Colony,Uttarakhand,49,Dehradun,30.33775278,78.03311667,2024-10-04,351.0,351.0,1
5540,Roorkee_2,Uttarakhand,50,Haridwar,29.86771944,77.88415556,2024-10-04,362.5,362.5,1
5541,Dharchula_1,Uttarakhand,53,Pithoragarh,29.84825,80.54047222,2024-10-04,2.0,2.0,1
5542,Joshiyara,Uttarakhand,57,Uttarkashi,30.73122222,78.42733333,2024-10-04,3.5,0.5,7
5543,Yamuna Colony,Uttarakhand,49,Dehradun,30.33775278,78.03311667,2024-10-05,351.0,351.0,1
5544,Roorkee_2,Uttarakhand,50,Haridwar,29.86771944,77.88415556,2024-10-05,361.5,361.5,1
5545,Joshiyara,Uttarakhand,57,Uttarkashi,30.73122222,78.42733333,2024-10-05,3.0,0.5,6
5546,Yamuna Colony,Uttarakhand,49,Dehradun,30.33775278,78.03311667,2024-10-06,656.0,350.5,2
5547,Roorkee_2,Uttarakhand,50,Haridwar,29.86771944,77.88415556,2024-10-06,726.0,364.0,2
5548,Sonprayag_1,Uttarakhand,54,Rudraprayag,30.63547222,78.99941667,2024-10-06,0.5,0.5,1
5549,Joshiyara,Uttarakhand,57,Uttarkashi,30.73122222,78.42733333,2024-10-06,1.5,0.5,3
5550,Yamuna Colony,Uttarakhand,49,Dehradun,30.33775278,78.03311667,2024-10-07,333.0,333.0,1
5551,Mukteshwar_1,Uttarakhand,51,Nainital,29.47413889,79.65119444,2024-10-07,0.5,0.5,1
5552,Gadarpur,Uttarakhand,56,UDHAM SINGH NAGAR,29.04324167,79.24461944,2024-10-07,36.0,36.0,1
5553,Joshiyara,Uttarakhand,57,Uttarkashi,30.73122222,78.42733333,2024-10-07,4.0,0.5,8
5554,Champawat_1,Uttarakhand,48,Champawat,29.33341667,80.08469444,2024-10-08,0.5,0.5,1
5555,Yamuna Colony,Uttarakhand,49,Dehradun,30.33775278,78.03311667,2024-10-08,1558.5,339.5,5
5556,Roorkee_2,Uttarakhand,50,Haridwar,29.86771944,77.88415556,2024-10-08,1375.0,358.0,4
5557,Mukteshwar_1,Uttarakhand,51,Nainital,29.47413889,79.65119444,2024-10-08,2.5,2.0,2
5558,Yamkeshwar,Uttarakhand,52,PAURI GARHWAL,29.96130556,78.44086111,2024-10-08,0.5,0.5,1
5559,Sonprayag_1,Uttarakhand,54,Rudraprayag,30.63547222,78.99941667,2024-10-08,0.5,0.5,1
5560,Joshiyara,Uttarakhand,57,Uttarkashi,30.73122222,78.42733333,2024-10-08,2.0,0.5,4
5561,Baijnath (Gomti),Uttarakhand,46,Bageshwar,29.90822222,79.61769444,2024-10-09,263.0,263.0,1
5562,Dharchula_1,Uttarakhand,53,Pithoragarh,29.84825,80.54047222,2024-10-09,34.0,34.0,1
5563,Kempty,Uttarakhand,55,Tehri Garhwal,30.49075,78.04738889,2024-10-09,144.0,144.0,1
5564,Joshiyara,Uttarakhand,57,Uttarkashi,30.73122222,78.42733333,2024-10-09,3.5,0.5,7
5565,Kapkot (Saryu),Uttarakhand,46,Bageshwar,29.94516667,79.9025,2024-10-10,8.5,4.0,3
5566,Yamuna Colony,Uttarakhand,49,Dehradun,30.33775278,78.03311667,2024-10-10,311.0,311.0,1
5567,Roorkee_2,Uttarakhand,50,Haridwar,29.86771944,77.88415556,2024-10-10,871.0,511.5,2
5568,Mukteshwar_1,Uttarakhand,51,Nainital,29.47413889,79.65119444,2024-10-10,24.0,24.0,1
5569,Nachni,Uttarakhand,53,Pithoragarh,29.90594444,80.16097222,2024-10-10,3.5,2.5,2
5570,Sonprayag_1,Uttarakhand,54,Rudraprayag,30.63547222,78.99941667,2024-10-10,-244.0,36.5,2
5571,Kempty,Uttarakhand,55,Tehri Garhwal,30.49075,78.04738889,2024-10-10,1.0,1.0,1
5572,Joshiyara,Uttarakhand,57,Uttarkashi,30.73122222,78.42733333,2024-10-10,3.5,0.5,7
5573,Joshiyara,Uttarakhand,57,Uttarkashi,30.73122222,78.42733333,2024-10-11,2.5,0.5,5
5574,Yamuna Colony,Uttarakhand,49,Dehradun,30.33775278,78.03311667,2024-10-12,574.5,294.0,2
5575,Roorkee_2,Uttarakhand,50,Haridwar,29.86771944,77.88415556,2024-10-12,873.5,511.5,2
5576,Joshiyara,Uttarakhand,57,Uttarkashi,30.73122222,78.42733333,2024-10-12,2.0,0.5,4
5577,Yamuna Colony,Uttarakhand,49,Dehradun,30.33775278,78.03311667,2024-10-13,307.0,307.0,1
5578,Roorkee_2,Uttarakhand,50,Haridwar,29.86771944,77.88415556,2024-10-13,830.0,511.5,2
5579,Yamkeshwar,Uttarakhand,52,PAURI GARHWAL,29.96130556,78.44086111,2024-10-13,374.5,374.5,1
5580,Joshiyara,Uttarakhand,57,Uttarkashi,30.73122222,78.42733333,2024-10-13,2.0,0.5,4
5581,Yamuna Colony,Uttarakhand,49,Dehradun,30.33775278,78.03311667,2024-10-14,1259.5,341.0,4
5582,Roorkee_2,Uttarakhand,50,Haridwar,29.86771944,77.88415556,2024-10-14,1377.5,357.0,4
5583,Mukteshwar_1,Uttarakhand,51,Nainital,29.47413889,79.65119444,2024-10-14,3.0,3.0,1
5584,Kempty,Uttarakhand,55,Tehri Garhwal,30.49075,78.04738889,2024-10-14,93.5,93.5,1
5585,Joshiyara,Uttarakhand,57,Uttarkashi,30.73122222,78.42733333,2024-10-14,3.5,0.5,7
5586,Yamuna Colony,Uttarakhand,49,Dehradun,30.33775278,78.03311667,2024-10-15,1887.5,338.5,6
5587,Dharchula_1,Uttarakhand,53,Pithoragarh,29.84825,80.54047222,2024-10-15,0.5,0.5,1
5588,Joshiyara,Uttarakhand,57,Uttarkashi,30.73122222,78.42733333,2024-10-15,1.0,0.5,2
5589,Baijnath (Gomti),Uttarakhand,46,Bageshwar,29.90822222,79.61769444,2024-10-16,42.0,240.0,2
5590,Khati_1,Uttarakhand,46,Bageshwar,30.11019722,79.94055833,2024-10-16,48.0,48.0,1
5591,Yamuna Colony,Uttarakhand,49,Dehradun,30.33775278,78.03311667,2024-10-16,3116.0,333.5,10
5592,Joshiyara,Uttarakhand,57,Uttarkashi,30.73122222,78.42733333,2024-10-16,2.0,0.5,4
5593,Yamuna Colony,Uttarakhand,49,Dehradun,30.33775278,78.03311667,2024-10-17,3103.0,367.5,10
5594,Basukedar,Uttarakhand,54,Rudraprayag,30.43919444,79.05633333,2024-10-17,5.0,2.5,2
5595,Joshiyara,Uttarakhand,57,Uttarkashi,30.73122222,78.42733333,2024-10-17,4.0,0.5,8
5596,Yamuna Colony,Uttarakhand,49,Dehradun,30.33775278,78.03311667,2024-10-18,2428.0,331.5,8
5597,Joshiyara,Uttarakhand,57,Uttarkashi,30.73122222,78.42733333,2024-10-18,2.5,0.5,5
5598,Yamuna Colony,Uttarakhand,49,Dehradun,30.33775278,78.03311667,2024-10-19,3168.0,340.5,10
5599,Dharchula_1,Uttarakhand,53,Pithoragarh,29.84825,80.54047222,2024-10-19,0.5,0.5,1
5600,Chandranagar_1,Uttarakhand,54,Rudraprayag,30.41541667,79.06208333,2024-10-19,4.0,1.0,4
5601,Joshiyara,Uttarakhand,57,Uttarkashi,30.73122222,78.42733333,2024-10-19,2.5,0.5,5
5602,Yamuna Colony,Uttarakhand,49,Dehradun,30.33775278,78.03311667,2024-10-20,2587.5,339.5,8
5603,Dharchula_1,Uttarakhand,53,Pithoragarh,29.84825,80.54047222,2024-10-20,5.5,1.0,10
5604,Chandranagar_1,Uttarakhand,54,Rudraprayag,30.41541667,79.06208333,2024-10-20,1.0,0.5,2
5605,Joshiyara,Uttarakhand,57,Uttarkashi,30.73122222,78.42733333,2024-10-20,3.0,0.5,6
5606,Yamuna Colony,Uttarakhand,49,Dehradun,30.33775278,78.03311667,2024-10-21,2155.0,335.5,7
5607,Roorkee_2,Uttarakhand,50,Haridwar,29.86771944,77.88415556,2024-10-21,1308.5,351.0,4
5608,Chandranagar_1,Uttarakhand,54,Rudraprayag,30.41541667,79.06208333,2024-10-21,3.0,1.0,4
5609,Joshiyara,Uttarakhand,57,Uttarkashi,30.73122222,78.42733333,2024-10-21,3.0,0.5,6
5610,Yamuna Colony,Uttarakhand,49,Dehradun,30.33775278,78.03311667,2024-10-22,2370.0,309.5,8
5611,Roorkee_2,Uttarakhand,50,Haridwar,29.86771944,77.88415556,2024-10-22,996.0,344.5,3
5612,Dharchula_1,Uttarakhand,53,Pithoragarh,29.84825,80.54047222,2024-10-22,2.0,1.0,2
5613,Kempty,Uttarakhand,55,Tehri Garhwal,30.49075,78.04738889,2024-10-22,-417.5,-417.5,1
5614,Joshiyara,Uttarakhand,57,Uttarkashi,30.73122222,78.42733333,2024-10-22,3.5,0.5,7
5615,Yamuna Colony,Uttarakhand,49,Dehradun,30.33775278,78.03311667,2024-10-23,3371.5,346.5,11
5616,Chandranagar_1,Uttarakhand,54,Rudraprayag,30.41541667,79.06208333,2024-10-23,1.0,0.5,2
5617,Joshiyara,Uttarakhand,57,Uttarkashi,30.73122222,78.42733333,2024-10-23,1.5,0.5,3
5618,Yamuna Colony,Uttarakhand,49,Dehradun,30.33775278,78.03311667,2024-10-24,1793.0,337.5,6
5619,Khanpur_5,Uttarakhand,50,Haridwar,29.641375,78.00678611,2024-10-24,76.5,76.5,1
5620,Mukteshwar_1,Uttarakhand,51,Nainital,29.47413889,79.65119444,2024-10-24,132.0,132.0,1
5621,Joshiyara,Uttarakhand,57,Uttarkashi,30.73122222,78.42733333,2024-10-24,2.5,0.5,5
5622,Yamuna Colony,Uttarakhand,49,Dehradun,30.33775278,78.03311667,2024-10-25,3144.5,340.5,10
5623,Mukteshwar_1,Uttarakhand,51,Nainital,29.47413889,79.65119444,2024-10-25,0.5,0.5,1
5624,Joshiyara,Uttarakhand,57,Uttarkashi,30.73122222,78.42733333,2024-10-25,2.0,0.5,4
5625,Yamuna Colony,Uttarakhand,49,Dehradun,30.33775278,78.03311667,2024-10-26,335.0,335.0,1
5626,Joshiyara,Uttarakhand,57,Uttarkashi,30.73122222,78.42733333,2024-10-26,1.5,0.5,3
5627,Joshiyara,Uttarakhand,57,Uttarkashi,30.73122222,78.42733333,2024-10-27,3.5,0.5,7
5628,Yamuna Colony,Uttarakhand,49,Dehradun,30.33775278,78.03311667,2024-10-28,3235.0,340.0,10
5629,Dharchula_1,Uttarakhand,53,Pithoragarh,29.84825,80.54047222,2024-10-28,320.0,320.0,1
5630,Joshiyara,Uttarakhand,57,Uttarkashi,30.73122222,78.42733333,2024-10-28,3.5,0.5,7
5631,Joshiyara,Uttarakhand,57,Uttarkashi,30.73122222,78.42733333,2024-10-29,3.0,0.5,6
5632,Yamuna Colony,Uttarakhand,49,Dehradun,30.33775278,78.03311667,2024-10-30,283.5,283.5,1
5633,Joshiyara,Uttarakhand,57,Uttarkashi,30.73122222,78.42733333,2024-10-30,3.5,0.5,7
5634,Yamuna Colony,Uttarakhand,49,Dehradun,30.33775278,78.03311667,2024-10-31,5655.0,340.5,18
5635,Joshiyara,Uttarakhand,57,Uttarkashi,30.73122222,78.42733333,2024-10-31,2.5,0.5,5
5636,Yamuna Colony,Uttarakhand,49,Dehradun,30.33775278,78.03311667,2024-11-01,1434.0,296.0,5
5637,Roorkee_2,Uttarakhand,50,Haridwar,29.86771944,77.88415556,2024-11-01,511.5,511.5,1
5638,Sitarganj_1,Uttarakhand,56,UDHAM SINGH NAGAR,28.92971389,79.703,2024-11-01,0.5,0.5,1
5639,Joshiyara,Uttarakhand,57,Uttarkashi,30.73122222,78.42733333,2024-11-01,2.0,0.5,4
5640,Yamuna Colony,Uttarakhand,49,Dehradun,30.33775278,78.03311667,2024-11-02,284.0,284.0,1
5641,Joshiyara,Uttarakhand,57,Uttarkashi,30.73122222,78.42733333,2024-11-02,3.0,0.5,6
5642,Yamuna Colony,Uttarakhand,49,Dehradun,30.33775278,78.03311667,2024-11-03,305.0,305.0,1
5643,Kempty,Uttarakhand,55,Tehri Garhwal,30.49075,78.04738889,2024-11-03,78.5,78.5,1
5644,Joshiyara,Uttarakhand,57,Uttarkashi,30.73122222,78.42733333,2024-11-03,2.5,0.5,5
5645,Kapkot (Saryu),Uttarakhand,46,Bageshwar,29.94516667,79.9025,2024-11-04,26.0,13.0,2
5646,Yamuna Colony,Uttarakhand,49,Dehradun,30.33775278,78.03311667,2024-11-04,342.0,342.0,1
5647,Mukteshwar_1,Uttarakhand,51,Nainital,29.47413889,79.65119444,2024-11-04,96.0,96.0,1
5648,Joshiyara,Uttarakhand,57,Uttarkashi,30.73122222,78.42733333,2024-11-04,2.5,0.5,5
5649,Danda_1,Uttarakhand,48,Champawat,29.15927778,80.10852778,2024-11-05,1.5,1.0,2
5650,Bahadarabad,Uttarakhand,50,Haridwar,29.92380278,78.03671389,2024-11-05,156.0,156.0,1
5651,Yamkeshwar,Uttarakhand,52,PAURI GARHWAL,29.96130556,78.44086111,2024-11-05,-72.0,-72.0,1
5652,Nachni,Uttarakhand,53,Pithoragarh,29.90594444,80.16097222,2024-11-05,2.5,1.5,2
5653,Joshiyara,Uttarakhand,57,Uttarkashi,30.73122222,78.42733333,2024-11-05,3.0,0.5,6
5654,Joshiyara,Uttarakhand,57,Uttarkashi,30.73122222,78.42733333,2024-11-06,3.0,0.5,6
5655,Mukteshwar_1,Uttarakhand,51,Nainital,29.47413889,79.65119444,2024-11-07,54.0,54.0,1
5656,Yamkeshwar,Uttarakhand,52,PAURI GARHWAL,29.96130556,78.44086111,2024-11-07,64.5,64.5,1
5657,Joshiyara,Uttarakhand,57,Uttarkashi,30.73122222,78.42733333,2024-11-07,3.5,0.5,7
5658,Baijnath (Gomti),Uttarakhand,46,Bageshwar,29.90822222,79.61769444,2024-11-08,360.0,360.0,1
5659,Joshiyara,Uttarakhand,57,Uttarkashi,30.73122222,78.42733333,2024-11-08,3.0,0.5,6
5660,Joshiyara,Uttarakhand,57,Uttarkashi,30.73122222,78.42733333,2024-11-09,0.5,0.5,1
5661,Joshiyara,Uttarakhand,57,Uttarkashi,30.73122222,78.42733333,2024-11-10,2.0,0.5,4
5662,Yamuna Colony,Uttarakhand,49,Dehradun,30.33775278,78.03311667,2024-11-11,2113.5,324.5,7
5663,Mukteshwar_1,Uttarakhand,51,Nainital,29.47413889,79.65119444,2024-11-11,192.0,192.0,1
5664,Dharchula_1,Uttarakhand,53,Pithoragarh,29.84825,80.54047222,2024-11-12,192.0,192.0,1
5665,Kempty,Uttarakhand,55,Tehri Garhwal,30.49075,78.04738889,2024-11-12,68.0,68.0,1
5666,Joshiyara,Uttarakhand,57,Uttarkashi,30.73122222,78.42733333,2024-11-12,2.0,0.5,4
5667,Baijnath (Gomti),Uttarakhand,46,Bageshwar,29.90822222,79.61769444,2024-11-13,3.0,3.0,1
5668,Roorkee_2,Uttarakhand,50,Haridwar,29.86771944,77.88415556,2024-11-13,1128.0,511.5,3
5669,Mukteshwar_1,Uttarakhand,51,Nainital,29.47413889,79.65119444,2024-11-13,149.0,149.0,1
5670,Yamkeshwar,Uttarakhand,52,PAURI GARHWAL,29.96130556,78.44086111,2024-11-13,0.5,0.5,1
5671,Joshiyara,Uttarakhand,57,Uttarkashi,30.73122222,78.42733333,2024-11-13,3.0,0.5,6
5672,Roorkee_2,Uttarakhand,50,Haridwar,29.86771944,77.88415556,2024-11-14,840.5,511.5,2
5673,Joshiyara,Uttarakhand,57,Uttarkashi,30.73122222,78.42733333,2024-11-14,1.5,0.5,3
5674,Yamkeshwar,Uttarakhand,52,PAURI GARHWAL,29.96130556,78.44086111,2024-11-15,449.0,449.0,1
5675,Joshiyara,Uttarakhand,57,Uttarkashi,30.73122222,78.42733333,2024-11-15,3.0,0.5,6
5676,Yamuna Colony,Uttarakhand,49,Dehradun,30.33775278,78.03311667,2024-11-16,298.5,298.5,1
5677,Roorkee_2,Uttarakhand,50,Haridwar,29.86771944,77.88415556,2024-11-16,511.5,511.5,1
5678,Dharchula_1,Uttarakhand,53,Pithoragarh,29.84825,80.54047222,2024-11-16,234.0,156.0,2
5679,Baijnath (Gomti),Uttarakhand,46,Bageshwar,29.90822222,79.61769444,2024-11-17,3.0,3.0,1
5680,Yamuna Colony,Uttarakhand,49,Dehradun,30.33775278,78.03311667,2024-11-17,278.0,278.0,1
5681,Yamkeshwar,Uttarakhand,52,PAURI GARHWAL,29.96130556,78.44086111,2024-11-17,160.5,160.0,2
5682,Baijnath (Gomti),Uttarakhand,46,Bageshwar,29.90822222,79.61769444,2024-11-18,18.0,18.0,1
5683,Dharchula_1,Uttarakhand,53,Pithoragarh,29.84825,80.54047222,2024-11-18,20.0,20.0,1
5684,Kempty,Uttarakhand,55,Tehri Garhwal,30.49075,78.04738889,2024-11-18,258.0,258.0,1
5685,Yamuna Colony,Uttarakhand,49,Dehradun,30.33775278,78.03311667,2024-11-19,310.0,310.0,1
5686,Roorkee_2,Uttarakhand,50,Haridwar,29.86771944,77.88415556,2024-11-19,825.0,511.5,2
5687,Yamuna Colony,Uttarakhand,49,Dehradun,30.33775278,78.03311667,2024-11-20,306.5,306.5,1
5688,Roorkee_2,Uttarakhand,50,Haridwar,29.86771944,77.88415556,2024-11-20,511.5,511.5,1
5689,Sitarganj_1,Uttarakhand,56,UDHAM SINGH NAGAR,28.92971389,79.703,2024-11-20,1.5,1.5,1
5690,Yamuna Colony,Uttarakhand,49,Dehradun,30.33775278,78.03311667,2024-11-21,307.0,307.0,1
5691,Roorkee_2,Uttarakhand,50,Haridwar,29.86771944,77.88415556,2024-11-21,511.5,511.5,1
5692,Roorkee_2,Uttarakhand,50,Haridwar,29.86771944,77.88415556,2024-11-22,511.5,511.5,1
5693,Gairsain (Ramganga),Uttarakhand,47,Chamoli,30.045,79.2855,2024-11-23,192.0,192.0,1
5694,Roorkee_2,Uttarakhand,50,Haridwar,29.86771944,77.88415556,2024-11-23,1138.0,511.5,3
5695,Gola_1,Uttarakhand,51,Nainital,29.27136111,79.54743333,2024-11-23,370.5,370.5,1
5696,Roorkee_2,Uttarakhand,50,Haridwar,29.86771944,77.88415556,2024-11-24,1112.5,511.5,3
5697,Yamuna Colony,Uttarakhand,49,Dehradun,30.33775278,78.03311667,2024-11-25,247.5,247.5,1
5698,Roorkee_2,Uttarakhand,50,Haridwar,29.86771944,77.88415556,2024-11-25,312.5,312.5,1
5699,Lamgara,Uttarakhand,45,Almora,29.53866667,79.74994444,2024-11-27,192.0,192.0,1
5700,Gairsain (Ramganga),Uttarakhand,47,Chamoli,30.045,79.2855,2024-11-27,21.5,21.5,1
5701,Yamuna Colony,Uttarakhand,49,Dehradun,30.33775278,78.03311667,2024-11-28,245.5,245.5,1
5702,Baijnath (Gomti),Uttarakhand,46,Bageshwar,29.90822222,79.61769444,2024-11-29,280.0,280.0,1
5703,Yamuna Colony,Uttarakhand,49,Dehradun,30.33775278,78.03311667,2024-11-29,553.5,311.0,2
5704,Yamuna Colony,Uttarakhand,49,Dehradun,30.33775278,78.03311667,2024-12-02,554.0,313.0,2
5705,Yamuna Colony,Uttarakhand,49,Dehradun,30.33775278,78.03311667,2024-12-03,5543.5,311.0,20
5706,Mukteshwar_1,Uttarakhand,51,Nainital,29.47413889,79.65119444,2024-12-03,492.0,492.0,1
5707,Yamuna Colony,Uttarakhand,49,Dehradun,30.33775278,78.03311667,2024-12-04,4176.0,317.5,15
5708,Baijnath (Gomti),Uttarakhand,46,Bageshwar,29.90822222,79.61769444,2024-12-05,64.0,64.0,1
5709,Yamuna Colony,Uttarakhand,49,Dehradun,30.33775278,78.03311667,2024-12-05,5180.0,309.5,19
5710,Roorkee_2,Uttarakhand,50,Haridwar,29.86771944,77.88415556,2024-12-05,4316.0,511.5,14
5711,Yamuna Colony,Uttarakhand,49,Dehradun,30.33775278,78.03311667,2024-12-06,6286.0,302.0,24
5712,Roorkee_2,Uttarakhand,50,Haridwar,29.86771944,77.88415556,2024-12-06,4245.5,511.5,14
5713,Yamuna Colony,Uttarakhand,49,Dehradun,30.33775278,78.03311667,2024-12-07,5249.0,292.5,20
5714,Chakrata,Uttarakhand,49,Dehradun,30.76115556,77.86502778,2024-12-08,4.0,2.5,3
5715,Yamuna Colony,Uttarakhand,49,Dehradun,30.33775278,78.03311667,2024-12-08,5342.5,293.0,20
5716,Roorkee_2,Uttarakhand,50,Haridwar,29.86771944,77.88415556,2024-12-08,4515.5,511.5,15
5717,Guptkashi_1,Uttarakhand,54,Rudraprayag,30.52863889,79.08508333,2024-12-08,2.0,1.0,2
5718,Lamgara,Uttarakhand,45,Almora,29.53866667,79.74994444,2024-12-09,1.5,0.5,3
5719,Chakrata,Uttarakhand,49,Dehradun,30.76115556,77.86502778,2024-12-09,0.5,0.5,1
5720,Yamuna Colony,Uttarakhand,49,Dehradun,30.33775278,78.03311667,2024-12-09,5680.0,282.5,22
5721,Mukteshwar_1,Uttarakhand,51,Nainital,29.47413889,79.65119444,2024-12-09,0.5,0.5,1
5722,Guptkashi_1,Uttarakhand,54,Rudraprayag,30.52863889,79.08508333,2024-12-09,1.0,0.5,2
5723,Kempty,Uttarakhand,55,Tehri Garhwal,30.49075,78.04738889,2024-12-09,0.5,0.5,1
5724,Tumaria,Uttarakhand,56,UDHAM SINGH NAGAR,29.30704722,78.93133056,2024-12-09,1.5,1.0,2
5725,Lamgara,Uttarakhand,45,Almora,29.53866667,79.74994444,2024-12-10,1.0,0.5,2
5726,Yamuna Colony,Uttarakhand,49,Dehradun,30.33775278,78.03311667,2024-12-10,6004.0,289.5,24
5727,Mukteshwar_1,Uttarakhand,51,Nainital,29.47413889,79.65119444,2024-12-10,0.5,0.5,1
5728,Baijnath (Gomti),Uttarakhand,46,Bageshwar,29.90822222,79.61769444,2024-12-11,1.0,1.0,1
5729,Yamuna Colony,Uttarakhand,49,Dehradun,30.33775278,78.03311667,2024-12-11,5919.0,304.5,23
5730,Yamuna Colony,Uttarakhand,49,Dehradun,30.33775278,78.03311667,2024-12-12,5676.0,300.0,22
5731,Champawat_1,Uttarakhand,48,Champawat,29.33341667,80.08469444,2024-12-13,384.0,384.0,1
5732,Yamuna Colony,Uttarakhand,49,Dehradun,30.33775278,78.03311667,2024-12-13,6059.0,304.0,24
5733,Yamuna Colony,Uttarakhand,49,Dehradun,30.33775278,78.03311667,2024-12-14,4936.5,301.0,19
5734,Baijnath (Gomti),Uttarakhand,46,Bageshwar,29.90822222,79.61769444,2024-12-15,0.5,0.5,1
5735,Yamuna Colony,Uttarakhand,49,Dehradun,30.33775278,78.03311667,2024-12-15,5647.0,295.0,22
5736,Yamuna Colony,Uttarakhand,49,Dehradun,30.33775278,78.03311667,2024-12-16,3898.0,306.5,15
5737,Yamuna Colony,Uttarakhand,49,Dehradun,30.33775278,78.03311667,2024-12-17,4840.5,304.5,18
5738,Baijnath (Gomti),Uttarakhand,46,Bageshwar,29.90822222,79.61769444,2024-12-18,449.0,449.0,1
5739,Champawat_1,Uttarakhand,48,Champawat,29.33341667,80.08469444,2024-12-18,12.0,12.0,1
5740,Dakpathar,Uttarakhand,49,Dehradun,30.49866667,77.79744444,2024-12-18,193.5,193.5,1
5741,Yamuna Colony,Uttarakhand,49,Dehradun,30.33775278,78.03311667,2024-12-18,6015.5,305.5,23
5742,Yamuna Colony,Uttarakhand,49,Dehradun,30.33775278,78.03311667,2024-12-19,6195.5,294.5,24
5743,Tanakpur_1,Uttarakhand,48,Champawat,29.07222222,80.1175,2024-12-20,1.0,1.0,1
5744,Yamuna Colony,Uttarakhand,49,Dehradun,30.33775278,78.03311667,2024-12-20,6176.0,305.5,24
5745,Sitarganj_1,Uttarakhand,56,UDHAM SINGH NAGAR,28.92971389,79.703,2024-12-20,21.0,10.5,2
5746,Nandprayag (Nandakini),Uttarakhand,47,Chamoli,30.33122222,79.31063889,2024-12-21,11.5,9.5,2
5747,Yamuna Colony,Uttarakhand,49,Dehradun,30.33775278,78.03311667,2024-12-21,5858.0,305.0,23
5748,Roorkee_2,Uttarakhand,50,Haridwar,29.86771944,77.88415556,2024-12-21,3661.5,511.5,12
5749,Dugadda (Khoh),Uttarakhand,52,PAURI GARHWAL,29.75108333,78.52341667,2024-12-21,193.0,193.0,1
5750,Yamuna Colony,Uttarakhand,49,Dehradun,30.33775278,78.03311667,2024-12-22,5444.5,300.5,21
5751,Chakrata,Uttarakhand,49,Dehradun,30.76115556,77.86502778,2024-12-23,9.0,2.0,9
5752,Dakpathar,Uttarakhand,49,Dehradun,30.49866667,77.79744444,2024-12-23,2.0,1.0,3
5753,Yamuna Colony,Uttarakhand,49,Dehradun,30.33775278,78.03311667,2024-12-23,5497.5,266.0,22
5754,Roorkee_2,Uttarakhand,50,Haridwar,29.86771944,77.88415556,2024-12-23,3428.5,511.5,12
5755,Basukedar,Uttarakhand,54,Rudraprayag,30.43919444,79.05633333,2024-12-23,0.5,0.5,1
5756,Guptkashi_1,Uttarakhand,54,Rudraprayag,30.52863889,79.08508333,2024-12-23,4.0,1.0,4
5757,Kempty,Uttarakhand,55,Tehri Garhwal,30.49075,78.04738889,2024-12-23,1.0,1.0,1
5758,Khati_1,Uttarakhand,46,Bageshwar,30.11019722,79.94055833,2024-12-24,0.5,0.5,1
5759,Nandprayag (Nandakini),Uttarakhand,47,Chamoli,30.33122222,79.31063889,2024-12-24,0.5,0.5,1
5760,Tanakpur_1,Uttarakhand,48,Champawat,29.07222222,80.1175,2024-12-24,5.0,1.0,6
5761,Chakrata,Uttarakhand,49,Dehradun,30.76115556,77.86502778,2024-12-24,1.5,0.5,3
5762,Yamuna Colony,Uttarakhand,49,Dehradun,30.33775278,78.03311667,2024-12-24,5800.0,282.0,23
5763,Manglaur_1,Uttarakhand,50,Haridwar,29.78567778,77.86368889,2024-12-24,1.0,0.5,2
5764,Roorkee_2,Uttarakhand,50,Haridwar,29.86771944,77.88415556,2024-12-24,4245.5,511.5,16
5765,Srinagar_2,Uttarakhand,52,PAURI GARHWAL,30.23581944,78.81720278,2024-12-24,0.5,0.5,1
5766,Basukedar,Uttarakhand,54,Rudraprayag,30.43919444,79.05633333,2024-12-24,3.0,1.5,3
5767,Guptkashi_1,Uttarakhand,54,Rudraprayag,30.52863889,79.08508333,2024-12-24,6.0,1.0,8
5768,Kempty,Uttarakhand,55,Tehri Garhwal,30.49075,78.04738889,2024-12-24,1.5,1.5,1
5769,Sitarganj_1,Uttarakhand,56,UDHAM SINGH NAGAR,28.92971389,79.703,2024-12-24,1.5,1.5,1
5770,Baijnath (Gomti),Uttarakhand,46,Bageshwar,29.90822222,79.61769444,2024-12-25,10.0,10.0,1
5771,Kapkot (Saryu),Uttarakhand,46,Bageshwar,29.94516667,79.9025,2024-12-25,11.5,11.5,1
5772,Yamuna Colony,Uttarakhand,49,Dehradun,30.33775278,78.03311667,2024-12-25,6151.5,301.0,24
5773,Yamuna Colony,Uttarakhand,49,Dehradun,30.33775278,78.03311667,2024-12-26,4494.5,306.0,17
5774,Roorkee_2,Uttarakhand,50,Haridwar,29.86771944,77.88415556,2024-12-26,4245.5,511.5,14
5775,Kempty,Uttarakhand,55,Tehri Garhwal,30.49075,78.04738889,2024-12-26,384.0,384.0,1
5776,Lamgara,Uttarakhand,45,Almora,29.53866667,79.74994444,2024-12-27,2.0,1.5,2
5777,Baijnath (Gomti),Uttarakhand,46,Bageshwar,29.90822222,79.61769444,2024-12-27,11.0,3.0,5
5778,Kapkot (Saryu),Uttarakhand,46,Bageshwar,29.94516667,79.9025,2024-12-27,7.5,3.5,4
5779,Khati_1,Uttarakhand,46,Bageshwar,30.11019722,79.94055833,2024-12-27,1.0,1.0,1
5780,Chakrata,Uttarakhand,49,Dehradun,30.76115556,77.86502778,2024-12-27,6.5,1.0,10
5781,Dakpathar,Uttarakhand,49,Dehradun,30.49866667,77.79744444,2024-12-27,4.5,1.0,7
5782,Yamuna Colony,Uttarakhand,49,Dehradun,30.33775278,78.03311667,2024-12-27,1777.0,265.5,7
5783,Bahadarabad,Uttarakhand,50,Haridwar,29.92380278,78.03671389,2024-12-27,3.0,1.0,5
5784,Bhagwanpur_1,Uttarakhand,50,Haridwar,29.93567778,77.80170611,2024-12-27,1.5,0.5,3
5785,Manglaur_1,Uttarakhand,50,Haridwar,29.78567778,77.86368889,2024-12-27,1.0,0.5,2
5786,Roorkee_2,Uttarakhand,50,Haridwar,29.86771944,77.88415556,2024-12-27,1034.5,511.5,3
5787,Dugadda (Khoh),Uttarakhand,52,PAURI GARHWAL,29.75108333,78.52341667,2024-12-27,1.0,0.5,2
5788,Srinagar_2,Uttarakhand,52,PAURI GARHWAL,30.23581944,78.81720278,2024-12-27,8.0,2.5,9
5789,Nachni,Uttarakhand,53,Pithoragarh,29.90594444,80.16097222,2024-12-27,3.5,2.0,2
5790,Basukedar,Uttarakhand,54,Rudraprayag,30.43919444,79.05633333,2024-12-27,14.0,2.5,7
5791,Guptkashi_1,Uttarakhand,54,Rudraprayag,30.52863889,79.08508333,2024-12-27,14.0,3.5,7
5792,Kempty,Uttarakhand,55,Tehri Garhwal,30.49075,78.04738889,2024-12-27,4.0,1.0,6
5793,Tumaria,Uttarakhand,56,UDHAM SINGH NAGAR,29.30704722,78.93133056,2024-12-27,2.0,1.5,2
5794,Lamgara,Uttarakhand,45,Almora,29.53866667,79.74994444,2024-12-28,21.5,4.0,14
5795,Baijnath (Gomti),Uttarakhand,46,Bageshwar,29.90822222,79.61769444,2024-12-28,12.5,2.5,15
5796,Kapkot (Saryu),Uttarakhand,46,Bageshwar,29.94516667,79.9025,2024-12-28,17.0,4.5,11
5797,Khati_1,Uttarakhand,46,Bageshwar,30.11019722,79.94055833,2024-12-28,0.5,0.5,1
5798,Nandprayag (Nandakini),Uttarakhand,47,Chamoli,30.33122222,79.31063889,2024-12-28,0.5,0.5,1
5799,Tanakpur_1,Uttarakhand,48,Champawat,29.07222222,80.1175,2024-12-28,3.5,2.0,3
5800,Chakrata,Uttarakhand,49,Dehradun,30.76115556,77.86502778,2024-12-28,45.0,5.5,19
5801,Dakpathar,Uttarakhand,49,Dehradun,30.49866667,77.79744444,2024-12-28,51.0,12.0,13
5802,Bahadarabad,Uttarakhand,50,Haridwar,29.92380278,78.03671389,2024-12-28,1.5,1.5,1
5803,Bhagwanpur_1,Uttarakhand,50,Haridwar,29.93567778,77.80170611,2024-12-28,1.5,0.5,3
5804,Manglaur_1,Uttarakhand,50,Haridwar,29.78567778,77.86368889,2024-12-28,0.5,0.5,1
5805,Haldwani_1,Uttarakhand,51,Nainital,29.214725,79.52400278,2024-12-28,22.5,9.5,10
5806,Mukteshwar_1,Uttarakhand,51,Nainital,29.47413889,79.65119444,2024-12-28,30.0,8.5,11
5807,Dugadda (Khoh),Uttarakhand,52,PAURI GARHWAL,29.75108333,78.52341667,2024-12-28,2.0,0.5,4
5808,Srinagar_2,Uttarakhand,52,PAURI GARHWAL,30.23581944,78.81720278,2024-12-28,9.0,4.5,3
5809,Nachni,Uttarakhand,53,Pithoragarh,29.90594444,80.16097222,2024-12-28,17.0,5.0,8
5810,Basukedar,Uttarakhand,54,Rudraprayag,30.43919444,79.05633333,2024-12-28,15.5,3.0,14
5811,Guptkashi_1,Uttarakhand,54,Rudraprayag,30.52863889,79.08508333,2024-12-28,20.0,2.5,13
5812,Kempty,Uttarakhand,55,Tehri Garhwal,30.49075,78.04738889,2024-12-28,61.5,14.5,16
5813,Gadarpur,Uttarakhand,56,UDHAM SINGH NAGAR,29.04324167,79.24461944,2024-12-28,11.0,2.0,10
5814,Haripura_2,Uttarakhand,56,UDHAM SINGH NAGAR,29.13151944,79.25965556,2024-12-28,3.0,3.0,1
5815,Sitarganj_1,Uttarakhand,56,UDHAM SINGH NAGAR,28.92971389,79.703,2024-12-28,1.0,0.5,2
5816,Tumaria,Uttarakhand,56,UDHAM SINGH NAGAR,29.30704722,78.93133056,2024-12-28,3.5,2.5,2
5817,Baijnath (Gomti),Uttarakhand,46,Bageshwar,29.90822222,79.61769444,2024-12-29,1.0,1.0,1
5818,Kapkot (Saryu),Uttarakhand,46,Bageshwar,29.94516667,79.9025,2024-12-29,0.5,0.5,1
5819,Chakrata,Uttarakhand,49,Dehradun,30.76115556,77.86502778,2024-12-29,0.5,0.5,1
5820,Bhagwanpur_1,Uttarakhand,50,Haridwar,29.93567778,77.80170611,2024-12-29,0.5,0.5,1
5821,Manglaur_1,Uttarakhand,50,Haridwar,29.78567778,77.86368889,2024-12-29,1.0,0.5,2
5822,Nachni,Uttarakhand,53,Pithoragarh,29.90594444,80.16097222,2024-12-29,1.0,1.0,1
5823,Yamuna Colony,Uttarakhand,49,Dehradun,30.33775278,78.03311667,2024-12-31,2258.5,253.5,9
5824,Bhagwanpur_1,Uttarakhand,50,Haridwar,29.93567778,77.80170611,2024-12-31,0.5,0.5,1
5825,Roorkee_2,Uttarakhand,50,Haridwar,29.86771944,77.88415556,2024-12-31,2315.0,511.5,8
5826,Yamuna Colony,Uttarakhand,49,Dehradun,30.33775278,78.03311667,2025-01-01,4649.5,286.0,18
5827,Yamuna Colony,Uttarakhand,49,Dehradun,30.33775278,78.03311667,2025-01-02,5913.0,296.0,23
5828,Roorkee_2,Uttarakhand,50,Haridwar,29.86771944,77.88415556,2025-01-02,3801.0,511.5,14
5829,Yamkeshwar,Uttarakhand,52,PAURI GARHWAL,29.96130556,78.44086111,2025-01-02,64.5,64.5,1
5830,Tanakpur_1,Uttarakhand,48,Champawat,29.07222222,80.1175,2025-01-03,360.0,360.0,1
5831,Yamuna Colony,Uttarakhand,49,Dehradun,30.33775278,78.03311667,2025-01-03,5153.5,315.5,19
5832,Roorkee_2,Uttarakhand,50,Haridwar,29.86771944,77.88415556,2025-01-03,3293.0,511.5,12
5833,Yamuna Colony,Uttarakhand,49,Dehradun,30.33775278,78.03311667,2025-01-04,3142.0,315.5,12
5834,Tanakpur_1,Uttarakhand,48,Champawat,29.07222222,80.1175,2025-01-05,4.0,3.5,2
5835,Yamuna Colony,Uttarakhand,49,Dehradun,30.33775278,78.03311667,2025-01-05,286.0,286.0,1
5836,Dharchula_1,Uttarakhand,53,Pithoragarh,29.84825,80.54047222,2025-01-05,-217.0,-217.0,1
5837,Yamuna Colony,Uttarakhand,49,Dehradun,30.33775278,78.03311667,2025-01-06,4282.5,293.5,16
5838,Manglaur_1,Uttarakhand,50,Haridwar,29.78567778,77.86368889,2025-01-06,0.5,0.5,1
5839,Champawat_1,Uttarakhand,48,Champawat,29.33341667,80.08469444,2025-01-07,-36.0,-36.0,1
5840,Yamuna Colony,Uttarakhand,49,Dehradun,30.33775278,78.03311667,2025-01-07,6098.5,511.5,23
5841,Yamuna Colony,Uttarakhand,49,Dehradun,30.33775278,78.03311667,2025-01-08,5100.0,284.0,20
5842,Champawat_1,Uttarakhand,48,Champawat,29.33341667,80.08469444,2025-01-09,-36.0,-36.0,1
5843,Yamuna Colony,Uttarakhand,49,Dehradun,30.33775278,78.03311667,2025-01-09,4875.0,276.0,19
5844,Kempty,Uttarakhand,55,Tehri Garhwal,30.49075,78.04738889,2025-01-09,352.0,192.0,2
5845,Champawat_1,Uttarakhand,48,Champawat,29.33341667,80.08469444,2025-01-10,113.5,113.0,2
5846,Yamuna Colony,Uttarakhand,49,Dehradun,30.33775278,78.03311667,2025-01-10,3847.0,511.5,14
5847,Lamgara,Uttarakhand,45,Almora,29.53866667,79.74994444,2025-01-12,4.0,1.5,3
5848,Baijnath (Gomti),Uttarakhand,46,Bageshwar,29.90822222,79.61769444,2025-01-12,5.0,3.0,4
5849,Kapkot (Saryu),Uttarakhand,46,Bageshwar,29.94516667,79.9025,2025-01-12,2.0,1.5,2
5850,Tanakpur_1,Uttarakhand,48,Champawat,29.07222222,80.1175,2025-01-12,0.5,0.5,1
5851,Chakrata,Uttarakhand,49,Dehradun,30.76115556,77.86502778,2025-01-12,3.5,1.5,4
5852,Bhagwanpur_1,Uttarakhand,50,Haridwar,29.93567778,77.80170611,2025-01-12,0.5,0.5,1
5853,Manglaur_1,Uttarakhand,50,Haridwar,29.78567778,77.86368889,2025-01-12,1.0,0.5,2
5854,Haldwani_1,Uttarakhand,51,Nainital,29.214725,79.52400278,2025-01-12,7.0,5.0,3
5855,Mukteshwar_1,Uttarakhand,51,Nainital,29.47413889,79.65119444,2025-01-12,5.0,1.5,5
5856,Dugadda (Khoh),Uttarakhand,52,PAURI GARHWAL,29.75108333,78.52341667,2025-01-12,0.5,0.5,1
5857,Srinagar_2,Uttarakhand,52,PAURI GARHWAL,30.23581944,78.81720278,2025-01-12,2.0,1.5,2
5858,Nachni,Uttarakhand,53,Pithoragarh,29.90594444,80.16097222,2025-01-12,1.0,0.5,2
5859,Guptkashi_1,Uttarakhand,54,Rudraprayag,30.52863889,79.08508333,2025-01-12,0.5,0.5,1
5860,Gadarpur,Uttarakhand,56,UDHAM SINGH NAGAR,29.04324167,79.24461944,2025-01-12,1.0,0.5,2
5861,Haripura_2,Uttarakhand,56,UDHAM SINGH NAGAR,29.13151944,79.25965556,2025-01-12,1.0,1.0,1
5862,Sitarganj_1,Uttarakhand,56,UDHAM SINGH NAGAR,28.92971389,79.703,2025-01-12,2.0,1.5,2
5863,Yamuna Colony,Uttarakhand,49,Dehradun,30.33775278,78.03311667,2025-01-13,3182.0,296.5,12
5864,Manglaur_1,Uttarakhand,50,Haridwar,29.78567778,77.86368889,2025-01-13,1.0,0.5,2
5865,Yamuna Colony,Uttarakhand,49,Dehradun,30.33775278,78.03311667,2025-01-14,3124.0,298.0,12
5866,Yamuna Colony,Uttarakhand,49,Dehradun,30.33775278,78.03311667,2025-01-15,4742.5,297.5,18
5867,Lamgara,Uttarakhand,45,Almora,29.53866667,79.74994444,2025-01-16,5.0,1.0,8
5868,Baijnath (Gomti),Uttarakhand,46,Bageshwar,29.90822222,79.61769444,2025-01-16,1.0,0.5,2
5869,Kapkot (Saryu),Uttarakhand,46,Bageshwar,29.94516667,79.9025,2025-01-16,1.5,1.5,1
5870,Khati_1,Uttarakhand,46,Bageshwar,30.11019722,79.94055833,2025-01-16,0.5,0.5,1
5871,Champawat_1,Uttarakhand,48,Champawat,29.33341667,80.08469444,2025-01-16,0.5,0.5,1
5872,Tanakpur_1,Uttarakhand,48,Champawat,29.07222222,80.1175,2025-01-16,9.5,2.5,9
5873,Chakrata,Uttarakhand,49,Dehradun,30.76115556,77.86502778,2025-01-16,4.0,1.5,5
5874,Yamuna Colony,Uttarakhand,49,Dehradun,30.33775278,78.03311667,2025-01-16,5146.5,277.0,20
5875,Haldwani_1,Uttarakhand,51,Nainital,29.214725,79.52400278,2025-01-16,3.0,0.5,6
5876,Mukteshwar_1,Uttarakhand,51,Nainital,29.47413889,79.65119444,2025-01-16,3.0,1.0,5
5877,Dugadda (Khoh),Uttarakhand,52,PAURI GARHWAL,29.75108333,78.52341667,2025-01-16,1.0,0.5,2
5878,Srinagar_2,Uttarakhand,52,PAURI GARHWAL,30.23581944,78.81720278,2025-01-16,2.5,1.5,3
5879,Nachni,Uttarakhand,53,Pithoragarh,29.90594444,80.16097222,2025-01-16,1.0,0.5,2
5880,Basukedar,Uttarakhand,54,Rudraprayag,30.43919444,79.05633333,2025-01-16,4.5,1.5,5
5881,Guptkashi_1,Uttarakhand,54,Rudraprayag,30.52863889,79.08508333,2025-01-16,8.0,1.5,8
5882,Gadarpur,Uttarakhand,56,UDHAM SINGH NAGAR,29.04324167,79.24461944,2025-01-16,1.0,0.5,2
5883,Sitarganj_1,Uttarakhand,56,UDHAM SINGH NAGAR,28.92971389,79.703,2025-01-16,5.0,1.0,8
5884,Tumaria,Uttarakhand,56,UDHAM SINGH NAGAR,29.30704722,78.93133056,2025-01-16,1.5,0.5,3
5885,Yamuna Colony,Uttarakhand,49,Dehradun,30.33775278,78.03311667,2025-01-17,4931.5,302.5,19
5886,Manglaur_1,Uttarakhand,50,Haridwar,29.78567778,77.86368889,2025-01-17,0.5,0.5,1
5887,Purola_1,Uttarakhand,57,Uttarkashi,30.91291667,78.10388889,2025-01-17,448.5,448.5,1
5888,Yamuna Colony,Uttarakhand,49,Dehradun,30.33775278,78.03311667,2025-01-18,5238.5,297.0,20
5889,Guptkashi_1,Uttarakhand,54,Rudraprayag,30.52863889,79.08508333,2025-01-18,1.0,1.0,1
5890,Yamuna Colony,Uttarakhand,49,Dehradun,30.33775278,78.03311667,2025-01-19,3195.5,309.5,12
5891,Haldwani_1,Uttarakhand,51,Nainital,29.214725,79.52400278,2025-01-19,247.0,247.0,1
5892,Yamuna Colony,Uttarakhand,49,Dehradun,30.33775278,78.03311667,2025-01-20,3534.0,309.0,13
5893,Champawat_1,Uttarakhand,48,Champawat,29.33341667,80.08469444,2025-01-21,0.5,0.5,1
5894,Tanakpur_1,Uttarakhand,48,Champawat,29.07222222,80.1175,2025-01-21,1.0,0.5,2
5895,Dakpathar,Uttarakhand,49,Dehradun,30.49866667,77.79744444,2025-01-21,275.0,267.0,2
5896,Yamuna Colony,Uttarakhand,49,Dehradun,30.33775278,78.03311667,2025-01-21,3004.5,313.5,11
5897,Yamuna Colony,Uttarakhand,49,Dehradun,30.33775278,78.03311667,2025-01-22,3689.5,312.0,13
5898,Champawat_1,Uttarakhand,48,Champawat,29.33341667,80.08469444,2025-01-23,257.0,257.0,1
5899,Yamuna Colony,Uttarakhand,49,Dehradun,30.33775278,78.03311667,2025-01-23,3272.0,301.0,12
5900,Purola_1,Uttarakhand,57,Uttarkashi,30.91291667,78.10388889,2025-01-23,348.0,348.0,1
5901,Yamuna Colony,Uttarakhand,49,Dehradun,30.33775278,78.03311667,2025-01-24,1849.5,301.5,7
5902,Roorkee_2,Uttarakhand,50,Haridwar,29.86771944,77.88415556,2025-01-24,1428.5,511.5,4
5903,Champawat_1,Uttarakhand,48,Champawat,29.33341667,80.08469444,2025-01-25,136.0,172.0,2
5904,Yamuna Colony,Uttarakhand,49,Dehradun,30.33775278,78.03311667,2025-01-25,1323.5,305.0,5
5905,Roorkee_2,Uttarakhand,50,Haridwar,29.86771944,77.88415556,2025-01-25,587.5,317.0,2
5906,Dharchula_1,Uttarakhand,53,Pithoragarh,29.84825,80.54047222,2025-01-25,384.0,384.0,1
5907,Champawat_1,Uttarakhand,48,Champawat,29.33341667,80.08469444,2025-01-26,129.0,129.0,1
5908,Yamuna Colony,Uttarakhand,49,Dehradun,30.33775278,78.03311667,2025-01-26,2183.0,302.5,8
5909,Roorkee_2,Uttarakhand,50,Haridwar,29.86771944,77.88415556,2025-01-26,1112.0,511.5,3
5910,Srinagar_2,Uttarakhand,52,PAURI GARHWAL,30.23581944,78.81720278,2025-01-27,2.5,2.0,2
5911,Yamuna Colony,Uttarakhand,49,Dehradun,30.33775278,78.03311667,2025-01-28,3528.5,305.0,13
5912,Doiwala (Bhogpur),Uttarakhand,49,Dehradun,30.22270833,78.23418611,2025-01-29,52.0,52.0,1
5913,Yamuna Colony,Uttarakhand,49,Dehradun,30.33775278,78.03311667,2025-01-29,5579.5,300.0,21
5914,Yamuna Colony,Uttarakhand,49,Dehradun,30.33775278,78.03311667,2025-01-30,4765.0,304.0,18
5915,Yamuna Colony,Uttarakhand,49,Dehradun,30.33775278,78.03311667,2025-01-31,5466.0,306.5,20
5916,Mukteshwar_1,Uttarakhand,51,Nainital,29.47413889,79.65119444,2025-01-31,672.0,408.0,2
5917,Gadarpur,Uttarakhand,56,UDHAM SINGH NAGAR,29.04324167,79.24461944,2025-01-31,129.5,129.5,1
5918,Yamuna Colony,Uttarakhand,49,Dehradun,30.33775278,78.03311667,2025-02-01,2440.0,310.5,9
5919,Purola_1,Uttarakhand,57,Uttarkashi,30.91291667,78.10388889,2025-02-01,160.0,160.0,1
5920,Jhala_1,Uttarakhand,57,Uttarkashi,31.01533333,78.71222222,2025-02-02,1.5,1.5,1
5921,Yamuna Colony,Uttarakhand,49,Dehradun,30.33775278,78.03311667,2025-02-03,3051.5,304.5,11
5922,Nandprayag (Nandakini),Uttarakhand,47,Chamoli,30.33122222,79.31063889,2025-02-04,0.5,0.5,1
5923,Yamuna Colony,Uttarakhand,49,Dehradun,30.33775278,78.03311667,2025-02-04,4926.0,312.0,18
5924,Mukteshwar_1,Uttarakhand,51,Nainital,29.47413889,79.65119444,2025-02-04,-142.0,136.0,4
5925,Basukedar,Uttarakhand,54,Rudraprayag,30.43919444,79.05633333,2025-02-04,5.0,2.0,5
5926,Guptkashi_1,Uttarakhand,54,Rudraprayag,30.52863889,79.08508333,2025-02-04,9.0,1.5,12
5927,Jhala_1,Uttarakhand,57,Uttarkashi,31.01533333,78.71222222,2025-02-04,2.5,1.0,4
5928,Chakrata,Uttarakhand,49,Dehradun,30.76115556,77.86502778,2025-02-05,2.5,2.0,2
5929,Yamuna Colony,Uttarakhand,49,Dehradun,30.33775278,78.03311667,2025-02-05,5058.5,293.5,19
5930,Champawat_1,Uttarakhand,48,Champawat,29.33341667,80.08469444,2025-02-06,345.5,345.5,1
5931,Yamuna Colony,Uttarakhand,49,Dehradun,30.33775278,78.03311667,2025-02-06,5094.5,298.5,20
5932,Manglaur_1,Uttarakhand,50,Haridwar,29.78567778,77.86368889,2025-02-06,464.0,464.0,1
5933,Mukteshwar_1,Uttarakhand,51,Nainital,29.47413889,79.65119444,2025-02-06,341.5,341.5,1
5934,Gairsain (Ramganga),Uttarakhand,47,Chamoli,30.045,79.2855,2025-02-07,33.0,33.0,1
5935,Yamuna Colony,Uttarakhand,49,Dehradun,30.33775278,78.03311667,2025-02-07,5750.5,309.5,22
5936,Roorkee_2,Uttarakhand,50,Haridwar,29.86771944,77.88415556,2025-02-07,511.5,511.5,1
5937,Guptkashi_1,Uttarakhand,54,Rudraprayag,30.52863889,79.08508333,2025-02-07,193.0,193.0,1
5938,Doiwala (Bhogpur),Uttarakhand,49,Dehradun,30.22270833,78.23418611,2025-02-08,121.0,121.0,1
5939,Yamuna Colony,Uttarakhand,49,Dehradun,30.33775278,78.03311667,2025-02-08,5479.5,307.0,21
5940,Yamuna Colony,Uttarakhand,49,Dehradun,30.33775278,78.03311667,2025-02-09,5427.0,322.5,20
5941,Yamkeshwar,Uttarakhand,52,PAURI GARHWAL,29.96130556,78.44086111,2025-02-09,89.0,89.0,1
5942,Purola_1,Uttarakhand,57,Uttarkashi,30.91291667,78.10388889,2025-02-09,18.0,18.0,1
5943,Yamuna Colony,Uttarakhand,49,Dehradun,30.33775278,78.03311667,2025-02-10,5592.5,317.0,20
5944,Roorkee_2,Uttarakhand,50,Haridwar,29.86771944,77.88415556,2025-02-10,328.5,328.5,1
5945,Gadarpur,Uttarakhand,56,UDHAM SINGH NAGAR,29.04324167,79.24461944,2025-02-10,409.0,276.5,2
5946,Lamgara,Uttarakhand,45,Almora,29.53866667,79.74994444,2025-02-11,0.5,0.5,1
5947,Yamuna Colony,Uttarakhand,49,Dehradun,30.33775278,78.03311667,2025-02-11,6033.0,318.0,22
5948,Yamuna Colony,Uttarakhand,49,Dehradun,30.33775278,78.03311667,2025-02-12,6018.5,316.5,22
5949,Roorkee_2,Uttarakhand,50,Haridwar,29.86771944,77.88415556,2025-02-12,330.0,330.0,1
5950,Haldwani_1,Uttarakhand,51,Nainital,29.214725,79.52400278,2025-02-12,140.5,140.5,1
5951,Yamuna Colony,Uttarakhand,49,Dehradun,30.33775278,78.03311667,2025-02-13,4929.0,300.0,19
5952,Khati_1,Uttarakhand,46,Bageshwar,30.11019722,79.94055833,2025-02-14,192.0,192.0,1
5953,Yamuna Colony,Uttarakhand,49,Dehradun,30.33775278,78.03311667,2025-02-14,6486.0,313.0,24
5954,Yamuna Colony,Uttarakhand,49,Dehradun,30.33775278,78.03311667,2025-02-15,4359.0,305.0,16
5955,Mukteshwar_1,Uttarakhand,51,Nainital,29.47413889,79.65119444,2025-02-15,1.0,0.5,2
5956,Basukedar,Uttarakhand,54,Rudraprayag,30.43919444,79.05633333,2025-02-15,1.0,1.0,1
5957,Guptkashi_1,Uttarakhand,54,Rudraprayag,30.52863889,79.08508333,2025-02-15,5.0,1.5,4
5958,Tanakpur_1,Uttarakhand,48,Champawat,29.07222222,80.1175,2025-02-17,371.0,288.0,2
5959,Yamuna Colony,Uttarakhand,49,Dehradun,30.33775278,78.03311667,2025-02-17,3405.5,315.5,12
5960,Mukteshwar_1,Uttarakhand,51,Nainital,29.47413889,79.65119444,2025-02-17,0.5,0.5,1
5961,Yamuna Colony,Uttarakhand,49,Dehradun,30.33775278,78.03311667,2025-02-18,5640.0,318.0,20
5962,Gadarpur,Uttarakhand,56,UDHAM SINGH NAGAR,29.04324167,79.24461944,2025-02-18,320.0,320.0,1
5963,Sitarganj_1,Uttarakhand,56,UDHAM SINGH NAGAR,28.92971389,79.703,2025-02-18,5.0,5.0,1
5964,Yamuna Colony,Uttarakhand,49,Dehradun,30.33775278,78.03311667,2025-02-19,4120.5,314.0,15
5965,Chakrata,Uttarakhand,49,Dehradun,30.76115556,77.86502778,2025-02-20,19.5,4.0,14
5966,Dakpathar,Uttarakhand,49,Dehradun,30.49866667,77.79744444,2025-02-20,7.0,2.0,9
5967,Yamuna Colony,Uttarakhand,49,Dehradun,30.33775278,78.03311667,2025-02-20,4088.5,290.0,15
5968,Srinagar_2,Uttarakhand,52,PAURI GARHWAL,30.23581944,78.81720278,2025-02-20,291.0,290.5,2
5969,Basukedar,Uttarakhand,54,Rudraprayag,30.43919444,79.05633333,2025-02-20,8.5,2.5,6
5970,Guptkashi_1,Uttarakhand,54,Rudraprayag,30.52863889,79.08508333,2025-02-20,22.5,3.5,17
5971,Jhala_1,Uttarakhand,57,Uttarkashi,31.01533333,78.71222222,2025-02-20,0.5,0.5,1
5972,Lamgara,Uttarakhand,45,Almora,29.53866667,79.74994444,2025-02-21,5.0,1.5,4
5973,Baijnath (Gomti),Uttarakhand,46,Bageshwar,29.90822222,79.61769444,2025-02-21,2.5,2.0,2
5974,Kapkot (Saryu),Uttarakhand,46,Bageshwar,29.94516667,79.9025,2025-02-21,3.0,2.0,3
5975,Danda_1,Uttarakhand,48,Champawat,29.15927778,80.10852778,2025-02-21,0.5,0.5,1
5976,Yamuna Colony,Uttarakhand,49,Dehradun,30.33775278,78.03311667,2025-02-21,4544.0,306.5,17
5977,Manglaur_1,Uttarakhand,50,Haridwar,29.78567778,77.86368889,2025-02-21,0.5,0.5,1
5978,Mukteshwar_1,Uttarakhand,51,Nainital,29.47413889,79.65119444,2025-02-21,231.0,223.5,8
5979,Dugadda (Khoh),Uttarakhand,52,PAURI GARHWAL,29.75108333,78.52341667,2025-02-21,1.0,0.5,2
5980,Srinagar_2,Uttarakhand,52,PAURI GARHWAL,30.23581944,78.81720278,2025-02-21,1.0,1.0,1
5981,Nachni,Uttarakhand,53,Pithoragarh,29.90594444,80.16097222,2025-02-21,3.5,2.5,3
5982,Basukedar,Uttarakhand,54,Rudraprayag,30.43919444,79.05633333,2025-02-21,4.5,3.0,2
5983,Guptkashi_1,Uttarakhand,54,Rudraprayag,30.52863889,79.08508333,2025-02-21,21.0,5.5,6
5984,Jhala_1,Uttarakhand,57,Uttarkashi,31.01533333,78.71222222,2025-02-21,17.0,5.0,6
5985,Nandprayag (Nandakini),Uttarakhand,47,Chamoli,30.33122222,79.31063889,2025-02-22,0.5,0.5,1
5986,Chakrata,Uttarakhand,49,Dehradun,30.76115556,77.86502778,2025-02-22,0.5,0.5,1
5987,Doiwala (Bhogpur),Uttarakhand,49,Dehradun,30.22270833,78.23418611,2025-02-22,281.5,281.5,1
5988,Yamuna Colony,Uttarakhand,49,Dehradun,30.33775278,78.03311667,2025-02-22,4730.0,305.0,17
5989,Roorkee_2,Uttarakhand,50,Haridwar,29.86771944,77.88415556,2025-02-22,303.5,303.5,1
5990,Jhala_1,Uttarakhand,57,Uttarkashi,31.01533333,78.71222222,2025-02-22,0.5,0.5,1
5991,Kapkot (Saryu),Uttarakhand,46,Bageshwar,29.94516667,79.9025,2025-02-23,3.0,2.5,2
5992,Yamuna Colony,Uttarakhand,49,Dehradun,30.33775278,78.03311667,2025-02-24,4344.5,314.5,15
5993,Roorkee_2,Uttarakhand,50,Haridwar,29.86771944,77.88415556,2025-02-24,3972.0,511.5,12
5994,Srinagar_2,Uttarakhand,52,PAURI GARHWAL,30.23581944,78.81720278,2025-02-24,3625.5,321.0,12
5995,Yamuna Colony,Uttarakhand,49,Dehradun,30.33775278,78.03311667,2025-02-25,2908.5,317.0,10
5996,Roorkee_2,Uttarakhand,50,Haridwar,29.86771944,77.88415556,2025-02-25,3017.0,511.5,9
5997,Srinagar_2,Uttarakhand,52,PAURI GARHWAL,30.23581944,78.81720278,2025-02-25,1453.0,342.5,5
5998,Badrinath_1,Uttarakhand,47,Chamoli,30.74513889,79.49436111,2025-02-26,5.0,5.0,1
5999,Chakrata,Uttarakhand,49,Dehradun,30.76115556,77.86502778,2025-02-26,2.5,1.0,4
6000,Basukedar,Uttarakhand,54,Rudraprayag,30.43919444,79.05633333,2025-02-26,2.0,1.5,2
6001,Guptkashi_1,Uttarakhand,54,Rudraprayag,30.52863889,79.08508333,2025-02-26,4.5,2.5,3
6002,Jhala_1,Uttarakhand,57,Uttarkashi,31.01533333,78.71222222,2025-02-26,2.5,1.0,4
6003,Lamgara,Uttarakhand,45,Almora,29.53866667,79.74994444,2025-02-27,1.0,0.5,2
6004,Baijnath (Gomti),Uttarakhand,46,Bageshwar,29.90822222,79.61769444,2025-02-27,43.0,4.5,16
6005,Kapkot (Saryu),Uttarakhand,46,Bageshwar,29.94516667,79.9025,2025-02-27,37.0,2.5,18
6006,Champawat_1,Uttarakhand,48,Champawat,29.33341667,80.08469444,2025-02-27,5.5,1.5,6
6007,Rithakhal,Uttarakhand,48,Champawat,29.44911111,79.882,2025-02-27,23.0,5.0,17
6008,Chakrata,Uttarakhand,49,Dehradun,30.76115556,77.86502778,2025-02-27,31.0,4.0,15
6009,Dakpathar,Uttarakhand,49,Dehradun,30.49866667,77.79744444,2025-02-27,3.5,0.5,7
6010,Yamuna Colony,Uttarakhand,49,Dehradun,30.33775278,78.03311667,2025-02-27,283.0,283.0,1
6011,Mukteshwar_1,Uttarakhand,51,Nainital,29.47413889,79.65119444,2025-02-27,18.5,3.0,13
6012,Dugadda (Khoh),Uttarakhand,52,PAURI GARHWAL,29.75108333,78.52341667,2025-02-27,2.0,0.5,4
6013,Srinagar_2,Uttarakhand,52,PAURI GARHWAL,30.23581944,78.81720278,2025-02-27,293.0,293.0,1
6014,Dharchula_1,Uttarakhand,53,Pithoragarh,29.84825,80.54047222,2025-02-27,7.0,2.5,4
6015,Basukedar,Uttarakhand,54,Rudraprayag,30.43919444,79.05633333,2025-02-27,42.5,3.0,19
6016,Guptkashi_1,Uttarakhand,54,Rudraprayag,30.52863889,79.08508333,2025-02-27,54.0,3.5,22
6017,Jhala_1,Uttarakhand,57,Uttarkashi,31.01533333,78.71222222,2025-02-27,8.5,1.5,14
6018,Lamgara,Uttarakhand,45,Almora,29.53866667,79.74994444,2025-02-28,20.5,3.0,15
6019,Baijnath (Gomti),Uttarakhand,46,Bageshwar,29.90822222,79.61769444,2025-02-28,-203.0,140.0,32
6020,Kapkot (Saryu),Uttarakhand,46,Bageshwar,29.94516667,79.9025,2025-02-28,112.5,7.0,42
6021,Nandprayag (Nandakini),Uttarakhand,47,Chamoli,30.33122222,79.31063889,2025-02-28,0.5,0.5,1
6022,Champawat_1,Uttarakhand,48,Champawat,29.33341667,80.08469444,2025-02-28,34.5,4.5,18
6023,Danda_1,Uttarakhand,48,Champawat,29.15927778,80.10852778,2025-02-28,1.5,1.5,1
6024,Rithakhal,Uttarakhand,48,Champawat,29.44911111,79.882,2025-02-28,110.0,8.0,28
6025,Tanakpur_1,Uttarakhand,48,Champawat,29.07222222,80.1175,2025-02-28,19.0,5.0,9
6026,Chakrata,Uttarakhand,49,Dehradun,30.76115556,77.86502778,2025-02-28,77.5,7.0,21
6027,Dakpathar,Uttarakhand,49,Dehradun,30.49866667,77.79744444,2025-02-28,81.0,7.0,29
6028,Yamuna Colony,Uttarakhand,49,Dehradun,30.33775278,78.03311667,2025-02-28,3836.5,290.5,14
6029,Manglaur_1,Uttarakhand,50,Haridwar,29.78567778,77.86368889,2025-02-28,1.0,0.5,2
6030,Roorkee_2,Uttarakhand,50,Haridwar,29.86771944,77.88415556,2025-02-28,2925.0,511.5,9
6031,Haldwani_1,Uttarakhand,51,Nainital,29.214725,79.52400278,2025-02-28,16.5,2.5,13
6032,Mukteshwar_1,Uttarakhand,51,Nainital,29.47413889,79.65119444,2025-02-28,83.0,5.5,27
6033,Dugadda (Khoh),Uttarakhand,52,PAURI GARHWAL,29.75108333,78.52341667,2025-02-28,2.0,0.5,4
6034,Srinagar_2,Uttarakhand,52,PAURI GARHWAL,30.23581944,78.81720278,2025-02-28,3477.5,306.5,22
6035,Yamkeshwar,Uttarakhand,52,PAURI GARHWAL,29.96130556,78.44086111,2025-02-28,160.0,160.0,1
6036,Dharchula_1,Uttarakhand,53,Pithoragarh,29.84825,80.54047222,2025-02-28,0.5,0.5,1
6037,Basukedar,Uttarakhand,54,Rudraprayag,30.43919444,79.05633333,2025-02-28,112.5,6.0,40
6038,Guptkashi_1,Uttarakhand,54,Rudraprayag,30.52863889,79.08508333,2025-02-28,126.0,6.0,42
6039,Gadarpur,Uttarakhand,56,UDHAM SINGH NAGAR,29.04324167,79.24461944,2025-02-28,4.0,0.5,8
6040,Haripura_2,Uttarakhand,56,UDHAM SINGH NAGAR,29.13151944,79.25965556,2025-02-28,1.5,0.5,3
6041,Sitarganj_1,Uttarakhand,56,UDHAM SINGH NAGAR,28.92971389,79.703,2025-02-28,2.5,1.0,3
6042,Tumaria,Uttarakhand,56,UDHAM SINGH NAGAR,29.30704722,78.93133056,2025-02-28,7.5,1.0,13
6043,Jhala_1,Uttarakhand,57,Uttarkashi,31.01533333,78.71222222,2025-02-28,38.5,4.0,19
6044,Lamgara,Uttarakhand,45,Almora,29.53866667,79.74994444,2025-03-01,3.5,1.0,6
6045,Baijnath (Gomti),Uttarakhand,46,Bageshwar,29.90822222,79.61769444,2025-03-01,3.0,2.5,2
6046,Kapkot (Saryu),Uttarakhand,46,Bageshwar,29.94516667,79.9025,2025-03-01,3.5,2.5,3
6047,Danda_1,Uttarakhand,48,Champawat,29.15927778,80.10852778,2025-03-01,27.5,19.5,6
6048,Rithakhal,Uttarakhand,48,Champawat,29.44911111,79.882,2025-03-01,4.5,2.5,3
6049,Tanakpur_1,Uttarakhand,48,Champawat,29.07222222,80.1175,2025-03-01,23.5,6.5,8
6050,Chakrata,Uttarakhand,49,Dehradun,30.76115556,77.86502778,2025-03-01,3.0,1.5,3
6051,Dakpathar,Uttarakhand,49,Dehradun,30.49866667,77.79744444,2025-03-01,8.5,6.0,4
6052,Yamuna Colony,Uttarakhand,49,Dehradun,30.33775278,78.03311667,2025-03-01,256.5,256.5,1
6053,Manglaur_1,Uttarakhand,50,Haridwar,29.78567778,77.86368889,2025-03-01,1.0,0.5,2
6054,Roorkee_2,Uttarakhand,50,Haridwar,29.86771944,77.88415556,2025-03-01,550.5,511.5,3
6055,Haldwani_1,Uttarakhand,51,Nainital,29.214725,79.52400278,2025-03-01,7.0,3.5,4
6056,Mukteshwar_1,Uttarakhand,51,Nainital,29.47413889,79.65119444,2025-03-01,7.0,2.0,8
6057,Dugadda (Khoh),Uttarakhand,52,PAURI GARHWAL,29.75108333,78.52341667,2025-03-01,0.5,0.5,1
6058,Srinagar_2,Uttarakhand,52,PAURI GARHWAL,30.23581944,78.81720278,2025-03-01,280.5,280.5,1
6059,Dharchula_1,Uttarakhand,53,Pithoragarh,29.84825,80.54047222,2025-03-01,1.0,1.0,1
6060,Gadarpur,Uttarakhand,56,UDHAM SINGH NAGAR,29.04324167,79.24461944,2025-03-01,5.5,1.5,7
6061,Sitarganj_1,Uttarakhand,56,UDHAM SINGH NAGAR,28.92971389,79.703,2025-03-01,9.5,7.5,2
6062,Tumaria,Uttarakhand,56,UDHAM SINGH NAGAR,29.30704722,78.93133056,2025-03-01,3.5,1.0,6
6063,Jhala_1,Uttarakhand,57,Uttarkashi,31.01533333,78.71222222,2025-03-01,7.5,2.0,7
6064,Khati_1,Uttarakhand,46,Bageshwar,30.11019722,79.94055833,2025-03-02,192.0,192.0,1
6065,Dugadda (Khoh),Uttarakhand,52,PAURI GARHWAL,29.75108333,78.52341667,2025-03-02,0.5,0.5,1
6066,Jhala_1,Uttarakhand,57,Uttarkashi,31.01533333,78.71222222,2025-03-02,0.5,0.5,1
6067,Baijnath (Gomti),Uttarakhand,46,Bageshwar,29.90822222,79.61769444,2025-03-03,1.0,1.0,1
6068,Chakrata,Uttarakhand,49,Dehradun,30.76115556,77.86502778,2025-03-03,3.0,2.0,2
6069,Yamuna Colony,Uttarakhand,49,Dehradun,30.33775278,78.03311667,2025-03-03,306.0,306.0,1
6070,Srinagar_2,Uttarakhand,52,PAURI GARHWAL,30.23581944,78.81720278,2025-03-03,596.0,319.0,2
6071,Jhala_1,Uttarakhand,57,Uttarkashi,31.01533333,78.71222222,2025-03-03,0.5,0.5,1
6072,Lamgara,Uttarakhand,45,Almora,29.53866667,79.74994444,2025-03-04,1.0,0.5,2
6073,Baijnath (Gomti),Uttarakhand,46,Bageshwar,29.90822222,79.61769444,2025-03-04,3.0,1.0,4
6074,Kapkot (Saryu),Uttarakhand,46,Bageshwar,29.94516667,79.9025,2025-03-04,15.0,3.5,8
6075,Champawat_1,Uttarakhand,48,Champawat,29.33341667,80.08469444,2025-03-04,1.5,0.5,3
6076,Danda_1,Uttarakhand,48,Champawat,29.15927778,80.10852778,2025-03-04,3.0,3.0,1
6077,Tanakpur_1,Uttarakhand,48,Champawat,29.07222222,80.1175,2025-03-04,1.0,0.5,2
6078,Chakrata,Uttarakhand,49,Dehradun,30.76115556,77.86502778,2025-03-04,7.5,3.0,6
6079,Yamuna Colony,Uttarakhand,49,Dehradun,30.33775278,78.03311667,2025-03-04,574.5,306.5,2
6080,Roorkee_2,Uttarakhand,50,Haridwar,29.86771944,77.88415556,2025-03-04,811.5,511.5,2
6081,Dugadda (Khoh),Uttarakhand,52,PAURI GARHWAL,29.75108333,78.52341667,2025-03-04,1.0,0.5,2
6082,Srinagar_2,Uttarakhand,52,PAURI GARHWAL,30.23581944,78.81720278,2025-03-04,294.0,294.0,1
6083,Dharchula_1,Uttarakhand,53,Pithoragarh,29.84825,80.54047222,2025-03-04,2.0,0.5,4
6084,Basukedar,Uttarakhand,54,Rudraprayag,30.43919444,79.05633333,2025-03-04,2.5,0.5,5
6085,Guptkashi_1,Uttarakhand,54,Rudraprayag,30.52863889,79.08508333,2025-03-04,17.0,3.0,14
6086,Haripura_2,Uttarakhand,56,UDHAM SINGH NAGAR,29.13151944,79.25965556,2025-03-04,1.5,1.5,1
6087,Jhala_1,Uttarakhand,57,Uttarkashi,31.01533333,78.71222222,2025-03-04,19.0,2.0,17
6088,Baijnath (Gomti),Uttarakhand,46,Bageshwar,29.90822222,79.61769444,2025-03-05,0.5,0.5,1
6089,Yamuna Colony,Uttarakhand,49,Dehradun,30.33775278,78.03311667,2025-03-05,825.0,302.0,3
6090,Srinagar_2,Uttarakhand,52,PAURI GARHWAL,30.23581944,78.81720278,2025-03-05,541.0,287.5,2
6091,Jhala_1,Uttarakhand,57,Uttarkashi,31.01533333,78.71222222,2025-03-05,1.5,1.0,2
6092,Yamuna Colony,Uttarakhand,49,Dehradun,30.33775278,78.03311667,2025-03-06,315.5,315.5,1
6093,Dugadda (Khoh),Uttarakhand,52,PAURI GARHWAL,29.75108333,78.52341667,2025-03-06,1.0,0.5,2
6094,Yamuna Colony,Uttarakhand,49,Dehradun,30.33775278,78.03311667,2025-03-08,253.5,253.5,1
6095,Srinagar_2,Uttarakhand,52,PAURI GARHWAL,30.23581944,78.81720278,2025-03-08,256.0,256.0,1
6096,Dharchula_1,Uttarakhand,53,Pithoragarh,29.84825,80.54047222,2025-03-08,0.5,0.5,1
6097,Nandprayag (Nandakini),Uttarakhand,47,Chamoli,30.33122222,79.31063889,2025-03-10,0.5,0.5,1
6098,Srinagar_2,Uttarakhand,52,PAURI GARHWAL,30.23581944,78.81720278,2025-03-10,955.0,335.0,3
6099,Guptkashi_1,Uttarakhand,54,Rudraprayag,30.52863889,79.08508333,2025-03-10,4.0,1.0,4
6100,Baijnath (Gomti),Uttarakhand,46,Bageshwar,29.90822222,79.61769444,2025-03-11,501.5,489.5,2
6101,Yamuna Colony,Uttarakhand,49,Dehradun,30.33775278,78.03311667,2025-03-11,650.5,331.0,2
6102,Srinagar_2,Uttarakhand,52,PAURI GARHWAL,30.23581944,78.81720278,2025-03-11,642.0,327.0,2
6103,Guptkashi_1,Uttarakhand,54,Rudraprayag,30.52863889,79.08508333,2025-03-11,4.0,2.0,2
6104,Baijnath (Gomti),Uttarakhand,46,Bageshwar,29.90822222,79.61769444,2025-03-12,192.5,192.5,1
6105,Yamuna Colony,Uttarakhand,49,Dehradun,30.33775278,78.03311667,2025-03-12,677.5,343.5,2
6106,Srinagar_2,Uttarakhand,52,PAURI GARHWAL,30.23581944,78.81720278,2025-03-12,322.5,322.5,1
6107,Jhala_1,Uttarakhand,57,Uttarkashi,31.01533333,78.71222222,2025-03-12,0.5,0.5,1
6108,Baijnath (Gomti),Uttarakhand,46,Bageshwar,29.90822222,79.61769444,2025-03-13,1.0,0.5,2
6109,Yamuna Colony,Uttarakhand,49,Dehradun,30.33775278,78.03311667,2025-03-13,313.5,313.5,1
6110,Gola_1,Uttarakhand,51,Nainital,29.27136111,79.54743333,2025-03-13,3.0,3.0,1
6111,Mukteshwar_1,Uttarakhand,51,Nainital,29.47413889,79.65119444,2025-03-13,92.0,48.0,2
6112,Yamkeshwar,Uttarakhand,52,PAURI GARHWAL,29.96130556,78.44086111,2025-03-13,149.5,149.5,1
6113,Kempty,Uttarakhand,55,Tehri Garhwal,30.49075,78.04738889,2025-03-13,85.0,85.0,1
6114,Jhala_1,Uttarakhand,57,Uttarkashi,31.01533333,78.71222222,2025-03-13,0.5,0.5,1
6115,Lamgara,Uttarakhand,45,Almora,29.53866667,79.74994444,2025-03-14,1.0,0.5,2
6116,Baijnath (Gomti),Uttarakhand,46,Bageshwar,29.90822222,79.61769444,2025-03-14,0.5,0.5,1
6117,Danda_1,Uttarakhand,48,Champawat,29.15927778,80.10852778,2025-03-14,1.5,1.5,1
6118,Chakrata,Uttarakhand,49,Dehradun,30.76115556,77.86502778,2025-03-14,1.5,1.0,2
6119,Yamuna Colony,Uttarakhand,49,Dehradun,30.33775278,78.03311667,2025-03-14,264.5,264.5,1
6120,Srinagar_2,Uttarakhand,52,PAURI GARHWAL,30.23581944,78.81720278,2025-03-14,346.5,346.5,1
6121,Kempty,Uttarakhand,55,Tehri Garhwal,30.49075,78.04738889,2025-03-14,0.5,0.5,1
6122,Lamgara,Uttarakhand,45,Almora,29.53866667,79.74994444,2025-03-15,2.0,0.5,4
6123,Baijnath (Gomti),Uttarakhand,46,Bageshwar,29.90822222,79.61769444,2025-03-15,5.5,1.5,6
6124,Kapkot (Saryu),Uttarakhand,46,Bageshwar,29.94516667,79.9025,2025-03-15,9.0,2.0,6
6125,Danda_1,Uttarakhand,48,Champawat,29.15927778,80.10852778,2025-03-15,0.5,0.5,1
6126,Rithakhal,Uttarakhand,48,Champawat,29.44911111,79.882,2025-03-15,10.5,3.5,7
6127,Chakrata,Uttarakhand,49,Dehradun,30.76115556,77.86502778,2025-03-15,25.5,6.0,14
6128,Dakpathar,Uttarakhand,49,Dehradun,30.49866667,77.79744444,2025-03-15,6.5,2.0,5
6129,Yamuna Colony,Uttarakhand,49,Dehradun,30.33775278,78.03311667,2025-03-15,269.5,269.5,1
6130,Khanpur_5,Uttarakhand,50,Haridwar,29.641375,78.00678611,2025-03-15,1.0,0.5,2
6131,Roorkee_2,Uttarakhand,50,Haridwar,29.86771944,77.88415556,2025-03-15,1.5,1.0,2
6132,Mukteshwar_1,Uttarakhand,51,Nainital,29.47413889,79.65119444,2025-03-15,10.0,4.5,4
6133,Dugadda (Khoh),Uttarakhand,52,PAURI GARHWAL,29.75108333,78.52341667,2025-03-15,1.0,0.5,2
6134,Srinagar_2,Uttarakhand,52,PAURI GARHWAL,30.23581944,78.81720278,2025-03-15,25.0,6.0,8
6135,Dharchula_1,Uttarakhand,53,Pithoragarh,29.84825,80.54047222,2025-03-15,1.0,1.0,1
6136,Nachni,Uttarakhand,53,Pithoragarh,29.90594444,80.16097222,2025-03-15,7.5,2.0,5
6137,Basukedar,Uttarakhand,54,Rudraprayag,30.43919444,79.05633333,2025-03-15,41.0,5.0,14
6138,Guptkashi_1,Uttarakhand,54,Rudraprayag,30.52863889,79.08508333,2025-03-15,37.0,5.0,13
6139,Gadarpur,Uttarakhand,56,UDHAM SINGH NAGAR,29.04324167,79.24461944,2025-03-15,2.0,1.0,3
6140,Lamgara,Uttarakhand,45,Almora,29.53866667,79.74994444,2025-03-16,1.0,0.5,2
6141,Baijnath (Gomti),Uttarakhand,46,Bageshwar,29.90822222,79.61769444,2025-03-16,76.5,72.5,7
6142,Kapkot (Saryu),Uttarakhand,46,Bageshwar,29.94516667,79.9025,2025-03-16,1.0,0.5,2
6143,Nandprayag (Nandakini),Uttarakhand,47,Chamoli,30.33122222,79.31063889,2025-03-16,0.5,0.5,1
6144,Champawat_1,Uttarakhand,48,Champawat,29.33341667,80.08469444,2025-03-16,2.0,0.5,4
6145,Danda_1,Uttarakhand,48,Champawat,29.15927778,80.10852778,2025-03-16,3.0,1.0,4
6146,Rithakhal,Uttarakhand,48,Champawat,29.44911111,79.882,2025-03-16,7.0,1.0,10
6147,Tanakpur_1,Uttarakhand,48,Champawat,29.07222222,80.1175,2025-03-16,29.0,6.5,8
6148,Chakrata,Uttarakhand,49,Dehradun,30.76115556,77.86502778,2025-03-16,13.5,5.0,7
6149,Yamuna Colony,Uttarakhand,49,Dehradun,30.33775278,78.03311667,2025-03-16,278.5,278.5,1
6150,Manglaur_1,Uttarakhand,50,Haridwar,29.78567778,77.86368889,2025-03-16,0.5,0.5,1
6151,Haldwani_1,Uttarakhand,51,Nainital,29.214725,79.52400278,2025-03-16,3.0,1.5,2
6152,Mukteshwar_1,Uttarakhand,51,Nainital,29.47413889,79.65119444,2025-03-16,15.0,3.0,10
6153,Srinagar_2,Uttarakhand,52,PAURI GARHWAL,30.23581944,78.81720278,2025-03-16,285.5,285.5,1
6154,Nachni,Uttarakhand,53,Pithoragarh,29.90594444,80.16097222,2025-03-16,0.5,0.5,1
6155,Basukedar,Uttarakhand,54,Rudraprayag,30.43919444,79.05633333,2025-03-16,12.0,6.0,2
6156,Guptkashi_1,Uttarakhand,54,Rudraprayag,30.52863889,79.08508333,2025-03-16,11.0,2.0,8
6157,Gadarpur,Uttarakhand,56,UDHAM SINGH NAGAR,29.04324167,79.24461944,2025-03-16,6.5,1.5,7
6158,Haripura_2,Uttarakhand,56,UDHAM SINGH NAGAR,29.13151944,79.25965556,2025-03-16,6.5,4.0,4
6159,Sitarganj_1,Uttarakhand,56,UDHAM SINGH NAGAR,28.92971389,79.703,2025-03-16,0.5,0.5,1
6160,Tumaria,Uttarakhand,56,UDHAM SINGH NAGAR,29.30704722,78.93133056,2025-03-16,0.5,0.5,1
6161,Jhala_1,Uttarakhand,57,Uttarkashi,31.01533333,78.71222222,2025-03-16,0.5,0.5,1
6162,Yamuna Colony,Uttarakhand,49,Dehradun,30.33775278,78.03311667,2025-03-17,287.0,287.0,1
6163,Mukteshwar_1,Uttarakhand,51,Nainital,29.47413889,79.65119444,2025-03-17,5.0,2.5,2
6164,Srinagar_2,Uttarakhand,52,PAURI GARHWAL,30.23581944,78.81720278,2025-03-17,578.5,307.0,2
6165,Yamkeshwar,Uttarakhand,52,PAURI GARHWAL,29.96130556,78.44086111,2025-03-17,129.0,129.0,1
6166,Basukedar,Uttarakhand,54,Rudraprayag,30.43919444,79.05633333,2025-03-17,1.0,0.5,2
6167,Baijnath (Gomti),Uttarakhand,46,Bageshwar,29.90822222,79.61769444,2025-03-18,154.0,154.0,1
6168,Doiwala (Bhogpur),Uttarakhand,49,Dehradun,30.22270833,78.23418611,2025-03-18,81.0,81.0,1
6169,Chakrata,Uttarakhand,49,Dehradun,30.76115556,77.86502778,2025-03-19,3.5,2.5,3
6170,Lamgara,Uttarakhand,45,Almora,29.53866667,79.74994444,2025-03-21,0.5,0.5,1
6171,Baijnath (Gomti),Uttarakhand,46,Bageshwar,29.90822222,79.61769444,2025-03-21,2.0,2.0,1
6172,Rithakhal,Uttarakhand,48,Champawat,29.44911111,79.882,2025-03-21,0.5,0.5,1
6173,Rithakhal,Uttarakhand,48,Champawat,29.44911111,79.882,2025-03-22,4.5,4.5,1
6174,Mukteshwar_1,Uttarakhand,51,Nainital,29.47413889,79.65119444,2025-03-22,1.0,0.5,2
6175,Baijnath (Gomti),Uttarakhand,46,Bageshwar,29.90822222,79.61769444,2025-03-26,48.0,48.0,1
6176,Rithakhal,Uttarakhand,48,Champawat,29.44911111,79.882,2025-03-27,257.0,257.0,1
6177,Doiwala (Bhogpur),Uttarakhand,49,Dehradun,30.22270833,78.23418611,2025-03-27,217.0,160.0,2
6178,Kempty,Uttarakhand,55,Tehri Garhwal,30.49075,78.04738889,2025-03-29,33.0,33.0,1
6179,Yamkeshwar,Uttarakhand,52,PAURI GARHWAL,29.96130556,78.44086111,2025-03-31,64.0,64.0,1
6180,Dharchula_1,Uttarakhand,53,Pithoragarh,29.84825,80.54047222,2025-03-31,86.0,86.0,1
6181,Mukteshwar_1,Uttarakhand,51,Nainital,29.47413889,79.65119444,2025-04-01,126.5,126.5,1
6182,Dharchula_1,Uttarakhand,53,Pithoragarh,29.84825,80.54047222,2025-04-01,91.5,91.5,1
6183,Kempty,Uttarakhand,55,Tehri Garhwal,30.49075,78.04738889,2025-04-01,9.0,9.0,1
6184,Rithakhal,Uttarakhand,48,Champawat,29.44911111,79.882,2025-04-02,160.0,160.0,1
6185,Dakpathar,Uttarakhand,49,Dehradun,30.49866667,77.79744444,2025-04-02,151.0,151.0,1
6186,Baijnath (Gomti),Uttarakhand,46,Bageshwar,29.90822222,79.61769444,2025-04-03,136.0,136.0,1
6187,Rithakhal,Uttarakhand,48,Champawat,29.44911111,79.882,2025-04-05,80.0,80.0,1
6188,Baijnath (Gomti),Uttarakhand,46,Bageshwar,29.90822222,79.61769444,2025-04-09,10.0,5.0,4
6189,Kapkot (Saryu),Uttarakhand,46,Bageshwar,29.94516667,79.9025,2025-04-09,36.0,25.0,6
6190,Danda_1,Uttarakhand,48,Champawat,29.15927778,80.10852778,2025-04-09,3.0,2.5,2
6191,Rithakhal,Uttarakhand,48,Champawat,29.44911111,79.882,2025-04-09,5.0,1.0,6
6192,Tanakpur_1,Uttarakhand,48,Champawat,29.07222222,80.1175,2025-04-09,20.0,9.5,4
6193,Haldwani_1,Uttarakhand,51,Nainital,29.214725,79.52400278,2025-04-09,19.5,9.0,3
6194,Mukteshwar_1,Uttarakhand,51,Nainital,29.47413889,79.65119444,2025-04-09,14.0,10.0,3
6195,Basukedar,Uttarakhand,54,Rudraprayag,30.43919444,79.05633333,2025-04-09,20.0,6.5,6
6196,Guptkashi_1,Uttarakhand,54,Rudraprayag,30.52863889,79.08508333,2025-04-09,1.0,0.5,2
6197,Sitarganj_1,Uttarakhand,56,UDHAM SINGH NAGAR,28.92971389,79.703,2025-04-09,4.0,4.0,1
6198,Lamgara,Uttarakhand,45,Almora,29.53866667,79.74994444,2025-04-10,1.0,0.5,2
6199,Baijnath (Gomti),Uttarakhand,46,Bageshwar,29.90822222,79.61769444,2025-04-10,8.5,3.5,3
6200,Kapkot (Saryu),Uttarakhand,46,Bageshwar,29.94516667,79.9025,2025-04-10,79.0,32.5,8
6201,Rithakhal,Uttarakhand,48,Champawat,29.44911111,79.882,2025-04-10,48.0,48.0,1
6202,Tanakpur_1,Uttarakhand,48,Champawat,29.07222222,80.1175,2025-04-10,3.0,1.0,4
6203,Chakrata,Uttarakhand,49,Dehradun,30.76115556,77.86502778,2025-04-10,1.0,1.0,1
6204,Dakpathar,Uttarakhand,49,Dehradun,30.49866667,77.79744444,2025-04-10,1.5,1.0,2
6205,Doiwala (Bhogpur),Uttarakhand,49,Dehradun,30.22270833,78.23418611,2025-04-10,64.5,64.5,1
6206,Roorkee_2,Uttarakhand,50,Haridwar,29.86771944,77.88415556,2025-04-10,11.0,5.0,4
6207,Haldwani_1,Uttarakhand,51,Nainital,29.214725,79.52400278,2025-04-10,5.0,2.0,4
6208,Mukteshwar_1,Uttarakhand,51,Nainital,29.47413889,79.65119444,2025-04-10,1.0,0.5,2
6209,Srinagar_2,Uttarakhand,52,PAURI GARHWAL,30.23581944,78.81720278,2025-04-10,5.0,4.5,2
6210,Dharchula_1,Uttarakhand,53,Pithoragarh,29.84825,80.54047222,2025-04-10,18.0,18.0,1
6211,Basukedar,Uttarakhand,54,Rudraprayag,30.43919444,79.05633333,2025-04-10,61.0,22.0,10
6212,Guptkashi_1,Uttarakhand,54,Rudraprayag,30.52863889,79.08508333,2025-04-10,19.0,4.0,12
6213,Haripura_2,Uttarakhand,56,UDHAM SINGH NAGAR,29.13151944,79.25965556,2025-04-10,1.0,0.5,2
6214,Sitarganj_1,Uttarakhand,56,UDHAM SINGH NAGAR,28.92971389,79.703,2025-04-10,18.0,7.0,4
6215,Baijnath (Gomti),Uttarakhand,46,Bageshwar,29.90822222,79.61769444,2025-04-11,2.0,1.0,3
6216,Rithakhal,Uttarakhand,48,Champawat,29.44911111,79.882,2025-04-11,2.0,0.5,4
6217,Dakpathar,Uttarakhand,49,Dehradun,30.49866667,77.79744444,2025-04-11,6.0,3.0,2
6218,Doiwala (Bhogpur),Uttarakhand,49,Dehradun,30.22270833,78.23418611,2025-04-11,20.0,20.0,1
6219,Bhagwanpur_1,Uttarakhand,50,Haridwar,29.93567778,77.80170611,2025-04-11,0.5,0.5,1
6220,Manglaur_1,Uttarakhand,50,Haridwar,29.78567778,77.86368889,2025-04-11,1.0,0.5,2
6221,Mukteshwar_1,Uttarakhand,51,Nainital,29.47413889,79.65119444,2025-04-11,6.5,5.0,3
6222,Dugadda (Khoh),Uttarakhand,52,PAURI GARHWAL,29.75108333,78.52341667,2025-04-11,1.0,0.5,2
6223,Basukedar,Uttarakhand,54,Rudraprayag,30.43919444,79.05633333,2025-04-11,2.5,0.5,5
6224,Guptkashi_1,Uttarakhand,54,Rudraprayag,30.52863889,79.08508333,2025-04-11,6.0,1.0,10
6225,Jhala_1,Uttarakhand,57,Uttarkashi,31.01533333,78.71222222,2025-04-11,0.5,0.5,1
6226,Baijnath (Gomti),Uttarakhand,46,Bageshwar,29.90822222,79.61769444,2025-04-12,41.0,6.5,13
6227,Kapkot (Saryu),Uttarakhand,46,Bageshwar,29.94516667,79.9025,2025-04-12,19.0,2.5,18
6228,Rithakhal,Uttarakhand,48,Champawat,29.44911111,79.882,2025-04-12,9.0,3.5,6
6229,Chakrata,Uttarakhand,49,Dehradun,30.76115556,77.86502778,2025-04-12,15.0,3.0,9
6230,Bhagwanpur_1,Uttarakhand,50,Haridwar,29.93567778,77.80170611,2025-04-12,3.0,0.5,6
6231,Haldwani_1,Uttarakhand,51,Nainital,29.214725,79.52400278,2025-04-12,6.5,2.5,5
6232,Mukteshwar_1,Uttarakhand,51,Nainital,29.47413889,79.65119444,2025-04-12,3.0,1.5,4
6233,Dugadda (Khoh),Uttarakhand,52,PAURI GARHWAL,29.75108333,78.52341667,2025-04-12,2.0,0.5,4
6234,Dharchula_1,Uttarakhand,53,Pithoragarh,29.84825,80.54047222,2025-04-12,258.0,256.5,2
6235,Nachni,Uttarakhand,53,Pithoragarh,29.90594444,80.16097222,2025-04-12,5.5,2.5,4
6236,Basukedar,Uttarakhand,54,Rudraprayag,30.43919444,79.05633333,2025-04-12,15.0,2.0,16
6237,Guptkashi_1,Uttarakhand,54,Rudraprayag,30.52863889,79.08508333,2025-04-12,1.0,0.5,2
6238,Kempty,Uttarakhand,55,Tehri Garhwal,30.49075,78.04738889,2025-04-12,32.0,32.0,1
6239,Gadarpur,Uttarakhand,56,UDHAM SINGH NAGAR,29.04324167,79.24461944,2025-04-12,1.0,0.5,2
6240,Baijnath (Gomti),Uttarakhand,46,Bageshwar,29.90822222,79.61769444,2025-04-13,192.0,192.0,1
6241,Guptkashi_1,Uttarakhand,54,Rudraprayag,30.52863889,79.08508333,2025-04-13,1.0,0.5,2
6242,Kempty,Uttarakhand,55,Tehri Garhwal,30.49075,78.04738889,2025-04-13,466.0,306.0,2
6243,Jhala_1,Uttarakhand,57,Uttarkashi,31.01533333,78.71222222,2025-04-13,0.5,0.5,1
6244,Yamkeshwar,Uttarakhand,52,PAURI GARHWAL,29.96130556,78.44086111,2025-04-14,83.5,83.5,1
6245,Bhagwanpur_1,Uttarakhand,50,Haridwar,29.93567778,77.80170611,2025-04-15,6.0,6.0,1
6246,Mukteshwar_1,Uttarakhand,51,Nainital,29.47413889,79.65119444,2025-04-16,192.0,192.0,1
6247,Virbhadra,Uttarakhand,52,PAURI GARHWAL,30.07444444,78.29047222,2025-04-16,5.0,5.0,1
6248,Dharchula_1,Uttarakhand,53,Pithoragarh,29.84825,80.54047222,2025-04-16,48.0,48.0,1
6249,Kempty,Uttarakhand,55,Tehri Garhwal,30.49075,78.04738889,2025-04-16,86.0,86.0,1
6250,Baijnath (Gomti),Uttarakhand,46,Bageshwar,29.90822222,79.61769444,2025-04-17,8.5,7.5,3
6251,Kapkot (Saryu),Uttarakhand,46,Bageshwar,29.94516667,79.9025,2025-04-17,3.0,3.0,1
6252,Danda_1,Uttarakhand,48,Champawat,29.15927778,80.10852778,2025-04-17,1.0,1.0,1
6253,Tanakpur_1,Uttarakhand,48,Champawat,29.07222222,80.1175,2025-04-17,1.0,0.5,2
6254,Chakrata,Uttarakhand,49,Dehradun,30.76115556,77.86502778,2025-04-17,5.5,3.0,3
6255,Dakpathar,Uttarakhand,49,Dehradun,30.49866667,77.79744444,2025-04-17,1.0,0.5,2
6256,Bhagwanpur_1,Uttarakhand,50,Haridwar,29.93567778,77.80170611,2025-04-17,1.0,0.5,2
6257,Haldwani_1,Uttarakhand,51,Nainital,29.214725,79.52400278,2025-04-17,10.0,8.0,5
6258,Mukteshwar_1,Uttarakhand,51,Nainital,29.47413889,79.65119444,2025-04-17,1.5,0.5,3
6259,Nainital_1,Uttarakhand,51,Nainital,29.39530278,79.46232778,2025-04-17,1.5,1.5,1
6260,Dugadda (Khoh),Uttarakhand,52,PAURI GARHWAL,29.75108333,78.52341667,2025-04-17,1.0,0.5,2
6261,Srinagar_2,Uttarakhand,52,PAURI GARHWAL,30.23581944,78.81720278,2025-04-17,2.5,2.5,1
6262,Dharchula_1,Uttarakhand,53,Pithoragarh,29.84825,80.54047222,2025-04-17,5.0,2.5,2
6263,Nachni,Uttarakhand,53,Pithoragarh,29.90594444,80.16097222,2025-04-17,11.0,10.0,2
6264,Basukedar,Uttarakhand,54,Rudraprayag,30.43919444,79.05633333,2025-04-17,7.0,5.0,2
6265,Guptkashi_1,Uttarakhand,54,Rudraprayag,30.52863889,79.08508333,2025-04-17,2.0,0.5,4
6266,Gadarpur,Uttarakhand,56,UDHAM SINGH NAGAR,29.04324167,79.24461944,2025-04-17,11.0,5.5,2
6267,Haripura_2,Uttarakhand,56,UDHAM SINGH NAGAR,29.13151944,79.25965556,2025-04-17,2.0,0.5,4
6268,Sitarganj_1,Uttarakhand,56,UDHAM SINGH NAGAR,28.92971389,79.703,2025-04-17,11.0,8.5,4
6269,Jhala_1,Uttarakhand,57,Uttarkashi,31.01533333,78.71222222,2025-04-17,1.0,0.5,2
6270,Manglaur_1,Uttarakhand,50,Haridwar,29.78567778,77.86368889,2025-04-18,1.0,0.5,2
6271,Roorkee_2,Uttarakhand,50,Haridwar,29.86771944,77.88415556,2025-04-18,1.0,0.5,2
6272,Srinagar_2,Uttarakhand,52,PAURI GARHWAL,30.23581944,78.81720278,2025-04-18,0.5,0.5,1
6273,Basukedar,Uttarakhand,54,Rudraprayag,30.43919444,79.05633333,2025-04-18,3.5,3.5,1
6274,Baijnath (Gomti),Uttarakhand,46,Bageshwar,29.90822222,79.61769444,2025-04-19,0.5,0.5,1
6275,Danda_1,Uttarakhand,48,Champawat,29.15927778,80.10852778,2025-04-19,0.5,0.5,1
6276,Tanakpur_1,Uttarakhand,48,Champawat,29.07222222,80.1175,2025-04-19,0.5,0.5,1
6277,Manglaur_1,Uttarakhand,50,Haridwar,29.78567778,77.86368889,2025-04-19,0.5,0.5,1
6278,Haldwani_1,Uttarakhand,51,Nainital,29.214725,79.52400278,2025-04-19,1.0,1.0,1
6279,Basukedar,Uttarakhand,54,Rudraprayag,30.43919444,79.05633333,2025-04-19,2.0,2.0,1
6280,Guptkashi_1,Uttarakhand,54,Rudraprayag,30.52863889,79.08508333,2025-04-19,0.5,0.5,1
6281,Gadarpur,Uttarakhand,56,UDHAM SINGH NAGAR,29.04324167,79.24461944,2025-04-19,7.5,7.0,2
6282,Jhala_1,Uttarakhand,57,Uttarkashi,31.01533333,78.71222222,2025-04-19,0.5,0.5,1
6283,Kapkot (Saryu),Uttarakhand,46,Bageshwar,29.94516667,79.9025,2025-04-20,1.0,1.0,1
6284,Chakrata,Uttarakhand,49,Dehradun,30.76115556,77.86502778,2025-04-20,8.5,7.5,3
6285,Jhala_1,Uttarakhand,57,Uttarkashi,31.01533333,78.71222222,2025-04-20,0.5,0.5,1
6286,Nainital_1,Uttarakhand,51,Nainital,29.39530278,79.46232778,2025-04-21,10.0,5.0,2
6287,Jhala_1,Uttarakhand,57,Uttarkashi,31.01533333,78.71222222,2025-04-21,0.5,0.5,1
6288,Jhala_1,Uttarakhand,57,Uttarkashi,31.01533333,78.71222222,2025-04-22,0.5,0.5,1
6289,Jhala_1,Uttarakhand,57,Uttarkashi,31.01533333,78.71222222,2025-04-26,0.5,0.5,1
6290,Khati_1,Uttarakhand,46,Bageshwar,30.11019722,79.94055833,2025-04-29,136.0,136.0,1
6291,Kapkot (Saryu),Uttarakhand,46,Bageshwar,29.94516667,79.9025,2025-05-01,12.0,4.5,4
6292,Chakrata,Uttarakhand,49,Dehradun,30.76115556,77.86502778,2025-05-01,0.5,0.5,1
6293,Dakpathar,Uttarakhand,49,Dehradun,30.49866667,77.79744444,2025-05-01,0.5,0.5,1
6294,Lamgara,Uttarakhand,45,Almora,29.53866667,79.74994444,2025-05-02,1.0,0.5,2
6295,Danda_1,Uttarakhand,48,Champawat,29.15927778,80.10852778,2025-05-02,28.5,23.5,2
6296,Chakrata,Uttarakhand,49,Dehradun,30.76115556,77.86502778,2025-05-02,9.5,5.0,5
6297,Dakpathar,Uttarakhand,49,Dehradun,30.49866667,77.79744444,2025-05-02,26.0,9.5,5
6298,Khanpur_5,Uttarakhand,50,Haridwar,29.641375,78.00678611,2025-05-02,0.5,0.5,1
6299,Roorkee_2,Uttarakhand,50,Haridwar,29.86771944,77.88415556,2025-05-02,24.0,12.0,5
6300,Nainital_1,Uttarakhand,51,Nainital,29.39530278,79.46232778,2025-05-02,0.5,0.5,1
6301,Srinagar_2,Uttarakhand,52,PAURI GARHWAL,30.23581944,78.81720278,2025-05-02,1.5,0.5,3
6302,Baijnath (Gomti),Uttarakhand,46,Bageshwar,29.90822222,79.61769444,2025-05-03,2.5,2.0,2
6303,Kapkot (Saryu),Uttarakhand,46,Bageshwar,29.94516667,79.9025,2025-05-03,5.5,3.5,3
6304,Danda_1,Uttarakhand,48,Champawat,29.15927778,80.10852778,2025-05-03,0.5,0.5,1
6305,Rithakhal,Uttarakhand,48,Champawat,29.44911111,79.882,2025-05-03,18.0,11.0,5
6306,Tanakpur_1,Uttarakhand,48,Champawat,29.07222222,80.1175,2025-05-03,1.5,1.5,1
6307,Haldwani_1,Uttarakhand,51,Nainital,29.214725,79.52400278,2025-05-03,8.5,7.5,2
6308,Mukteshwar_1,Uttarakhand,51,Nainital,29.47413889,79.65119444,2025-05-03,3.5,2.0,2
6309,Dugadda (Khoh),Uttarakhand,52,PAURI GARHWAL,29.75108333,78.52341667,2025-05-03,0.5,0.5,1
6310,Basukedar,Uttarakhand,54,Rudraprayag,30.43919444,79.05633333,2025-05-03,20.0,9.5,6
6311,Guptkashi_1,Uttarakhand,54,Rudraprayag,30.52863889,79.08508333,2025-05-03,1.0,0.5,2
6312,Kapkot (Saryu),Uttarakhand,46,Bageshwar,29.94516667,79.9025,2025-05-04,5.0,2.5,4
6313,Danda_1,Uttarakhand,48,Champawat,29.15927778,80.10852778,2025-05-04,17.5,15.0,2
6314,Rithakhal,Uttarakhand,48,Champawat,29.44911111,79.882,2025-05-04,2.5,1.5,3
6315,Tanakpur_1,Uttarakhand,48,Champawat,29.07222222,80.1175,2025-05-04,0.5,0.5,1
6316,Chakrata,Uttarakhand,49,Dehradun,30.76115556,77.86502778,2025-05-04,0.5,0.5,1
6317,Dakpathar,Uttarakhand,49,Dehradun,30.49866667,77.79744444,2025-05-04,5.0,5.0,1
6318,Bhagwanpur_1,Uttarakhand,50,Haridwar,29.93567778,77.80170611,2025-05-04,0.5,0.5,1
6319,Roorkee_2,Uttarakhand,50,Haridwar,29.86771944,77.88415556,2025-05-04,10.0,10.0,1
6320,Mukteshwar_1,Uttarakhand,51,Nainital,29.47413889,79.65119444,2025-05-04,3.5,1.5,4
6321,Basukedar,Uttarakhand,54,Rudraprayag,30.43919444,79.05633333,2025-05-04,31.0,23.0,4
6322,Guptkashi_1,Uttarakhand,54,Rudraprayag,30.52863889,79.08508333,2025-05-04,0.5,0.5,1
6323,Gadarpur,Uttarakhand,56,UDHAM SINGH NAGAR,29.04324167,79.24461944,2025-05-04,0.5,0.5,1
6324,Kapkot (Saryu),Uttarakhand,46,Bageshwar,29.94516667,79.9025,2025-05-05,7.5,4.0,2
6325,Dakpathar,Uttarakhand,49,Dehradun,30.49866667,77.79744444,2025-05-05,1.0,0.5,2
6326,Roorkee_2,Uttarakhand,50,Haridwar,29.86771944,77.88415556,2025-05-05,4.5,3.0,3
6327,Haldwani_1,Uttarakhand,51,Nainital,29.214725,79.52400278,2025-05-05,12.0,5.5,5
6328,Mukteshwar_1,Uttarakhand,51,Nainital,29.47413889,79.65119444,2025-05-05,0.5,0.5,1
6329,Nainital_1,Uttarakhand,51,Nainital,29.39530278,79.46232778,2025-05-05,1.0,0.5,2
6330,Nachni,Uttarakhand,53,Pithoragarh,29.90594444,80.16097222,2025-05-05,0.5,0.5,1
6331,Guptkashi_1,Uttarakhand,54,Rudraprayag,30.52863889,79.08508333,2025-05-05,0.5,0.5,1
6332,Gadarpur,Uttarakhand,56,UDHAM SINGH NAGAR,29.04324167,79.24461944,2025-05-05,9.5,4.5,4
6333,Baijnath (Gomti),Uttarakhand,46,Bageshwar,29.90822222,79.61769444,2025-05-06,9.5,8.0,3
6334,Gairsain (Ramganga),Uttarakhand,47,Chamoli,30.045,79.2855,2025-05-06,2.0,1.5,2
6335,Dakpathar,Uttarakhand,49,Dehradun,30.49866667,77.79744444,2025-05-06,16.5,13.5,3
6336,Nachni,Uttarakhand,53,Pithoragarh,29.90594444,80.16097222,2025-05-06,21.5,7.0,6
6337,Basukedar,Uttarakhand,54,Rudraprayag,30.43919444,79.05633333,2025-05-06,27.5,22.0,4
6338,Chakrata,Uttarakhand,49,Dehradun,30.76115556,77.86502778,2025-05-07,0.5,0.5,1
6339,Mukteshwar_1,Uttarakhand,51,Nainital,29.47413889,79.65119444,2025-05-07,1.5,0.5,3
6340,Dugadda (Khoh),Uttarakhand,52,PAURI GARHWAL,29.75108333,78.52341667,2025-05-07,0.5,0.5,1
6341,Chandranagar_1,Uttarakhand,54,Rudraprayag,30.41541667,79.06208333,2025-05-07,238.0,238.0,1
6342,Guptkashi_1,Uttarakhand,54,Rudraprayag,30.52863889,79.08508333,2025-05-07,0.5,0.5,1
6343,Jhala_1,Uttarakhand,57,Uttarkashi,31.01533333,78.71222222,2025-05-07,1.0,0.5,2
6344,Rithakhal,Uttarakhand,48,Champawat,29.44911111,79.882,2025-05-08,5.5,5.5,1
6345,Chakrata,Uttarakhand,49,Dehradun,30.76115556,77.86502778,2025-05-08,1.5,1.5,1
6346,Dakpathar,Uttarakhand,49,Dehradun,30.49866667,77.79744444,2025-05-08,1.0,1.0,1
6347,Roorkee_2,Uttarakhand,50,Haridwar,29.86771944,77.88415556,2025-05-08,5.0,5.0,1
6348,Mukteshwar_1,Uttarakhand,51,Nainital,29.47413889,79.65119444,2025-05-08,29.0,10.5,6
6349,Chakrata,Uttarakhand,49,Dehradun,30.76115556,77.86502778,2025-05-09,16.5,8.0,3
6350,Dakpathar,Uttarakhand,49,Dehradun,30.49866667,77.79744444,2025-05-09,0.5,0.5,1
6351,Basukedar,Uttarakhand,54,Rudraprayag,30.43919444,79.05633333,2025-05-09,0.5,0.5,1
6352,Guptkashi_1,Uttarakhand,54,Rudraprayag,30.52863889,79.08508333,2025-05-09,0.5,0.5,1
6353,Kapkot (Saryu),Uttarakhand,46,Bageshwar,29.94516667,79.9025,2025-05-10,1.0,0.5,2
6354,Chakrata,Uttarakhand,49,Dehradun,30.76115556,77.86502778,2025-05-10,8.0,2.5,5
6355,Dakpathar,Uttarakhand,49,Dehradun,30.49866667,77.79744444,2025-05-10,10.5,6.0,3
6356,Bhagwanpur_1,Uttarakhand,50,Haridwar,29.93567778,77.80170611,2025-05-10,1.5,0.5,3
6357,Mukteshwar_1,Uttarakhand,51,Nainital,29.47413889,79.65119444,2025-05-10,2.0,1.0,2
6358,Nainital_1,Uttarakhand,51,Nainital,29.39530278,79.46232778,2025-05-10,2.0,1.0,3
6359,Nachni,Uttarakhand,53,Pithoragarh,29.90594444,80.16097222,2025-05-10,5.5,5.5,1
6360,Basukedar,Uttarakhand,54,Rudraprayag,30.43919444,79.05633333,2025-05-10,37.5,14.5,6
6361,Jhala_1,Uttarakhand,57,Uttarkashi,31.01533333,78.71222222,2025-05-10,1.5,0.5,3
6362,Lamgara,Uttarakhand,45,Almora,29.53866667,79.74994444,2025-05-11,0.5,0.5,1
6363,Baijnath (Gomti),Uttarakhand,46,Bageshwar,29.90822222,79.61769444,2025-05-11,1.5,1.5,1
6364,Kapkot (Saryu),Uttarakhand,46,Bageshwar,29.94516667,79.9025,2025-05-11,0.5,0.5,1
6365,Danda_1,Uttarakhand,48,Champawat,29.15927778,80.10852778,2025-05-11,1.5,1.5,1
6366,Rithakhal,Uttarakhand,48,Champawat,29.44911111,79.882,2025-05-11,4.0,2.5,2
6367,Bhagwanpur_1,Uttarakhand,50,Haridwar,29.93567778,77.80170611,2025-05-11,0.5,0.5,1
6368,Mukteshwar_1,Uttarakhand,51,Nainital,29.47413889,79.65119444,2025-05-11,25.5,14.0,4
6369,Dugadda (Khoh),Uttarakhand,52,PAURI GARHWAL,29.75108333,78.52341667,2025-05-11,0.5,0.5,1
6370,Guptkashi_1,Uttarakhand,54,Rudraprayag,30.52863889,79.08508333,2025-05-11,0.5,0.5,1
6371,Jhala_1,Uttarakhand,57,Uttarkashi,31.01533333,78.71222222,2025-05-11,1.5,0.5,3
6372,Baijnath (Gomti),Uttarakhand,46,Bageshwar,29.90822222,79.61769444,2025-05-12,0.5,0.5,1
6373,Chakrata,Uttarakhand,49,Dehradun,30.76115556,77.86502778,2025-05-12,0.5,0.5,1
6374,Haldwani_1,Uttarakhand,51,Nainital,29.214725,79.52400278,2025-05-12,0.5,0.5,1
6375,Nainital_1,Uttarakhand,51,Nainital,29.39530278,79.46232778,2025-05-12,0.5,0.5,1
6376,Jhala_1,Uttarakhand,57,Uttarkashi,31.01533333,78.71222222,2025-05-12,0.5,0.5,1
6377,Basukedar,Uttarakhand,54,Rudraprayag,30.43919444,79.05633333,2025-05-13,7.0,3.5,4
6378,Dugadda (Khoh),Uttarakhand,52,PAURI GARHWAL,29.75108333,78.52341667,2025-05-14,0.5,0.5,1
6379,Guptkashi_1,Uttarakhand,54,Rudraprayag,30.52863889,79.08508333,2025-05-14,0.5,0.5,1
6380,Lamgara,Uttarakhand,45,Almora,29.53866667,79.74994444,2025-05-15,0.5,0.5,1
6381,Baijnath (Gomti),Uttarakhand,46,Bageshwar,29.90822222,79.61769444,2025-05-15,6.5,5.0,2
6382,Kapkot (Saryu),Uttarakhand,46,Bageshwar,29.94516667,79.9025,2025-05-15,10.5,4.0,5
6383,Basukedar,Uttarakhand,54,Rudraprayag,30.43919444,79.05633333,2025-05-15,2.5,2.0,2
6384,Purola_1,Uttarakhand,57,Uttarkashi,30.91291667,78.10388889,2025-05-15,63.5,63.5,1
6385,Kapkot (Saryu),Uttarakhand,46,Bageshwar,29.94516667,79.9025,2025-05-16,3.0,1.5,2
6386,Danda_1,Uttarakhand,48,Champawat,29.15927778,80.10852778,2025-05-16,0.5,0.5,1
6387,Tanakpur_1,Uttarakhand,48,Champawat,29.07222222,80.1175,2025-05-16,1.0,0.5,2
6388,Basukedar,Uttarakhand,54,Rudraprayag,30.43919444,79.05633333,2025-05-16,12.0,11.0,3
6389,Gadarpur,Uttarakhand,56,UDHAM SINGH NAGAR,29.04324167,79.24461944,2025-05-16,4.0,2.0,2
6390,Purola_1,Uttarakhand,57,Uttarkashi,30.91291667,78.10388889,2025-05-16,160.0,160.0,1
6391,Baijnath (Gomti),Uttarakhand,46,Bageshwar,29.90822222,79.61769444,2025-05-17,8.5,8.0,2
6392,Rithakhal,Uttarakhand,48,Champawat,29.44911111,79.882,2025-05-17,2.5,2.5,1
6393,Chakrata,Uttarakhand,49,Dehradun,30.76115556,77.86502778,2025-05-17,2.5,2.0,2
6394,Mukteshwar_1,Uttarakhand,51,Nainital,29.47413889,79.65119444,2025-05-17,7.0,3.5,2
6395,Basukedar,Uttarakhand,54,Rudraprayag,30.43919444,79.05633333,2025-05-17,8.5,5.5,3
6396,Guptkashi_1,Uttarakhand,54,Rudraprayag,30.52863889,79.08508333,2025-05-17,1.0,0.5,2
6397,Basukedar,Uttarakhand,54,Rudraprayag,30.43919444,79.05633333,2025-05-18,7.5,6.5,3
6398,Gadarpur,Uttarakhand,56,UDHAM SINGH NAGAR,29.04324167,79.24461944,2025-05-18,2.5,1.0,3
6399,Lamgara,Uttarakhand,45,Almora,29.53866667,79.74994444,2025-05-19,1.0,0.5,2
6400,Kapkot (Saryu),Uttarakhand,46,Bageshwar,29.94516667,79.9025,2025-05-19,1.5,1.5,1
6401,Basukedar,Uttarakhand,54,Rudraprayag,30.43919444,79.05633333,2025-05-19,1.5,0.5,3
6402,Guptkashi_1,Uttarakhand,54,Rudraprayag,30.52863889,79.08508333,2025-05-19,39.0,39.0,1
6403,Lamgara,Uttarakhand,45,Almora,29.53866667,79.74994444,2025-05-20,0.5,0.5,1
6404,Guptkashi_1,Uttarakhand,54,Rudraprayag,30.52863889,79.08508333,2025-05-20,0.5,0.5,1
6405,Lamgara,Uttarakhand,45,Almora,29.53866667,79.74994444,2025-05-21,4.5,0.5,9
6406,Baijnath (Gomti),Uttarakhand,46,Bageshwar,29.90822222,79.61769444,2025-05-21,8.0,7.5,2
6407,Danda_1,Uttarakhand,48,Champawat,29.15927778,80.10852778,2025-05-21,17.0,5.5,6
6408,Rithakhal,Uttarakhand,48,Champawat,29.44911111,79.882,2025-05-21,5.5,4.0,3
6409,Tanakpur_1,Uttarakhand,48,Champawat,29.07222222,80.1175,2025-05-21,1.0,0.5,2
6410,Chakrata,Uttarakhand,49,Dehradun,30.76115556,77.86502778,2025-05-21,0.5,0.5,1
6411,Dakpathar,Uttarakhand,49,Dehradun,30.49866667,77.79744444,2025-05-21,1.0,0.5,2
6412,Khanpur_5,Uttarakhand,50,Haridwar,29.641375,78.00678611,2025-05-21,0.5,0.5,1
6413,Roorkee_2,Uttarakhand,50,Haridwar,29.86771944,77.88415556,2025-05-21,9.0,7.0,3
6414,Haldwani_1,Uttarakhand,51,Nainital,29.214725,79.52400278,2025-05-21,20.5,15.5,2
6415,Mukteshwar_1,Uttarakhand,51,Nainital,29.47413889,79.65119444,2025-05-21,49.5,12.0,9
6416,Basukedar,Uttarakhand,54,Rudraprayag,30.43919444,79.05633333,2025-05-21,6.0,5.5,2
6417,Gadarpur,Uttarakhand,56,UDHAM SINGH NAGAR,29.04324167,79.24461944,2025-05-21,7.0,1.5,6
6418,Lamgara,Uttarakhand,45,Almora,29.53866667,79.74994444,2025-05-22,2.0,0.5,4
6419,Kapkot (Saryu),Uttarakhand,46,Bageshwar,29.94516667,79.9025,2025-05-22,0.5,0.5,1
6420,Srinagar_2,Uttarakhand,52,PAURI GARHWAL,30.23581944,78.81720278,2025-05-22,0.5,0.5,1
6421,Sitarganj_1,Uttarakhand,56,UDHAM SINGH NAGAR,28.92971389,79.703,2025-05-22,34.0,34.0,1
6422,Lamgara,Uttarakhand,45,Almora,29.53866667,79.74994444,2025-05-23,1.5,0.5,3
6423,Chakrata,Uttarakhand,49,Dehradun,30.76115556,77.86502778,2025-05-23,1.0,1.0,1
6424,Doiwala (Bhogpur),Uttarakhand,49,Dehradun,30.22270833,78.23418611,2025-05-23,0.5,0.5,1
6425,Yamuna Colony,Uttarakhand,49,Dehradun,30.33775278,78.03311667,2025-05-23,57.0,57.0,1
6426,Lamgara,Uttarakhand,45,Almora,29.53866667,79.74994444,2025-05-24,2.0,0.5,4
6427,Baijnath (Gomti),Uttarakhand,46,Bageshwar,29.90822222,79.61769444,2025-05-24,18.5,13.0,4
6428,Kapkot (Saryu),Uttarakhand,46,Bageshwar,29.94516667,79.9025,2025-05-24,10.5,3.0,8
6429,Danda_1,Uttarakhand,48,Champawat,29.15927778,80.10852778,2025-05-24,18.5,16.5,3
6430,Mukteshwar_1,Uttarakhand,51,Nainital,29.47413889,79.65119444,2025-05-24,6.0,5.0,3
6431,Basukedar,Uttarakhand,54,Rudraprayag,30.43919444,79.05633333,2025-05-24,93.0,44.5,7
6432,Guptkashi_1,Uttarakhand,54,Rudraprayag,30.52863889,79.08508333,2025-05-24,1.0,0.5,2
6433,Lamgara,Uttarakhand,45,Almora,29.53866667,79.74994444,2025-05-25,0.5,0.5,1
6434,Baijnath (Gomti),Uttarakhand,46,Bageshwar,29.90822222,79.61769444,2025-05-25,6.5,2.5,6
6435,Kapkot (Saryu),Uttarakhand,46,Bageshwar,29.94516667,79.9025,2025-05-25,67.0,24.5,9
6436,Danda_1,Uttarakhand,48,Champawat,29.15927778,80.10852778,2025-05-25,10.0,10.0,1
6437,Rithakhal,Uttarakhand,48,Champawat,29.44911111,79.882,2025-05-25,16.5,3.5,7
6438,Chakrata,Uttarakhand,49,Dehradun,30.76115556,77.86502778,2025-05-25,14.5,8.0,8
6439,Dakpathar,Uttarakhand,49,Dehradun,30.49866667,77.79744444,2025-05-25,0.5,0.5,1
6440,Doiwala (Bhogpur),Uttarakhand,49,Dehradun,30.22270833,78.23418611,2025-05-25,168.5,168.5,1
6441,Khanpur_5,Uttarakhand,50,Haridwar,29.641375,78.00678611,2025-05-25,14.5,9.0,2
6442,Manglaur_1,Uttarakhand,50,Haridwar,29.78567778,77.86368889,2025-05-25,0.5,0.5,1
6443,Roorkee_2,Uttarakhand,50,Haridwar,29.86771944,77.88415556,2025-05-25,23.5,14.0,6
6444,Haldwani_1,Uttarakhand,51,Nainital,29.214725,79.52400278,2025-05-25,22.0,8.5,4
6445,Mukteshwar_1,Uttarakhand,51,Nainital,29.47413889,79.65119444,2025-05-25,21.0,3.5,9
6446,Basukedar,Uttarakhand,54,Rudraprayag,30.43919444,79.05633333,2025-05-25,2.5,1.5,2
6447,Gadarpur,Uttarakhand,56,UDHAM SINGH NAGAR,29.04324167,79.24461944,2025-05-25,71.0,13.5,9
6448,Jhala_1,Uttarakhand,57,Uttarkashi,31.01533333,78.71222222,2025-05-25,3.0,1.0,5
6449,Lamgara,Uttarakhand,45,Almora,29.53866667,79.74994444,2025-05-26,1.5,0.5,3
6450,Baijnath (Gomti),Uttarakhand,46,Bageshwar,29.90822222,79.61769444,2025-05-26,3.0,1.5,3
6451,Kapkot (Saryu),Uttarakhand,46,Bageshwar,29.94516667,79.9025,2025-05-26,21.5,10.0,4
6452,Rithakhal,Uttarakhand,48,Champawat,29.44911111,79.882,2025-05-26,8.5,5.5,2
6453,Haldwani_1,Uttarakhand,51,Nainital,29.214725,79.52400278,2025-05-26,4.5,4.5,1
6454,Guptkashi_1,Uttarakhand,54,Rudraprayag,30.52863889,79.08508333,2025-05-26,1.0,0.5,2
6455,Lamgara,Uttarakhand,45,Almora,29.53866667,79.74994444,2025-05-27,1.5,0.5,3
6456,Haldwani_1,Uttarakhand,51,Nainital,29.214725,79.52400278,2025-05-27,1.0,1.0,1
6457,Basukedar,Uttarakhand,54,Rudraprayag,30.43919444,79.05633333,2025-05-27,0.5,0.5,1
6458,Lamgara,Uttarakhand,45,Almora,29.53866667,79.74994444,2025-05-28,0.5,0.5,1
6459,Kapkot (Saryu),Uttarakhand,46,Bageshwar,29.94516667,79.9025,2025-05-28,81.5,32.5,8
6460,Danda_1,Uttarakhand,48,Champawat,29.15927778,80.10852778,2025-05-28,10.0,10.0,1
6461,Tanakpur_1,Uttarakhand,48,Champawat,29.07222222,80.1175,2025-05-28,76.5,28.0,5
6462,Haldwani_1,Uttarakhand,51,Nainital,29.214725,79.52400278,2025-05-28,17.0,13.5,3
6463,Dharchula_1,Uttarakhand,53,Pithoragarh,29.84825,80.54047222,2025-05-28,0.5,0.5,1
6464,Basukedar,Uttarakhand,54,Rudraprayag,30.43919444,79.05633333,2025-05-28,28.0,16.5,4
6465,Guptkashi_1,Uttarakhand,54,Rudraprayag,30.52863889,79.08508333,2025-05-28,0.5,0.5,1
6466,Gadarpur,Uttarakhand,56,UDHAM SINGH NAGAR,29.04324167,79.24461944,2025-05-28,48.0,48.0,1
6467,Jhala_1,Uttarakhand,57,Uttarkashi,31.01533333,78.71222222,2025-05-28,3.0,0.5,6
6468,Lamgara,Uttarakhand,45,Almora,29.53866667,79.74994444,2025-05-29,0.5,0.5,1
6469,Baijnath (Gomti),Uttarakhand,46,Bageshwar,29.90822222,79.61769444,2025-05-29,3.5,3.0,2
6470,Kapkot (Saryu),Uttarakhand,46,Bageshwar,29.94516667,79.9025,2025-05-29,9.5,5.0,4
6471,Haldwani_1,Uttarakhand,51,Nainital,29.214725,79.52400278,2025-05-29,6.0,6.0,1
6472,Basukedar,Uttarakhand,54,Rudraprayag,30.43919444,79.05633333,2025-05-29,4.0,3.0,2
6473,Guptkashi_1,Uttarakhand,54,Rudraprayag,30.52863889,79.08508333,2025-05-29,0.5,0.5,1
6474,Gadarpur,Uttarakhand,56,UDHAM SINGH NAGAR,29.04324167,79.24461944,2025-05-29,0.5,0.5,1
6475,Lamgara,Uttarakhand,45,Almora,29.53866667,79.74994444,2025-05-30,1.0,0.5,2
6476,Baijnath (Gomti),Uttarakhand,46,Bageshwar,29.90822222,79.61769444,2025-05-30,1.0,1.0,1
6477,Kapkot (Saryu),Uttarakhand,46,Bageshwar,29.94516667,79.9025,2025-05-30,1.5,1.5,1
6478,Danda_1,Uttarakhand,48,Champawat,29.15927778,80.10852778,2025-05-30,16.0,16.0,1
6479,Tanakpur_1,Uttarakhand,48,Champawat,29.07222222,80.1175,2025-05-30,0.5,0.5,1
6480,Chakrata,Uttarakhand,49,Dehradun,30.76115556,77.86502778,2025-05-30,11.5,4.5,4
6481,Haldwani_1,Uttarakhand,51,Nainital,29.214725,79.52400278,2025-05-30,0.5,0.5,1
6482,Mukteshwar_1,Uttarakhand,51,Nainital,29.47413889,79.65119444,2025-05-30,0.5,0.5,1
6483,Basukedar,Uttarakhand,54,Rudraprayag,30.43919444,79.05633333,2025-05-30,1.5,0.5,3
6484,Jhala_1,Uttarakhand,57,Uttarkashi,31.01533333,78.71222222,2025-05-30,0.5,0.5,1
6485,Almora_1,Uttarakhand,45,Almora,29.59631389,79.65005556,2025-05-31,3.0,3.0,1
6486,Lamgara,Uttarakhand,45,Almora,29.53866667,79.74994444,2025-05-31,0.5,0.5,1
6487,Bhagwanpur_1,Uttarakhand,50,Haridwar,29.93567778,77.80170611,2025-05-31,1.0,0.5,2
6488,Guptkashi_1,Uttarakhand,54,Rudraprayag,30.52863889,79.08508333,2025-05-31,366.0,366.0,1
6489,Chakrata,Uttarakhand,49,Dehradun,30.76115556,77.86502778,2025-06-01,1.0,0.5,2
6490,Doiwala (Bhogpur),Uttarakhand,49,Dehradun,30.22270833,78.23418611,2025-06-01,223.5,223.5,1
6491,Nachni,Uttarakhand,53,Pithoragarh,29.90594444,80.16097222,2025-06-01,0.5,0.5,1
6492,Guptkashi_1,Uttarakhand,54,Rudraprayag,30.52863889,79.08508333,2025-06-01,0.5,0.5,1
6493,Jhala_1,Uttarakhand,57,Uttarkashi,31.01533333,78.71222222,2025-06-01,0.5,0.5,1
6494,Purola_1,Uttarakhand,57,Uttarkashi,30.91291667,78.10388889,2025-06-01,160.0,160.0,1
6495,Lamgara,Uttarakhand,45,Almora,29.53866667,79.74994444,2025-06-02,5.0,0.5,10
6496,Baijnath (Gomti),Uttarakhand,46,Bageshwar,29.90822222,79.61769444,2025-06-02,4.0,3.0,2
6497,Rithakhal,Uttarakhand,48,Champawat,29.44911111,79.882,2025-06-02,1.5,1.0,2
6498,Haldwani_1,Uttarakhand,51,Nainital,29.214725,79.52400278,2025-06-02,0.5,0.5,1
6499,Mukteshwar_1,Uttarakhand,51,Nainital,29.47413889,79.65119444,2025-06-02,99.5,96.0,4
6500,Nainital_1,Uttarakhand,51,Nainital,29.39530278,79.46232778,2025-06-02,3.5,3.5,1
6501,Nachni,Uttarakhand,53,Pithoragarh,29.90594444,80.16097222,2025-06-02,0.5,0.5,1
6502,Lamgara,Uttarakhand,45,Almora,29.53866667,79.74994444,2025-06-03,0.5,0.5,1
6503,Baijnath (Gomti),Uttarakhand,46,Bageshwar,29.90822222,79.61769444,2025-06-03,11.5,4.0,4
6504,Kapkot (Saryu),Uttarakhand,46,Bageshwar,29.94516667,79.9025,2025-06-03,2.0,1.5,2
6505,Rithakhal,Uttarakhand,48,Champawat,29.44911111,79.882,2025-06-03,8.5,5.5,3
6506,Haldwani_1,Uttarakhand,51,Nainital,29.214725,79.52400278,2025-06-03,6.5,6.0,2
6507,Mukteshwar_1,Uttarakhand,51,Nainital,29.47413889,79.65119444,2025-06-03,9.0,4.0,4
6508,Nainital_1,Uttarakhand,51,Nainital,29.39530278,79.46232778,2025-06-03,18.0,14.5,2
6509,Basukedar,Uttarakhand,54,Rudraprayag,30.43919444,79.05633333,2025-06-03,0.5,0.5,1
6510,Guptkashi_1,Uttarakhand,54,Rudraprayag,30.52863889,79.08508333,2025-06-03,1.0,0.5,2
6511,Gadarpur,Uttarakhand,56,UDHAM SINGH NAGAR,29.04324167,79.24461944,2025-06-03,4.0,4.0,1
6512,Jhala_1,Uttarakhand,57,Uttarkashi,31.01533333,78.71222222,2025-06-03,1.5,0.5,3
6513,Chakrata,Uttarakhand,49,Dehradun,30.76115556,77.86502778,2025-06-04,15.0,4.5,6
6514,Roorkee_2,Uttarakhand,50,Haridwar,29.86771944,77.88415556,2025-06-04,2.0,2.0,1
6515,Jhala_1,Uttarakhand,57,Uttarkashi,31.01533333,78.71222222,2025-06-04,1.0,0.5,2
6516,Kapkot (Saryu),Uttarakhand,46,Bageshwar,29.94516667,79.9025,2025-06-05,3.0,3.0,1
6517,Khati_1,Uttarakhand,46,Bageshwar,30.11019722,79.94055833,2025-06-05,0.5,0.5,1
6518,Mukteshwar_1,Uttarakhand,51,Nainital,29.47413889,79.65119444,2025-06-05,0.5,0.5,1
6519,Nachni,Uttarakhand,53,Pithoragarh,29.90594444,80.16097222,2025-06-05,0.5,0.5,1
6520,Guptkashi_1,Uttarakhand,54,Rudraprayag,30.52863889,79.08508333,2025-06-05,1.0,0.5,2
6521,Lamgara,Uttarakhand,45,Almora,29.53866667,79.74994444,2025-06-07,1.0,0.5,2
6522,Virbhadra,Uttarakhand,52,PAURI GARHWAL,30.07444444,78.29047222,2025-06-07,160.0,160.0,1
6523,Kapkot (Saryu),Uttarakhand,46,Bageshwar,29.94516667,79.9025,2025-06-10,16.5,5.5,5
6524,Khati_1,Uttarakhand,46,Bageshwar,30.11019722,79.94055833,2025-06-10,0.5,0.5,1
6525,Baijnath (Gomti),Uttarakhand,46,Bageshwar,29.90822222,79.61769444,2025-06-11,4.0,3.5,2
6526,Kapkot (Saryu),Uttarakhand,46,Bageshwar,29.94516667,79.9025,2025-06-11,47.5,13.0,11
6527,Danda_1,Uttarakhand,48,Champawat,29.15927778,80.10852778,2025-06-11,2.5,2.0,2
6528,Basukedar,Uttarakhand,54,Rudraprayag,30.43919444,79.05633333,2025-06-11,3.0,1.5,3
6529,Guptkashi_1,Uttarakhand,54,Rudraprayag,30.52863889,79.08508333,2025-06-11,0.5,0.5,1
6530,Jhala_1,Uttarakhand,57,Uttarkashi,31.01533333,78.71222222,2025-06-11,0.5,0.5,1
6531,Baijnath (Gomti),Uttarakhand,46,Bageshwar,29.90822222,79.61769444,2025-06-12,3.0,1.5,2
6532,Kapkot (Saryu),Uttarakhand,46,Bageshwar,29.94516667,79.9025,2025-06-12,30.5,12.5,7
6533,Rithakhal,Uttarakhand,48,Champawat,29.44911111,79.882,2025-06-12,11.0,6.0,4
6534,Chakrata,Uttarakhand,49,Dehradun,30.76115556,77.86502778,2025-06-12,4.0,4.0,1
6535,Mukteshwar_1,Uttarakhand,51,Nainital,29.47413889,79.65119444,2025-06-12,6.0,3.5,4
6536,Basukedar,Uttarakhand,54,Rudraprayag,30.43919444,79.05633333,2025-06-12,42.5,18.0,6
6537,Gadarpur,Uttarakhand,56,UDHAM SINGH NAGAR,29.04324167,79.24461944,2025-06-12,5.0,5.0,1
6538,Baijnath (Gomti),Uttarakhand,46,Bageshwar,29.90822222,79.61769444,2025-06-13,6.0,3.0,3
6539,Kapkot (Saryu),Uttarakhand,46,Bageshwar,29.94516667,79.9025,2025-06-13,4.0,2.0,3
6540,Danda_1,Uttarakhand,48,Champawat,29.15927778,80.10852778,2025-06-13,17.0,15.0,3
6541,Rithakhal,Uttarakhand,48,Champawat,29.44911111,79.882,2025-06-13,5.5,5.5,1
6542,Chakrata,Uttarakhand,49,Dehradun,30.76115556,77.86502778,2025-06-13,0.5,0.5,1
6543,Roorkee_2,Uttarakhand,50,Haridwar,29.86771944,77.88415556,2025-06-13,12.5,7.0,2
6544,Mukteshwar_1,Uttarakhand,51,Nainital,29.47413889,79.65119444,2025-06-13,1.0,0.5,2
6545,Nainital_1,Uttarakhand,51,Nainital,29.39530278,79.46232778,2025-06-13,206.0,187.0,6
6546,Dugadda (Khoh),Uttarakhand,52,PAURI GARHWAL,29.75108333,78.52341667,2025-06-13,0.5,0.5,1
6547,Dharchula_1,Uttarakhand,53,Pithoragarh,29.84825,80.54047222,2025-06-13,2.5,2.5,1
6548,Basukedar,Uttarakhand,54,Rudraprayag,30.43919444,79.05633333,2025-06-13,1.5,1.5,1
6549,Gadarpur,Uttarakhand,56,UDHAM SINGH NAGAR,29.04324167,79.24461944,2025-06-13,51.0,10.0,14
6550,Mukteshwar_1,Uttarakhand,51,Nainital,29.47413889,79.65119444,2025-06-14,1.0,0.5,2
6551,Nainital_1,Uttarakhand,51,Nainital,29.39530278,79.46232778,2025-06-14,256.0,256.0,1
6552,Guptkashi_1,Uttarakhand,54,Rudraprayag,30.52863889,79.08508333,2025-06-14,0.5,0.5,1
6553,Baijnath (Gomti),Uttarakhand,46,Bageshwar,29.90822222,79.61769444,2025-06-15,5.0,3.0,3
6554,Kapkot (Saryu),Uttarakhand,46,Bageshwar,29.94516667,79.9025,2025-06-15,61.0,35.0,8
6555,Danda_1,Uttarakhand,48,Champawat,29.15927778,80.10852778,2025-06-15,16.5,9.5,2
6556,Chakrata,Uttarakhand,49,Dehradun,30.76115556,77.86502778,2025-06-15,1.0,0.5,2
6557,Roorkee_2,Uttarakhand,50,Haridwar,29.86771944,77.88415556,2025-06-15,28.0,11.5,5
6558,Dugadda (Khoh),Uttarakhand,52,PAURI GARHWAL,29.75108333,78.52341667,2025-06-15,0.5,0.5,1
6559,Dharchula_1,Uttarakhand,53,Pithoragarh,29.84825,80.54047222,2025-06-15,0.5,0.5,1
6560,Basukedar,Uttarakhand,54,Rudraprayag,30.43919444,79.05633333,2025-06-15,3.5,1.5,3
6561,Sonprayag_1,Uttarakhand,54,Rudraprayag,30.63547222,78.99941667,2025-06-15,106.0,106.0,1
6562,Gadarpur,Uttarakhand,56,UDHAM SINGH NAGAR,29.04324167,79.24461944,2025-06-15,10.0,3.5,6
6563,Jhala_1,Uttarakhand,57,Uttarkashi,31.01533333,78.71222222,2025-06-15,0.5,0.5,1
6564,Lamgara,Uttarakhand,45,Almora,29.53866667,79.74994444,2025-06-16,0.5,0.5,1
6565,Baijnath (Gomti),Uttarakhand,46,Bageshwar,29.90822222,79.61769444,2025-06-16,0.5,0.5,1
6566,Danda_1,Uttarakhand,48,Champawat,29.15927778,80.10852778,2025-06-16,61.5,46.0,7
6567,Chakrata,Uttarakhand,49,Dehradun,30.76115556,77.86502778,2025-06-16,0.5,0.5,1
6568,Manglaur_1,Uttarakhand,50,Haridwar,29.78567778,77.86368889,2025-06-16,0.5,0.5,1
6569,Haldwani_1,Uttarakhand,51,Nainital,29.214725,79.52400278,2025-06-16,14.5,7.0,5
6570,Mukteshwar_1,Uttarakhand,51,Nainital,29.47413889,79.65119444,2025-06-16,3.0,1.0,4
6571,Nainital_1,Uttarakhand,51,Nainital,29.39530278,79.46232778,2025-06-16,8.5,2.5,5
6572,Guptkashi_1,Uttarakhand,54,Rudraprayag,30.52863889,79.08508333,2025-06-16,1.0,0.5,2
6573,Gadarpur,Uttarakhand,56,UDHAM SINGH NAGAR,29.04324167,79.24461944,2025-06-16,33.0,6.0,8
6574,Jhala_1,Uttarakhand,57,Uttarkashi,31.01533333,78.71222222,2025-06-16,0.5,0.5,1
6575,Kapkot (Saryu),Uttarakhand,46,Bageshwar,29.94516667,79.9025,2025-06-17,2.0,2.0,1
6576,Khati_1,Uttarakhand,46,Bageshwar,30.11019722,79.94055833,2025-06-17,96.0,96.0,1
6577,Danda_1,Uttarakhand,48,Champawat,29.15927778,80.10852778,2025-06-17,1.0,1.0,1
6578,Chakrata,Uttarakhand,49,Dehradun,30.76115556,77.86502778,2025-06-17,22.0,14.0,4
6579,Roorkee_2,Uttarakhand,50,Haridwar,29.86771944,77.88415556,2025-06-17,5.0,5.0,1
6580,Dugadda (Khoh),Uttarakhand,52,PAURI GARHWAL,29.75108333,78.52341667,2025-06-17,1.0,0.5,2
6581,Basukedar,Uttarakhand,54,Rudraprayag,30.43919444,79.05633333,2025-06-17,0.5,0.5,1
6582,Tumaria,Uttarakhand,56,UDHAM SINGH NAGAR,29.30704722,78.93133056,2025-06-17,8.0,4.5,4
6583,Jhala_1,Uttarakhand,57,Uttarkashi,31.01533333,78.71222222,2025-06-17,3.5,0.5,7
6584,Kapkot (Saryu),Uttarakhand,46,Bageshwar,29.94516667,79.9025,2025-06-18,0.5,0.5,1
6585,Nandprayag (Nandakini),Uttarakhand,47,Chamoli,30.33122222,79.31063889,2025-06-18,0.5,0.5,1
6586,Danda_1,Uttarakhand,48,Champawat,29.15927778,80.10852778,2025-06-18,95.5,50.5,5
6587,Chakrata,Uttarakhand,49,Dehradun,30.76115556,77.86502778,2025-06-18,1.5,1.0,2
6588,Roorkee_2,Uttarakhand,50,Haridwar,29.86771944,77.88415556,2025-06-18,6.5,5.5,3
6589,Haldwani_1,Uttarakhand,51,Nainital,29.214725,79.52400278,2025-06-18,0.5,0.5,1
6590,Mukteshwar_1,Uttarakhand,51,Nainital,29.47413889,79.65119444,2025-06-18,11.0,2.5,8
6591,Nainital_1,Uttarakhand,51,Nainital,29.39530278,79.46232778,2025-06-18,2.5,1.5,3
6592,Dugadda (Khoh),Uttarakhand,52,PAURI GARHWAL,29.75108333,78.52341667,2025-06-18,1.0,0.5,2
6593,Dharchula_1,Uttarakhand,53,Pithoragarh,29.84825,80.54047222,2025-06-18,49.5,23.5,7
6594,Basukedar,Uttarakhand,54,Rudraprayag,30.43919444,79.05633333,2025-06-18,11.5,8.5,4
6595,Gadarpur,Uttarakhand,56,UDHAM SINGH NAGAR,29.04324167,79.24461944,2025-06-18,24.0,4.5,11
6596,Tumaria,Uttarakhand,56,UDHAM SINGH NAGAR,29.30704722,78.93133056,2025-06-18,2.0,2.0,1
6597,Jhala_1,Uttarakhand,57,Uttarkashi,31.01533333,78.71222222,2025-06-18,1.5,0.5,3
6598,Baijnath (Gomti),Uttarakhand,46,Bageshwar,29.90822222,79.61769444,2025-06-19,0.5,0.5,1
6599,Kapkot (Saryu),Uttarakhand,46,Bageshwar,29.94516667,79.9025,2025-06-19,1.0,1.0,1
6600,Nandprayag (Nandakini),Uttarakhand,47,Chamoli,30.33122222,79.31063889,2025-06-19,0.5,0.5,1
6601,Haldwani_1,Uttarakhand,51,Nainital,29.214725,79.52400278,2025-06-19,3.5,2.5,3
6602,Nainital_1,Uttarakhand,51,Nainital,29.39530278,79.46232778,2025-06-19,0.5,0.5,1
6603,Dugadda (Khoh),Uttarakhand,52,PAURI GARHWAL,29.75108333,78.52341667,2025-06-19,0.5,0.5,1
6604,Dharchula_1,Uttarakhand,53,Pithoragarh,29.84825,80.54047222,2025-06-19,0.5,0.5,1
6605,Guptkashi_1,Uttarakhand,54,Rudraprayag,30.52863889,79.08508333,2025-06-19,0.5,0.5,1
6606,Gadarpur,Uttarakhand,56,UDHAM SINGH NAGAR,29.04324167,79.24461944,2025-06-19,5.0,1.5,6
6607,Tumaria,Uttarakhand,56,UDHAM SINGH NAGAR,29.30704722,78.93133056,2025-06-19,7.0,7.0,1
6608,Jhala_1,Uttarakhand,57,Uttarkashi,31.01533333,78.71222222,2025-06-19,1.0,0.5,2
6609,Baijnath (Gomti),Uttarakhand,46,Bageshwar,29.90822222,79.61769444,2025-06-20,6.0,3.0,3
6610,Kapkot (Saryu),Uttarakhand,46,Bageshwar,29.94516667,79.9025,2025-06-20,3.5,3.0,2
6611,Danda_1,Uttarakhand,48,Champawat,29.15927778,80.10852778,2025-06-20,22.5,7.0,6
6612,Dugadda (Khoh),Uttarakhand,52,PAURI GARHWAL,29.75108333,78.52341667,2025-06-20,0.5,0.5,1
6613,Basukedar,Uttarakhand,54,Rudraprayag,30.43919444,79.05633333,2025-06-20,22.5,10.0,4
6614,Lamgara,Uttarakhand,45,Almora,29.53866667,79.74994444,2025-06-21,0.5,0.5,1
6615,Baijnath (Gomti),Uttarakhand,46,Bageshwar,29.90822222,79.61769444,2025-06-21,6.5,5.0,4
6616,Kapkot (Saryu),Uttarakhand,46,Bageshwar,29.94516667,79.9025,2025-06-21,3.0,1.0,4
6617,Danda_1,Uttarakhand,48,Champawat,29.15927778,80.10852778,2025-06-21,2.0,1.5,2
6618,Tanakpur_1,Uttarakhand,48,Champawat,29.07222222,80.1175,2025-06-21,0.5,0.5,1
6619,Haldwani_1,Uttarakhand,51,Nainital,29.214725,79.52400278,2025-06-21,3.5,2.0,2
6620,Dharchula_1,Uttarakhand,53,Pithoragarh,29.84825,80.54047222,2025-06-21,1.0,0.5,2
6621,Basukedar,Uttarakhand,54,Rudraprayag,30.43919444,79.05633333,2025-06-21,4.0,1.0,5
6622,Jhala_1,Uttarakhand,57,Uttarkashi,31.01533333,78.71222222,2025-06-21,0.5,0.5,1
6623,Kapkot (Saryu),Uttarakhand,46,Bageshwar,29.94516667,79.9025,2025-06-22,46.5,20.0,4
6624,Danda_1,Uttarakhand,48,Champawat,29.15927778,80.10852778,2025-06-22,114.0,69.5,5
6625,Bhagwanpur_1,Uttarakhand,50,Haridwar,29.93567778,77.80170611,2025-06-22,0.5,0.5,1
6626,Khanpur_5,Uttarakhand,50,Haridwar,29.641375,78.00678611,2025-06-22,43.5,21.5,3
6627,Roorkee_2,Uttarakhand,50,Haridwar,29.86771944,77.88415556,2025-06-22,180.0,83.0,6
6628,Haldwani_1,Uttarakhand,51,Nainital,29.214725,79.52400278,2025-06-22,38.0,14.0,4
6629,Mukteshwar_1,Uttarakhand,51,Nainital,29.47413889,79.65119444,2025-06-22,9.0,4.5,2
6630,Srinagar_2,Uttarakhand,52,PAURI GARHWAL,30.23581944,78.81720278,2025-06-22,2.0,2.0,1
6631,Dharchula_1,Uttarakhand,53,Pithoragarh,29.84825,80.54047222,2025-06-22,18.5,11.0,3
6632,Guptkashi_1,Uttarakhand,54,Rudraprayag,30.52863889,79.08508333,2025-06-22,0.5,0.5,1
6633,Jhala_1,Uttarakhand,57,Uttarkashi,31.01533333,78.71222222,2025-06-22,4.5,1.0,8
6634,Baijnath (Gomti),Uttarakhand,46,Bageshwar,29.90822222,79.61769444,2025-06-23,9.0,6.5,3
6635,Kapkot (Saryu),Uttarakhand,46,Bageshwar,29.94516667,79.9025,2025-06-23,119.0,29.0,11
6636,Danda_1,Uttarakhand,48,Champawat,29.15927778,80.10852778,2025-06-23,25.5,18.5,4
6637,Khanpur_5,Uttarakhand,50,Haridwar,29.641375,78.00678611,2025-06-23,2.0,1.5,2
6638,Roorkee_2,Uttarakhand,50,Haridwar,29.86771944,77.88415556,2025-06-23,6.0,6.0,1
6639,Haldwani_1,Uttarakhand,51,Nainital,29.214725,79.52400278,2025-06-23,3.0,1.5,3
6640,Nainital_1,Uttarakhand,51,Nainital,29.39530278,79.46232778,2025-06-23,28.0,19.0,3
6641,Dharchula_1,Uttarakhand,53,Pithoragarh,29.84825,80.54047222,2025-06-23,7.5,4.5,6
6642,Basukedar,Uttarakhand,54,Rudraprayag,30.43919444,79.05633333,2025-06-23,12.5,5.0,6
6643,Guptkashi_1,Uttarakhand,54,Rudraprayag,30.52863889,79.08508333,2025-06-23,0.5,0.5,1
6644,Gadarpur,Uttarakhand,56,UDHAM SINGH NAGAR,29.04324167,79.24461944,2025-06-23,10.0,10.0,1
6645,Tumaria,Uttarakhand,56,UDHAM SINGH NAGAR,29.30704722,78.93133056,2025-06-23,0.5,0.5,1
6646,Baijnath (Gomti),Uttarakhand,46,Bageshwar,29.90822222,79.61769444,2025-06-24,14.5,3.5,8
6647,Kapkot (Saryu),Uttarakhand,46,Bageshwar,29.94516667,79.9025,2025-06-24,13.5,1.5,17
6648,Khati_1,Uttarakhand,46,Bageshwar,30.11019722,79.94055833,2025-06-24,0.5,0.5,1
6649,Khanpur_5,Uttarakhand,50,Haridwar,29.641375,78.00678611,2025-06-24,0.5,0.5,1
6650,Roorkee_2,Uttarakhand,50,Haridwar,29.86771944,77.88415556,2025-06-24,0.5,0.5,1
6651,Dharchula_1,Uttarakhand,53,Pithoragarh,29.84825,80.54047222,2025-06-24,4.0,1.5,4
6652,Basukedar,Uttarakhand,54,Rudraprayag,30.43919444,79.05633333,2025-06-24,6.5,3.5,6
6653,Tumaria,Uttarakhand,56,UDHAM SINGH NAGAR,29.30704722,78.93133056,2025-06-24,36.0,23.5,3
6654,Lamgara,Uttarakhand,45,Almora,29.53866667,79.74994444,2025-06-25,0.5,0.5,1
6655,Baijnath (Gomti),Uttarakhand,46,Bageshwar,29.90822222,79.61769444,2025-06-25,29.0,8.5,10
6656,Kapkot (Saryu),Uttarakhand,46,Bageshwar,29.94516667,79.9025,2025-06-25,18.5,2.0,15
6657,Danda_1,Uttarakhand,48,Champawat,29.15927778,80.10852778,2025-06-25,104.0,27.0,13
6658,Chakrata,Uttarakhand,49,Dehradun,30.76115556,77.86502778,2025-06-25,11.0,6.0,6
6659,Khanpur_5,Uttarakhand,50,Haridwar,29.641375,78.00678611,2025-06-25,33.5,24.5,3
6660,Roorkee_2,Uttarakhand,50,Haridwar,29.86771944,77.88415556,2025-06-25,13.0,6.5,4
6661,Haldwani_1,Uttarakhand,51,Nainital,29.214725,79.52400278,2025-06-25,88.5,34.0,8
6662,Mukteshwar_1,Uttarakhand,51,Nainital,29.47413889,79.65119444,2025-06-25,0.5,0.5,1
6663,Nainital_1,Uttarakhand,51,Nainital,29.39530278,79.46232778,2025-06-25,13.5,5.0,6
6664,Dugadda (Khoh),Uttarakhand,52,PAURI GARHWAL,29.75108333,78.52341667,2025-06-25,0.5,0.5,1
6665,Dharchula_1,Uttarakhand,53,Pithoragarh,29.84825,80.54047222,2025-06-25,10.5,3.0,7
6666,Guptkashi_1,Uttarakhand,54,Rudraprayag,30.52863889,79.08508333,2025-06-25,0.5,0.5,1
6667,Gadarpur,Uttarakhand,56,UDHAM SINGH NAGAR,29.04324167,79.24461944,2025-06-25,12.0,5.5,4
6668,Tumaria,Uttarakhand,56,UDHAM SINGH NAGAR,29.30704722,78.93133056,2025-06-25,35.0,22.0,5
6669,Baijnath (Gomti),Uttarakhand,46,Bageshwar,29.90822222,79.61769444,2025-06-26,53.0,17.5,7
6670,Kapkot (Saryu),Uttarakhand,46,Bageshwar,29.94516667,79.9025,2025-06-26,54.0,4.0,22
6671,Danda_1,Uttarakhand,48,Champawat,29.15927778,80.10852778,2025-06-26,12.5,12.5,1
6672,Manglaur_1,Uttarakhand,50,Haridwar,29.78567778,77.86368889,2025-06-26,0.5,0.5,1
6673,Haldwani_1,Uttarakhand,51,Nainital,29.214725,79.52400278,2025-06-26,1.0,1.0,1
6674,Nainital_1,Uttarakhand,51,Nainital,29.39530278,79.46232778,2025-06-26,5.0,3.0,4
6675,Dugadda (Khoh),Uttarakhand,52,PAURI GARHWAL,29.75108333,78.52341667,2025-06-26,0.5,0.5,1
6676,Jhala_1,Uttarakhand,57,Uttarkashi,31.01533333,78.71222222,2025-06-26,2.5,0.5,5
6677,Baijnath (Gomti),Uttarakhand,46,Bageshwar,29.90822222,79.61769444,2025-06-27,5.5,4.0,3
6678,Kapkot (Saryu),Uttarakhand,46,Bageshwar,29.94516667,79.9025,2025-06-27,6.5,0.5,13
6679,Haldwani_1,Uttarakhand,51,Nainital,29.214725,79.52400278,2025-06-27,4.0,2.0,3
6680,Dharchula_1,Uttarakhand,53,Pithoragarh,29.84825,80.54047222,2025-06-27,5.0,2.0,5
6681,Guptkashi_1,Uttarakhand,54,Rudraprayag,30.52863889,79.08508333,2025-06-27,0.5,0.5,1
6682,Jhala_1,Uttarakhand,57,Uttarkashi,31.01533333,78.71222222,2025-06-27,2.0,0.5,4
6683,Baijnath (Gomti),Uttarakhand,46,Bageshwar,29.90822222,79.61769444,2025-06-28,4.0,4.0,1
6684,Kapkot (Saryu),Uttarakhand,46,Bageshwar,29.94516667,79.9025,2025-06-28,36.5,26.5,10
6685,Danda_1,Uttarakhand,48,Champawat,29.15927778,80.10852778,2025-06-28,63.0,34.0,7
6686,Roorkee_2,Uttarakhand,50,Haridwar,29.86771944,77.88415556,2025-06-28,12.5,3.5,6
6687,Mukteshwar_1,Uttarakhand,51,Nainital,29.47413889,79.65119444,2025-06-28,0.5,0.5,1
6688,Nainital_1,Uttarakhand,51,Nainital,29.39530278,79.46232778,2025-06-28,4.0,4.0,1
6689,Dugadda (Khoh),Uttarakhand,52,PAURI GARHWAL,29.75108333,78.52341667,2025-06-28,0.5,0.5,1
6690,Srinagar_2,Uttarakhand,52,PAURI GARHWAL,30.23581944,78.81720278,2025-06-28,11.5,3.5,6
6691,Dharchula_1,Uttarakhand,53,Pithoragarh,29.84825,80.54047222,2025-06-28,30.5,12.0,7
6692,Jhala_1,Uttarakhand,57,Uttarkashi,31.01533333,78.71222222,2025-06-28,1.0,0.5,2
6693,Purola_1,Uttarakhand,57,Uttarkashi,30.91291667,78.10388889,2025-06-28,0.5,0.5,1
6694,Lamgara,Uttarakhand,45,Almora,29.53866667,79.74994444,2025-06-29,0.5,0.5,1
6695,Baijnath (Gomti),Uttarakhand,46,Bageshwar,29.90822222,79.61769444,2025-06-29,72.5,28.5,15
6696,Kapkot (Saryu),Uttarakhand,46,Bageshwar,29.94516667,79.9025,2025-06-29,47.0,14.0,13
6697,Nandprayag (Nandakini),Uttarakhand,47,Chamoli,30.33122222,79.31063889,2025-06-29,0.5,0.5,1
6698,Danda_1,Uttarakhand,48,Champawat,29.15927778,80.10852778,2025-06-29,77.5,42.5,13
6699,Tanakpur_1,Uttarakhand,48,Champawat,29.07222222,80.1175,2025-06-29,0.5,0.5,1
6700,Chakrata,Uttarakhand,49,Dehradun,30.76115556,77.86502778,2025-06-29,0.5,0.5,1
6701,Yamuna Colony,Uttarakhand,49,Dehradun,30.33775278,78.03311667,2025-06-29,0.5,0.5,1
6702,Roorkee_2,Uttarakhand,50,Haridwar,29.86771944,77.88415556,2025-06-29,28.0,10.5,9
6703,Haldwani_1,Uttarakhand,51,Nainital,29.214725,79.52400278,2025-06-29,42.0,13.5,12
6704,Nainital_1,Uttarakhand,51,Nainital,29.39530278,79.46232778,2025-06-29,9.0,3.0,6
6705,Dugadda (Khoh),Uttarakhand,52,PAURI GARHWAL,29.75108333,78.52341667,2025-06-29,0.5,0.5,1
6706,Srinagar_2,Uttarakhand,52,PAURI GARHWAL,30.23581944,78.81720278,2025-06-29,26.0,10.0,8
6707,Dharchula_1,Uttarakhand,53,Pithoragarh,29.84825,80.54047222,2025-06-29,21.5,8.0,6
6708,Guptkashi_1,Uttarakhand,54,Rudraprayag,30.52863889,79.08508333,2025-06-29,0.5,0.5,1
6709,Gadarpur,Uttarakhand,56,UDHAM SINGH NAGAR,29.04324167,79.24461944,2025-06-29,30.5,20.0,8
6710,Jhala_1,Uttarakhand,57,Uttarkashi,31.01533333,78.71222222,2025-06-29,5.0,1.5,8
6711,Baijnath (Gomti),Uttarakhand,46,Bageshwar,29.90822222,79.61769444,2025-06-30,5.0,3.5,2
6712,Kapkot (Saryu),Uttarakhand,46,Bageshwar,29.94516667,79.9025,2025-06-30,3.0,1.0,5
6713,Danda_1,Uttarakhand,48,Champawat,29.15927778,80.10852778,2025-06-30,104.0,32.0,14
6714,Tanakpur_1,Uttarakhand,48,Champawat,29.07222222,80.1175,2025-06-30,2.5,1.0,4
6715,Khanpur_5,Uttarakhand,50,Haridwar,29.641375,78.00678611,2025-06-30,4.5,3.5,3
6716,Roorkee_2,Uttarakhand,50,Haridwar,29.86771944,77.88415556,2025-06-30,48.5,15.0,9
6717,Haldwani_1,Uttarakhand,51,Nainital,29.214725,79.52400278,2025-06-30,21.0,15.0,7
6718,Srinagar_2,Uttarakhand,52,PAURI GARHWAL,30.23581944,78.81720278,2025-06-30,46.5,14.5,9
6719,Dharchula_1,Uttarakhand,53,Pithoragarh,29.84825,80.54047222,2025-06-30,2.5,2.5,1
6720,Gadarpur,Uttarakhand,56,UDHAM SINGH NAGAR,29.04324167,79.24461944,2025-06-30,8.5,2.0,6
6721,Jhala_1,Uttarakhand,57,Uttarkashi,31.01533333,78.71222222,2025-06-30,1.0,0.5,2
6722,Baijnath (Gomti),Uttarakhand,46,Bageshwar,29.90822222,79.61769444,2025-07-02,1.5,1.5,1
6723,Kapkot (Saryu),Uttarakhand,46,Bageshwar,29.94516667,79.9025,2025-07-02,29.0,15.0,6
6724,Danda_1,Uttarakhand,48,Champawat,29.15927778,80.10852778,2025-07-02,59.0,25.5,5
6725,Tanakpur_1,Uttarakhand,48,Champawat,29.07222222,80.1175,2025-07-02,1.0,1.0,1
6726,Nainital_1,Uttarakhand,51,Nainital,29.39530278,79.46232778,2025-07-02,5.5,3.0,3
6727,Dugadda (Khoh),Uttarakhand,52,PAURI GARHWAL,29.75108333,78.52341667,2025-07-02,0.5,0.5,1
6728,Dharchula_1,Uttarakhand,53,Pithoragarh,29.84825,80.54047222,2025-07-02,7.5,5.5,4
6729,Gadarpur,Uttarakhand,56,UDHAM SINGH NAGAR,29.04324167,79.24461944,2025-07-02,4.5,4.0,2
6730,Tumaria,Uttarakhand,56,UDHAM SINGH NAGAR,29.30704722,78.93133056,2025-07-02,7.5,5.5,2
6731,Jhala_1,Uttarakhand,57,Uttarkashi,31.01533333,78.71222222,2025-07-02,1.0,0.5,2
6732,Almora_1,Uttarakhand,45,Almora,29.59631389,79.65005556,2025-07-03,0.5,0.5,1
6733,Baijnath (Gomti),Uttarakhand,46,Bageshwar,29.90822222,79.61769444,2025-07-03,31.5,18.5,8
6734,Kapkot (Saryu),Uttarakhand,46,Bageshwar,29.94516667,79.9025,2025-07-03,43.0,15.0,13
6735,Khati_1,Uttarakhand,46,Bageshwar,30.11019722,79.94055833,2025-07-03,0.5,0.5,1
6736,Danda_1,Uttarakhand,48,Champawat,29.15927778,80.10852778,2025-07-03,8.0,5.0,5
6737,Tanakpur_1,Uttarakhand,48,Champawat,29.07222222,80.1175,2025-07-03,0.5,0.5,1
6738,Haldwani_1,Uttarakhand,51,Nainital,29.214725,79.52400278,2025-07-03,12.0,10.5,2
6739,Dharchula_1,Uttarakhand,53,Pithoragarh,29.84825,80.54047222,2025-07-03,68.0,15.5,14
6740,Guptkashi_1,Uttarakhand,54,Rudraprayag,30.52863889,79.08508333,2025-07-03,0.5,0.5,1
6741,Gadarpur,Uttarakhand,56,UDHAM SINGH NAGAR,29.04324167,79.24461944,2025-07-03,21.0,9.0,4
6742,Jhala_1,Uttarakhand,57,Uttarkashi,31.01533333,78.71222222,2025-07-03,7.0,3.5,7
6743,Baijnath (Gomti),Uttarakhand,46,Bageshwar,29.90822222,79.61769444,2025-07-04,41.5,13.5,5
6744,Kapkot (Saryu),Uttarakhand,46,Bageshwar,29.94516667,79.9025,2025-07-04,7.5,2.0,5
6745,Danda_1,Uttarakhand,48,Champawat,29.15927778,80.10852778,2025-07-04,1.5,1.0,2
6746,Dharchula_1,Uttarakhand,53,Pithoragarh,29.84825,80.54047222,2025-07-04,15.0,4.5,4
6747,Jhala_1,Uttarakhand,57,Uttarkashi,31.01533333,78.71222222,2025-07-04,3.0,1.5,4
6748,Kapkot (Saryu),Uttarakhand,46,Bageshwar,29.94516667,79.9025,2025-07-05,5.5,5.5,1
6749,Gadarpur,Uttarakhand,56,UDHAM SINGH NAGAR,29.04324167,79.24461944,2025-07-05,2.5,2.5,1
6750,Baijnath (Gomti),Uttarakhand,46,Bageshwar,29.90822222,79.61769444,2025-07-07,1.0,0.5,2
6751,Kapkot (Saryu),Uttarakhand,46,Bageshwar,29.94516667,79.9025,2025-07-07,26.0,8.5,10
6752,Dugadda (Khoh),Uttarakhand,52,PAURI GARHWAL,29.75108333,78.52341667,2025-07-07,0.5,0.5,1
6753,Dharchula_1,Uttarakhand,53,Pithoragarh,29.84825,80.54047222,2025-07-07,31.0,12.0,8
6754,Gadarpur,Uttarakhand,56,UDHAM SINGH NAGAR,29.04324167,79.24461944,2025-07-07,3.0,1.0,4
6755,Almora_1,Uttarakhand,45,Almora,29.59631389,79.65005556,2025-07-08,6.5,3.0,3
6756,Kapkot (Saryu),Uttarakhand,46,Bageshwar,29.94516667,79.9025,2025-07-08,20.0,9.0,6
6757,Nandprayag (Nandakini),Uttarakhand,47,Chamoli,30.33122222,79.31063889,2025-07-08,0.5,0.5,1
6758,Danda_1,Uttarakhand,48,Champawat,29.15927778,80.10852778,2025-07-08,10.0,5.0,4
6759,Haldwani_1,Uttarakhand,51,Nainital,29.214725,79.52400278,2025-07-08,40.5,25.0,3
6760,Dugadda (Khoh),Uttarakhand,52,PAURI GARHWAL,29.75108333,78.52341667,2025-07-08,0.5,0.5,1
6761,Dharchula_1,Uttarakhand,53,Pithoragarh,29.84825,80.54047222,2025-07-08,2.0,0.5,4
6762,Nachni,Uttarakhand,53,Pithoragarh,29.90594444,80.16097222,2025-07-08,2.5,1.0,4
6763,Guptkashi_1,Uttarakhand,54,Rudraprayag,30.52863889,79.08508333,2025-07-08,0.5,0.5,1
6764,Jhala_1,Uttarakhand,57,Uttarkashi,31.01533333,78.71222222,2025-07-08,3.0,2.0,2
6765,Baijnath (Gomti),Uttarakhand,46,Bageshwar,29.90822222,79.61769444,2025-07-09,1.5,0.5,3
6766,Kapkot (Saryu),Uttarakhand,46,Bageshwar,29.94516667,79.9025,2025-07-09,137.5,74.5,10
6767,Nandprayag (Nandakini),Uttarakhand,47,Chamoli,30.33122222,79.31063889,2025-07-09,0.5,0.5,1
6768,Danda_1,Uttarakhand,48,Champawat,29.15927778,80.10852778,2025-07-09,52.0,32.5,11
6769,Khanpur_5,Uttarakhand,50,Haridwar,29.641375,78.00678611,2025-07-09,7.5,7.5,1
6770,Roorkee_2,Uttarakhand,50,Haridwar,29.86771944,77.88415556,2025-07-09,1.5,0.5,3
6771,Haldwani_1,Uttarakhand,51,Nainital,29.214725,79.52400278,2025-07-09,8.5,3.0,7
6772,Srinagar_2,Uttarakhand,52,PAURI GARHWAL,30.23581944,78.81720278,2025-07-09,1.0,0.5,2
6773,Dharchula_1,Uttarakhand,53,Pithoragarh,29.84825,80.54047222,2025-07-09,12.5,2.5,12
6774,Nachni,Uttarakhand,53,Pithoragarh,29.90594444,80.16097222,2025-07-09,30.5,10.0,8
6775,Basukedar,Uttarakhand,54,Rudraprayag,30.43919444,79.05633333,2025-07-09,18.0,18.0,1
6776,Gadarpur,Uttarakhand,56,UDHAM SINGH NAGAR,29.04324167,79.24461944,2025-07-09,10.0,4.5,4
6777,Jhala_1,Uttarakhand,57,Uttarkashi,31.01533333,78.71222222,2025-07-09,5.5,1.5,8
6778,Almora_1,Uttarakhand,45,Almora,29.59631389,79.65005556,2025-07-10,2.5,1.5,2
6779,Baijnath (Gomti),Uttarakhand,46,Bageshwar,29.90822222,79.61769444,2025-07-10,2.5,1.0,4
6780,Kapkot (Saryu),Uttarakhand,46,Bageshwar,29.94516667,79.9025,2025-07-10,13.5,8.5,5
6781,Danda_1,Uttarakhand,48,Champawat,29.15927778,80.10852778,2025-07-10,0.5,0.5,1
6782,Chakrata,Uttarakhand,49,Dehradun,30.76115556,77.86502778,2025-07-10,0.5,0.5,1
6783,Roorkee_2,Uttarakhand,50,Haridwar,29.86771944,77.88415556,2025-07-10,2.5,1.0,4
6784,Haldwani_1,Uttarakhand,51,Nainital,29.214725,79.52400278,2025-07-10,12.5,12.0,2
6785,Dugadda (Khoh),Uttarakhand,52,PAURI GARHWAL,29.75108333,78.52341667,2025-07-10,0.5,0.5,1
6786,Srinagar_2,Uttarakhand,52,PAURI GARHWAL,30.23581944,78.81720278,2025-07-10,2.5,1.0,4
6787,Dharchula_1,Uttarakhand,53,Pithoragarh,29.84825,80.54047222,2025-07-10,5.5,2.0,4
6788,Nachni,Uttarakhand,53,Pithoragarh,29.90594444,80.16097222,2025-07-10,88.5,43.0,4
6789,Kempty,Uttarakhand,55,Tehri Garhwal,30.49075,78.04738889,2025-07-10,0.5,0.5,1
6790,Gadarpur,Uttarakhand,56,UDHAM SINGH NAGAR,29.04324167,79.24461944,2025-07-10,38.0,7.0,14
6791,Jhala_1,Uttarakhand,57,Uttarkashi,31.01533333,78.71222222,2025-07-10,3.5,0.5,7
6792,Kapkot (Saryu),Uttarakhand,46,Bageshwar,29.94516667,79.9025,2025-07-11,2.0,2.0,1
6793,Chakrata,Uttarakhand,49,Dehradun,30.76115556,77.86502778,2025-07-11,0.5,0.5,1
6794,Khanpur_5,Uttarakhand,50,Haridwar,29.641375,78.00678611,2025-07-11,3.0,3.0,1
6795,Mukteshwar_1,Uttarakhand,51,Nainital,29.47413889,79.65119444,2025-07-11,1.0,0.5,2
6796,Dharchula_1,Uttarakhand,53,Pithoragarh,29.84825,80.54047222,2025-07-11,1.0,0.5,2
6797,Gadarpur,Uttarakhand,56,UDHAM SINGH NAGAR,29.04324167,79.24461944,2025-07-11,0.5,0.5,1
6798,Lamgara,Uttarakhand,45,Almora,29.53866667,79.74994444,2025-07-12,0.5,0.5,1
6799,Kapkot (Saryu),Uttarakhand,46,Bageshwar,29.94516667,79.9025,2025-07-12,3.5,3.5,1
6800,Khati_1,Uttarakhand,46,Bageshwar,30.11019722,79.94055833,2025-07-12,0.5,0.5,1
6801,Chakrata,Uttarakhand,49,Dehradun,30.76115556,77.86502778,2025-07-12,1.0,0.5,2
6802,Bahadarabad,Uttarakhand,50,Haridwar,29.92380278,78.03671389,2025-07-12,3.0,1.0,4
6803,Roorkee_2,Uttarakhand,50,Haridwar,29.86771944,77.88415556,2025-07-12,2.5,2.0,2
6804,Gadarpur,Uttarakhand,56,UDHAM SINGH NAGAR,29.04324167,79.24461944,2025-07-12,10.5,6.0,3
6805,Baijnath (Gomti),Uttarakhand,46,Bageshwar,29.90822222,79.61769444,2025-07-13,16.5,14.0,4
6806,Kapkot (Saryu),Uttarakhand,46,Bageshwar,29.94516667,79.9025,2025-07-13,10.5,10.0,2
6807,Nandprayag (Nandakini),Uttarakhand,47,Chamoli,30.33122222,79.31063889,2025-07-13,1.0,0.5,2
6808,Danda_1,Uttarakhand,48,Champawat,29.15927778,80.10852778,2025-07-13,3.0,2.5,2
6809,Haldwani_1,Uttarakhand,51,Nainital,29.214725,79.52400278,2025-07-13,11.0,10.0,2
6810,Dharchula_1,Uttarakhand,53,Pithoragarh,29.84825,80.54047222,2025-07-13,11.5,4.5,5
6811,Kempty,Uttarakhand,55,Tehri Garhwal,30.49075,78.04738889,2025-07-13,0.5,0.5,1
6812,Gadarpur,Uttarakhand,56,UDHAM SINGH NAGAR,29.04324167,79.24461944,2025-07-13,12.0,12.0,1
6813,Baijnath (Gomti),Uttarakhand,46,Bageshwar,29.90822222,79.61769444,2025-07-14,1.0,0.5,2
6814,Kapkot (Saryu),Uttarakhand,46,Bageshwar,29.94516667,79.9025,2025-07-14,19.5,6.5,6
6815,Danda_1,Uttarakhand,48,Champawat,29.15927778,80.10852778,2025-07-14,10.0,7.5,3
6816,Chakrata,Uttarakhand,49,Dehradun,30.76115556,77.86502778,2025-07-14,0.5,0.5,1
6817,Roorkee_2,Uttarakhand,50,Haridwar,29.86771944,77.88415556,2025-07-14,9.0,7.5,2
6818,Srinagar_2,Uttarakhand,52,PAURI GARHWAL,30.23581944,78.81720278,2025-07-14,8.5,7.5,2
6819,Dharchula_1,Uttarakhand,53,Pithoragarh,29.84825,80.54047222,2025-07-14,7.5,2.0,7
6820,Gadarpur,Uttarakhand,56,UDHAM SINGH NAGAR,29.04324167,79.24461944,2025-07-14,20.0,16.0,5
6821,Baijnath (Gomti),Uttarakhand,46,Bageshwar,29.90822222,79.61769444,2025-07-15,0.5,0.5,1
6822,Kapkot (Saryu),Uttarakhand,46,Bageshwar,29.94516667,79.9025,2025-07-15,12.0,8.0,2
6823,Nandprayag (Nandakini),Uttarakhand,47,Chamoli,30.33122222,79.31063889,2025-07-15,1.0,0.5,2
6824,Chakrata,Uttarakhand,49,Dehradun,30.76115556,77.86502778,2025-07-15,0.5,0.5,1
6825,Haldwani_1,Uttarakhand,51,Nainital,29.214725,79.52400278,2025-07-15,1.5,1.0,2
6826,Dharchula_1,Uttarakhand,53,Pithoragarh,29.84825,80.54047222,2025-07-15,1.5,1.0,2
6827,Baijnath (Gomti),Uttarakhand,46,Bageshwar,29.90822222,79.61769444,2025-07-16,0.5,0.5,1
6828,Kapkot (Saryu),Uttarakhand,46,Bageshwar,29.94516667,79.9025,2025-07-16,5.0,3.0,3
6829,Badrinath_1,Uttarakhand,47,Chamoli,30.74513889,79.49436111,2025-07-16,11.5,7.5,2
6830,Nandprayag (Nandakini),Uttarakhand,47,Chamoli,30.33122222,79.31063889,2025-07-16,0.5,0.5,1
6831,Danda_1,Uttarakhand,48,Champawat,29.15927778,80.10852778,2025-07-16,1.0,1.0,1
6832,Chakrata,Uttarakhand,49,Dehradun,30.76115556,77.86502778,2025-07-16,0.5,0.5,1
6833,Roorkee_2,Uttarakhand,50,Haridwar,29.86771944,77.88415556,2025-07-16,34.0,30.0,4
6834,Haldwani_1,Uttarakhand,51,Nainital,29.214725,79.52400278,2025-07-16,46.5,24.5,4
6835,Srinagar_2,Uttarakhand,52,PAURI GARHWAL,30.23581944,78.81720278,2025-07-16,30.5,29.0,2
6836,Dharchula_1,Uttarakhand,53,Pithoragarh,29.84825,80.54047222,2025-07-16,17.0,7.5,6
6837,Guptkashi_1,Uttarakhand,54,Rudraprayag,30.52863889,79.08508333,2025-07-16,0.5,0.5,1
6838,Baijnath (Gomti),Uttarakhand,46,Bageshwar,29.90822222,79.61769444,2025-07-20,1.5,0.5,3
6839,Kapkot (Saryu),Uttarakhand,46,Bageshwar,29.94516667,79.9025,2025-07-20,9.0,6.0,3
6840,Khati_1,Uttarakhand,46,Bageshwar,30.11019722,79.94055833,2025-07-20,0.5,0.5,1
6841,Nandprayag (Nandakini),Uttarakhand,47,Chamoli,30.33122222,79.31063889,2025-07-20,1.0,0.5,2
6842,Danda_1,Uttarakhand,48,Champawat,29.15927778,80.10852778,2025-07-20,23.0,9.0,7
6843,Haldwani_1,Uttarakhand,51,Nainital,29.214725,79.52400278,2025-07-20,13.0,9.0,3
6844,Dugadda (Khoh),Uttarakhand,52,PAURI GARHWAL,29.75108333,78.52341667,2025-07-20,0.5,0.5,1
6845,Srinagar_2,Uttarakhand,52,PAURI GARHWAL,30.23581944,78.81720278,2025-07-20,4.5,4.5,1
6846,Dharchula_1,Uttarakhand,53,Pithoragarh,29.84825,80.54047222,2025-07-20,8.0,1.5,8
6847,Kempty,Uttarakhand,55,Tehri Garhwal,30.49075,78.04738889,2025-07-20,0.5,0.5,1
6848,Almora_1,Uttarakhand,45,Almora,29.59631389,79.65005556,2025-07-21,11.0,10.5,2
6849,Baijnath (Gomti),Uttarakhand,46,Bageshwar,29.90822222,79.61769444,2025-07-21,55.5,12.5,9
6850,Kapkot (Saryu),Uttarakhand,46,Bageshwar,29.94516667,79.9025,2025-07-21,33.5,8.0,11
6851,Nandprayag (Nandakini),Uttarakhand,47,Chamoli,30.33122222,79.31063889,2025-07-21,29.0,5.0,12
6852,Danda_1,Uttarakhand,48,Champawat,29.15927778,80.10852778,2025-07-21,26.0,6.5,7
6853,Chakrata,Uttarakhand,49,Dehradun,30.76115556,77.86502778,2025-07-21,0.5,0.5,1
6854,Khanpur_5,Uttarakhand,50,Haridwar,29.641375,78.00678611,2025-07-21,0.5,0.5,1
6855,Roorkee_2,Uttarakhand,50,Haridwar,29.86771944,77.88415556,2025-07-21,44.0,21.5,8
6856,Haldwani_1,Uttarakhand,51,Nainital,29.214725,79.52400278,2025-07-21,79.0,34.5,5
6857,Dugadda (Khoh),Uttarakhand,52,PAURI GARHWAL,29.75108333,78.52341667,2025-07-21,0.5,0.5,1
6858,Srinagar_2,Uttarakhand,52,PAURI GARHWAL,30.23581944,78.81720278,2025-07-21,42.5,21.0,8
6859,Dharchula_1,Uttarakhand,53,Pithoragarh,29.84825,80.54047222,2025-07-21,6.0,1.0,10
6860,Gadarpur,Uttarakhand,56,UDHAM SINGH NAGAR,29.04324167,79.24461944,2025-07-21,16.5,7.0,5
6861,Champawat_1,Uttarakhand,48,Champawat,29.33341667,80.08469444,2025-07-22,0.5,0.5,1
6862,Danda_1,Uttarakhand,48,Champawat,29.15927778,80.10852778,2025-07-22,0.5,0.5,1
6863,Dharchula_1,Uttarakhand,53,Pithoragarh,29.84825,80.54047222,2025-07-22,18.0,18.0,1
6864,Guptkashi_1,Uttarakhand,54,Rudraprayag,30.52863889,79.08508333,2025-07-22,1.0,0.5,2
6865,Tumaria,Uttarakhand,56,UDHAM SINGH NAGAR,29.30704722,78.93133056,2025-07-22,1.0,1.0,1
6866,Baijnath (Gomti),Uttarakhand,46,Bageshwar,29.90822222,79.61769444,2025-07-23,13.5,4.0,7
6867,Kapkot (Saryu),Uttarakhand,46,Bageshwar,29.94516667,79.9025,2025-07-23,60.5,28.0,7
6868,Nandprayag (Nandakini),Uttarakhand,47,Chamoli,30.33122222,79.31063889,2025-07-23,16.0,7.0,4
6869,Danda_1,Uttarakhand,48,Champawat,29.15927778,80.10852778,2025-07-23,37.0,28.5,4
6870,Rithakhal,Uttarakhand,48,Champawat,29.44911111,79.882,2025-07-23,16.5,6.5,5
6871,Roorkee_2,Uttarakhand,50,Haridwar,29.86771944,77.88415556,2025-07-23,7.5,2.5,5
6872,Dugadda (Khoh),Uttarakhand,52,PAURI GARHWAL,29.75108333,78.52341667,2025-07-23,1.0,0.5,2
6873,Srinagar_2,Uttarakhand,52,PAURI GARHWAL,30.23581944,78.81720278,2025-07-23,3.0,2.5,2
6874,Dharchula_1,Uttarakhand,53,Pithoragarh,29.84825,80.54047222,2025-07-23,4.5,0.5,9
6875,Basukedar,Uttarakhand,54,Rudraprayag,30.43919444,79.05633333,2025-07-23,0.5,0.5,1
6876,Gadarpur,Uttarakhand,56,UDHAM SINGH NAGAR,29.04324167,79.24461944,2025-07-23,1.0,0.5,2
6877,Lamgara,Uttarakhand,45,Almora,29.53866667,79.74994444,2025-07-24,0.5,0.5,1
6878,Nandprayag (Nandakini),Uttarakhand,47,Chamoli,30.33122222,79.31063889,2025-07-24,3.5,3.0,2
6879,Manglaur_1,Uttarakhand,50,Haridwar,29.78567778,77.86368889,2025-07-24,0.5,0.5,1
6880,Dharchula_1,Uttarakhand,53,Pithoragarh,29.84825,80.54047222,2025-07-24,2.5,1.0,4
6881,Basukedar,Uttarakhand,54,Rudraprayag,30.43919444,79.05633333,2025-07-24,1.0,1.0,1
6882,Guptkashi_1,Uttarakhand,54,Rudraprayag,30.52863889,79.08508333,2025-07-24,0.5,0.5,1
6883,Baijnath (Gomti),Uttarakhand,46,Bageshwar,29.90822222,79.61769444,2025-07-27,9.0,3.0,4
6884,Kapkot (Saryu),Uttarakhand,46,Bageshwar,29.94516667,79.9025,2025-07-27,93.5,32.5,10
6885,Khati_1,Uttarakhand,46,Bageshwar,30.11019722,79.94055833,2025-07-27,1.0,0.5,2
6886,Nandprayag (Nandakini),Uttarakhand,47,Chamoli,30.33122222,79.31063889,2025-07-27,0.5,0.5,1
6887,Champawat_1,Uttarakhand,48,Champawat,29.33341667,80.08469444,2025-07-27,38.5,20.0,3
6888,Danda_1,Uttarakhand,48,Champawat,29.15927778,80.10852778,2025-07-27,68.5,47.0,6
6889,Yamuna Colony,Uttarakhand,49,Dehradun,30.33775278,78.03311667,2025-07-27,4.0,1.0,6
6890,Haldwani_1,Uttarakhand,51,Nainital,29.214725,79.52400278,2025-07-27,57.5,47.5,4
6891,Dharchula_1,Uttarakhand,53,Pithoragarh,29.84825,80.54047222,2025-07-27,9.0,1.5,11
6892,Basukedar,Uttarakhand,54,Rudraprayag,30.43919444,79.05633333,2025-07-27,1.0,1.0,1
6893,Guptkashi_1,Uttarakhand,54,Rudraprayag,30.52863889,79.08508333,2025-07-27,0.5,0.5,1
6894,Gadarpur,Uttarakhand,56,UDHAM SINGH NAGAR,29.04324167,79.24461944,2025-07-27,15.5,11.0,3
6895,Sitarganj_1,Uttarakhand,56,UDHAM SINGH NAGAR,28.92971389,79.703,2025-07-27,18.5,9.0,4
6896,Tumaria,Uttarakhand,56,UDHAM SINGH NAGAR,29.30704722,78.93133056,2025-07-27,1.0,1.0,1
6897,Kapkot (Saryu),Uttarakhand,46,Bageshwar,29.94516667,79.9025,2025-07-28,2.5,1.5,2
6898,Nandprayag (Nandakini),Uttarakhand,47,Chamoli,30.33122222,79.31063889,2025-07-28,1.0,0.5,2
6899,Danda_1,Uttarakhand,48,Champawat,29.15927778,80.10852778,2025-07-28,34.0,11.0,12
6900,Rithakhal,Uttarakhand,48,Champawat,29.44911111,79.882,2025-07-28,3.5,1.5,4
6901,Doiwala (Bhogpur),Uttarakhand,49,Dehradun,30.22270833,78.23418611,2025-07-28,54.0,54.0,1
6902,Yamuna Colony,Uttarakhand,49,Dehradun,30.33775278,78.03311667,2025-07-28,0.5,0.5,1
6903,Roorkee_2,Uttarakhand,50,Haridwar,29.86771944,77.88415556,2025-07-28,3.0,2.5,2
6904,Haldwani_1,Uttarakhand,51,Nainital,29.214725,79.52400278,2025-07-28,0.5,0.5,1
6905,Dugadda (Khoh),Uttarakhand,52,PAURI GARHWAL,29.75108333,78.52341667,2025-07-28,3.0,0.5,6
6906,Srinagar_2,Uttarakhand,52,PAURI GARHWAL,30.23581944,78.81720278,2025-07-28,2.5,2.5,1
6907,Yamkeshwar,Uttarakhand,52,PAURI GARHWAL,29.96130556,78.44086111,2025-07-28,1.0,0.5,2
6908,Dharchula_1,Uttarakhand,53,Pithoragarh,29.84825,80.54047222,2025-07-28,2.5,1.5,3
6909,Basukedar,Uttarakhand,54,Rudraprayag,30.43919444,79.05633333,2025-07-28,5.0,4.5,2
6910,Kempty,Uttarakhand,55,Tehri Garhwal,30.49075,78.04738889,2025-07-28,0.5,0.5,1
6911,Gadarpur,Uttarakhand,56,UDHAM SINGH NAGAR,29.04324167,79.24461944,2025-07-28,3.0,1.5,2
6912,Lamgara,Uttarakhand,45,Almora,29.53866667,79.74994444,2025-07-29,0.5,0.5,1
6913,Baijnath (Gomti),Uttarakhand,46,Bageshwar,29.90822222,79.61769444,2025-07-29,21.5,4.5,11
6914,Kapkot (Saryu),Uttarakhand,46,Bageshwar,29.94516667,79.9025,2025-07-29,14.5,2.0,12
6915,Nandprayag (Nandakini),Uttarakhand,47,Chamoli,30.33122222,79.31063889,2025-07-29,10.0,1.5,14
6916,Champawat_1,Uttarakhand,48,Champawat,29.33341667,80.08469444,2025-07-29,29.5,5.5,13
6917,Danda_1,Uttarakhand,48,Champawat,29.15927778,80.10852778,2025-07-29,32.5,8.5,9
6918,Rithakhal,Uttarakhand,48,Champawat,29.44911111,79.882,2025-07-29,27.5,4.5,14
6919,Yamuna Colony,Uttarakhand,49,Dehradun,30.33775278,78.03311667,2025-07-29,86.0,18.5,13
6920,Bhagwanpur_1,Uttarakhand,50,Haridwar,29.93567778,77.80170611,2025-07-29,4.0,4.0,1
6921,Khanpur_5,Uttarakhand,50,Haridwar,29.641375,78.00678611,2025-07-29,2.0,1.0,2
6922,Manglaur_1,Uttarakhand,50,Haridwar,29.78567778,77.86368889,2025-07-29,1.0,0.5,2
6923,Roorkee_2,Uttarakhand,50,Haridwar,29.86771944,77.88415556,2025-07-29,37.5,21.0,8
6924,Haldwani_1,Uttarakhand,51,Nainital,29.214725,79.52400278,2025-07-29,4.5,1.5,5
6925,Mukteshwar_1,Uttarakhand,51,Nainital,29.47413889,79.65119444,2025-07-29,0.5,0.5,1
6926,Srinagar_2,Uttarakhand,52,PAURI GARHWAL,30.23581944,78.81720278,2025-07-29,31.0,21.5,5
6927,Dharchula_1,Uttarakhand,53,Pithoragarh,29.84825,80.54047222,2025-07-29,8.0,1.0,13
6928,Basukedar,Uttarakhand,54,Rudraprayag,30.43919444,79.05633333,2025-07-29,16.0,5.5,13
6929,Gadarpur,Uttarakhand,56,UDHAM SINGH NAGAR,29.04324167,79.24461944,2025-07-29,0.5,0.5,1
6930,Sitarganj_1,Uttarakhand,56,UDHAM SINGH NAGAR,28.92971389,79.703,2025-07-29,1.0,0.5,2
6931,Baijnath (Gomti),Uttarakhand,46,Bageshwar,29.90822222,79.61769444,2025-07-30,13.0,5.5,6
6932,Kapkot (Saryu),Uttarakhand,46,Bageshwar,29.94516667,79.9025,2025-07-30,7.0,2.0,5
6933,Nandprayag (Nandakini),Uttarakhand,47,Chamoli,30.33122222,79.31063889,2025-07-30,1.0,0.5,2
6934,Champawat_1,Uttarakhand,48,Champawat,29.33341667,80.08469444,2025-07-30,11.0,9.5,3
6935,Danda_1,Uttarakhand,48,Champawat,29.15927778,80.10852778,2025-07-30,10.0,4.5,6
6936,Rithakhal,Uttarakhand,48,Champawat,29.44911111,79.882,2025-07-30,6.0,4.0,4
6937,Chakrata,Uttarakhand,49,Dehradun,30.76115556,77.86502778,2025-07-30,1.0,0.5,2
6938,Yamuna Colony,Uttarakhand,49,Dehradun,30.33775278,78.03311667,2025-07-30,32.5,29.5,5
6939,Bhagwanpur_1,Uttarakhand,50,Haridwar,29.93567778,77.80170611,2025-07-30,0.5,0.5,1
6940,Manglaur_1,Uttarakhand,50,Haridwar,29.78567778,77.86368889,2025-07-30,17.0,9.5,11
6941,Roorkee_2,Uttarakhand,50,Haridwar,29.86771944,77.88415556,2025-07-30,15.0,10.5,3
6942,Srinagar_2,Uttarakhand,52,PAURI GARHWAL,30.23581944,78.81720278,2025-07-30,14.5,10.5,3
6943,Dharchula_1,Uttarakhand,53,Pithoragarh,29.84825,80.54047222,2025-07-30,2.0,0.5,4
6944,Basukedar,Uttarakhand,54,Rudraprayag,30.43919444,79.05633333,2025-07-30,1.5,0.5,3
6945,Gadarpur,Uttarakhand,56,UDHAM SINGH NAGAR,29.04324167,79.24461944,2025-07-30,0.5,0.5,1
6946,Tumaria,Uttarakhand,56,UDHAM SINGH NAGAR,29.30704722,78.93133056,2025-07-30,1.5,1.0,2
6947,Lamgara,Uttarakhand,45,Almora,29.53866667,79.74994444,2025-07-31,0.5,0.5,1
6948,Baijnath (Gomti),Uttarakhand,46,Bageshwar,29.90822222,79.61769444,2025-07-31,0.5,0.5,1
6949,Kapkot (Saryu),Uttarakhand,46,Bageshwar,29.94516667,79.9025,2025-07-31,2.5,2.5,1
6950,Nandprayag (Nandakini),Uttarakhand,47,Chamoli,30.33122222,79.31063889,2025-07-31,1.5,0.5,3
6951,Danda_1,Uttarakhand,48,Champawat,29.15927778,80.10852778,2025-07-31,15.0,5.5,5
6952,Rithakhal,Uttarakhand,48,Champawat,29.44911111,79.882,2025-07-31,3.0,2.0,3
6953,Yamuna Colony,Uttarakhand,49,Dehradun,30.33775278,78.03311667,2025-07-31,2.0,1.5,2
6954,Bahadarabad,Uttarakhand,50,Haridwar,29.92380278,78.03671389,2025-07-31,0.5,0.5,1
6955,Manglaur_1,Uttarakhand,50,Haridwar,29.78567778,77.86368889,2025-07-31,1.5,0.5,3
6956,Roorkee_2,Uttarakhand,50,Haridwar,29.86771944,77.88415556,2025-07-31,18.0,7.5,6
6957,Haldwani_1,Uttarakhand,51,Nainital,29.214725,79.52400278,2025-07-31,25.5,10.5,8
6958,Srinagar_2,Uttarakhand,52,PAURI GARHWAL,30.23581944,78.81720278,2025-07-31,11.0,7.5,4
6959,Dharchula_1,Uttarakhand,53,Pithoragarh,29.84825,80.54047222,2025-07-31,1.5,0.5,3
6960,Basukedar,Uttarakhand,54,Rudraprayag,30.43919444,79.05633333,2025-07-31,20.5,12.5,2
6961,Gadarpur,Uttarakhand,56,UDHAM SINGH NAGAR,29.04324167,79.24461944,2025-07-31,9.5,5.5,6
6962,Tumaria,Uttarakhand,56,UDHAM SINGH NAGAR,29.30704722,78.93133056,2025-07-31,3.0,2.0,3
6963,Kapkot (Saryu),Uttarakhand,46,Bageshwar,29.94516667,79.9025,2025-08-01,0.5,0.5,1
6964,Nandprayag (Nandakini),Uttarakhand,47,Chamoli,30.33122222,79.31063889,2025-08-01,3.0,1.5,4
6965,Champawat_1,Uttarakhand,48,Champawat,29.33341667,80.08469444,2025-08-01,0.5,0.5,1
6966,Danda_1,Uttarakhand,48,Champawat,29.15927778,80.10852778,2025-08-01,13.0,10.5,3
6967,Chakrata,Uttarakhand,49,Dehradun,30.76115556,77.86502778,2025-08-01,0.5,0.5,1
6968,Yamuna Colony,Uttarakhand,49,Dehradun,30.33775278,78.03311667,2025-08-01,8.0,1.5,7
6969,Manglaur_1,Uttarakhand,50,Haridwar,29.78567778,77.86368889,2025-08-01,1.0,0.5,2
6970,Roorkee_2,Uttarakhand,50,Haridwar,29.86771944,77.88415556,2025-08-01,2.5,2.5,1
6971,Haldwani_1,Uttarakhand,51,Nainital,29.214725,79.52400278,2025-08-01,20.0,4.0,11
6972,Dharchula_1,Uttarakhand,53,Pithoragarh,29.84825,80.54047222,2025-08-01,0.5,0.5,1
6973,Basukedar,Uttarakhand,54,Rudraprayag,30.43919444,79.05633333,2025-08-01,18.5,14.0,5
6974,Gadarpur,Uttarakhand,56,UDHAM SINGH NAGAR,29.04324167,79.24461944,2025-08-01,1.0,1.0,1
6975,Tumaria,Uttarakhand,56,UDHAM SINGH NAGAR,29.30704722,78.93133056,2025-08-01,33.5,12.5,7
6976,Lamgara,Uttarakhand,45,Almora,29.53866667,79.74994444,2025-08-02,0.5,0.5,1
6977,Baijnath (Gomti),Uttarakhand,46,Bageshwar,29.90822222,79.61769444,2025-08-02,0.5,0.5,1
6978,Kapkot (Saryu),Uttarakhand,46,Bageshwar,29.94516667,79.9025,2025-08-02,26.5,11.5,6
6979,Danda_1,Uttarakhand,48,Champawat,29.15927778,80.10852778,2025-08-02,2.5,1.5,3
6980,Rithakhal,Uttarakhand,48,Champawat,29.44911111,79.882,2025-08-02,5.5,3.0,2
6981,Chakrata,Uttarakhand,49,Dehradun,30.76115556,77.86502778,2025-08-02,1.5,0.5,3
6982,Yamuna Colony,Uttarakhand,49,Dehradun,30.33775278,78.03311667,2025-08-02,9.5,3.5,4
6983,Haldwani_1,Uttarakhand,51,Nainital,29.214725,79.52400278,2025-08-02,23.0,20.0,4
6984,Dugadda (Khoh),Uttarakhand,52,PAURI GARHWAL,29.75108333,78.52341667,2025-08-02,0.5,0.5,1
6985,Dharchula_1,Uttarakhand,53,Pithoragarh,29.84825,80.54047222,2025-08-02,1.0,0.5,2
6986,Basukedar,Uttarakhand,54,Rudraprayag,30.43919444,79.05633333,2025-08-02,15.5,11.5,5
6987,Guptkashi_1,Uttarakhand,54,Rudraprayag,30.52863889,79.08508333,2025-08-02,40.5,10.5,8
6988,Sonprayag_1,Uttarakhand,54,Rudraprayag,30.63547222,78.99941667,2025-08-02,0.5,0.5,1
6989,Kempty,Uttarakhand,55,Tehri Garhwal,30.49075,78.04738889,2025-08-02,0.5,0.5,1
6990,Tumaria,Uttarakhand,56,UDHAM SINGH NAGAR,29.30704722,78.93133056,2025-08-02,9.0,5.0,4
6991,Joshiyara,Uttarakhand,57,Uttarkashi,30.73122222,78.42733333,2025-08-02,2.5,2.5,1
6992,Lamgara,Uttarakhand,45,Almora,29.53866667,79.74994444,2025-08-03,0.5,0.5,1
6993,Baijnath (Gomti),Uttarakhand,46,Bageshwar,29.90822222,79.61769444,2025-08-03,0.5,0.5,1
6994,Kapkot (Saryu),Uttarakhand,46,Bageshwar,29.94516667,79.9025,2025-08-03,32.0,11.5,8
6995,Nandprayag (Nandakini),Uttarakhand,47,Chamoli,30.33122222,79.31063889,2025-08-03,2.5,1.0,4
6996,Champawat_1,Uttarakhand,48,Champawat,29.33341667,80.08469444,2025-08-03,1.0,0.5,2
6997,Rithakhal,Uttarakhand,48,Champawat,29.44911111,79.882,2025-08-03,2.0,1.0,3
6998,Tanakpur_1,Uttarakhand,48,Champawat,29.07222222,80.1175,2025-08-03,0.5,0.5,1
6999,Chakrata,Uttarakhand,49,Dehradun,30.76115556,77.86502778,2025-08-03,1.5,1.5,1
7000,Yamuna Colony,Uttarakhand,49,Dehradun,30.33775278,78.03311667,2025-08-03,16.0,12.0,4
7001,Khanpur_5,Uttarakhand,50,Haridwar,29.641375,78.00678611,2025-08-03,0.5,0.5,1
7002,Manglaur_1,Uttarakhand,50,Haridwar,29.78567778,77.86368889,2025-08-03,6.5,3.5,5
7003,Roorkee_2,Uttarakhand,50,Haridwar,29.86771944,77.88415556,2025-08-03,4.5,3.0,2
7004,Haldwani_1,Uttarakhand,51,Nainital,29.214725,79.52400278,2025-08-03,179.0,57.0,16
7005,Dugadda (Khoh),Uttarakhand,52,PAURI GARHWAL,29.75108333,78.52341667,2025-08-03,0.5,0.5,1
7006,Srinagar_2,Uttarakhand,52,PAURI GARHWAL,30.23581944,78.81720278,2025-08-03,4.0,2.5,2
7007,Guptkashi_1,Uttarakhand,54,Rudraprayag,30.52863889,79.08508333,2025-08-03,34.5,9.5,12
7008,Gadarpur,Uttarakhand,56,UDHAM SINGH NAGAR,29.04324167,79.24461944,2025-08-03,1.5,0.5,3
7009,Tumaria,Uttarakhand,56,UDHAM SINGH NAGAR,29.30704722,78.93133056,2025-08-03,35.0,12.5,8
7010,Joshiyara,Uttarakhand,57,Uttarkashi,30.73122222,78.42733333,2025-08-03,15.0,9.5,2
7011,Lamgara,Uttarakhand,45,Almora,29.53866667,79.74994444,2025-08-04,0.5,0.5,1
7012,Baijnath (Gomti),Uttarakhand,46,Bageshwar,29.90822222,79.61769444,2025-08-04,24.0,14.5,5
7013,Kapkot (Saryu),Uttarakhand,46,Bageshwar,29.94516667,79.9025,2025-08-04,20.5,9.0,9
7014,Khati_1,Uttarakhand,46,Bageshwar,30.11019722,79.94055833,2025-08-04,0.5,0.5,1
7015,Nandprayag (Nandakini),Uttarakhand,47,Chamoli,30.33122222,79.31063889,2025-08-04,6.0,0.5,12
7016,Champawat_1,Uttarakhand,48,Champawat,29.33341667,80.08469444,2025-08-04,10.5,4.5,6
7017,Danda_1,Uttarakhand,48,Champawat,29.15927778,80.10852778,2025-08-04,20.0,17.0,3
7018,Rithakhal,Uttarakhand,48,Champawat,29.44911111,79.882,2025-08-04,7.0,3.0,7
7019,Chakrata,Uttarakhand,49,Dehradun,30.76115556,77.86502778,2025-08-04,4.5,1.5,5
7020,Yamuna Colony,Uttarakhand,49,Dehradun,30.33775278,78.03311667,2025-08-04,188.5,19.5,26
7021,Manglaur_1,Uttarakhand,50,Haridwar,29.78567778,77.86368889,2025-08-04,2.0,0.5,4
7022,Roorkee_2,Uttarakhand,50,Haridwar,29.86771944,77.88415556,2025-08-04,49.0,25.5,21
7023,Haldwani_1,Uttarakhand,51,Nainital,29.214725,79.52400278,2025-08-04,43.5,28.0,6
7024,Dugadda (Khoh),Uttarakhand,52,PAURI GARHWAL,29.75108333,78.52341667,2025-08-04,1.0,0.5,2
7025,Srinagar_2,Uttarakhand,52,PAURI GARHWAL,30.23581944,78.81720278,2025-08-04,45.5,24.0,20
7026,Dharchula_1,Uttarakhand,53,Pithoragarh,29.84825,80.54047222,2025-08-04,0.5,0.5,1
7027,Basukedar,Uttarakhand,54,Rudraprayag,30.43919444,79.05633333,2025-08-04,1.0,0.5,2
7028,Guptkashi_1,Uttarakhand,54,Rudraprayag,30.52863889,79.08508333,2025-08-04,40.5,7.0,18
7029,Kempty,Uttarakhand,55,Tehri Garhwal,30.49075,78.04738889,2025-08-04,0.5,0.5,1
7030,Gadarpur,Uttarakhand,56,UDHAM SINGH NAGAR,29.04324167,79.24461944,2025-08-04,32.0,13.0,13
7031,Sitarganj_1,Uttarakhand,56,UDHAM SINGH NAGAR,28.92971389,79.703,2025-08-04,2.5,1.5,2
7032,Tumaria,Uttarakhand,56,UDHAM SINGH NAGAR,29.30704722,78.93133056,2025-08-04,15.5,5.5,10
7033,Joshiyara,Uttarakhand,57,Uttarkashi,30.73122222,78.42733333,2025-08-04,45.5,19.0,5
7034,Almora_1,Uttarakhand,45,Almora,29.59631389,79.65005556,2025-08-05,3.0,2.5,2
7035,Lamgara,Uttarakhand,45,Almora,29.53866667,79.74994444,2025-08-05,0.5,0.5,1
7036,Baijnath (Gomti),Uttarakhand,46,Bageshwar,29.90822222,79.61769444,2025-08-05,14.5,6.0,6
7037,Kapkot (Saryu),Uttarakhand,46,Bageshwar,29.94516667,79.9025,2025-08-05,59.5,38.0,6
7038,Nandprayag (Nandakini),Uttarakhand,47,Chamoli,30.33122222,79.31063889,2025-08-05,0.5,0.5,1
7039,Champawat_1,Uttarakhand,48,Champawat,29.33341667,80.08469444,2025-08-05,43.0,19.5,7
7040,Danda_1,Uttarakhand,48,Champawat,29.15927778,80.10852778,2025-08-05,71.5,43.5,7
7041,Rithakhal,Uttarakhand,48,Champawat,29.44911111,79.882,2025-08-05,25.0,5.5,10
7042,Tanakpur_1,Uttarakhand,48,Champawat,29.07222222,80.1175,2025-08-05,0.5,0.5,1
7043,Chakrata,Uttarakhand,49,Dehradun,30.76115556,77.86502778,2025-08-05,16.0,7.5,9
7044,Yamuna Colony,Uttarakhand,49,Dehradun,30.33775278,78.03311667,2025-08-05,28.5,9.5,12
7045,Manglaur_1,Uttarakhand,50,Haridwar,29.78567778,77.86368889,2025-08-05,1.0,0.5,2
7046,Roorkee_2,Uttarakhand,50,Haridwar,29.86771944,77.88415556,2025-08-05,43.0,6.5,13
7047,Haldwani_1,Uttarakhand,51,Nainital,29.214725,79.52400278,2025-08-05,28.5,6.0,14
7048,Nainital_1,Uttarakhand,51,Nainital,29.39530278,79.46232778,2025-08-05,12.0,5.5,6
7049,Dugadda (Khoh),Uttarakhand,52,PAURI GARHWAL,29.75108333,78.52341667,2025-08-05,0.5,0.5,1
7050,Srinagar_2,Uttarakhand,52,PAURI GARHWAL,30.23581944,78.81720278,2025-08-05,41.0,6.0,12
7051,Kempty,Uttarakhand,55,Tehri Garhwal,30.49075,78.04738889,2025-08-05,0.5,0.5,1
7052,Gadarpur,Uttarakhand,56,UDHAM SINGH NAGAR,29.04324167,79.24461944,2025-08-05,16.5,3.5,13
7053,Tumaria,Uttarakhand,56,UDHAM SINGH NAGAR,29.30704722,78.93133056,2025-08-05,62.0,21.0,18
7054,Joshiyara,Uttarakhand,57,Uttarkashi,30.73122222,78.42733333,2025-08-05,48.5,48.0,2
7055,Almora_1,Uttarakhand,45,Almora,29.59631389,79.65005556,2025-08-06,21.5,13.0,2
7056,Baijnath (Gomti),Uttarakhand,46,Bageshwar,29.90822222,79.61769444,2025-08-06,111.5,25.0,14
7057,Kapkot (Saryu),Uttarakhand,46,Bageshwar,29.94516667,79.9025,2025-08-06,51.0,10.0,9
7058,Champawat_1,Uttarakhand,48,Champawat,29.33341667,80.08469444,2025-08-06,29.0,11.5,7
7059,Rithakhal,Uttarakhand,48,Champawat,29.44911111,79.882,2025-08-06,46.5,11.5,9
7060,Chakrata,Uttarakhand,49,Dehradun,30.76115556,77.86502778,2025-08-06,5.0,1.5,5
7061,Yamuna Colony,Uttarakhand,49,Dehradun,30.33775278,78.03311667,2025-08-06,86.5,17.5,12
7062,Manglaur_1,Uttarakhand,50,Haridwar,29.78567778,77.86368889,2025-08-06,1.0,0.5,2
7063,Roorkee_2,Uttarakhand,50,Haridwar,29.86771944,77.88415556,2025-08-06,15.5,11.5,4
7064,Haldwani_1,Uttarakhand,51,Nainital,29.214725,79.52400278,2025-08-06,108.5,15.5,15
7065,Nainital_1,Uttarakhand,51,Nainital,29.39530278,79.46232778,2025-08-06,79.0,15.0,10
7066,Dugadda (Khoh),Uttarakhand,52,PAURI GARHWAL,29.75108333,78.52341667,2025-08-06,1.0,0.5,2
7067,Basukedar,Uttarakhand,54,Rudraprayag,30.43919444,79.05633333,2025-08-06,17.5,4.5,6
7068,Kempty,Uttarakhand,55,Tehri Garhwal,30.49075,78.04738889,2025-08-06,347.0,346.5,2
7069,Gadarpur,Uttarakhand,56,UDHAM SINGH NAGAR,29.04324167,79.24461944,2025-08-06,40.0,6.5,11
7070,Haripura_2,Uttarakhand,56,UDHAM SINGH NAGAR,29.13151944,79.25965556,2025-08-06,9.0,9.0,1
7071,Tumaria,Uttarakhand,56,UDHAM SINGH NAGAR,29.30704722,78.93133056,2025-08-06,83.0,27.0,11
7072,Bahadarabad,Uttarakhand,50,Haridwar,29.92380278,78.03671389,2025-08-07,13.0,12.5,2
7073,Dugadda (Khoh),Uttarakhand,52,PAURI GARHWAL,29.75108333,78.52341667,2025-08-07,0.5,0.5,1
7074,Kempty,Uttarakhand,55,Tehri Garhwal,30.49075,78.04738889,2025-08-07,187.0,187.0,1
7075,Tanakpur_1,Uttarakhand,48,Champawat,29.07222222,80.1175,2025-08-08,8.5,8.5,1
7076,Manglaur_1,Uttarakhand,50,Haridwar,29.78567778,77.86368889,2025-08-08,0.5,0.5,1
7077,Baijnath (Gomti),Uttarakhand,46,Bageshwar,29.90822222,79.61769444,2025-08-09,0.5,0.5,1
7078,Tanakpur_1,Uttarakhand,48,Champawat,29.07222222,80.1175,2025-08-09,0.5,0.5,1
7079,Chakrata,Uttarakhand,49,Dehradun,30.76115556,77.86502778,2025-08-09,0.5,0.5,1
7080,Yamuna Colony,Uttarakhand,49,Dehradun,30.33775278,78.03311667,2025-08-09,0.5,0.5,1
7081,Nainital_1,Uttarakhand,51,Nainital,29.39530278,79.46232778,2025-08-09,2.5,2.5,1
7082,Dugadda (Khoh),Uttarakhand,52,PAURI GARHWAL,29.75108333,78.52341667,2025-08-09,0.5,0.5,1
7083,Gadarpur,Uttarakhand,56,UDHAM SINGH NAGAR,29.04324167,79.24461944,2025-08-09,3.0,3.0,1
7084,Lamgara,Uttarakhand,45,Almora,29.53866667,79.74994444,2025-08-10,1.0,0.5,2
7085,Baijnath (Gomti),Uttarakhand,46,Bageshwar,29.90822222,79.61769444,2025-08-10,27.0,15.0,5
7086,Kapkot (Saryu),Uttarakhand,46,Bageshwar,29.94516667,79.9025,2025-08-10,25.5,12.0,8
7087,Nandprayag (Nandakini),Uttarakhand,47,Chamoli,30.33122222,79.31063889,2025-08-10,1.5,0.5,3
7088,Champawat_1,Uttarakhand,48,Champawat,29.33341667,80.08469444,2025-08-10,5.0,2.5,4
7089,Tanakpur_1,Uttarakhand,48,Champawat,29.07222222,80.1175,2025-08-10,0.5,0.5,1
7090,Yamuna Colony,Uttarakhand,49,Dehradun,30.33775278,78.03311667,2025-08-10,11.5,10.0,3
7091,Manglaur_1,Uttarakhand,50,Haridwar,29.78567778,77.86368889,2025-08-10,5.0,5.0,1
7092,Roorkee_2,Uttarakhand,50,Haridwar,29.86771944,77.88415556,2025-08-10,3.0,1.5,4
7093,Haldwani_1,Uttarakhand,51,Nainital,29.214725,79.52400278,2025-08-10,15.5,6.5,4
7094,Nainital_1,Uttarakhand,51,Nainital,29.39530278,79.46232778,2025-08-10,2.5,1.5,2
7095,Srinagar_2,Uttarakhand,52,PAURI GARHWAL,30.23581944,78.81720278,2025-08-10,0.5,0.5,1
7096,Kempty,Uttarakhand,55,Tehri Garhwal,30.49075,78.04738889,2025-08-10,0.5,0.5,1
7097,Lamgara,Uttarakhand,45,Almora,29.53866667,79.74994444,2025-08-11,1.5,0.5,3
7098,Baijnath (Gomti),Uttarakhand,46,Bageshwar,29.90822222,79.61769444,2025-08-11,14.0,5.5,3
7099,Yamuna Colony,Uttarakhand,49,Dehradun,30.33775278,78.03311667,2025-08-11,139.5,25.5,12
7100,Manglaur_1,Uttarakhand,50,Haridwar,29.78567778,77.86368889,2025-08-11,3.5,2.0,3
7101,Roorkee_2,Uttarakhand,50,Haridwar,29.86771944,77.88415556,2025-08-11,8.0,1.5,8
7102,Haldwani_1,Uttarakhand,51,Nainital,29.214725,79.52400278,2025-08-11,42.5,26.0,7
7103,Dugadda (Khoh),Uttarakhand,52,PAURI GARHWAL,29.75108333,78.52341667,2025-08-11,0.5,0.5,1
7104,Dharchula_1,Uttarakhand,53,Pithoragarh,29.84825,80.54047222,2025-08-11,0.5,0.5,1
7105,Basukedar,Uttarakhand,54,Rudraprayag,30.43919444,79.05633333,2025-08-11,18.5,6.0,11
7106,Gadarpur,Uttarakhand,56,UDHAM SINGH NAGAR,29.04324167,79.24461944,2025-08-11,11.0,3.5,4
7107,Lamgara,Uttarakhand,45,Almora,29.53866667,79.74994444,2025-08-12,1.0,0.5,2
7108,Yamuna Colony,Uttarakhand,49,Dehradun,30.33775278,78.03311667,2025-08-12,1.0,1.0,1
7109,Manglaur_1,Uttarakhand,50,Haridwar,29.78567778,77.86368889,2025-08-12,15.0,6.0,7
7110,Roorkee_2,Uttarakhand,50,Haridwar,29.86771944,77.88415556,2025-08-12,0.5,0.5,1
7111,Gadarpur,Uttarakhand,56,UDHAM SINGH NAGAR,29.04324167,79.24461944,2025-08-14,22.0,12.5,4
7112,Basukedar,Uttarakhand,54,Rudraprayag,30.43919444,79.05633333,2025-08-16,20.5,11.0,2
7113,Kosi_1,Uttarakhand,45,Almora,29.6191,79.62060833,2025-08-17,109.0,109.0,1
7114,Basukedar,Uttarakhand,54,Rudraprayag,30.43919444,79.05633333,2025-08-17,8.5,8.5,1
7115,Gadarpur,Uttarakhand,56,UDHAM SINGH NAGAR,29.04324167,79.24461944,2025-08-17,1.5,1.5,1
7116,Khati_1,Uttarakhand,46,Bageshwar,30.11019722,79.94055833,2025-08-18,0.5,0.5,1
7117,Basukedar,Uttarakhand,54,Rudraprayag,30.43919444,79.05633333,2025-08-18,16.5,16.5,1
7118,Sonprayag_1,Uttarakhand,54,Rudraprayag,30.63547222,78.99941667,2025-08-18,0.5,0.5,1
7119,Lamgara,Uttarakhand,45,Almora,29.53866667,79.74994444,2025-08-21,0.5,0.5,1
7120,Kapkot (Saryu),Uttarakhand,46,Bageshwar,29.94516667,79.9025,2025-08-21,37.5,21.5,5
7121,Nandprayag (Nandakini),Uttarakhand,47,Chamoli,30.33122222,79.31063889,2025-08-21,0.5,0.5,1
7122,Champawat_1,Uttarakhand,48,Champawat,29.33341667,80.08469444,2025-08-21,6.5,5.5,3
7123,Danda_1,Uttarakhand,48,Champawat,29.15927778,80.10852778,2025-08-21,15.0,8.5,3
7124,Rithakhal,Uttarakhand,48,Champawat,29.44911111,79.882,2025-08-21,16.5,7.0,5
7125,Yamuna Colony,Uttarakhand,49,Dehradun,30.33775278,78.03311667,2025-08-21,7.5,4.5,2
7126,Roorkee_2,Uttarakhand,50,Haridwar,29.86771944,77.88415556,2025-08-21,2.5,2.5,1
7127,Nachni,Uttarakhand,53,Pithoragarh,29.90594444,80.16097222,2025-08-21,19.0,16.0,2
7128,Guptkashi_1,Uttarakhand,54,Rudraprayag,30.52863889,79.08508333,2025-08-21,9.0,9.0,1
7129,Lamgara,Uttarakhand,45,Almora,29.53866667,79.74994444,2025-08-22,0.5,0.5,1
7130,Kapkot (Saryu),Uttarakhand,46,Bageshwar,29.94516667,79.9025,2025-08-22,14.5,8.5,5
7131,Yamuna Colony,Uttarakhand,49,Dehradun,30.33775278,78.03311667,2025-08-22,18.5,17.0,2
7132,Roorkee_2,Uttarakhand,50,Haridwar,29.86771944,77.88415556,2025-08-22,16.5,15.0,2
7133,Haldwani_1,Uttarakhand,51,Nainital,29.214725,79.52400278,2025-08-22,0.5,0.5,1
7134,Chandranagar_1,Uttarakhand,54,Rudraprayag,30.41541667,79.06208333,2025-08-22,6.0,6.0,1
7135,Guptkashi_1,Uttarakhand,54,Rudraprayag,30.52863889,79.08508333,2025-08-22,29.5,10.0,5
7136,Baijnath (Gomti),Uttarakhand,46,Bageshwar,29.90822222,79.61769444,2025-08-23,4.0,4.0,1
7137,Yamuna Colony,Uttarakhand,49,Dehradun,30.33775278,78.03311667,2025-08-23,5.5,5.0,2
7138,Gadarpur,Uttarakhand,56,UDHAM SINGH NAGAR,29.04324167,79.24461944,2025-08-23,209.0,209.0,1
7139,Kapkot (Saryu),Uttarakhand,46,Bageshwar,29.94516667,79.9025,2025-08-25,7.5,7.5,1
7140,Dugadda (Khoh),Uttarakhand,52,PAURI GARHWAL,29.75108333,78.52341667,2025-08-27,108.0,108.0,1
7141,Purola_1,Uttarakhand,57,Uttarkashi,30.91291667,78.10388889,2025-08-27,478.5,478.5,1
7142,Kosi_1,Uttarakhand,45,Almora,29.6191,79.62060833,2025-08-28,100.0,100.0,1
7143,Yamkeshwar,Uttarakhand,52,PAURI GARHWAL,29.96130556,78.44086111,2025-08-28,136.0,136.0,1
7144,Gadarpur,Uttarakhand,56,UDHAM SINGH NAGAR,29.04324167,79.24461944,2025-08-28,2.0,2.0,1
7145,Roorkee_2,Uttarakhand,50,Haridwar,29.86771944,77.88415556,2025-09-01,14.0,5.5,4
7146,Dugadda (Khoh),Uttarakhand,52,PAURI GARHWAL,29.75108333,78.52341667,2025-09-01,65.5,65.5,1
7147,Gadarpur,Uttarakhand,56,UDHAM SINGH NAGAR,29.04324167,79.24461944,2025-09-01,55.0,22.5,6
7148,Haldwani_1,Uttarakhand,51,Nainital,29.214725,79.52400278,2025-09-02,1.0,1.0,1
7149,Gadarpur,Uttarakhand,56,UDHAM SINGH NAGAR,29.04324167,79.24461944,2025-09-02,4.5,3.0,3
7150,Roorkee_2,Uttarakhand,50,Haridwar,29.86771944,77.88415556,2025-09-03,1.5,1.5,1
7151,Yamuna Colony,Uttarakhand,49,Dehradun,30.33775278,78.03311667,2025-09-07,10.5,10.5,1
7152,Kapkot (Saryu),Uttarakhand,46,Bageshwar,29.94516667,79.9025,2025-09-12,0.5,0.5,1
7153,Chandranagar_1,Uttarakhand,54,Rudraprayag,30.41541667,79.06208333,2025-09-12,84.5,84.5,1
7154,Khati_1,Uttarakhand,46,Bageshwar,30.11019722,79.94055833,2025-09-13,0.5,0.5,1
7155,Dugadda (Khoh),Uttarakhand,52,PAURI GARHWAL,29.75108333,78.52341667,2025-09-13,0.5,0.5,1
7156,Kapkot (Saryu),Uttarakhand,46,Bageshwar,29.94516667,79.9025,2025-09-14,13.0,10.0,3
7157,Roorkee_2,Uttarakhand,50,Haridwar,29.86771944,77.88415556,2025-09-14,0.5,0.5,1
7158,Dugadda (Khoh),Uttarakhand,52,PAURI GARHWAL,29.75108333,78.52341667,2025-09-14,0.5,0.5,1
7159,Haldwani_1,Uttarakhand,51,Nainital,29.214725,79.52400278,2025-09-15,18.0,18.0,1
7160,Gadarpur,Uttarakhand,56,UDHAM SINGH NAGAR,29.04324167,79.24461944,2025-09-16,0.5,0.5,1
7161,Purola_1,Uttarakhand,57,Uttarkashi,30.91291667,78.10388889,2025-09-16,80.0,80.0,1
7162,Kapkot (Saryu),Uttarakhand,46,Bageshwar,29.94516667,79.9025,2025-09-22,5.0,2.5,2
7163,Danda_1,Uttarakhand,48,Champawat,29.15927778,80.10852778,2025-09-25,0.5,0.5,1
7164,Kapkot (Saryu),Uttarakhand,46,Bageshwar,29.94516667,79.9025,2025-09-27,1.0,1.0,1
7165,Haldwani_1,Uttarakhand,51,Nainital,29.214725,79.52400278,2025-09-28,7.0,4.0,2
7166,Kapkot (Saryu),Uttarakhand,46,Bageshwar,29.94516667,79.9025,2025-09-29,9.5,5.0,2
7167,Yamuna Colony,Uttarakhand,49,Dehradun,30.33775278,78.03311667,2025-09-29,0.5,0.5,1
7168,Guptkashi_1,Uttarakhand,54,Rudraprayag,30.52863889,79.08508333,2025-09-29,1.5,0.5,3
7169,Sonprayag_1,Uttarakhand,54,Rudraprayag,30.63547222,78.99941667,2025-09-29,0.5,0.5,1
7170,Kapkot (Saryu),Uttarakhand,46,Bageshwar,29.94516667,79.9025,2025-09-30,3.5,3.5,1
7171,Champawat_1,Uttarakhand,48,Champawat,29.33341667,80.08469444,2025-09-30,4.0,2.0,2
7172,Danda_1,Uttarakhand,48,Champawat,29.15927778,80.10852778,2025-09-30,0.5,0.5,1
7173,Rithakhal,Uttarakhand,48,Champawat,29.44911111,79.882,2025-09-30,6.0,3.0,2
7174,Yamuna Colony,Uttarakhand,49,Dehradun,30.33775278,78.03311667,2025-09-30,3.0,3.0,1
7175,Haldwani_1,Uttarakhand,51,Nainital,29.214725,79.52400278,2025-09-30,53.5,26.0,8
7176,Dugadda (Khoh),Uttarakhand,52,PAURI GARHWAL,29.75108333,78.52341667,2025-09-30,1.0,0.5,2
7177,Nachni,Uttarakhand,53,Pithoragarh,29.90594444,80.16097222,2025-09-30,0.5,0.5,1
7178,Basukedar,Uttarakhand,54,Rudraprayag,30.43919444,79.05633333,2025-09-30,21.0,15.0,2
7179,Guptkashi_1,Uttarakhand,54,Rudraprayag,30.52863889,79.08508333,2025-09-30,0.5,0.5,1
7180,Gadarpur,Uttarakhand,56,UDHAM SINGH NAGAR,29.04324167,79.24461944,2025-09-30,39.0,16.0,4
7181,Haripura_2,Uttarakhand,56,UDHAM SINGH NAGAR,29.13151944,79.25965556,2025-09-30,53.5,34.5,3
7182,Tumaria,Uttarakhand,56,UDHAM SINGH NAGAR,29.30704722,78.93133056,2025-09-30,11.0,7.0,3
7183,Nandprayag (Nandakini),Uttarakhand,47,Chamoli,30.33122222,79.31063889,2025-10-01,2.5,2.0,2
7184,Danda_1,Uttarakhand,48,Champawat,29.15927778,80.10852778,2025-10-01,2.0,2.0,1
7185,Guptkashi_1,Uttarakhand,54,Rudraprayag,30.52863889,79.08508333,2025-10-01,1.0,0.5,2
7186,Sitarganj_1,Uttarakhand,56,UDHAM SINGH NAGAR,28.92971389,79.703,2025-10-01,1.5,1.5,1
7187,Nandprayag (Nandakini),Uttarakhand,47,Chamoli,30.33122222,79.31063889,2025-10-02,8.0,2.0,6
7188,Guptkashi_1,Uttarakhand,54,Rudraprayag,30.52863889,79.08508333,2025-10-02,1.0,1.0,1
7189,Lamgara,Uttarakhand,45,Almora,29.53866667,79.74994444,2025-12-15,1.0,0.5,2
7190,Yamuna Colony,Uttarakhand,49,Dehradun,30.33775278,78.03311667,2025-12-15,8.0,8.0,1
7191,Gadarpur,Uttarakhand,56,UDHAM SINGH NAGAR,29.04324167,79.24461944,2025-12-15,238.5,238.5,1
7192,Lamgara,Uttarakhand,45,Almora,29.53866667,79.74994444,2025-12-16,4.5,2.0,5
7193,Tanakpur_1,Uttarakhand,48,Champawat,29.07222222,80.1175,2025-12-16,108.0,108.0,1
7194,Lamgara,Uttarakhand,45,Almora,29.53866667,79.74994444,2025-12-17,3.0,1.0,5
7195,Lamgara,Uttarakhand,45,Almora,29.53866667,79.74994444,2025-12-18,0.5,0.5,1
7196,Yamuna Colony,Uttarakhand,49,Dehradun,30.33775278,78.03311667,2025-12-19,233.5,233.5,1
7197,Purola_1,Uttarakhand,57,Uttarkashi,30.91291667,78.10388889,2025-12-19,0.5,0.5,1
7198,Lamgara,Uttarakhand,45,Almora,29.53866667,79.74994444,2025-12-20,4.0,3.0,3
7199,Yamuna Colony,Uttarakhand,49,Dehradun,30.33775278,78.03311667,2025-12-20,48.0,48.0,1
7200,Roorkee_2,Uttarakhand,50,Haridwar,29.86771944,77.88415556,2025-12-20,363.0,363.0,1
7201,Srinagar_2,Uttarakhand,52,PAURI GARHWAL,30.23581944,78.81720278,2025-12-20,170.0,170.0,1
7202,Virbhadra,Uttarakhand,52,PAURI GARHWAL,30.07444444,78.29047222,2025-12-20,238.0,238.0,1
7203,Purola_1,Uttarakhand,57,Uttarkashi,30.91291667,78.10388889,2025-12-20,7.0,7.0,1
7204,Lamgara,Uttarakhand,45,Almora,29.53866667,79.74994444,2025-12-21,1.5,0.5,3
7205,Purola_1,Uttarakhand,57,Uttarkashi,30.91291667,78.10388889,2025-12-21,160.0,160.0,1
7206,Lamgara,Uttarakhand,45,Almora,29.53866667,79.74994444,2025-12-22,2.5,1.5,3
7207,Bhagwanpur_1,Uttarakhand,50,Haridwar,29.93567778,77.80170611,2025-12-22,1.5,1.5,1
7208,Lamgara,Uttarakhand,45,Almora,29.53866667,79.74994444,2025-12-23,0.5,0.5,1
