{
"type": "FeatureCollection",
"name": "uttarakhand_rainfall_synthetic",
"crs": { "type": "name", "properties": { "name": "urn:ogc:def:crs:OGC:1.3:CRS84" } },
"features": [
{ "type": "Feature", "properties": { "rainfall_id": "SYN-UK-RF-0001", "state": "Uttarakhand", "year": 2025, "annual_rainfall_mm": 906.9, "monsoon_jun_sep_mm": 668.2, "winter_dec_feb_mm": 118.0, "pre_monsoon_mar_may_mm": 162.7, "post_monsoon_oct_nov_mm": 0.0, "source": "Synthetic / simulated data", "historical_status": "NOT VERIFIED OBSERVATIONAL RECORD", "purpose": "GIS demonstration only" }, "geometry": { "type": "Point", "coordinates": [ 77.788231235623641, 29.904462505289295 ] } },
{ "type": "Feature", "properties": { "rainfall_id": "SYN-UK-RF-0002", "state": "Uttarakhand", "year": 2025, "annual_rainfall_mm": 1853.6, "monsoon_jun_sep_mm": 1342.1, "winter_dec_feb_mm": 233.2, "pre_monsoon_mar_may_mm": 160.2, "post_monsoon_oct_nov_mm": 118.1, "source": "Synthetic / simulated data", "historical_status": "NOT VERIFIED OBSERVATIONAL RECORD", "purpose": "GIS demonstration only" }, "geometry": { "type": "Point", "coordinates": [ 79.986750682437602, 30.057250163545188 ] } },
{ "type": "Feature", "properties": { "rainfall_id": "SYN-UK-RF-0003", "state": "Uttarakhand", "year": 2025, "annual_rainfall_mm": 1597.2, "monsoon_jun_sep_mm": 1010.9, "winter_dec_feb_mm": 116.2, "pre_monsoon_mar_may_mm": 144.7, "post_monsoon_oct_nov_mm": 325.4, "source": "Synthetic / simulated data", "historical_status": "NOT VERIFIED OBSERVATIONAL RECORD", "purpose": "GIS demonstration only" }, "geometry": { "type": "Point", "coordinates": [ 79.343287945059188, 30.02214138765407 ] } },
{ "type": "Feature", "properties": { "rainfall_id": "SYN-UK-RF-0004", "state": "Uttarakhand", "year": 2025, "annual_rainfall_mm": 1621.1, "monsoon_jun_sep_mm": 1070.3, "winter_dec_feb_mm": 105.9, "pre_monsoon_mar_may_mm": 182.6, "post_monsoon_oct_nov_mm": 262.3, "source": "Synthetic / simulated data", "historical_status": "NOT VERIFIED OBSERVATIONAL RECORD", "purpose": "GIS demonstration only" }, "geometry": { "type": "Point", "coordinates": [ 78.350755602496363, 31.252502469444458 ] } },
{ "type": "Feature", "properties": { "rainfall_id": "SYN-UK-RF-0005", "state": "Uttarakhand", "year": 2025, "annual_rainfall_mm": 1643.3, "monsoon_jun_sep_mm": 1040.4, "winter_dec_feb_mm": 251.9, "pre_monsoon_mar_may_mm": 258.3, "post_monsoon_oct_nov_mm": 92.7, "source": "Synthetic / simulated data", "historical_status": "NOT VERIFIED OBSERVATIONAL RECORD", "purpose": "GIS demonstration only" }, "geometry": { "type": "Point", "coordinates": [ 79.970213084702095, 29.361304185276122 ] } },
{ "type": "Feature", "properties": { "rainfall_id": "SYN-UK-RF-0006", "state": "Uttarakhand", "year": 2025, "annual_rainfall_mm": 1549.0, "monsoon_jun_sep_mm": 958.8, "winter_dec_feb_mm": 122.6, "pre_monsoon_mar_may_mm": 179.9, "post_monsoon_oct_nov_mm": 287.7, "source": "Synthetic / simulated data", "historical_status": "NOT VERIFIED OBSERVATIONAL RECORD", "purpose": "GIS demonstration only" }, "geometry": { "type": "Point", "coordinates": [ 77.834899511384663, 30.572068412559741 ] } },
{ "type": "Feature", "properties": { "rainfall_id": "SYN-UK-RF-0007", "state": "Uttarakhand", "year": 2025, "annual_rainfall_mm": 1987.6, "monsoon_jun_sep_mm": 1286.2, "winter_dec_feb_mm": 219.1, "pre_monsoon_mar_may_mm": 208.9, "post_monsoon_oct_nov_mm": 273.4, "source": "Synthetic / simulated data", "historical_status": "NOT VERIFIED OBSERVATIONAL RECORD", "purpose": "GIS demonstration only" }, "geometry": { "type": "Point", "coordinates": [ 79.531057782567757, 30.8628536068946 ] } },
{ "type": "Feature", "properties": { "rainfall_id": "SYN-UK-RF-0008", "state": "Uttarakhand", "year": 2025, "annual_rainfall_mm": 1790.0, "monsoon_jun_sep_mm": 1405.5, "winter_dec_feb_mm": 174.4, "pre_monsoon_mar_may_mm": 296.9, "post_monsoon_oct_nov_mm": 0.0, "source": "Synthetic / simulated data", "historical_status": "NOT VERIFIED OBSERVATIONAL RECORD", "purpose": "GIS demonstration only" }, "geometry": { "type": "Point", "coordinates": [ 78.848262411339462, 30.504383252242345 ] } },
{ "type": "Feature", "properties": { "rainfall_id": "SYN-UK-RF-0009", "state": "Uttarakhand", "year": 2025, "annual_rainfall_mm": 951.5, "monsoon_jun_sep_mm": 584.7, "winter_dec_feb_mm": 80.3, "pre_monsoon_mar_may_mm": 165.1, "post_monsoon_oct_nov_mm": 121.4, "source": "Synthetic / simulated data", "historical_status": "NOT VERIFIED OBSERVATIONAL RECORD", "purpose": "GIS demonstration only" }, "geometry": { "type": "Point", "coordinates": [ 79.868919835518142, 30.320756293164003 ] } },
{ "type": "Feature", "properties": { "rainfall_id": "SYN-UK-RF-0010", "state": "Uttarakhand", "year": 2025, "annual_rainfall_mm": 1936.2, "monsoon_jun_sep_mm": 1325.9, "winter_dec_feb_mm": 277.9, "pre_monsoon_mar_may_mm": 181.5, "post_monsoon_oct_nov_mm": 150.9, "source": "Synthetic / simulated data", "historical_status": "NOT VERIFIED OBSERVATIONAL RECORD", "purpose": "GIS demonstration only" }, "geometry": { "type": "Point", "coordinates": [ 79.260385370501282, 29.953421087265877 ] } },
{ "type": "Feature", "properties": { "rainfall_id": "SYN-UK-RF-0011", "state": "Uttarakhand", "year": 2025, "annual_rainfall_mm": 2571.7, "monsoon_jun_sep_mm": 1594.9, "winter_dec_feb_mm": 200.4, "pre_monsoon_mar_may_mm": 408.2, "post_monsoon_oct_nov_mm": 368.2, "source": "Synthetic / simulated data", "historical_status": "NOT VERIFIED OBSERVATIONAL RECORD", "purpose": "GIS demonstration only" }, "geometry": { "type": "Point", "coordinates": [ 79.235269922562722, 31.2253791325343 ] } },
{ "type": "Feature", "properties": { "rainfall_id": "SYN-UK-RF-0012", "state": "Uttarakhand", "year": 2025, "annual_rainfall_mm": 1997.1, "monsoon_jun_sep_mm": 1400.5, "winter_dec_feb_mm": 162.6, "pre_monsoon_mar_may_mm": 191.6, "post_monsoon_oct_nov_mm": 242.4, "source": "Synthetic / simulated data", "historical_status": "NOT VERIFIED OBSERVATIONAL RECORD", "purpose": "GIS demonstration only" }, "geometry": { "type": "Point", "coordinates": [ 79.825523622538611, 29.257488699953086 ] } },
{ "type": "Feature", "properties": { "rainfall_id": "SYN-UK-RF-0013", "state": "Uttarakhand", "year": 2025, "annual_rainfall_mm": 2165.9, "monsoon_jun_sep_mm": 1323.6, "winter_dec_feb_mm": 238.5, "pre_monsoon_mar_may_mm": 223.6, "post_monsoon_oct_nov_mm": 380.2, "source": "Synthetic / simulated data", "historical_status": "NOT VERIFIED OBSERVATIONAL RECORD", "purpose": "GIS demonstration only" }, "geometry": { "type": "Point", "coordinates": [ 77.852494351985413, 31.016004938940032 ] } },
{ "type": "Feature", "properties": { "rainfall_id": "SYN-UK-RF-0014", "state": "Uttarakhand", "year": 2025, "annual_rainfall_mm": 1140.8, "monsoon_jun_sep_mm": 773.6, "winter_dec_feb_mm": 122.0, "pre_monsoon_mar_may_mm": 165.8, "post_monsoon_oct_nov_mm": 79.4, "source": "Synthetic / simulated data", "historical_status": "NOT VERIFIED OBSERVATIONAL RECORD", "purpose": "GIS demonstration only" }, "geometry": { "type": "Point", "coordinates": [ 78.865171978125531, 30.551052726128571 ] } },
{ "type": "Feature", "properties": { "rainfall_id": "SYN-UK-RF-0015", "state": "Uttarakhand", "year": 2025, "annual_rainfall_mm": 1024.1, "monsoon_jun_sep_mm": 753.3, "winter_dec_feb_mm": 90.3, "pre_monsoon_mar_may_mm": 97.5, "post_monsoon_oct_nov_mm": 83.0, "source": "Synthetic / simulated data", "historical_status": "NOT VERIFIED OBSERVATIONAL RECORD", "purpose": "GIS demonstration only" }, "geometry": { "type": "Point", "coordinates": [ 79.753918362489514, 29.535149795016341 ] } },
{ "type": "Feature", "properties": { "rainfall_id": "SYN-UK-RF-0016", "state": "Uttarakhand", "year": 2025, "annual_rainfall_mm": 2244.3, "monsoon_jun_sep_mm": 1458.7, "winter_dec_feb_mm": 333.1, "pre_monsoon_mar_may_mm": 311.7, "post_monsoon_oct_nov_mm": 140.8, "source": "Synthetic / simulated data", "historical_status": "NOT VERIFIED OBSERVATIONAL RECORD", "purpose": "GIS demonstration only" }, "geometry": { "type": "Point", "coordinates": [ 79.003067764558637, 30.324859555349629 ] } },
{ "type": "Feature", "properties": { "rainfall_id": "SYN-UK-RF-0017", "state": "Uttarakhand", "year": 2025, "annual_rainfall_mm": 2036.4, "monsoon_jun_sep_mm": 1355.6, "winter_dec_feb_mm": 265.7, "pre_monsoon_mar_may_mm": 318.0, "post_monsoon_oct_nov_mm": 97.1, "source": "Synthetic / simulated data", "historical_status": "NOT VERIFIED OBSERVATIONAL RECORD", "purpose": "GIS demonstration only" }, "geometry": { "type": "Point", "coordinates": [ 77.859421634470536, 30.74334598674389 ] } },
{ "type": "Feature", "properties": { "rainfall_id": "SYN-UK-RF-0018", "state": "Uttarakhand", "year": 2025, "annual_rainfall_mm": 1447.9, "monsoon_jun_sep_mm": 1075.4, "winter_dec_feb_mm": 131.6, "pre_monsoon_mar_may_mm": 125.9, "post_monsoon_oct_nov_mm": 115.0, "source": "Synthetic / simulated data", "historical_status": "NOT VERIFIED OBSERVATIONAL RECORD", "purpose": "GIS demonstration only" }, "geometry": { "type": "Point", "coordinates": [ 78.526054028022017, 30.964127802095188 ] } },
{ "type": "Feature", "properties": { "rainfall_id": "SYN-UK-RF-0019", "state": "Uttarakhand", "year": 2025, "annual_rainfall_mm": 1602.0, "monsoon_jun_sep_mm": 1037.3, "winter_dec_feb_mm": 181.7, "pre_monsoon_mar_may_mm": 178.2, "post_monsoon_oct_nov_mm": 204.8, "source": "Synthetic / simulated data", "historical_status": "NOT VERIFIED OBSERVATIONAL RECORD", "purpose": "GIS demonstration only" }, "geometry": { "type": "Point", "coordinates": [ 78.928595781019354, 30.719665843970343 ] } },
{ "type": "Feature", "properties": { "rainfall_id": "SYN-UK-RF-0020", "state": "Uttarakhand", "year": 2025, "annual_rainfall_mm": 709.4, "monsoon_jun_sep_mm": 485.3, "winter_dec_feb_mm": 71.2, "pre_monsoon_mar_may_mm": 126.4, "post_monsoon_oct_nov_mm": 26.5, "source": "Synthetic / simulated data", "historical_status": "NOT VERIFIED OBSERVATIONAL RECORD", "purpose": "GIS demonstration only" }, "geometry": { "type": "Point", "coordinates": [ 79.048109433774329, 29.51831865115707 ] } },
{ "type": "Feature", "properties": { "rainfall_id": "SYN-UK-RF-0021", "state": "Uttarakhand", "year": 2025, "annual_rainfall_mm": 2746.0, "monsoon_jun_sep_mm": 1810.3, "winter_dec_feb_mm": 248.5, "pre_monsoon_mar_may_mm": 410.3, "post_monsoon_oct_nov_mm": 276.9, "source": "Synthetic / simulated data", "historical_status": "NOT VERIFIED OBSERVATIONAL RECORD", "purpose": "GIS demonstration only" }, "geometry": { "type": "Point", "coordinates": [ 79.854256645163048, 29.763293924442547 ] } },
{ "type": "Feature", "properties": { "rainfall_id": "SYN-UK-RF-0022", "state": "Uttarakhand", "year": 2025, "annual_rainfall_mm": 1167.0, "monsoon_jun_sep_mm": 860.7, "winter_dec_feb_mm": 116.7, "pre_monsoon_mar_may_mm": 191.4, "post_monsoon_oct_nov_mm": 0.0, "source": "Synthetic / simulated data", "historical_status": "NOT VERIFIED OBSERVATIONAL RECORD", "purpose": "GIS demonstration only" }, "geometry": { "type": "Point", "coordinates": [ 80.606057189748398, 30.175179919627528 ] } },
{ "type": "Feature", "properties": { "rainfall_id": "SYN-UK-RF-0023", "state": "Uttarakhand", "year": 2025, "annual_rainfall_mm": 2524.4, "monsoon_jun_sep_mm": 1737.0, "winter_dec_feb_mm": 251.0, "pre_monsoon_mar_may_mm": 336.4, "post_monsoon_oct_nov_mm": 200.0, "source": "Synthetic / simulated data", "historical_status": "NOT VERIFIED OBSERVATIONAL RECORD", "purpose": "GIS demonstration only" }, "geometry": { "type": "Point", "coordinates": [ 80.162523381930328, 29.802273467705088 ] } },
{ "type": "Feature", "properties": { "rainfall_id": "SYN-UK-RF-0024", "state": "Uttarakhand", "year": 2025, "annual_rainfall_mm": 2245.8, "monsoon_jun_sep_mm": 1824.4, "winter_dec_feb_mm": 195.7, "pre_monsoon_mar_may_mm": 265.8, "post_monsoon_oct_nov_mm": 0.0, "source": "Synthetic / simulated data", "historical_status": "NOT VERIFIED OBSERVATIONAL RECORD", "purpose": "GIS demonstration only" }, "geometry": { "type": "Point", "coordinates": [ 79.809414613659044, 28.897409259365805 ] } },
{ "type": "Feature", "properties": { "rainfall_id": "SYN-UK-RF-0025", "state": "Uttarakhand", "year": 2025, "annual_rainfall_mm": 743.4, "monsoon_jun_sep_mm": 568.4, "winter_dec_feb_mm": 86.2, "pre_monsoon_mar_may_mm": 102.5, "post_monsoon_oct_nov_mm": 0.0, "source": "Synthetic / simulated data", "historical_status": "NOT VERIFIED OBSERVATIONAL RECORD", "purpose": "GIS demonstration only" }, "geometry": { "type": "Point", "coordinates": [ 78.215804458277518, 30.495373736522811 ] } },
{ "type": "Feature", "properties": { "rainfall_id": "SYN-UK-RF-0026", "state": "Uttarakhand", "year": 2025, "annual_rainfall_mm": 1715.9, "monsoon_jun_sep_mm": 1168.5, "winter_dec_feb_mm": 216.2, "pre_monsoon_mar_may_mm": 158.1, "post_monsoon_oct_nov_mm": 173.1, "source": "Synthetic / simulated data", "historical_status": "NOT VERIFIED OBSERVATIONAL RECORD", "purpose": "GIS demonstration only" }, "geometry": { "type": "Point", "coordinates": [ 77.888808228588999, 30.959375996488852 ] } },
{ "type": "Feature", "properties": { "rainfall_id": "SYN-UK-RF-0027", "state": "Uttarakhand", "year": 2025, "annual_rainfall_mm": 1776.4, "monsoon_jun_sep_mm": 1232.0, "winter_dec_feb_mm": 118.3, "pre_monsoon_mar_may_mm": 145.4, "post_monsoon_oct_nov_mm": 280.7, "source": "Synthetic / simulated data", "historical_status": "NOT VERIFIED OBSERVATIONAL RECORD", "purpose": "GIS demonstration only" }, "geometry": { "type": "Point", "coordinates": [ 79.51320463735118, 30.47918774336754 ] } },
{ "type": "Feature", "properties": { "rainfall_id": "SYN-UK-RF-0028", "state": "Uttarakhand", "year": 2025, "annual_rainfall_mm": 1316.8, "monsoon_jun_sep_mm": 862.6, "winter_dec_feb_mm": 189.9, "pre_monsoon_mar_may_mm": 218.0, "post_monsoon_oct_nov_mm": 46.3, "source": "Synthetic / simulated data", "historical_status": "NOT VERIFIED OBSERVATIONAL RECORD", "purpose": "GIS demonstration only" }, "geometry": { "type": "Point", "coordinates": [ 79.107366834044072, 30.486649653152508 ] } },
{ "type": "Feature", "properties": { "rainfall_id": "SYN-UK-RF-0029", "state": "Uttarakhand", "year": 2025, "annual_rainfall_mm": 2075.4, "monsoon_jun_sep_mm": 1339.4, "winter_dec_feb_mm": 234.9, "pre_monsoon_mar_may_mm": 169.1, "post_monsoon_oct_nov_mm": 332.0, "source": "Synthetic / simulated data", "historical_status": "NOT VERIFIED OBSERVATIONAL RECORD", "purpose": "GIS demonstration only" }, "geometry": { "type": "Point", "coordinates": [ 78.321518713107878, 30.195502951077653 ] } },
{ "type": "Feature", "properties": { "rainfall_id": "SYN-UK-RF-0030", "state": "Uttarakhand", "year": 2025, "annual_rainfall_mm": 2405.8, "monsoon_jun_sep_mm": 1964.8, "winter_dec_feb_mm": 168.8, "pre_monsoon_mar_may_mm": 260.7, "post_monsoon_oct_nov_mm": 11.5, "source": "Synthetic / simulated data", "historical_status": "NOT VERIFIED OBSERVATIONAL RECORD", "purpose": "GIS demonstration only" }, "geometry": { "type": "Point", "coordinates": [ 79.709992210921683, 29.77423124030971 ] } },
{ "type": "Feature", "properties": { "rainfall_id": "SYN-UK-RF-0031", "state": "Uttarakhand", "year": 2025, "annual_rainfall_mm": 1651.8, "monsoon_jun_sep_mm": 1037.9, "winter_dec_feb_mm": 107.4, "pre_monsoon_mar_may_mm": 204.5, "post_monsoon_oct_nov_mm": 302.0, "source": "Synthetic / simulated data", "historical_status": "NOT VERIFIED OBSERVATIONAL RECORD", "purpose": "GIS demonstration only" }, "geometry": { "type": "Point", "coordinates": [ 78.046184497182438, 30.725995752711398 ] } },
{ "type": "Feature", "properties": { "rainfall_id": "SYN-UK-RF-0032", "state": "Uttarakhand", "year": 2025, "annual_rainfall_mm": 1415.4, "monsoon_jun_sep_mm": 873.2, "winter_dec_feb_mm": 198.2, "pre_monsoon_mar_may_mm": 204.4, "post_monsoon_oct_nov_mm": 139.6, "source": "Synthetic / simulated data", "historical_status": "NOT VERIFIED OBSERVATIONAL RECORD", "purpose": "GIS demonstration only" }, "geometry": { "type": "Point", "coordinates": [ 78.835348507224623, 30.045307642527849 ] } },
{ "type": "Feature", "properties": { "rainfall_id": "SYN-UK-RF-0033", "state": "Uttarakhand", "year": 2025, "annual_rainfall_mm": 1234.3, "monsoon_jun_sep_mm": 911.5, "winter_dec_feb_mm": 179.6, "pre_monsoon_mar_may_mm": 206.5, "post_monsoon_oct_nov_mm": 0.0, "source": "Synthetic / simulated data", "historical_status": "NOT VERIFIED OBSERVATIONAL RECORD", "purpose": "GIS demonstration only" }, "geometry": { "type": "Point", "coordinates": [ 79.606223883971026, 30.120616607255904 ] } },
{ "type": "Feature", "properties": { "rainfall_id": "SYN-UK-RF-0034", "state": "Uttarakhand", "year": 2025, "annual_rainfall_mm": 1792.9, "monsoon_jun_sep_mm": 1452.1, "winter_dec_feb_mm": 125.5, "pre_monsoon_mar_may_mm": 315.0, "post_monsoon_oct_nov_mm": 0.0, "source": "Synthetic / simulated data", "historical_status": "NOT VERIFIED OBSERVATIONAL RECORD", "purpose": "GIS demonstration only" }, "geometry": { "type": "Point", "coordinates": [ 78.150225779789182, 29.908117220476768 ] } },
{ "type": "Feature", "properties": { "rainfall_id": "SYN-UK-RF-0035", "state": "Uttarakhand", "year": 2025, "annual_rainfall_mm": 897.5, "monsoon_jun_sep_mm": 566.3, "winter_dec_feb_mm": 105.5, "pre_monsoon_mar_may_mm": 111.5, "post_monsoon_oct_nov_mm": 114.2, "source": "Synthetic / simulated data", "historical_status": "NOT VERIFIED OBSERVATIONAL RECORD", "purpose": "GIS demonstration only" }, "geometry": { "type": "Point", "coordinates": [ 79.512980381629518, 29.142026532971151 ] } },
{ "type": "Feature", "properties": { "rainfall_id": "SYN-UK-RF-0036", "state": "Uttarakhand", "year": 2025, "annual_rainfall_mm": 1086.0, "monsoon_jun_sep_mm": 699.8, "winter_dec_feb_mm": 141.5, "pre_monsoon_mar_may_mm": 119.3, "post_monsoon_oct_nov_mm": 125.4, "source": "Synthetic / simulated data", "historical_status": "NOT VERIFIED OBSERVATIONAL RECORD", "purpose": "GIS demonstration only" }, "geometry": { "type": "Point", "coordinates": [ 79.213207993329519, 29.574839308895985 ] } },
{ "type": "Feature", "properties": { "rainfall_id": "SYN-UK-RF-0037", "state": "Uttarakhand", "year": 2025, "annual_rainfall_mm": 742.2, "monsoon_jun_sep_mm": 574.8, "winter_dec_feb_mm": 99.6, "pre_monsoon_mar_may_mm": 76.5, "post_monsoon_oct_nov_mm": 0.0, "source": "Synthetic / simulated data", "historical_status": "NOT VERIFIED OBSERVATIONAL RECORD", "purpose": "GIS demonstration only" }, "geometry": { "type": "Point", "coordinates": [ 79.250685318071788, 29.36520758803394 ] } },
{ "type": "Feature", "properties": { "rainfall_id": "SYN-UK-RF-0038", "state": "Uttarakhand", "year": 2025, "annual_rainfall_mm": 1028.3, "monsoon_jun_sep_mm": 666.3, "winter_dec_feb_mm": 152.3, "pre_monsoon_mar_may_mm": 163.5, "post_monsoon_oct_nov_mm": 46.2, "source": "Synthetic / simulated data", "historical_status": "NOT VERIFIED OBSERVATIONAL RECORD", "purpose": "GIS demonstration only" }, "geometry": { "type": "Point", "coordinates": [ 80.098611007701194, 30.70152427039552 ] } },
{ "type": "Feature", "properties": { "rainfall_id": "SYN-UK-RF-0039", "state": "Uttarakhand", "year": 2025, "annual_rainfall_mm": 704.6, "monsoon_jun_sep_mm": 497.7, "winter_dec_feb_mm": 48.1, "pre_monsoon_mar_may_mm": 122.4, "post_monsoon_oct_nov_mm": 36.4, "source": "Synthetic / simulated data", "historical_status": "NOT VERIFIED OBSERVATIONAL RECORD", "purpose": "GIS demonstration only" }, "geometry": { "type": "Point", "coordinates": [ 79.322502361344746, 29.516069041852184 ] } },
{ "type": "Feature", "properties": { "rainfall_id": "SYN-UK-RF-0040", "state": "Uttarakhand", "year": 2025, "annual_rainfall_mm": 2531.4, "monsoon_jun_sep_mm": 1800.1, "winter_dec_feb_mm": 244.1, "pre_monsoon_mar_may_mm": 401.7, "post_monsoon_oct_nov_mm": 85.5, "source": "Synthetic / simulated data", "historical_status": "NOT VERIFIED OBSERVATIONAL RECORD", "purpose": "GIS demonstration only" }, "geometry": { "type": "Point", "coordinates": [ 79.482080074967186, 29.889111849366913 ] } },
{ "type": "Feature", "properties": { "rainfall_id": "SYN-UK-RF-0041", "state": "Uttarakhand", "year": 2025, "annual_rainfall_mm": 2647.1, "monsoon_jun_sep_mm": 1965.7, "winter_dec_feb_mm": 228.2, "pre_monsoon_mar_may_mm": 310.0, "post_monsoon_oct_nov_mm": 143.2, "source": "Synthetic / simulated data", "historical_status": "NOT VERIFIED OBSERVATIONAL RECORD", "purpose": "GIS demonstration only" }, "geometry": { "type": "Point", "coordinates": [ 78.627600732065559, 30.54074883126351 ] } },
{ "type": "Feature", "properties": { "rainfall_id": "SYN-UK-RF-0042", "state": "Uttarakhand", "year": 2025, "annual_rainfall_mm": 1137.2, "monsoon_jun_sep_mm": 762.7, "winter_dec_feb_mm": 127.2, "pre_monsoon_mar_may_mm": 105.2, "post_monsoon_oct_nov_mm": 142.1, "source": "Synthetic / simulated data", "historical_status": "NOT VERIFIED OBSERVATIONAL RECORD", "purpose": "GIS demonstration only" }, "geometry": { "type": "Point", "coordinates": [ 80.382551010847294, 30.190033011616148 ] } },
{ "type": "Feature", "properties": { "rainfall_id": "SYN-UK-RF-0043", "state": "Uttarakhand", "year": 2025, "annual_rainfall_mm": 2675.7, "monsoon_jun_sep_mm": 1669.3, "winter_dec_feb_mm": 256.5, "pre_monsoon_mar_may_mm": 458.8, "post_monsoon_oct_nov_mm": 291.1, "source": "Synthetic / simulated data", "historical_status": "NOT VERIFIED OBSERVATIONAL RECORD", "purpose": "GIS demonstration only" }, "geometry": { "type": "Point", "coordinates": [ 78.87845378553682, 30.792094926488645 ] } },
{ "type": "Feature", "properties": { "rainfall_id": "SYN-UK-RF-0044", "state": "Uttarakhand", "year": 2025, "annual_rainfall_mm": 2396.8, "monsoon_jun_sep_mm": 1645.7, "winter_dec_feb_mm": 357.5, "pre_monsoon_mar_may_mm": 258.1, "post_monsoon_oct_nov_mm": 135.5, "source": "Synthetic / simulated data", "historical_status": "NOT VERIFIED OBSERVATIONAL RECORD", "purpose": "GIS demonstration only" }, "geometry": { "type": "Point", "coordinates": [ 79.206176576543754, 29.31427226752816 ] } },
{ "type": "Feature", "properties": { "rainfall_id": "SYN-UK-RF-0045", "state": "Uttarakhand", "year": 2025, "annual_rainfall_mm": 755.5, "monsoon_jun_sep_mm": 548.1, "winter_dec_feb_mm": 61.7, "pre_monsoon_mar_may_mm": 122.8, "post_monsoon_oct_nov_mm": 22.9, "source": "Synthetic / simulated data", "historical_status": "NOT VERIFIED OBSERVATIONAL RECORD", "purpose": "GIS demonstration only" }, "geometry": { "type": "Point", "coordinates": [ 77.910315221333377, 30.123561073133931 ] } },
{ "type": "Feature", "properties": { "rainfall_id": "SYN-UK-RF-0046", "state": "Uttarakhand", "year": 2025, "annual_rainfall_mm": 2787.4, "monsoon_jun_sep_mm": 1897.3, "winter_dec_feb_mm": 350.6, "pre_monsoon_mar_may_mm": 261.9, "post_monsoon_oct_nov_mm": 277.6, "source": "Synthetic / simulated data", "historical_status": "NOT VERIFIED OBSERVATIONAL RECORD", "purpose": "GIS demonstration only" }, "geometry": { "type": "Point", "coordinates": [ 80.00025189557654, 29.177794376373118 ] } },
{ "type": "Feature", "properties": { "rainfall_id": "SYN-UK-RF-0047", "state": "Uttarakhand", "year": 2025, "annual_rainfall_mm": 1430.2, "monsoon_jun_sep_mm": 1098.6, "winter_dec_feb_mm": 116.7, "pre_monsoon_mar_may_mm": 225.4, "post_monsoon_oct_nov_mm": 0.0, "source": "Synthetic / simulated data", "historical_status": "NOT VERIFIED OBSERVATIONAL RECORD", "purpose": "GIS demonstration only" }, "geometry": { "type": "Point", "coordinates": [ 78.765241168781685, 30.680114777751772 ] } },
{ "type": "Feature", "properties": { "rainfall_id": "SYN-UK-RF-0048", "state": "Uttarakhand", "year": 2025, "annual_rainfall_mm": 2591.1, "monsoon_jun_sep_mm": 1874.1, "winter_dec_feb_mm": 197.1, "pre_monsoon_mar_may_mm": 343.6, "post_monsoon_oct_nov_mm": 176.3, "source": "Synthetic / simulated data", "historical_status": "NOT VERIFIED OBSERVATIONAL RECORD", "purpose": "GIS demonstration only" }, "geometry": { "type": "Point", "coordinates": [ 79.043193792846537, 31.109879482309868 ] } },
{ "type": "Feature", "properties": { "rainfall_id": "SYN-UK-RF-0049", "state": "Uttarakhand", "year": 2025, "annual_rainfall_mm": 2314.4, "monsoon_jun_sep_mm": 1624.2, "winter_dec_feb_mm": 237.1, "pre_monsoon_mar_may_mm": 255.6, "post_monsoon_oct_nov_mm": 197.5, "source": "Synthetic / simulated data", "historical_status": "NOT VERIFIED OBSERVATIONAL RECORD", "purpose": "GIS demonstration only" }, "geometry": { "type": "Point", "coordinates": [ 78.554956107154652, 30.301761782217152 ] } },
{ "type": "Feature", "properties": { "rainfall_id": "SYN-UK-RF-0050", "state": "Uttarakhand", "year": 2025, "annual_rainfall_mm": 2472.3, "monsoon_jun_sep_mm": 1496.0, "winter_dec_feb_mm": 223.0, "pre_monsoon_mar_may_mm": 356.9, "post_monsoon_oct_nov_mm": 396.4, "source": "Synthetic / simulated data", "historical_status": "NOT VERIFIED OBSERVATIONAL RECORD", "purpose": "GIS demonstration only" }, "geometry": { "type": "Point", "coordinates": [ 79.689967012061075, 29.645473526987498 ] } },
{ "type": "Feature", "properties": { "rainfall_id": "SYN-UK-RF-0051", "state": "Uttarakhand", "year": 2025, "annual_rainfall_mm": 2699.0, "monsoon_jun_sep_mm": 1874.6, "winter_dec_feb_mm": 276.2, "pre_monsoon_mar_may_mm": 296.4, "post_monsoon_oct_nov_mm": 251.8, "source": "Synthetic / simulated data", "historical_status": "NOT VERIFIED OBSERVATIONAL RECORD", "purpose": "GIS demonstration only" }, "geometry": { "type": "Point", "coordinates": [ 78.770096341777133, 31.180296900053879 ] } },
{ "type": "Feature", "properties": { "rainfall_id": "SYN-UK-RF-0052", "state": "Uttarakhand", "year": 2025, "annual_rainfall_mm": 2755.6, "monsoon_jun_sep_mm": 2177.4, "winter_dec_feb_mm": 206.1, "pre_monsoon_mar_may_mm": 399.9, "post_monsoon_oct_nov_mm": 0.0, "source": "Synthetic / simulated data", "historical_status": "NOT VERIFIED OBSERVATIONAL RECORD", "purpose": "GIS demonstration only" }, "geometry": { "type": "Point", "coordinates": [ 79.165137187545426, 29.145481449776181 ] } },
{ "type": "Feature", "properties": { "rainfall_id": "SYN-UK-RF-0053", "state": "Uttarakhand", "year": 2025, "annual_rainfall_mm": 874.4, "monsoon_jun_sep_mm": 529.8, "winter_dec_feb_mm": 132.1, "pre_monsoon_mar_may_mm": 141.7, "post_monsoon_oct_nov_mm": 70.8, "source": "Synthetic / simulated data", "historical_status": "NOT VERIFIED OBSERVATIONAL RECORD", "purpose": "GIS demonstration only" }, "geometry": { "type": "Point", "coordinates": [ 78.7772405655097, 29.913216876045947 ] } },
{ "type": "Feature", "properties": { "rainfall_id": "SYN-UK-RF-0054", "state": "Uttarakhand", "year": 2025, "annual_rainfall_mm": 1650.7, "monsoon_jun_sep_mm": 1215.1, "winter_dec_feb_mm": 193.2, "pre_monsoon_mar_may_mm": 215.6, "post_monsoon_oct_nov_mm": 26.8, "source": "Synthetic / simulated data", "historical_status": "NOT VERIFIED OBSERVATIONAL RECORD", "purpose": "GIS demonstration only" }, "geometry": { "type": "Point", "coordinates": [ 79.87625126507433, 30.37955250229291 ] } },
{ "type": "Feature", "properties": { "rainfall_id": "SYN-UK-RF-0055", "state": "Uttarakhand", "year": 2025, "annual_rainfall_mm": 2557.2, "monsoon_jun_sep_mm": 1846.9, "winter_dec_feb_mm": 211.1, "pre_monsoon_mar_may_mm": 299.4, "post_monsoon_oct_nov_mm": 199.8, "source": "Synthetic / simulated data", "historical_status": "NOT VERIFIED OBSERVATIONAL RECORD", "purpose": "GIS demonstration only" }, "geometry": { "type": "Point", "coordinates": [ 79.817374964690913, 29.138301808923035 ] } },
{ "type": "Feature", "properties": { "rainfall_id": "SYN-UK-RF-0056", "state": "Uttarakhand", "year": 2025, "annual_rainfall_mm": 1113.9, "monsoon_jun_sep_mm": 912.3, "winter_dec_feb_mm": 164.7, "pre_monsoon_mar_may_mm": 126.1, "post_monsoon_oct_nov_mm": 0.0, "source": "Synthetic / simulated data", "historical_status": "NOT VERIFIED OBSERVATIONAL RECORD", "purpose": "GIS demonstration only" }, "geometry": { "type": "Point", "coordinates": [ 78.671703931287851, 30.303219993598113 ] } },
{ "type": "Feature", "properties": { "rainfall_id": "SYN-UK-RF-0057", "state": "Uttarakhand", "year": 2025, "annual_rainfall_mm": 1484.6, "monsoon_jun_sep_mm": 971.6, "winter_dec_feb_mm": 122.7, "pre_monsoon_mar_may_mm": 224.6, "post_monsoon_oct_nov_mm": 165.7, "source": "Synthetic / simulated data", "historical_status": "NOT VERIFIED OBSERVATIONAL RECORD", "purpose": "GIS demonstration only" }, "geometry": { "type": "Point", "coordinates": [ 80.02134058007934, 30.657079222712518 ] } },
{ "type": "Feature", "properties": { "rainfall_id": "SYN-UK-RF-0058", "state": "Uttarakhand", "year": 2025, "annual_rainfall_mm": 1674.4, "monsoon_jun_sep_mm": 1216.4, "winter_dec_feb_mm": 180.7, "pre_monsoon_mar_may_mm": 248.6, "post_monsoon_oct_nov_mm": 28.7, "source": "Synthetic / simulated data", "historical_status": "NOT VERIFIED OBSERVATIONAL RECORD", "purpose": "GIS demonstration only" }, "geometry": { "type": "Point", "coordinates": [ 80.505631582362355, 30.21652363227486 ] } },
{ "type": "Feature", "properties": { "rainfall_id": "SYN-UK-RF-0059", "state": "Uttarakhand", "year": 2025, "annual_rainfall_mm": 1270.5, "monsoon_jun_sep_mm": 898.5, "winter_dec_feb_mm": 162.4, "pre_monsoon_mar_may_mm": 146.1, "post_monsoon_oct_nov_mm": 63.5, "source": "Synthetic / simulated data", "historical_status": "NOT VERIFIED OBSERVATIONAL RECORD", "purpose": "GIS demonstration only" }, "geometry": { "type": "Point", "coordinates": [ 79.715764816218083, 28.974153380692197 ] } },
{ "type": "Feature", "properties": { "rainfall_id": "SYN-UK-RF-0060", "state": "Uttarakhand", "year": 2025, "annual_rainfall_mm": 2592.0, "monsoon_jun_sep_mm": 1994.1, "winter_dec_feb_mm": 316.5, "pre_monsoon_mar_may_mm": 229.1, "post_monsoon_oct_nov_mm": 52.3, "source": "Synthetic / simulated data", "historical_status": "NOT VERIFIED OBSERVATIONAL RECORD", "purpose": "GIS demonstration only" }, "geometry": { "type": "Point", "coordinates": [ 79.303343781259642, 29.401048534816709 ] } },
{ "type": "Feature", "properties": { "rainfall_id": "SYN-UK-RF-0061", "state": "Uttarakhand", "year": 2025, "annual_rainfall_mm": 673.4, "monsoon_jun_sep_mm": 452.1, "winter_dec_feb_mm": 77.6, "pre_monsoon_mar_may_mm": 96.7, "post_monsoon_oct_nov_mm": 47.0, "source": "Synthetic / simulated data", "historical_status": "NOT VERIFIED OBSERVATIONAL RECORD", "purpose": "GIS demonstration only" }, "geometry": { "type": "Point", "coordinates": [ 78.170105007947456, 30.66535712620351 ] } },
{ "type": "Feature", "properties": { "rainfall_id": "SYN-UK-RF-0062", "state": "Uttarakhand", "year": 2025, "annual_rainfall_mm": 2445.9, "monsoon_jun_sep_mm": 1893.2, "winter_dec_feb_mm": 336.1, "pre_monsoon_mar_may_mm": 211.0, "post_monsoon_oct_nov_mm": 5.6, "source": "Synthetic / simulated data", "historical_status": "NOT VERIFIED OBSERVATIONAL RECORD", "purpose": "GIS demonstration only" }, "geometry": { "type": "Point", "coordinates": [ 78.75803569254677, 30.546656763623229 ] } },
{ "type": "Feature", "properties": { "rainfall_id": "SYN-UK-RF-0063", "state": "Uttarakhand", "year": 2025, "annual_rainfall_mm": 1637.8, "monsoon_jun_sep_mm": 1036.0, "winter_dec_feb_mm": 198.9, "pre_monsoon_mar_may_mm": 286.7, "post_monsoon_oct_nov_mm": 116.2, "source": "Synthetic / simulated data", "historical_status": "NOT VERIFIED OBSERVATIONAL RECORD", "purpose": "GIS demonstration only" }, "geometry": { "type": "Point", "coordinates": [ 79.782346596201805, 30.395940470070528 ] } },
{ "type": "Feature", "properties": { "rainfall_id": "SYN-UK-RF-0064", "state": "Uttarakhand", "year": 2025, "annual_rainfall_mm": 1918.4, "monsoon_jun_sep_mm": 1166.0, "winter_dec_feb_mm": 276.5, "pre_monsoon_mar_may_mm": 335.6, "post_monsoon_oct_nov_mm": 140.3, "source": "Synthetic / simulated data", "historical_status": "NOT VERIFIED OBSERVATIONAL RECORD", "purpose": "GIS demonstration only" }, "geometry": { "type": "Point", "coordinates": [ 78.255400391724436, 30.116025770117776 ] } },
{ "type": "Feature", "properties": { "rainfall_id": "SYN-UK-RF-0065", "state": "Uttarakhand", "year": 2025, "annual_rainfall_mm": 1374.0, "monsoon_jun_sep_mm": 861.4, "winter_dec_feb_mm": 177.6, "pre_monsoon_mar_may_mm": 239.9, "post_monsoon_oct_nov_mm": 95.1, "source": "Synthetic / simulated data", "historical_status": "NOT VERIFIED OBSERVATIONAL RECORD", "purpose": "GIS demonstration only" }, "geometry": { "type": "Point", "coordinates": [ 79.783044194064345, 30.379761908057123 ] } },
{ "type": "Feature", "properties": { "rainfall_id": "SYN-UK-RF-0066", "state": "Uttarakhand", "year": 2025, "annual_rainfall_mm": 1555.9, "monsoon_jun_sep_mm": 960.4, "winter_dec_feb_mm": 213.0, "pre_monsoon_mar_may_mm": 141.0, "post_monsoon_oct_nov_mm": 241.5, "source": "Synthetic / simulated data", "historical_status": "NOT VERIFIED OBSERVATIONAL RECORD", "purpose": "GIS demonstration only" }, "geometry": { "type": "Point", "coordinates": [ 78.14153547086346, 29.725402155621421 ] } },
{ "type": "Feature", "properties": { "rainfall_id": "SYN-UK-RF-0067", "state": "Uttarakhand", "year": 2025, "annual_rainfall_mm": 735.4, "monsoon_jun_sep_mm": 588.0, "winter_dec_feb_mm": 91.2, "pre_monsoon_mar_may_mm": 121.3, "post_monsoon_oct_nov_mm": 0.0, "source": "Synthetic / simulated data", "historical_status": "NOT VERIFIED OBSERVATIONAL RECORD", "purpose": "GIS demonstration only" }, "geometry": { "type": "Point", "coordinates": [ 78.49768119353844, 30.148241930203145 ] } },
{ "type": "Feature", "properties": { "rainfall_id": "SYN-UK-RF-0068", "state": "Uttarakhand", "year": 2025, "annual_rainfall_mm": 827.4, "monsoon_jun_sep_mm": 560.7, "winter_dec_feb_mm": 105.1, "pre_monsoon_mar_may_mm": 132.0, "post_monsoon_oct_nov_mm": 29.6, "source": "Synthetic / simulated data", "historical_status": "NOT VERIFIED OBSERVATIONAL RECORD", "purpose": "GIS demonstration only" }, "geometry": { "type": "Point", "coordinates": [ 78.647964009304957, 30.206144270725741 ] } },
{ "type": "Feature", "properties": { "rainfall_id": "SYN-UK-RF-0069", "state": "Uttarakhand", "year": 2025, "annual_rainfall_mm": 2091.1, "monsoon_jun_sep_mm": 1523.7, "winter_dec_feb_mm": 264.6, "pre_monsoon_mar_may_mm": 212.0, "post_monsoon_oct_nov_mm": 90.8, "source": "Synthetic / simulated data", "historical_status": "NOT VERIFIED OBSERVATIONAL RECORD", "purpose": "GIS demonstration only" }, "geometry": { "type": "Point", "coordinates": [ 80.110764515910503, 30.52749057983641 ] } },
{ "type": "Feature", "properties": { "rainfall_id": "SYN-UK-RF-0070", "state": "Uttarakhand", "year": 2025, "annual_rainfall_mm": 757.0, "monsoon_jun_sep_mm": 563.4, "winter_dec_feb_mm": 119.7, "pre_monsoon_mar_may_mm": 108.5, "post_monsoon_oct_nov_mm": 0.0, "source": "Synthetic / simulated data", "historical_status": "NOT VERIFIED OBSERVATIONAL RECORD", "purpose": "GIS demonstration only" }, "geometry": { "type": "Point", "coordinates": [ 79.756937162194333, 30.249783147257968 ] } },
{ "type": "Feature", "properties": { "rainfall_id": "SYN-UK-RF-0071", "state": "Uttarakhand", "year": 2025, "annual_rainfall_mm": 2666.7, "monsoon_jun_sep_mm": 2091.8, "winter_dec_feb_mm": 373.5, "pre_monsoon_mar_may_mm": 427.1, "post_monsoon_oct_nov_mm": 0.0, "source": "Synthetic / simulated data", "historical_status": "NOT VERIFIED OBSERVATIONAL RECORD", "purpose": "GIS demonstration only" }, "geometry": { "type": "Point", "coordinates": [ 79.048023228725427, 30.962039979971902 ] } },
{ "type": "Feature", "properties": { "rainfall_id": "SYN-UK-RF-0072", "state": "Uttarakhand", "year": 2025, "annual_rainfall_mm": 1711.1, "monsoon_jun_sep_mm": 1225.5, "winter_dec_feb_mm": 213.9, "pre_monsoon_mar_may_mm": 157.0, "post_monsoon_oct_nov_mm": 114.7, "source": "Synthetic / simulated data", "historical_status": "NOT VERIFIED OBSERVATIONAL RECORD", "purpose": "GIS demonstration only" }, "geometry": { "type": "Point", "coordinates": [ 79.858324527046761, 29.499290550854802 ] } },
{ "type": "Feature", "properties": { "rainfall_id": "SYN-UK-RF-0073", "state": "Uttarakhand", "year": 2025, "annual_rainfall_mm": 2524.7, "monsoon_jun_sep_mm": 2050.7, "winter_dec_feb_mm": 336.2, "pre_monsoon_mar_may_mm": 230.5, "post_monsoon_oct_nov_mm": 0.0, "source": "Synthetic / simulated data", "historical_status": "NOT VERIFIED OBSERVATIONAL RECORD", "purpose": "GIS demonstration only" }, "geometry": { "type": "Point", "coordinates": [ 79.564626985104866, 30.269494772393728 ] } },
{ "type": "Feature", "properties": { "rainfall_id": "SYN-UK-RF-0074", "state": "Uttarakhand", "year": 2025, "annual_rainfall_mm": 1593.1, "monsoon_jun_sep_mm": 1243.9, "winter_dec_feb_mm": 240.7, "pre_monsoon_mar_may_mm": 136.8, "post_monsoon_oct_nov_mm": 0.0, "source": "Synthetic / simulated data", "historical_status": "NOT VERIFIED OBSERVATIONAL RECORD", "purpose": "GIS demonstration only" }, "geometry": { "type": "Point", "coordinates": [ 79.015910517323391, 29.579719737937616 ] } },
{ "type": "Feature", "properties": { "rainfall_id": "SYN-UK-RF-0075", "state": "Uttarakhand", "year": 2025, "annual_rainfall_mm": 972.9, "monsoon_jun_sep_mm": 718.2, "winter_dec_feb_mm": 145.9, "pre_monsoon_mar_may_mm": 123.0, "post_monsoon_oct_nov_mm": 0.0, "source": "Synthetic / simulated data", "historical_status": "NOT VERIFIED OBSERVATIONAL RECORD", "purpose": "GIS demonstration only" }, "geometry": { "type": "Point", "coordinates": [ 78.753917205030092, 29.875204396370837 ] } },
{ "type": "Feature", "properties": { "rainfall_id": "SYN-UK-RF-0076", "state": "Uttarakhand", "year": 2025, "annual_rainfall_mm": 2493.6, "monsoon_jun_sep_mm": 1880.8, "winter_dec_feb_mm": 211.2, "pre_monsoon_mar_may_mm": 282.4, "post_monsoon_oct_nov_mm": 119.2, "source": "Synthetic / simulated data", "historical_status": "NOT VERIFIED OBSERVATIONAL RECORD", "purpose": "GIS demonstration only" }, "geometry": { "type": "Point", "coordinates": [ 80.685315557965566, 30.008585443167348 ] } },
{ "type": "Feature", "properties": { "rainfall_id": "SYN-UK-RF-0077", "state": "Uttarakhand", "year": 2025, "annual_rainfall_mm": 1742.8, "monsoon_jun_sep_mm": 1059.5, "winter_dec_feb_mm": 126.9, "pre_monsoon_mar_may_mm": 273.4, "post_monsoon_oct_nov_mm": 283.0, "source": "Synthetic / simulated data", "historical_status": "NOT VERIFIED OBSERVATIONAL RECORD", "purpose": "GIS demonstration only" }, "geometry": { "type": "Point", "coordinates": [ 79.300684757489933, 30.252143734677691 ] } },
{ "type": "Feature", "properties": { "rainfall_id": "SYN-UK-RF-0078", "state": "Uttarakhand", "year": 2025, "annual_rainfall_mm": 1865.8, "monsoon_jun_sep_mm": 1393.1, "winter_dec_feb_mm": 203.9, "pre_monsoon_mar_may_mm": 270.8, "post_monsoon_oct_nov_mm": 0.0, "source": "Synthetic / simulated data", "historical_status": "NOT VERIFIED OBSERVATIONAL RECORD", "purpose": "GIS demonstration only" }, "geometry": { "type": "Point", "coordinates": [ 79.959360887170419, 29.16612917035938 ] } },
{ "type": "Feature", "properties": { "rainfall_id": "SYN-UK-RF-0079", "state": "Uttarakhand", "year": 2025, "annual_rainfall_mm": 1279.8, "monsoon_jun_sep_mm": 1046.9, "winter_dec_feb_mm": 145.8, "pre_monsoon_mar_may_mm": 164.6, "post_monsoon_oct_nov_mm": 0.0, "source": "Synthetic / simulated data", "historical_status": "NOT VERIFIED OBSERVATIONAL RECORD", "purpose": "GIS demonstration only" }, "geometry": { "type": "Point", "coordinates": [ 79.890002389446749, 29.450918527836546 ] } },
{ "type": "Feature", "properties": { "rainfall_id": "SYN-UK-RF-0080", "state": "Uttarakhand", "year": 2025, "annual_rainfall_mm": 2554.5, "monsoon_jun_sep_mm": 1878.5, "winter_dec_feb_mm": 395.7, "pre_monsoon_mar_may_mm": 390.9, "post_monsoon_oct_nov_mm": 0.0, "source": "Synthetic / simulated data", "historical_status": "NOT VERIFIED OBSERVATIONAL RECORD", "purpose": "GIS demonstration only" }, "geometry": { "type": "Point", "coordinates": [ 79.382758692264218, 28.962047770746349 ] } },
{ "type": "Feature", "properties": { "rainfall_id": "SYN-UK-RF-0081", "state": "Uttarakhand", "year": 2025, "annual_rainfall_mm": 654.8, "monsoon_jun_sep_mm": 488.5, "winter_dec_feb_mm": 81.2, "pre_monsoon_mar_may_mm": 81.7, "post_monsoon_oct_nov_mm": 3.4, "source": "Synthetic / simulated data", "historical_status": "NOT VERIFIED OBSERVATIONAL RECORD", "purpose": "GIS demonstration only" }, "geometry": { "type": "Point", "coordinates": [ 80.052221604776562, 29.450812179974871 ] } },
{ "type": "Feature", "properties": { "rainfall_id": "SYN-UK-RF-0082", "state": "Uttarakhand", "year": 2025, "annual_rainfall_mm": 2408.4, "monsoon_jun_sep_mm": 1564.9, "winter_dec_feb_mm": 342.0, "pre_monsoon_mar_may_mm": 244.8, "post_monsoon_oct_nov_mm": 256.7, "source": "Synthetic / simulated data", "historical_status": "NOT VERIFIED OBSERVATIONAL RECORD", "purpose": "GIS demonstration only" }, "geometry": { "type": "Point", "coordinates": [ 78.930699172413838, 30.188975227998029 ] } },
{ "type": "Feature", "properties": { "rainfall_id": "SYN-UK-RF-0083", "state": "Uttarakhand", "year": 2025, "annual_rainfall_mm": 2327.5, "monsoon_jun_sep_mm": 1535.5, "winter_dec_feb_mm": 283.3, "pre_monsoon_mar_may_mm": 339.8, "post_monsoon_oct_nov_mm": 168.9, "source": "Synthetic / simulated data", "historical_status": "NOT VERIFIED OBSERVATIONAL RECORD", "purpose": "GIS demonstration only" }, "geometry": { "type": "Point", "coordinates": [ 78.575987362585451, 31.128095294197234 ] } },
{ "type": "Feature", "properties": { "rainfall_id": "SYN-UK-RF-0084", "state": "Uttarakhand", "year": 2025, "annual_rainfall_mm": 776.2, "monsoon_jun_sep_mm": 509.4, "winter_dec_feb_mm": 116.0, "pre_monsoon_mar_may_mm": 64.8, "post_monsoon_oct_nov_mm": 86.0, "source": "Synthetic / simulated data", "historical_status": "NOT VERIFIED OBSERVATIONAL RECORD", "purpose": "GIS demonstration only" }, "geometry": { "type": "Point", "coordinates": [ 79.39953233006878, 29.945286143144614 ] } },
{ "type": "Feature", "properties": { "rainfall_id": "SYN-UK-RF-0085", "state": "Uttarakhand", "year": 2025, "annual_rainfall_mm": 1998.0, "monsoon_jun_sep_mm": 1270.9, "winter_dec_feb_mm": 167.1, "pre_monsoon_mar_may_mm": 172.3, "post_monsoon_oct_nov_mm": 387.7, "source": "Synthetic / simulated data", "historical_status": "NOT VERIFIED OBSERVATIONAL RECORD", "purpose": "GIS demonstration only" }, "geometry": { "type": "Point", "coordinates": [ 80.10698164633834, 30.383233360805253 ] } },
{ "type": "Feature", "properties": { "rainfall_id": "SYN-UK-RF-0086", "state": "Uttarakhand", "year": 2025, "annual_rainfall_mm": 2444.9, "monsoon_jun_sep_mm": 1638.1, "winter_dec_feb_mm": 374.7, "pre_monsoon_mar_may_mm": 369.0, "post_monsoon_oct_nov_mm": 63.1, "source": "Synthetic / simulated data", "historical_status": "NOT VERIFIED OBSERVATIONAL RECORD", "purpose": "GIS demonstration only" }, "geometry": { "type": "Point", "coordinates": [ 77.927915978448226, 30.284549220381425 ] } },
{ "type": "Feature", "properties": { "rainfall_id": "SYN-UK-RF-0087", "state": "Uttarakhand", "year": 2025, "annual_rainfall_mm": 2146.0, "monsoon_jun_sep_mm": 1490.7, "winter_dec_feb_mm": 258.4, "pre_monsoon_mar_may_mm": 330.8, "post_monsoon_oct_nov_mm": 66.1, "source": "Synthetic / simulated data", "historical_status": "NOT VERIFIED OBSERVATIONAL RECORD", "purpose": "GIS demonstration only" }, "geometry": { "type": "Point", "coordinates": [ 79.105721470988755, 29.979034901238521 ] } },
{ "type": "Feature", "properties": { "rainfall_id": "SYN-UK-RF-0088", "state": "Uttarakhand", "year": 2025, "annual_rainfall_mm": 1539.2, "monsoon_jun_sep_mm": 1189.6, "winter_dec_feb_mm": 238.4, "pre_monsoon_mar_may_mm": 205.8, "post_monsoon_oct_nov_mm": 0.0, "source": "Synthetic / simulated data", "historical_status": "NOT VERIFIED OBSERVATIONAL RECORD", "purpose": "GIS demonstration only" }, "geometry": { "type": "Point", "coordinates": [ 79.54965799988544, 29.796034717650851 ] } },
{ "type": "Feature", "properties": { "rainfall_id": "SYN-UK-RF-0089", "state": "Uttarakhand", "year": 2025, "annual_rainfall_mm": 787.6, "monsoon_jun_sep_mm": 644.0, "winter_dec_feb_mm": 100.1, "pre_monsoon_mar_may_mm": 107.1, "post_monsoon_oct_nov_mm": 0.0, "source": "Synthetic / simulated data", "historical_status": "NOT VERIFIED OBSERVATIONAL RECORD", "purpose": "GIS demonstration only" }, "geometry": { "type": "Point", "coordinates": [ 79.281087783645049, 30.107990879534775 ] } },
{ "type": "Feature", "properties": { "rainfall_id": "SYN-UK-RF-0090", "state": "Uttarakhand", "year": 2025, "annual_rainfall_mm": 2175.6, "monsoon_jun_sep_mm": 1482.6, "winter_dec_feb_mm": 138.4, "pre_monsoon_mar_may_mm": 268.8, "post_monsoon_oct_nov_mm": 285.8, "source": "Synthetic / simulated data", "historical_status": "NOT VERIFIED OBSERVATIONAL RECORD", "purpose": "GIS demonstration only" }, "geometry": { "type": "Point", "coordinates": [ 79.785944211500706, 29.517873832951427 ] } },
{ "type": "Feature", "properties": { "rainfall_id": "SYN-UK-RF-0091", "state": "Uttarakhand", "year": 2025, "annual_rainfall_mm": 2237.7, "monsoon_jun_sep_mm": 1417.3, "winter_dec_feb_mm": 210.1, "pre_monsoon_mar_may_mm": 284.4, "post_monsoon_oct_nov_mm": 325.9, "source": "Synthetic / simulated data", "historical_status": "NOT VERIFIED OBSERVATIONAL RECORD", "purpose": "GIS demonstration only" }, "geometry": { "type": "Point", "coordinates": [ 77.883596231804489, 30.754534260516344 ] } },
{ "type": "Feature", "properties": { "rainfall_id": "SYN-UK-RF-0092", "state": "Uttarakhand", "year": 2025, "annual_rainfall_mm": 2768.7, "monsoon_jun_sep_mm": 2134.2, "winter_dec_feb_mm": 340.8, "pre_monsoon_mar_may_mm": 453.8, "post_monsoon_oct_nov_mm": 0.0, "source": "Synthetic / simulated data", "historical_status": "NOT VERIFIED OBSERVATIONAL RECORD", "purpose": "GIS demonstration only" }, "geometry": { "type": "Point", "coordinates": [ 79.309875682533018, 30.132317037285631 ] } },
{ "type": "Feature", "properties": { "rainfall_id": "SYN-UK-RF-0093", "state": "Uttarakhand", "year": 2025, "annual_rainfall_mm": 2020.6, "monsoon_jun_sep_mm": 1232.7, "winter_dec_feb_mm": 313.3, "pre_monsoon_mar_may_mm": 255.9, "post_monsoon_oct_nov_mm": 218.7, "source": "Synthetic / simulated data", "historical_status": "NOT VERIFIED OBSERVATIONAL RECORD", "purpose": "GIS demonstration only" }, "geometry": { "type": "Point", "coordinates": [ 78.677371208980929, 29.70659969531922 ] } },
{ "type": "Feature", "properties": { "rainfall_id": "SYN-UK-RF-0094", "state": "Uttarakhand", "year": 2025, "annual_rainfall_mm": 1138.2, "monsoon_jun_sep_mm": 878.6, "winter_dec_feb_mm": 68.9, "pre_monsoon_mar_may_mm": 166.1, "post_monsoon_oct_nov_mm": 24.6, "source": "Synthetic / simulated data", "historical_status": "NOT VERIFIED OBSERVATIONAL RECORD", "purpose": "GIS demonstration only" }, "geometry": { "type": "Point", "coordinates": [ 77.914603758813243, 30.057342184296875 ] } },
{ "type": "Feature", "properties": { "rainfall_id": "SYN-UK-RF-0095", "state": "Uttarakhand", "year": 2025, "annual_rainfall_mm": 739.6, "monsoon_jun_sep_mm": 492.0, "winter_dec_feb_mm": 92.5, "pre_monsoon_mar_may_mm": 109.7, "post_monsoon_oct_nov_mm": 45.4, "source": "Synthetic / simulated data", "historical_status": "NOT VERIFIED OBSERVATIONAL RECORD", "purpose": "GIS demonstration only" }, "geometry": { "type": "Point", "coordinates": [ 78.810647871888293, 30.741309636447646 ] } },
{ "type": "Feature", "properties": { "rainfall_id": "SYN-UK-RF-0096", "state": "Uttarakhand", "year": 2025, "annual_rainfall_mm": 2398.4, "monsoon_jun_sep_mm": 1668.7, "winter_dec_feb_mm": 254.3, "pre_monsoon_mar_may_mm": 270.3, "post_monsoon_oct_nov_mm": 205.1, "source": "Synthetic / simulated data", "historical_status": "NOT VERIFIED OBSERVATIONAL RECORD", "purpose": "GIS demonstration only" }, "geometry": { "type": "Point", "coordinates": [ 78.491485437758612, 30.03088054740153 ] } },
{ "type": "Feature", "properties": { "rainfall_id": "SYN-UK-RF-0097", "state": "Uttarakhand", "year": 2025, "annual_rainfall_mm": 2563.8, "monsoon_jun_sep_mm": 1737.0, "winter_dec_feb_mm": 237.5, "pre_monsoon_mar_may_mm": 379.3, "post_monsoon_oct_nov_mm": 210.0, "source": "Synthetic / simulated data", "historical_status": "NOT VERIFIED OBSERVATIONAL RECORD", "purpose": "GIS demonstration only" }, "geometry": { "type": "Point", "coordinates": [ 80.869931352795717, 30.220593083133622 ] } },
{ "type": "Feature", "properties": { "rainfall_id": "SYN-UK-RF-0098", "state": "Uttarakhand", "year": 2025, "annual_rainfall_mm": 2516.4, "monsoon_jun_sep_mm": 1714.9, "winter_dec_feb_mm": 363.9, "pre_monsoon_mar_may_mm": 319.1, "post_monsoon_oct_nov_mm": 118.5, "source": "Synthetic / simulated data", "historical_status": "NOT VERIFIED OBSERVATIONAL RECORD", "purpose": "GIS demonstration only" }, "geometry": { "type": "Point", "coordinates": [ 78.953897236157857, 30.850843343722225 ] } },
{ "type": "Feature", "properties": { "rainfall_id": "SYN-UK-RF-0099", "state": "Uttarakhand", "year": 2025, "annual_rainfall_mm": 1498.5, "monsoon_jun_sep_mm": 943.1, "winter_dec_feb_mm": 233.3, "pre_monsoon_mar_may_mm": 177.2, "post_monsoon_oct_nov_mm": 144.9, "source": "Synthetic / simulated data", "historical_status": "NOT VERIFIED OBSERVATIONAL RECORD", "purpose": "GIS demonstration only" }, "geometry": { "type": "Point", "coordinates": [ 79.088147863965787, 31.402849220886427 ] } },
{ "type": "Feature", "properties": { "rainfall_id": "SYN-UK-RF-0100", "state": "Uttarakhand", "year": 2025, "annual_rainfall_mm": 972.8, "monsoon_jun_sep_mm": 741.1, "winter_dec_feb_mm": 99.5, "pre_monsoon_mar_may_mm": 133.1, "post_monsoon_oct_nov_mm": 0.0, "source": "Synthetic / simulated data", "historical_status": "NOT VERIFIED OBSERVATIONAL RECORD", "purpose": "GIS demonstration only" }, "geometry": { "type": "Point", "coordinates": [ 77.924432022171203, 30.430408910279525 ] } },
{ "type": "Feature", "properties": { "rainfall_id": "SYN-UK-RF-0101", "state": "Uttarakhand", "year": 2025, "annual_rainfall_mm": 1636.3, "monsoon_jun_sep_mm": 1340.2, "winter_dec_feb_mm": 259.8, "pre_monsoon_mar_may_mm": 189.9, "post_monsoon_oct_nov_mm": 0.0, "source": "Synthetic / simulated data", "historical_status": "NOT VERIFIED OBSERVATIONAL RECORD", "purpose": "GIS demonstration only" }, "geometry": { "type": "Point", "coordinates": [ 80.204567330029491, 30.109689194333559 ] } },
{ "type": "Feature", "properties": { "rainfall_id": "SYN-UK-RF-0102", "state": "Uttarakhand", "year": 2025, "annual_rainfall_mm": 2485.6, "monsoon_jun_sep_mm": 1705.9, "winter_dec_feb_mm": 196.1, "pre_monsoon_mar_may_mm": 321.5, "post_monsoon_oct_nov_mm": 262.1, "source": "Synthetic / simulated data", "historical_status": "NOT VERIFIED OBSERVATIONAL RECORD", "purpose": "GIS demonstration only" }, "geometry": { "type": "Point", "coordinates": [ 78.156368005075421, 30.142279427710033 ] } },
{ "type": "Feature", "properties": { "rainfall_id": "SYN-UK-RF-0103", "state": "Uttarakhand", "year": 2025, "annual_rainfall_mm": 1807.0, "monsoon_jun_sep_mm": 1223.8, "winter_dec_feb_mm": 209.7, "pre_monsoon_mar_may_mm": 225.2, "post_monsoon_oct_nov_mm": 148.3, "source": "Synthetic / simulated data", "historical_status": "NOT VERIFIED OBSERVATIONAL RECORD", "purpose": "GIS demonstration only" }, "geometry": { "type": "Point", "coordinates": [ 79.503162527994306, 29.588109313278164 ] } },
{ "type": "Feature", "properties": { "rainfall_id": "SYN-UK-RF-0104", "state": "Uttarakhand", "year": 2025, "annual_rainfall_mm": 1192.9, "monsoon_jun_sep_mm": 934.1, "winter_dec_feb_mm": 161.7, "pre_monsoon_mar_may_mm": 208.2, "post_monsoon_oct_nov_mm": 0.0, "source": "Synthetic / simulated data", "historical_status": "NOT VERIFIED OBSERVATIONAL RECORD", "purpose": "GIS demonstration only" }, "geometry": { "type": "Point", "coordinates": [ 80.04983604341831, 30.315433718267133 ] } },
{ "type": "Feature", "properties": { "rainfall_id": "SYN-UK-RF-0105", "state": "Uttarakhand", "year": 2025, "annual_rainfall_mm": 1491.7, "monsoon_jun_sep_mm": 1108.8, "winter_dec_feb_mm": 121.8, "pre_monsoon_mar_may_mm": 212.5, "post_monsoon_oct_nov_mm": 48.6, "source": "Synthetic / simulated data", "historical_status": "NOT VERIFIED OBSERVATIONAL RECORD", "purpose": "GIS demonstration only" }, "geometry": { "type": "Point", "coordinates": [ 80.666854769317709, 30.004898254040363 ] } },
{ "type": "Feature", "properties": { "rainfall_id": "SYN-UK-RF-0106", "state": "Uttarakhand", "year": 2025, "annual_rainfall_mm": 2637.7, "monsoon_jun_sep_mm": 1848.0, "winter_dec_feb_mm": 295.5, "pre_monsoon_mar_may_mm": 350.4, "post_monsoon_oct_nov_mm": 143.8, "source": "Synthetic / simulated data", "historical_status": "NOT VERIFIED OBSERVATIONAL RECORD", "purpose": "GIS demonstration only" }, "geometry": { "type": "Point", "coordinates": [ 80.119640063260718, 29.139678914916203 ] } },
{ "type": "Feature", "properties": { "rainfall_id": "SYN-UK-RF-0107", "state": "Uttarakhand", "year": 2025, "annual_rainfall_mm": 845.0, "monsoon_jun_sep_mm": 689.1, "winter_dec_feb_mm": 63.9, "pre_monsoon_mar_may_mm": 109.2, "post_monsoon_oct_nov_mm": 0.0, "source": "Synthetic / simulated data", "historical_status": "NOT VERIFIED OBSERVATIONAL RECORD", "purpose": "GIS demonstration only" }, "geometry": { "type": "Point", "coordinates": [ 80.311362693380872, 29.792223460213954 ] } },
{ "type": "Feature", "properties": { "rainfall_id": "SYN-UK-RF-0108", "state": "Uttarakhand", "year": 2025, "annual_rainfall_mm": 2383.7, "monsoon_jun_sep_mm": 1813.9, "winter_dec_feb_mm": 167.7, "pre_monsoon_mar_may_mm": 364.0, "post_monsoon_oct_nov_mm": 38.1, "source": "Synthetic / simulated data", "historical_status": "NOT VERIFIED OBSERVATIONAL RECORD", "purpose": "GIS demonstration only" }, "geometry": { "type": "Point", "coordinates": [ 80.003834150568565, 28.756214242936231 ] } },
{ "type": "Feature", "properties": { "rainfall_id": "SYN-UK-RF-0109", "state": "Uttarakhand", "year": 2025, "annual_rainfall_mm": 2788.6, "monsoon_jun_sep_mm": 2069.7, "winter_dec_feb_mm": 339.6, "pre_monsoon_mar_may_mm": 467.2, "post_monsoon_oct_nov_mm": 0.0, "source": "Synthetic / simulated data", "historical_status": "NOT VERIFIED OBSERVATIONAL RECORD", "purpose": "GIS demonstration only" }, "geometry": { "type": "Point", "coordinates": [ 79.425844064715747, 30.941319739476981 ] } },
{ "type": "Feature", "properties": { "rainfall_id": "SYN-UK-RF-0110", "state": "Uttarakhand", "year": 2025, "annual_rainfall_mm": 1930.8, "monsoon_jun_sep_mm": 1278.8, "winter_dec_feb_mm": 163.5, "pre_monsoon_mar_may_mm": 253.2, "post_monsoon_oct_nov_mm": 235.3, "source": "Synthetic / simulated data", "historical_status": "NOT VERIFIED OBSERVATIONAL RECORD", "purpose": "GIS demonstration only" }, "geometry": { "type": "Point", "coordinates": [ 77.852793992023649, 31.03951384191301 ] } },
{ "type": "Feature", "properties": { "rainfall_id": "SYN-UK-RF-0111", "state": "Uttarakhand", "year": 2025, "annual_rainfall_mm": 843.6, "monsoon_jun_sep_mm": 650.1, "winter_dec_feb_mm": 101.1, "pre_monsoon_mar_may_mm": 68.3, "post_monsoon_oct_nov_mm": 24.1, "source": "Synthetic / simulated data", "historical_status": "NOT VERIFIED OBSERVATIONAL RECORD", "purpose": "GIS demonstration only" }, "geometry": { "type": "Point", "coordinates": [ 79.917225565596453, 29.519751872676622 ] } },
{ "type": "Feature", "properties": { "rainfall_id": "SYN-UK-RF-0112", "state": "Uttarakhand", "year": 2025, "annual_rainfall_mm": 1168.7, "monsoon_jun_sep_mm": 884.2, "winter_dec_feb_mm": 137.2, "pre_monsoon_mar_may_mm": 105.7, "post_monsoon_oct_nov_mm": 41.6, "source": "Synthetic / simulated data", "historical_status": "NOT VERIFIED OBSERVATIONAL RECORD", "purpose": "GIS demonstration only" }, "geometry": { "type": "Point", "coordinates": [ 79.099118354362062, 29.644489159165186 ] } },
{ "type": "Feature", "properties": { "rainfall_id": "SYN-UK-RF-0113", "state": "Uttarakhand", "year": 2025, "annual_rainfall_mm": 2401.0, "monsoon_jun_sep_mm": 1559.5, "winter_dec_feb_mm": 377.3, "pre_monsoon_mar_may_mm": 396.3, "post_monsoon_oct_nov_mm": 67.9, "source": "Synthetic / simulated data", "historical_status": "NOT VERIFIED OBSERVATIONAL RECORD", "purpose": "GIS demonstration only" }, "geometry": { "type": "Point", "coordinates": [ 79.417951905410533, 29.840606786697919 ] } },
{ "type": "Feature", "properties": { "rainfall_id": "SYN-UK-RF-0114", "state": "Uttarakhand", "year": 2025, "annual_rainfall_mm": 900.5, "monsoon_jun_sep_mm": 561.5, "winter_dec_feb_mm": 94.2, "pre_monsoon_mar_may_mm": 96.7, "post_monsoon_oct_nov_mm": 148.1, "source": "Synthetic / simulated data", "historical_status": "NOT VERIFIED OBSERVATIONAL RECORD", "purpose": "GIS demonstration only" }, "geometry": { "type": "Point", "coordinates": [ 78.246868984468421, 31.008212605418318 ] } },
{ "type": "Feature", "properties": { "rainfall_id": "SYN-UK-RF-0115", "state": "Uttarakhand", "year": 2025, "annual_rainfall_mm": 1351.3, "monsoon_jun_sep_mm": 1090.0, "winter_dec_feb_mm": 154.0, "pre_monsoon_mar_may_mm": 163.0, "post_monsoon_oct_nov_mm": 0.0, "source": "Synthetic / simulated data", "historical_status": "NOT VERIFIED OBSERVATIONAL RECORD", "purpose": "GIS demonstration only" }, "geometry": { "type": "Point", "coordinates": [ 78.56117814683661, 29.936515175948458 ] } },
{ "type": "Feature", "properties": { "rainfall_id": "SYN-UK-RF-0116", "state": "Uttarakhand", "year": 2025, "annual_rainfall_mm": 875.9, "monsoon_jun_sep_mm": 602.9, "winter_dec_feb_mm": 84.6, "pre_monsoon_mar_may_mm": 124.2, "post_monsoon_oct_nov_mm": 64.2, "source": "Synthetic / simulated data", "historical_status": "NOT VERIFIED OBSERVATIONAL RECORD", "purpose": "GIS demonstration only" }, "geometry": { "type": "Point", "coordinates": [ 77.770048661859335, 30.010173588372577 ] } },
{ "type": "Feature", "properties": { "rainfall_id": "SYN-UK-RF-0117", "state": "Uttarakhand", "year": 2025, "annual_rainfall_mm": 2242.3, "monsoon_jun_sep_mm": 1620.0, "winter_dec_feb_mm": 357.5, "pre_monsoon_mar_may_mm": 363.6, "post_monsoon_oct_nov_mm": 0.0, "source": "Synthetic / simulated data", "historical_status": "NOT VERIFIED OBSERVATIONAL RECORD", "purpose": "GIS demonstration only" }, "geometry": { "type": "Point", "coordinates": [ 79.181361240798523, 31.158366092304298 ] } },
{ "type": "Feature", "properties": { "rainfall_id": "SYN-UK-RF-0118", "state": "Uttarakhand", "year": 2025, "annual_rainfall_mm": 2563.5, "monsoon_jun_sep_mm": 1918.2, "winter_dec_feb_mm": 190.6, "pre_monsoon_mar_may_mm": 454.7, "post_monsoon_oct_nov_mm": 0.0, "source": "Synthetic / simulated data", "historical_status": "NOT VERIFIED OBSERVATIONAL RECORD", "purpose": "GIS demonstration only" }, "geometry": { "type": "Point", "coordinates": [ 80.131755078361479, 29.638576554024876 ] } },
{ "type": "Feature", "properties": { "rainfall_id": "SYN-UK-RF-0119", "state": "Uttarakhand", "year": 2025, "annual_rainfall_mm": 1811.1, "monsoon_jun_sep_mm": 1187.5, "winter_dec_feb_mm": 156.4, "pre_monsoon_mar_may_mm": 322.6, "post_monsoon_oct_nov_mm": 144.6, "source": "Synthetic / simulated data", "historical_status": "NOT VERIFIED OBSERVATIONAL RECORD", "purpose": "GIS demonstration only" }, "geometry": { "type": "Point", "coordinates": [ 77.972382109513134, 30.780482704331245 ] } },
{ "type": "Feature", "properties": { "rainfall_id": "SYN-UK-RF-0120", "state": "Uttarakhand", "year": 2025, "annual_rainfall_mm": 1317.0, "monsoon_jun_sep_mm": 836.2, "winter_dec_feb_mm": 82.4, "pre_monsoon_mar_may_mm": 133.6, "post_monsoon_oct_nov_mm": 264.8, "source": "Synthetic / simulated data", "historical_status": "NOT VERIFIED OBSERVATIONAL RECORD", "purpose": "GIS demonstration only" }, "geometry": { "type": "Point", "coordinates": [ 80.02738330435534, 29.331149149159327 ] } },
{ "type": "Feature", "properties": { "rainfall_id": "SYN-UK-RF-0121", "state": "Uttarakhand", "year": 2025, "annual_rainfall_mm": 2524.4, "monsoon_jun_sep_mm": 2054.4, "winter_dec_feb_mm": 242.2, "pre_monsoon_mar_may_mm": 339.1, "post_monsoon_oct_nov_mm": 0.0, "source": "Synthetic / simulated data", "historical_status": "NOT VERIFIED OBSERVATIONAL RECORD", "purpose": "GIS demonstration only" }, "geometry": { "type": "Point", "coordinates": [ 79.512293774331923, 30.70879428103397 ] } },
{ "type": "Feature", "properties": { "rainfall_id": "SYN-UK-RF-0122", "state": "Uttarakhand", "year": 2025, "annual_rainfall_mm": 2102.0, "monsoon_jun_sep_mm": 1371.7, "winter_dec_feb_mm": 179.0, "pre_monsoon_mar_may_mm": 331.0, "post_monsoon_oct_nov_mm": 220.3, "source": "Synthetic / simulated data", "historical_status": "NOT VERIFIED OBSERVATIONAL RECORD", "purpose": "GIS demonstration only" }, "geometry": { "type": "Point", "coordinates": [ 78.312518606163906, 30.890123045991945 ] } },
{ "type": "Feature", "properties": { "rainfall_id": "SYN-UK-RF-0123", "state": "Uttarakhand", "year": 2025, "annual_rainfall_mm": 2796.6, "monsoon_jun_sep_mm": 2150.6, "winter_dec_feb_mm": 425.0, "pre_monsoon_mar_may_mm": 465.7, "post_monsoon_oct_nov_mm": 0.0, "source": "Synthetic / simulated data", "historical_status": "NOT VERIFIED OBSERVATIONAL RECORD", "purpose": "GIS demonstration only" }, "geometry": { "type": "Point", "coordinates": [ 80.197663887847582, 29.780345934348219 ] } },
{ "type": "Feature", "properties": { "rainfall_id": "SYN-UK-RF-0124", "state": "Uttarakhand", "year": 2025, "annual_rainfall_mm": 1639.8, "monsoon_jun_sep_mm": 1074.5, "winter_dec_feb_mm": 229.1, "pre_monsoon_mar_may_mm": 255.6, "post_monsoon_oct_nov_mm": 80.6, "source": "Synthetic / simulated data", "historical_status": "NOT VERIFIED OBSERVATIONAL RECORD", "purpose": "GIS demonstration only" }, "geometry": { "type": "Point", "coordinates": [ 80.198625506210874, 30.03792697441186 ] } },
{ "type": "Feature", "properties": { "rainfall_id": "SYN-UK-RF-0125", "state": "Uttarakhand", "year": 2025, "annual_rainfall_mm": 1512.5, "monsoon_jun_sep_mm": 1087.2, "winter_dec_feb_mm": 110.8, "pre_monsoon_mar_may_mm": 218.9, "post_monsoon_oct_nov_mm": 95.6, "source": "Synthetic / simulated data", "historical_status": "NOT VERIFIED OBSERVATIONAL RECORD", "purpose": "GIS demonstration only" }, "geometry": { "type": "Point", "coordinates": [ 79.695841446150581, 29.042733031771725 ] } },
{ "type": "Feature", "properties": { "rainfall_id": "SYN-UK-RF-0126", "state": "Uttarakhand", "year": 2025, "annual_rainfall_mm": 1934.5, "monsoon_jun_sep_mm": 1454.7, "winter_dec_feb_mm": 252.4, "pre_monsoon_mar_may_mm": 269.7, "post_monsoon_oct_nov_mm": 0.0, "source": "Synthetic / simulated data", "historical_status": "NOT VERIFIED OBSERVATIONAL RECORD", "purpose": "GIS demonstration only" }, "geometry": { "type": "Point", "coordinates": [ 78.598692748675546, 30.020975034747675 ] } },
{ "type": "Feature", "properties": { "rainfall_id": "SYN-UK-RF-0127", "state": "Uttarakhand", "year": 2025, "annual_rainfall_mm": 1390.0, "monsoon_jun_sep_mm": 1003.9, "winter_dec_feb_mm": 158.1, "pre_monsoon_mar_may_mm": 113.7, "post_monsoon_oct_nov_mm": 114.3, "source": "Synthetic / simulated data", "historical_status": "NOT VERIFIED OBSERVATIONAL RECORD", "purpose": "GIS demonstration only" }, "geometry": { "type": "Point", "coordinates": [ 80.681681476283401, 30.429763014450653 ] } },
{ "type": "Feature", "properties": { "rainfall_id": "SYN-UK-RF-0128", "state": "Uttarakhand", "year": 2025, "annual_rainfall_mm": 873.7, "monsoon_jun_sep_mm": 526.6, "winter_dec_feb_mm": 109.3, "pre_monsoon_mar_may_mm": 145.3, "post_monsoon_oct_nov_mm": 92.5, "source": "Synthetic / simulated data", "historical_status": "NOT VERIFIED OBSERVATIONAL RECORD", "purpose": "GIS demonstration only" }, "geometry": { "type": "Point", "coordinates": [ 78.954328273679835, 30.546222720970647 ] } },
{ "type": "Feature", "properties": { "rainfall_id": "SYN-UK-RF-0129", "state": "Uttarakhand", "year": 2025, "annual_rainfall_mm": 1094.2, "monsoon_jun_sep_mm": 664.2, "winter_dec_feb_mm": 123.7, "pre_monsoon_mar_may_mm": 107.1, "post_monsoon_oct_nov_mm": 199.2, "source": "Synthetic / simulated data", "historical_status": "NOT VERIFIED OBSERVATIONAL RECORD", "purpose": "GIS demonstration only" }, "geometry": { "type": "Point", "coordinates": [ 79.440358140910874, 29.587925474797277 ] } },
{ "type": "Feature", "properties": { "rainfall_id": "SYN-UK-RF-0130", "state": "Uttarakhand", "year": 2025, "annual_rainfall_mm": 1242.4, "monsoon_jun_sep_mm": 751.1, "winter_dec_feb_mm": 196.7, "pre_monsoon_mar_may_mm": 198.8, "post_monsoon_oct_nov_mm": 95.8, "source": "Synthetic / simulated data", "historical_status": "NOT VERIFIED OBSERVATIONAL RECORD", "purpose": "GIS demonstration only" }, "geometry": { "type": "Point", "coordinates": [ 77.947797607785986, 31.023155095588521 ] } },
{ "type": "Feature", "properties": { "rainfall_id": "SYN-UK-RF-0131", "state": "Uttarakhand", "year": 2025, "annual_rainfall_mm": 1369.4, "monsoon_jun_sep_mm": 1098.3, "winter_dec_feb_mm": 165.6, "pre_monsoon_mar_may_mm": 142.6, "post_monsoon_oct_nov_mm": 0.0, "source": "Synthetic / simulated data", "historical_status": "NOT VERIFIED OBSERVATIONAL RECORD", "purpose": "GIS demonstration only" }, "geometry": { "type": "Point", "coordinates": [ 79.47108667063172, 30.198344709710767 ] } },
{ "type": "Feature", "properties": { "rainfall_id": "SYN-UK-RF-0132", "state": "Uttarakhand", "year": 2025, "annual_rainfall_mm": 1168.6, "monsoon_jun_sep_mm": 789.1, "winter_dec_feb_mm": 186.4, "pre_monsoon_mar_may_mm": 185.0, "post_monsoon_oct_nov_mm": 8.1, "source": "Synthetic / simulated data", "historical_status": "NOT VERIFIED OBSERVATIONAL RECORD", "purpose": "GIS demonstration only" }, "geometry": { "type": "Point", "coordinates": [ 79.797170522676524, 30.107882526786817 ] } },
{ "type": "Feature", "properties": { "rainfall_id": "SYN-UK-RF-0133", "state": "Uttarakhand", "year": 2025, "annual_rainfall_mm": 2303.0, "monsoon_jun_sep_mm": 1882.1, "winter_dec_feb_mm": 269.7, "pre_monsoon_mar_may_mm": 241.7, "post_monsoon_oct_nov_mm": 0.0, "source": "Synthetic / simulated data", "historical_status": "NOT VERIFIED OBSERVATIONAL RECORD", "purpose": "GIS demonstration only" }, "geometry": { "type": "Point", "coordinates": [ 79.938559901276719, 29.91416561963613 ] } },
{ "type": "Feature", "properties": { "rainfall_id": "SYN-UK-RF-0134", "state": "Uttarakhand", "year": 2025, "annual_rainfall_mm": 1598.5, "monsoon_jun_sep_mm": 1307.4, "winter_dec_feb_mm": 192.6, "pre_monsoon_mar_may_mm": 174.3, "post_monsoon_oct_nov_mm": 0.0, "source": "Synthetic / simulated data", "historical_status": "NOT VERIFIED OBSERVATIONAL RECORD", "purpose": "GIS demonstration only" }, "geometry": { "type": "Point", "coordinates": [ 80.302225280687878, 30.152402732098189 ] } },
{ "type": "Feature", "properties": { "rainfall_id": "SYN-UK-RF-0135", "state": "Uttarakhand", "year": 2025, "annual_rainfall_mm": 1469.8, "monsoon_jun_sep_mm": 1051.6, "winter_dec_feb_mm": 95.2, "pre_monsoon_mar_may_mm": 250.8, "post_monsoon_oct_nov_mm": 72.2, "source": "Synthetic / simulated data", "historical_status": "NOT VERIFIED OBSERVATIONAL RECORD", "purpose": "GIS demonstration only" }, "geometry": { "type": "Point", "coordinates": [ 77.971493319957574, 29.90024410763381 ] } },
{ "type": "Feature", "properties": { "rainfall_id": "SYN-UK-RF-0136", "state": "Uttarakhand", "year": 2025, "annual_rainfall_mm": 1462.6, "monsoon_jun_sep_mm": 1022.6, "winter_dec_feb_mm": 233.0, "pre_monsoon_mar_may_mm": 168.0, "post_monsoon_oct_nov_mm": 39.0, "source": "Synthetic / simulated data", "historical_status": "NOT VERIFIED OBSERVATIONAL RECORD", "purpose": "GIS demonstration only" }, "geometry": { "type": "Point", "coordinates": [ 80.134014109492142, 30.350572693247031 ] } },
{ "type": "Feature", "properties": { "rainfall_id": "SYN-UK-RF-0137", "state": "Uttarakhand", "year": 2025, "annual_rainfall_mm": 1855.7, "monsoon_jun_sep_mm": 1266.8, "winter_dec_feb_mm": 205.8, "pre_monsoon_mar_may_mm": 157.2, "post_monsoon_oct_nov_mm": 225.9, "source": "Synthetic / simulated data", "historical_status": "NOT VERIFIED OBSERVATIONAL RECORD", "purpose": "GIS demonstration only" }, "geometry": { "type": "Point", "coordinates": [ 80.711526592435376, 30.343184012619563 ] } },
{ "type": "Feature", "properties": { "rainfall_id": "SYN-UK-RF-0138", "state": "Uttarakhand", "year": 2025, "annual_rainfall_mm": 929.9, "monsoon_jun_sep_mm": 725.3, "winter_dec_feb_mm": 120.8, "pre_monsoon_mar_may_mm": 134.0, "post_monsoon_oct_nov_mm": 0.0, "source": "Synthetic / simulated data", "historical_status": "NOT VERIFIED OBSERVATIONAL RECORD", "purpose": "GIS demonstration only" }, "geometry": { "type": "Point", "coordinates": [ 79.54644099785628, 29.523663784796124 ] } },
{ "type": "Feature", "properties": { "rainfall_id": "SYN-UK-RF-0139", "state": "Uttarakhand", "year": 2025, "annual_rainfall_mm": 2643.8, "monsoon_jun_sep_mm": 1913.7, "winter_dec_feb_mm": 280.0, "pre_monsoon_mar_may_mm": 341.6, "post_monsoon_oct_nov_mm": 108.5, "source": "Synthetic / simulated data", "historical_status": "NOT VERIFIED OBSERVATIONAL RECORD", "purpose": "GIS demonstration only" }, "geometry": { "type": "Point", "coordinates": [ 77.78483195836435, 30.770180667041526 ] } },
{ "type": "Feature", "properties": { "rainfall_id": "SYN-UK-RF-0140", "state": "Uttarakhand", "year": 2025, "annual_rainfall_mm": 2056.9, "monsoon_jun_sep_mm": 1644.1, "winter_dec_feb_mm": 323.5, "pre_monsoon_mar_may_mm": 184.5, "post_monsoon_oct_nov_mm": 0.0, "source": "Synthetic / simulated data", "historical_status": "NOT VERIFIED OBSERVATIONAL RECORD", "purpose": "GIS demonstration only" }, "geometry": { "type": "Point", "coordinates": [ 77.871179285825761, 30.473964582959983 ] } },
{ "type": "Feature", "properties": { "rainfall_id": "SYN-UK-RF-0141", "state": "Uttarakhand", "year": 2025, "annual_rainfall_mm": 1317.3, "monsoon_jun_sep_mm": 1033.3, "winter_dec_feb_mm": 98.6, "pre_monsoon_mar_may_mm": 226.9, "post_monsoon_oct_nov_mm": 0.0, "source": "Synthetic / simulated data", "historical_status": "NOT VERIFIED OBSERVATIONAL RECORD", "purpose": "GIS demonstration only" }, "geometry": { "type": "Point", "coordinates": [ 78.643517627674925, 30.594706403150724 ] } },
{ "type": "Feature", "properties": { "rainfall_id": "SYN-UK-RF-0142", "state": "Uttarakhand", "year": 2025, "annual_rainfall_mm": 1819.4, "monsoon_jun_sep_mm": 1221.9, "winter_dec_feb_mm": 233.6, "pre_monsoon_mar_may_mm": 285.2, "post_monsoon_oct_nov_mm": 78.7, "source": "Synthetic / simulated data", "historical_status": "NOT VERIFIED OBSERVATIONAL RECORD", "purpose": "GIS demonstration only" }, "geometry": { "type": "Point", "coordinates": [ 79.567158748142532, 29.573958080356075 ] } },
{ "type": "Feature", "properties": { "rainfall_id": "SYN-UK-RF-0143", "state": "Uttarakhand", "year": 2025, "annual_rainfall_mm": 1708.2, "monsoon_jun_sep_mm": 1097.3, "winter_dec_feb_mm": 105.8, "pre_monsoon_mar_may_mm": 271.6, "post_monsoon_oct_nov_mm": 233.5, "source": "Synthetic / simulated data", "historical_status": "NOT VERIFIED OBSERVATIONAL RECORD", "purpose": "GIS demonstration only" }, "geometry": { "type": "Point", "coordinates": [ 77.928787103467101, 30.764013282406221 ] } },
{ "type": "Feature", "properties": { "rainfall_id": "SYN-UK-RF-0144", "state": "Uttarakhand", "year": 2025, "annual_rainfall_mm": 1474.4, "monsoon_jun_sep_mm": 1177.7, "winter_dec_feb_mm": 176.7, "pre_monsoon_mar_may_mm": 141.1, "post_monsoon_oct_nov_mm": 0.0, "source": "Synthetic / simulated data", "historical_status": "NOT VERIFIED OBSERVATIONAL RECORD", "purpose": "GIS demonstration only" }, "geometry": { "type": "Point", "coordinates": [ 79.675271306027682, 30.308688829868522 ] } },
{ "type": "Feature", "properties": { "rainfall_id": "SYN-UK-RF-0145", "state": "Uttarakhand", "year": 2025, "annual_rainfall_mm": 726.2, "monsoon_jun_sep_mm": 539.8, "winter_dec_feb_mm": 105.2, "pre_monsoon_mar_may_mm": 121.1, "post_monsoon_oct_nov_mm": 0.0, "source": "Synthetic / simulated data", "historical_status": "NOT VERIFIED OBSERVATIONAL RECORD", "purpose": "GIS demonstration only" }, "geometry": { "type": "Point", "coordinates": [ 80.460429966830986, 29.975377594832761 ] } },
{ "type": "Feature", "properties": { "rainfall_id": "SYN-UK-RF-0146", "state": "Uttarakhand", "year": 2025, "annual_rainfall_mm": 1291.6, "monsoon_jun_sep_mm": 1046.2, "winter_dec_feb_mm": 134.6, "pre_monsoon_mar_may_mm": 182.0, "post_monsoon_oct_nov_mm": 0.0, "source": "Synthetic / simulated data", "historical_status": "NOT VERIFIED OBSERVATIONAL RECORD", "purpose": "GIS demonstration only" }, "geometry": { "type": "Point", "coordinates": [ 79.043588684138882, 31.315017155497362 ] } },
{ "type": "Feature", "properties": { "rainfall_id": "SYN-UK-RF-0147", "state": "Uttarakhand", "year": 2025, "annual_rainfall_mm": 1572.3, "monsoon_jun_sep_mm": 1191.0, "winter_dec_feb_mm": 185.2, "pre_monsoon_mar_may_mm": 132.7, "post_monsoon_oct_nov_mm": 63.4, "source": "Synthetic / simulated data", "historical_status": "NOT VERIFIED OBSERVATIONAL RECORD", "purpose": "GIS demonstration only" }, "geometry": { "type": "Point", "coordinates": [ 80.159583233080838, 30.348870650742025 ] } },
{ "type": "Feature", "properties": { "rainfall_id": "SYN-UK-RF-0148", "state": "Uttarakhand", "year": 2025, "annual_rainfall_mm": 2389.2, "monsoon_jun_sep_mm": 1869.5, "winter_dec_feb_mm": 380.5, "pre_monsoon_mar_may_mm": 286.7, "post_monsoon_oct_nov_mm": 0.0, "source": "Synthetic / simulated data", "historical_status": "NOT VERIFIED OBSERVATIONAL RECORD", "purpose": "GIS demonstration only" }, "geometry": { "type": "Point", "coordinates": [ 78.71645583152123, 29.652524578335424 ] } },
{ "type": "Feature", "properties": { "rainfall_id": "SYN-UK-RF-0149", "state": "Uttarakhand", "year": 2025, "annual_rainfall_mm": 2127.0, "monsoon_jun_sep_mm": 1485.8, "winter_dec_feb_mm": 178.4, "pre_monsoon_mar_may_mm": 259.6, "post_monsoon_oct_nov_mm": 203.2, "source": "Synthetic / simulated data", "historical_status": "NOT VERIFIED OBSERVATIONAL RECORD", "purpose": "GIS demonstration only" }, "geometry": { "type": "Point", "coordinates": [ 78.286056997633438, 29.947623771066866 ] } },
{ "type": "Feature", "properties": { "rainfall_id": "SYN-UK-RF-0150", "state": "Uttarakhand", "year": 2025, "annual_rainfall_mm": 720.7, "monsoon_jun_sep_mm": 497.8, "winter_dec_feb_mm": 91.9, "pre_monsoon_mar_may_mm": 70.0, "post_monsoon_oct_nov_mm": 61.0, "source": "Synthetic / simulated data", "historical_status": "NOT VERIFIED OBSERVATIONAL RECORD", "purpose": "GIS demonstration only" }, "geometry": { "type": "Point", "coordinates": [ 79.098013106921584, 30.323083029638852 ] } },
{ "type": "Feature", "properties": { "rainfall_id": "SYN-UK-RF-0151", "state": "Uttarakhand", "year": 2025, "annual_rainfall_mm": 1517.6, "monsoon_jun_sep_mm": 1083.6, "winter_dec_feb_mm": 185.8, "pre_monsoon_mar_may_mm": 158.0, "post_monsoon_oct_nov_mm": 90.2, "source": "Synthetic / simulated data", "historical_status": "NOT VERIFIED OBSERVATIONAL RECORD", "purpose": "GIS demonstration only" }, "geometry": { "type": "Point", "coordinates": [ 80.231089472045795, 29.876777743112058 ] } },
{ "type": "Feature", "properties": { "rainfall_id": "SYN-UK-RF-0152", "state": "Uttarakhand", "year": 2025, "annual_rainfall_mm": 2567.4, "monsoon_jun_sep_mm": 1787.6, "winter_dec_feb_mm": 199.2, "pre_monsoon_mar_may_mm": 294.3, "post_monsoon_oct_nov_mm": 286.3, "source": "Synthetic / simulated data", "historical_status": "NOT VERIFIED OBSERVATIONAL RECORD", "purpose": "GIS demonstration only" }, "geometry": { "type": "Point", "coordinates": [ 78.269161380027441, 30.141334184349674 ] } },
{ "type": "Feature", "properties": { "rainfall_id": "SYN-UK-RF-0153", "state": "Uttarakhand", "year": 2025, "annual_rainfall_mm": 2026.0, "monsoon_jun_sep_mm": 1396.0, "winter_dec_feb_mm": 272.1, "pre_monsoon_mar_may_mm": 230.6, "post_monsoon_oct_nov_mm": 127.3, "source": "Synthetic / simulated data", "historical_status": "NOT VERIFIED OBSERVATIONAL RECORD", "purpose": "GIS demonstration only" }, "geometry": { "type": "Point", "coordinates": [ 79.700042095014311, 30.397565389146937 ] } },
{ "type": "Feature", "properties": { "rainfall_id": "SYN-UK-RF-0154", "state": "Uttarakhand", "year": 2025, "annual_rainfall_mm": 718.1, "monsoon_jun_sep_mm": 534.4, "winter_dec_feb_mm": 59.2, "pre_monsoon_mar_may_mm": 123.3, "post_monsoon_oct_nov_mm": 1.2, "source": "Synthetic / simulated data", "historical_status": "NOT VERIFIED OBSERVATIONAL RECORD", "purpose": "GIS demonstration only" }, "geometry": { "type": "Point", "coordinates": [ 78.597481141423273, 29.608713356572277 ] } },
{ "type": "Feature", "properties": { "rainfall_id": "SYN-UK-RF-0155", "state": "Uttarakhand", "year": 2025, "annual_rainfall_mm": 1287.5, "monsoon_jun_sep_mm": 964.5, "winter_dec_feb_mm": 145.5, "pre_monsoon_mar_may_mm": 176.2, "post_monsoon_oct_nov_mm": 1.3, "source": "Synthetic / simulated data", "historical_status": "NOT VERIFIED OBSERVATIONAL RECORD", "purpose": "GIS demonstration only" }, "geometry": { "type": "Point", "coordinates": [ 79.983809776431556, 30.736737996818896 ] } },
{ "type": "Feature", "properties": { "rainfall_id": "SYN-UK-RF-0156", "state": "Uttarakhand", "year": 2025, "annual_rainfall_mm": 1200.4, "monsoon_jun_sep_mm": 877.5, "winter_dec_feb_mm": 166.8, "pre_monsoon_mar_may_mm": 118.5, "post_monsoon_oct_nov_mm": 37.6, "source": "Synthetic / simulated data", "historical_status": "NOT VERIFIED OBSERVATIONAL RECORD", "purpose": "GIS demonstration only" }, "geometry": { "type": "Point", "coordinates": [ 78.64771931830326, 30.311357776810965 ] } },
{ "type": "Feature", "properties": { "rainfall_id": "SYN-UK-RF-0157", "state": "Uttarakhand", "year": 2025, "annual_rainfall_mm": 2649.1, "monsoon_jun_sep_mm": 1680.1, "winter_dec_feb_mm": 386.0, "pre_monsoon_mar_may_mm": 255.5, "post_monsoon_oct_nov_mm": 327.5, "source": "Synthetic / simulated data", "historical_status": "NOT VERIFIED OBSERVATIONAL RECORD", "purpose": "GIS demonstration only" }, "geometry": { "type": "Point", "coordinates": [ 77.934456667740804, 31.075189352684156 ] } },
{ "type": "Feature", "properties": { "rainfall_id": "SYN-UK-RF-0158", "state": "Uttarakhand", "year": 2025, "annual_rainfall_mm": 851.8, "monsoon_jun_sep_mm": 616.3, "winter_dec_feb_mm": 104.8, "pre_monsoon_mar_may_mm": 107.4, "post_monsoon_oct_nov_mm": 23.3, "source": "Synthetic / simulated data", "historical_status": "NOT VERIFIED OBSERVATIONAL RECORD", "purpose": "GIS demonstration only" }, "geometry": { "type": "Point", "coordinates": [ 79.007319106151982, 31.081315283195284 ] } },
{ "type": "Feature", "properties": { "rainfall_id": "SYN-UK-RF-0159", "state": "Uttarakhand", "year": 2025, "annual_rainfall_mm": 1951.8, "monsoon_jun_sep_mm": 1471.5, "winter_dec_feb_mm": 195.2, "pre_monsoon_mar_may_mm": 331.4, "post_monsoon_oct_nov_mm": 0.0, "source": "Synthetic / simulated data", "historical_status": "NOT VERIFIED OBSERVATIONAL RECORD", "purpose": "GIS demonstration only" }, "geometry": { "type": "Point", "coordinates": [ 79.129685237087301, 31.113004534494188 ] } },
{ "type": "Feature", "properties": { "rainfall_id": "SYN-UK-RF-0160", "state": "Uttarakhand", "year": 2025, "annual_rainfall_mm": 1760.1, "monsoon_jun_sep_mm": 1203.4, "winter_dec_feb_mm": 136.2, "pre_monsoon_mar_may_mm": 146.5, "post_monsoon_oct_nov_mm": 274.0, "source": "Synthetic / simulated data", "historical_status": "NOT VERIFIED OBSERVATIONAL RECORD", "purpose": "GIS demonstration only" }, "geometry": { "type": "Point", "coordinates": [ 79.128602256837496, 31.066224639232033 ] } },
{ "type": "Feature", "properties": { "rainfall_id": "SYN-UK-RF-0161", "state": "Uttarakhand", "year": 2025, "annual_rainfall_mm": 1651.1, "monsoon_jun_sep_mm": 1180.6, "winter_dec_feb_mm": 137.3, "pre_monsoon_mar_may_mm": 166.5, "post_monsoon_oct_nov_mm": 166.7, "source": "Synthetic / simulated data", "historical_status": "NOT VERIFIED OBSERVATIONAL RECORD", "purpose": "GIS demonstration only" }, "geometry": { "type": "Point", "coordinates": [ 79.831109981914139, 29.06326119658711 ] } },
{ "type": "Feature", "properties": { "rainfall_id": "SYN-UK-RF-0162", "state": "Uttarakhand", "year": 2025, "annual_rainfall_mm": 1512.3, "monsoon_jun_sep_mm": 1069.5, "winter_dec_feb_mm": 162.6, "pre_monsoon_mar_may_mm": 152.4, "post_monsoon_oct_nov_mm": 127.8, "source": "Synthetic / simulated data", "historical_status": "NOT VERIFIED OBSERVATIONAL RECORD", "purpose": "GIS demonstration only" }, "geometry": { "type": "Point", "coordinates": [ 78.849896538439637, 30.308265821486952 ] } },
{ "type": "Feature", "properties": { "rainfall_id": "SYN-UK-RF-0163", "state": "Uttarakhand", "year": 2025, "annual_rainfall_mm": 1485.5, "monsoon_jun_sep_mm": 891.7, "winter_dec_feb_mm": 163.2, "pre_monsoon_mar_may_mm": 201.4, "post_monsoon_oct_nov_mm": 229.2, "source": "Synthetic / simulated data", "historical_status": "NOT VERIFIED OBSERVATIONAL RECORD", "purpose": "GIS demonstration only" }, "geometry": { "type": "Point", "coordinates": [ 79.976116290479879, 29.184042346438421 ] } },
{ "type": "Feature", "properties": { "rainfall_id": "SYN-UK-RF-0164", "state": "Uttarakhand", "year": 2025, "annual_rainfall_mm": 1055.6, "monsoon_jun_sep_mm": 709.1, "winter_dec_feb_mm": 165.7, "pre_monsoon_mar_may_mm": 166.8, "post_monsoon_oct_nov_mm": 14.0, "source": "Synthetic / simulated data", "historical_status": "NOT VERIFIED OBSERVATIONAL RECORD", "purpose": "GIS demonstration only" }, "geometry": { "type": "Point", "coordinates": [ 78.412023669303991, 31.050880937554901 ] } },
{ "type": "Feature", "properties": { "rainfall_id": "SYN-UK-RF-0165", "state": "Uttarakhand", "year": 2025, "annual_rainfall_mm": 2047.7, "monsoon_jun_sep_mm": 1529.3, "winter_dec_feb_mm": 213.5, "pre_monsoon_mar_may_mm": 261.9, "post_monsoon_oct_nov_mm": 43.0, "source": "Synthetic / simulated data", "historical_status": "NOT VERIFIED OBSERVATIONAL RECORD", "purpose": "GIS demonstration only" }, "geometry": { "type": "Point", "coordinates": [ 80.221481252003883, 30.63502116808634 ] } },
{ "type": "Feature", "properties": { "rainfall_id": "SYN-UK-RF-0166", "state": "Uttarakhand", "year": 2025, "annual_rainfall_mm": 2180.5, "monsoon_jun_sep_mm": 1667.1, "winter_dec_feb_mm": 342.4, "pre_monsoon_mar_may_mm": 246.3, "post_monsoon_oct_nov_mm": 0.0, "source": "Synthetic / simulated data", "historical_status": "NOT VERIFIED OBSERVATIONAL RECORD", "purpose": "GIS demonstration only" }, "geometry": { "type": "Point", "coordinates": [ 78.377017241793169, 29.80175242245916 ] } },
{ "type": "Feature", "properties": { "rainfall_id": "SYN-UK-RF-0167", "state": "Uttarakhand", "year": 2025, "annual_rainfall_mm": 999.8, "monsoon_jun_sep_mm": 665.2, "winter_dec_feb_mm": 157.8, "pre_monsoon_mar_may_mm": 168.7, "post_monsoon_oct_nov_mm": 8.1, "source": "Synthetic / simulated data", "historical_status": "NOT VERIFIED OBSERVATIONAL RECORD", "purpose": "GIS demonstration only" }, "geometry": { "type": "Point", "coordinates": [ 78.415273355352042, 31.211450211612792 ] } },
{ "type": "Feature", "properties": { "rainfall_id": "SYN-UK-RF-0168", "state": "Uttarakhand", "year": 2025, "annual_rainfall_mm": 1601.4, "monsoon_jun_sep_mm": 1109.8, "winter_dec_feb_mm": 188.4, "pre_monsoon_mar_may_mm": 266.5, "post_monsoon_oct_nov_mm": 36.7, "source": "Synthetic / simulated data", "historical_status": "NOT VERIFIED OBSERVATIONAL RECORD", "purpose": "GIS demonstration only" }, "geometry": { "type": "Point", "coordinates": [ 78.842135142110649, 31.114955944852625 ] } },
{ "type": "Feature", "properties": { "rainfall_id": "SYN-UK-RF-0169", "state": "Uttarakhand", "year": 2025, "annual_rainfall_mm": 1921.1, "monsoon_jun_sep_mm": 1268.2, "winter_dec_feb_mm": 288.2, "pre_monsoon_mar_may_mm": 194.5, "post_monsoon_oct_nov_mm": 170.2, "source": "Synthetic / simulated data", "historical_status": "NOT VERIFIED OBSERVATIONAL RECORD", "purpose": "GIS demonstration only" }, "geometry": { "type": "Point", "coordinates": [ 80.078895973325203, 29.629840885538577 ] } },
{ "type": "Feature", "properties": { "rainfall_id": "SYN-UK-RF-0170", "state": "Uttarakhand", "year": 2025, "annual_rainfall_mm": 2401.3, "monsoon_jun_sep_mm": 1549.6, "winter_dec_feb_mm": 255.7, "pre_monsoon_mar_may_mm": 405.0, "post_monsoon_oct_nov_mm": 191.0, "source": "Synthetic / simulated data", "historical_status": "NOT VERIFIED OBSERVATIONAL RECORD", "purpose": "GIS demonstration only" }, "geometry": { "type": "Point", "coordinates": [ 80.628050560908733, 30.040139005815519 ] } },
{ "type": "Feature", "properties": { "rainfall_id": "SYN-UK-RF-0171", "state": "Uttarakhand", "year": 2025, "annual_rainfall_mm": 1535.2, "monsoon_jun_sep_mm": 949.8, "winter_dec_feb_mm": 180.0, "pre_monsoon_mar_may_mm": 187.0, "post_monsoon_oct_nov_mm": 218.4, "source": "Synthetic / simulated data", "historical_status": "NOT VERIFIED OBSERVATIONAL RECORD", "purpose": "GIS demonstration only" }, "geometry": { "type": "Point", "coordinates": [ 80.091578326881859, 30.776439411330671 ] } },
{ "type": "Feature", "properties": { "rainfall_id": "SYN-UK-RF-0172", "state": "Uttarakhand", "year": 2025, "annual_rainfall_mm": 1345.8, "monsoon_jun_sep_mm": 1007.5, "winter_dec_feb_mm": 158.4, "pre_monsoon_mar_may_mm": 132.4, "post_monsoon_oct_nov_mm": 47.5, "source": "Synthetic / simulated data", "historical_status": "NOT VERIFIED OBSERVATIONAL RECORD", "purpose": "GIS demonstration only" }, "geometry": { "type": "Point", "coordinates": [ 77.889507419312253, 30.653032887466956 ] } },
{ "type": "Feature", "properties": { "rainfall_id": "SYN-UK-RF-0173", "state": "Uttarakhand", "year": 2025, "annual_rainfall_mm": 1071.4, "monsoon_jun_sep_mm": 831.9, "winter_dec_feb_mm": 64.7, "pre_monsoon_mar_may_mm": 149.9, "post_monsoon_oct_nov_mm": 24.9, "source": "Synthetic / simulated data", "historical_status": "NOT VERIFIED OBSERVATIONAL RECORD", "purpose": "GIS demonstration only" }, "geometry": { "type": "Point", "coordinates": [ 79.079897419978934, 29.778710371012505 ] } },
{ "type": "Feature", "properties": { "rainfall_id": "SYN-UK-RF-0174", "state": "Uttarakhand", "year": 2025, "annual_rainfall_mm": 2008.8, "monsoon_jun_sep_mm": 1235.0, "winter_dec_feb_mm": 240.9, "pre_monsoon_mar_may_mm": 245.2, "post_monsoon_oct_nov_mm": 287.7, "source": "Synthetic / simulated data", "historical_status": "NOT VERIFIED OBSERVATIONAL RECORD", "purpose": "GIS demonstration only" }, "geometry": { "type": "Point", "coordinates": [ 78.162393212526183, 30.400988994544107 ] } },
{ "type": "Feature", "properties": { "rainfall_id": "SYN-UK-RF-0175", "state": "Uttarakhand", "year": 2025, "annual_rainfall_mm": 2197.3, "monsoon_jun_sep_mm": 1773.2, "winter_dec_feb_mm": 305.4, "pre_monsoon_mar_may_mm": 378.2, "post_monsoon_oct_nov_mm": 0.0, "source": "Synthetic / simulated data", "historical_status": "NOT VERIFIED OBSERVATIONAL RECORD", "purpose": "GIS demonstration only" }, "geometry": { "type": "Point", "coordinates": [ 80.805821816063613, 30.279107926271298 ] } },
{ "type": "Feature", "properties": { "rainfall_id": "SYN-UK-RF-0176", "state": "Uttarakhand", "year": 2025, "annual_rainfall_mm": 2221.1, "monsoon_jun_sep_mm": 1588.0, "winter_dec_feb_mm": 245.2, "pre_monsoon_mar_may_mm": 231.6, "post_monsoon_oct_nov_mm": 156.3, "source": "Synthetic / simulated data", "historical_status": "NOT VERIFIED OBSERVATIONAL RECORD", "purpose": "GIS demonstration only" }, "geometry": { "type": "Point", "coordinates": [ 79.461931283550939, 30.945579660456424 ] } },
{ "type": "Feature", "properties": { "rainfall_id": "SYN-UK-RF-0177", "state": "Uttarakhand", "year": 2025, "annual_rainfall_mm": 2308.5, "monsoon_jun_sep_mm": 1838.8, "winter_dec_feb_mm": 295.8, "pre_monsoon_mar_may_mm": 410.1, "post_monsoon_oct_nov_mm": 0.0, "source": "Synthetic / simulated data", "historical_status": "NOT VERIFIED OBSERVATIONAL RECORD", "purpose": "GIS demonstration only" }, "geometry": { "type": "Point", "coordinates": [ 78.91862870209998, 30.685498731862154 ] } },
{ "type": "Feature", "properties": { "rainfall_id": "SYN-UK-RF-0178", "state": "Uttarakhand", "year": 2025, "annual_rainfall_mm": 1419.2, "monsoon_jun_sep_mm": 1059.5, "winter_dec_feb_mm": 185.9, "pre_monsoon_mar_may_mm": 188.8, "post_monsoon_oct_nov_mm": 0.0, "source": "Synthetic / simulated data", "historical_status": "NOT VERIFIED OBSERVATIONAL RECORD", "purpose": "GIS demonstration only" }, "geometry": { "type": "Point", "coordinates": [ 78.946719415552977, 30.433663158669297 ] } },
{ "type": "Feature", "properties": { "rainfall_id": "SYN-UK-RF-0179", "state": "Uttarakhand", "year": 2025, "annual_rainfall_mm": 695.9, "monsoon_jun_sep_mm": 553.3, "winter_dec_feb_mm": 78.5, "pre_monsoon_mar_may_mm": 68.2, "post_monsoon_oct_nov_mm": 0.0, "source": "Synthetic / simulated data", "historical_status": "NOT VERIFIED OBSERVATIONAL RECORD", "purpose": "GIS demonstration only" }, "geometry": { "type": "Point", "coordinates": [ 80.123169026231963, 30.691052480029857 ] } },
{ "type": "Feature", "properties": { "rainfall_id": "SYN-UK-RF-0180", "state": "Uttarakhand", "year": 2025, "annual_rainfall_mm": 2102.9, "monsoon_jun_sep_mm": 1582.2, "winter_dec_feb_mm": 318.1, "pre_monsoon_mar_may_mm": 230.7, "post_monsoon_oct_nov_mm": 0.0, "source": "Synthetic / simulated data", "historical_status": "NOT VERIFIED OBSERVATIONAL RECORD", "purpose": "GIS demonstration only" }, "geometry": { "type": "Point", "coordinates": [ 78.069780727567689, 30.92420251101969 ] } },
{ "type": "Feature", "properties": { "rainfall_id": "SYN-UK-RF-0181", "state": "Uttarakhand", "year": 2025, "annual_rainfall_mm": 2323.9, "monsoon_jun_sep_mm": 1429.9, "winter_dec_feb_mm": 369.0, "pre_monsoon_mar_may_mm": 397.0, "post_monsoon_oct_nov_mm": 128.0, "source": "Synthetic / simulated data", "historical_status": "NOT VERIFIED OBSERVATIONAL RECORD", "purpose": "GIS demonstration only" }, "geometry": { "type": "Point", "coordinates": [ 79.596160591376702, 29.034659843370559 ] } },
{ "type": "Feature", "properties": { "rainfall_id": "SYN-UK-RF-0182", "state": "Uttarakhand", "year": 2025, "annual_rainfall_mm": 2554.6, "monsoon_jun_sep_mm": 2031.7, "winter_dec_feb_mm": 180.4, "pre_monsoon_mar_may_mm": 267.7, "post_monsoon_oct_nov_mm": 74.8, "source": "Synthetic / simulated data", "historical_status": "NOT VERIFIED OBSERVATIONAL RECORD", "purpose": "GIS demonstration only" }, "geometry": { "type": "Point", "coordinates": [ 79.410129554769583, 30.468796323679484 ] } },
{ "type": "Feature", "properties": { "rainfall_id": "SYN-UK-RF-0183", "state": "Uttarakhand", "year": 2025, "annual_rainfall_mm": 1119.7, "monsoon_jun_sep_mm": 819.7, "winter_dec_feb_mm": 108.1, "pre_monsoon_mar_may_mm": 136.9, "post_monsoon_oct_nov_mm": 55.0, "source": "Synthetic / simulated data", "historical_status": "NOT VERIFIED OBSERVATIONAL RECORD", "purpose": "GIS demonstration only" }, "geometry": { "type": "Point", "coordinates": [ 79.60773781726671, 29.69922530300828 ] } },
{ "type": "Feature", "properties": { "rainfall_id": "SYN-UK-RF-0184", "state": "Uttarakhand", "year": 2025, "annual_rainfall_mm": 2280.5, "monsoon_jun_sep_mm": 1804.8, "winter_dec_feb_mm": 291.9, "pre_monsoon_mar_may_mm": 269.4, "post_monsoon_oct_nov_mm": 0.0, "source": "Synthetic / simulated data", "historical_status": "NOT VERIFIED OBSERVATIONAL RECORD", "purpose": "GIS demonstration only" }, "geometry": { "type": "Point", "coordinates": [ 79.36973425382881, 29.460487091534834 ] } },
{ "type": "Feature", "properties": { "rainfall_id": "SYN-UK-RF-0185", "state": "Uttarakhand", "year": 2025, "annual_rainfall_mm": 2453.8, "monsoon_jun_sep_mm": 1906.9, "winter_dec_feb_mm": 222.0, "pre_monsoon_mar_may_mm": 214.6, "post_monsoon_oct_nov_mm": 110.3, "source": "Synthetic / simulated data", "historical_status": "NOT VERIFIED OBSERVATIONAL RECORD", "purpose": "GIS demonstration only" }, "geometry": { "type": "Point", "coordinates": [ 78.934417472871658, 30.210563004487714 ] } },
{ "type": "Feature", "properties": { "rainfall_id": "SYN-UK-RF-0186", "state": "Uttarakhand", "year": 2025, "annual_rainfall_mm": 847.3, "monsoon_jun_sep_mm": 524.8, "winter_dec_feb_mm": 121.4, "pre_monsoon_mar_may_mm": 121.8, "post_monsoon_oct_nov_mm": 79.3, "source": "Synthetic / simulated data", "historical_status": "NOT VERIFIED OBSERVATIONAL RECORD", "purpose": "GIS demonstration only" }, "geometry": { "type": "Point", "coordinates": [ 80.182817362949464, 29.258685641481222 ] } },
{ "type": "Feature", "properties": { "rainfall_id": "SYN-UK-RF-0187", "state": "Uttarakhand", "year": 2025, "annual_rainfall_mm": 1643.1, "monsoon_jun_sep_mm": 1188.2, "winter_dec_feb_mm": 190.4, "pre_monsoon_mar_may_mm": 265.8, "post_monsoon_oct_nov_mm": 0.0, "source": "Synthetic / simulated data", "historical_status": "NOT VERIFIED OBSERVATIONAL RECORD", "purpose": "GIS demonstration only" }, "geometry": { "type": "Point", "coordinates": [ 78.030667425922516, 29.730160116491454 ] } },
{ "type": "Feature", "properties": { "rainfall_id": "SYN-UK-RF-0188", "state": "Uttarakhand", "year": 2025, "annual_rainfall_mm": 1424.8, "monsoon_jun_sep_mm": 989.8, "winter_dec_feb_mm": 183.0, "pre_monsoon_mar_may_mm": 195.0, "post_monsoon_oct_nov_mm": 57.0, "source": "Synthetic / simulated data", "historical_status": "NOT VERIFIED OBSERVATIONAL RECORD", "purpose": "GIS demonstration only" }, "geometry": { "type": "Point", "coordinates": [ 80.22208259070743, 29.850919305484673 ] } },
{ "type": "Feature", "properties": { "rainfall_id": "SYN-UK-RF-0189", "state": "Uttarakhand", "year": 2025, "annual_rainfall_mm": 912.5, "monsoon_jun_sep_mm": 695.2, "winter_dec_feb_mm": 139.1, "pre_monsoon_mar_may_mm": 133.2, "post_monsoon_oct_nov_mm": 0.0, "source": "Synthetic / simulated data", "historical_status": "NOT VERIFIED OBSERVATIONAL RECORD", "purpose": "GIS demonstration only" }, "geometry": { "type": "Point", "coordinates": [ 80.14880671369292, 29.478937075438562 ] } },
{ "type": "Feature", "properties": { "rainfall_id": "SYN-UK-RF-0190", "state": "Uttarakhand", "year": 2025, "annual_rainfall_mm": 2573.2, "monsoon_jun_sep_mm": 1596.2, "winter_dec_feb_mm": 321.0, "pre_monsoon_mar_may_mm": 227.0, "post_monsoon_oct_nov_mm": 429.0, "source": "Synthetic / simulated data", "historical_status": "NOT VERIFIED OBSERVATIONAL RECORD", "purpose": "GIS demonstration only" }, "geometry": { "type": "Point", "coordinates": [ 78.761660490136464, 30.695810985244041 ] } },
{ "type": "Feature", "properties": { "rainfall_id": "SYN-UK-RF-0191", "state": "Uttarakhand", "year": 2025, "annual_rainfall_mm": 1251.9, "monsoon_jun_sep_mm": 873.6, "winter_dec_feb_mm": 146.3, "pre_monsoon_mar_may_mm": 184.9, "post_monsoon_oct_nov_mm": 47.1, "source": "Synthetic / simulated data", "historical_status": "NOT VERIFIED OBSERVATIONAL RECORD", "purpose": "GIS demonstration only" }, "geometry": { "type": "Point", "coordinates": [ 79.052240140746889, 30.189867163492991 ] } },
{ "type": "Feature", "properties": { "rainfall_id": "SYN-UK-RF-0192", "state": "Uttarakhand", "year": 2025, "annual_rainfall_mm": 2064.6, "monsoon_jun_sep_mm": 1690.5, "winter_dec_feb_mm": 136.4, "pre_monsoon_mar_may_mm": 342.9, "post_monsoon_oct_nov_mm": 0.0, "source": "Synthetic / simulated data", "historical_status": "NOT VERIFIED OBSERVATIONAL RECORD", "purpose": "GIS demonstration only" }, "geometry": { "type": "Point", "coordinates": [ 79.193289438421445, 31.104791012495717 ] } },
{ "type": "Feature", "properties": { "rainfall_id": "SYN-UK-RF-0193", "state": "Uttarakhand", "year": 2025, "annual_rainfall_mm": 2797.7, "monsoon_jun_sep_mm": 1730.5, "winter_dec_feb_mm": 446.6, "pre_monsoon_mar_may_mm": 412.4, "post_monsoon_oct_nov_mm": 208.2, "source": "Synthetic / simulated data", "historical_status": "NOT VERIFIED OBSERVATIONAL RECORD", "purpose": "GIS demonstration only" }, "geometry": { "type": "Point", "coordinates": [ 79.199685723969338, 30.623778179649626 ] } },
{ "type": "Feature", "properties": { "rainfall_id": "SYN-UK-RF-0194", "state": "Uttarakhand", "year": 2025, "annual_rainfall_mm": 1845.2, "monsoon_jun_sep_mm": 1199.5, "winter_dec_feb_mm": 137.6, "pre_monsoon_mar_may_mm": 288.6, "post_monsoon_oct_nov_mm": 219.5, "source": "Synthetic / simulated data", "historical_status": "NOT VERIFIED OBSERVATIONAL RECORD", "purpose": "GIS demonstration only" }, "geometry": { "type": "Point", "coordinates": [ 78.89316654948027, 30.688904766140254 ] } },
{ "type": "Feature", "properties": { "rainfall_id": "SYN-UK-RF-0195", "state": "Uttarakhand", "year": 2025, "annual_rainfall_mm": 2301.5, "monsoon_jun_sep_mm": 1621.9, "winter_dec_feb_mm": 293.3, "pre_monsoon_mar_may_mm": 277.3, "post_monsoon_oct_nov_mm": 109.0, "source": "Synthetic / simulated data", "historical_status": "NOT VERIFIED OBSERVATIONAL RECORD", "purpose": "GIS demonstration only" }, "geometry": { "type": "Point", "coordinates": [ 79.0793654166728, 30.70871042973576 ] } },
{ "type": "Feature", "properties": { "rainfall_id": "SYN-UK-RF-0196", "state": "Uttarakhand", "year": 2025, "annual_rainfall_mm": 1567.2, "monsoon_jun_sep_mm": 942.7, "winter_dec_feb_mm": 189.0, "pre_monsoon_mar_may_mm": 213.8, "post_monsoon_oct_nov_mm": 221.7, "source": "Synthetic / simulated data", "historical_status": "NOT VERIFIED OBSERVATIONAL RECORD", "purpose": "GIS demonstration only" }, "geometry": { "type": "Point", "coordinates": [ 79.245552284205829, 29.160170559895878 ] } },
{ "type": "Feature", "properties": { "rainfall_id": "SYN-UK-RF-0197", "state": "Uttarakhand", "year": 2025, "annual_rainfall_mm": 1591.0, "monsoon_jun_sep_mm": 1218.3, "winter_dec_feb_mm": 151.5, "pre_monsoon_mar_may_mm": 252.1, "post_monsoon_oct_nov_mm": 0.0, "source": "Synthetic / simulated data", "historical_status": "NOT VERIFIED OBSERVATIONAL RECORD", "purpose": "GIS demonstration only" }, "geometry": { "type": "Point", "coordinates": [ 79.885522640766425, 29.772636296638137 ] } },
{ "type": "Feature", "properties": { "rainfall_id": "SYN-UK-RF-0198", "state": "Uttarakhand", "year": 2025, "annual_rainfall_mm": 2313.3, "monsoon_jun_sep_mm": 1855.5, "winter_dec_feb_mm": 169.2, "pre_monsoon_mar_may_mm": 204.1, "post_monsoon_oct_nov_mm": 84.5, "source": "Synthetic / simulated data", "historical_status": "NOT VERIFIED OBSERVATIONAL RECORD", "purpose": "GIS demonstration only" }, "geometry": { "type": "Point", "coordinates": [ 78.859246353306943, 30.542943307372163 ] } },
{ "type": "Feature", "properties": { "rainfall_id": "SYN-UK-RF-0199", "state": "Uttarakhand", "year": 2025, "annual_rainfall_mm": 1459.9, "monsoon_jun_sep_mm": 930.3, "winter_dec_feb_mm": 147.5, "pre_monsoon_mar_may_mm": 165.4, "post_monsoon_oct_nov_mm": 216.7, "source": "Synthetic / simulated data", "historical_status": "NOT VERIFIED OBSERVATIONAL RECORD", "purpose": "GIS demonstration only" }, "geometry": { "type": "Point", "coordinates": [ 79.6427959251602, 29.173051559535438 ] } },
{ "type": "Feature", "properties": { "rainfall_id": "SYN-UK-RF-0200", "state": "Uttarakhand", "year": 2025, "annual_rainfall_mm": 850.9, "monsoon_jun_sep_mm": 584.0, "winter_dec_feb_mm": 93.2, "pre_monsoon_mar_may_mm": 100.4, "post_monsoon_oct_nov_mm": 73.3, "source": "Synthetic / simulated data", "historical_status": "NOT VERIFIED OBSERVATIONAL RECORD", "purpose": "GIS demonstration only" }, "geometry": { "type": "Point", "coordinates": [ 79.436004240972437, 30.199731451379872 ] } },
{ "type": "Feature", "properties": { "rainfall_id": "SYN-UK-RF-0201", "state": "Uttarakhand", "year": 2025, "annual_rainfall_mm": 856.7, "monsoon_jun_sep_mm": 635.0, "winter_dec_feb_mm": 124.9, "pre_monsoon_mar_may_mm": 125.5, "post_monsoon_oct_nov_mm": 0.0, "source": "Synthetic / simulated data", "historical_status": "NOT VERIFIED OBSERVATIONAL RECORD", "purpose": "GIS demonstration only" }, "geometry": { "type": "Point", "coordinates": [ 79.178980402965863, 31.234073474917821 ] } },
{ "type": "Feature", "properties": { "rainfall_id": "SYN-UK-RF-0202", "state": "Uttarakhand", "year": 2025, "annual_rainfall_mm": 977.4, "monsoon_jun_sep_mm": 765.0, "winter_dec_feb_mm": 120.4, "pre_monsoon_mar_may_mm": 173.7, "post_monsoon_oct_nov_mm": 0.0, "source": "Synthetic / simulated data", "historical_status": "NOT VERIFIED OBSERVATIONAL RECORD", "purpose": "GIS demonstration only" }, "geometry": { "type": "Point", "coordinates": [ 78.173907846386015, 30.641924912079237 ] } },
{ "type": "Feature", "properties": { "rainfall_id": "SYN-UK-RF-0203", "state": "Uttarakhand", "year": 2025, "annual_rainfall_mm": 933.2, "monsoon_jun_sep_mm": 623.3, "winter_dec_feb_mm": 145.5, "pre_monsoon_mar_may_mm": 140.0, "post_monsoon_oct_nov_mm": 24.4, "source": "Synthetic / simulated data", "historical_status": "NOT VERIFIED OBSERVATIONAL RECORD", "purpose": "GIS demonstration only" }, "geometry": { "type": "Point", "coordinates": [ 78.936885823904106, 29.589094122965822 ] } },
{ "type": "Feature", "properties": { "rainfall_id": "SYN-UK-RF-0204", "state": "Uttarakhand", "year": 2025, "annual_rainfall_mm": 1224.8, "monsoon_jun_sep_mm": 866.5, "winter_dec_feb_mm": 77.8, "pre_monsoon_mar_may_mm": 155.8, "post_monsoon_oct_nov_mm": 124.7, "source": "Synthetic / simulated data", "historical_status": "NOT VERIFIED OBSERVATIONAL RECORD", "purpose": "GIS demonstration only" }, "geometry": { "type": "Point", "coordinates": [ 78.980074360345967, 30.180046289727422 ] } },
{ "type": "Feature", "properties": { "rainfall_id": "SYN-UK-RF-0205", "state": "Uttarakhand", "year": 2025, "annual_rainfall_mm": 2329.8, "monsoon_jun_sep_mm": 1648.9, "winter_dec_feb_mm": 368.6, "pre_monsoon_mar_may_mm": 282.6, "post_monsoon_oct_nov_mm": 29.7, "source": "Synthetic / simulated data", "historical_status": "NOT VERIFIED OBSERVATIONAL RECORD", "purpose": "GIS demonstration only" }, "geometry": { "type": "Point", "coordinates": [ 78.09317442758018, 29.853826481136199 ] } },
{ "type": "Feature", "properties": { "rainfall_id": "SYN-UK-RF-0206", "state": "Uttarakhand", "year": 2025, "annual_rainfall_mm": 817.1, "monsoon_jun_sep_mm": 649.0, "winter_dec_feb_mm": 98.1, "pre_monsoon_mar_may_mm": 119.5, "post_monsoon_oct_nov_mm": 0.0, "source": "Synthetic / simulated data", "historical_status": "NOT VERIFIED OBSERVATIONAL RECORD", "purpose": "GIS demonstration only" }, "geometry": { "type": "Point", "coordinates": [ 79.068906148840966, 30.043594719973772 ] } },
{ "type": "Feature", "properties": { "rainfall_id": "SYN-UK-RF-0207", "state": "Uttarakhand", "year": 2025, "annual_rainfall_mm": 953.2, "monsoon_jun_sep_mm": 628.1, "winter_dec_feb_mm": 81.8, "pre_monsoon_mar_may_mm": 158.2, "post_monsoon_oct_nov_mm": 85.1, "source": "Synthetic / simulated data", "historical_status": "NOT VERIFIED OBSERVATIONAL RECORD", "purpose": "GIS demonstration only" }, "geometry": { "type": "Point", "coordinates": [ 79.128958594695874, 29.293923049824325 ] } },
{ "type": "Feature", "properties": { "rainfall_id": "SYN-UK-RF-0208", "state": "Uttarakhand", "year": 2025, "annual_rainfall_mm": 657.1, "monsoon_jun_sep_mm": 483.7, "winter_dec_feb_mm": 50.5, "pre_monsoon_mar_may_mm": 103.2, "post_monsoon_oct_nov_mm": 19.7, "source": "Synthetic / simulated data", "historical_status": "NOT VERIFIED OBSERVATIONAL RECORD", "purpose": "GIS demonstration only" }, "geometry": { "type": "Point", "coordinates": [ 79.243022037391839, 31.29924910122369 ] } },
{ "type": "Feature", "properties": { "rainfall_id": "SYN-UK-RF-0209", "state": "Uttarakhand", "year": 2025, "annual_rainfall_mm": 2568.5, "monsoon_jun_sep_mm": 1816.2, "winter_dec_feb_mm": 281.8, "pre_monsoon_mar_may_mm": 407.9, "post_monsoon_oct_nov_mm": 62.6, "source": "Synthetic / simulated data", "historical_status": "NOT VERIFIED OBSERVATIONAL RECORD", "purpose": "GIS demonstration only" }, "geometry": { "type": "Point", "coordinates": [ 78.623640518623858, 30.52907535284703 ] } },
{ "type": "Feature", "properties": { "rainfall_id": "SYN-UK-RF-0210", "state": "Uttarakhand", "year": 2025, "annual_rainfall_mm": 2151.4, "monsoon_jun_sep_mm": 1295.1, "winter_dec_feb_mm": 178.0, "pre_monsoon_mar_may_mm": 298.2, "post_monsoon_oct_nov_mm": 380.1, "source": "Synthetic / simulated data", "historical_status": "NOT VERIFIED OBSERVATIONAL RECORD", "purpose": "GIS demonstration only" }, "geometry": { "type": "Point", "coordinates": [ 78.793591183789616, 30.798681197059807 ] } },
{ "type": "Feature", "properties": { "rainfall_id": "SYN-UK-RF-0211", "state": "Uttarakhand", "year": 2025, "annual_rainfall_mm": 1617.2, "monsoon_jun_sep_mm": 1051.7, "winter_dec_feb_mm": 220.0, "pre_monsoon_mar_may_mm": 199.5, "post_monsoon_oct_nov_mm": 146.0, "source": "Synthetic / simulated data", "historical_status": "NOT VERIFIED OBSERVATIONAL RECORD", "purpose": "GIS demonstration only" }, "geometry": { "type": "Point", "coordinates": [ 79.875652326462244, 29.281657289156175 ] } },
{ "type": "Feature", "properties": { "rainfall_id": "SYN-UK-RF-0212", "state": "Uttarakhand", "year": 2025, "annual_rainfall_mm": 1459.4, "monsoon_jun_sep_mm": 927.0, "winter_dec_feb_mm": 123.4, "pre_monsoon_mar_may_mm": 121.2, "post_monsoon_oct_nov_mm": 287.8, "source": "Synthetic / simulated data", "historical_status": "NOT VERIFIED OBSERVATIONAL RECORD", "purpose": "GIS demonstration only" }, "geometry": { "type": "Point", "coordinates": [ 79.154304725264225, 29.829306466078982 ] } },
{ "type": "Feature", "properties": { "rainfall_id": "SYN-UK-RF-0213", "state": "Uttarakhand", "year": 2025, "annual_rainfall_mm": 848.1, "monsoon_jun_sep_mm": 659.7, "winter_dec_feb_mm": 95.7, "pre_monsoon_mar_may_mm": 105.7, "post_monsoon_oct_nov_mm": 0.0, "source": "Synthetic / simulated data", "historical_status": "NOT VERIFIED OBSERVATIONAL RECORD", "purpose": "GIS demonstration only" }, "geometry": { "type": "Point", "coordinates": [ 78.251626489462069, 30.973361769032927 ] } },
{ "type": "Feature", "properties": { "rainfall_id": "SYN-UK-RF-0214", "state": "Uttarakhand", "year": 2025, "annual_rainfall_mm": 2526.9, "monsoon_jun_sep_mm": 1886.9, "winter_dec_feb_mm": 213.9, "pre_monsoon_mar_may_mm": 384.9, "post_monsoon_oct_nov_mm": 41.2, "source": "Synthetic / simulated data", "historical_status": "NOT VERIFIED OBSERVATIONAL RECORD", "purpose": "GIS demonstration only" }, "geometry": { "type": "Point", "coordinates": [ 79.664423586823006, 28.917373526478183 ] } },
{ "type": "Feature", "properties": { "rainfall_id": "SYN-UK-RF-0215", "state": "Uttarakhand", "year": 2025, "annual_rainfall_mm": 2206.8, "monsoon_jun_sep_mm": 1574.7, "winter_dec_feb_mm": 344.3, "pre_monsoon_mar_may_mm": 315.2, "post_monsoon_oct_nov_mm": 0.0, "source": "Synthetic / simulated data", "historical_status": "NOT VERIFIED OBSERVATIONAL RECORD", "purpose": "GIS demonstration only" }, "geometry": { "type": "Point", "coordinates": [ 80.006721433732622, 29.571558910961262 ] } },
{ "type": "Feature", "properties": { "rainfall_id": "SYN-UK-RF-0216", "state": "Uttarakhand", "year": 2025, "annual_rainfall_mm": 1394.3, "monsoon_jun_sep_mm": 1021.3, "winter_dec_feb_mm": 194.5, "pre_monsoon_mar_may_mm": 236.5, "post_monsoon_oct_nov_mm": 0.0, "source": "Synthetic / simulated data", "historical_status": "NOT VERIFIED OBSERVATIONAL RECORD", "purpose": "GIS demonstration only" }, "geometry": { "type": "Point", "coordinates": [ 77.943525270165665, 30.523379143672457 ] } },
{ "type": "Feature", "properties": { "rainfall_id": "SYN-UK-RF-0217", "state": "Uttarakhand", "year": 2025, "annual_rainfall_mm": 1478.6, "monsoon_jun_sep_mm": 1130.9, "winter_dec_feb_mm": 170.5, "pre_monsoon_mar_may_mm": 152.3, "post_monsoon_oct_nov_mm": 24.9, "source": "Synthetic / simulated data", "historical_status": "NOT VERIFIED OBSERVATIONAL RECORD", "purpose": "GIS demonstration only" }, "geometry": { "type": "Point", "coordinates": [ 79.156897915925086, 30.147749504202928 ] } },
{ "type": "Feature", "properties": { "rainfall_id": "SYN-UK-RF-0218", "state": "Uttarakhand", "year": 2025, "annual_rainfall_mm": 2207.2, "monsoon_jun_sep_mm": 1342.9, "winter_dec_feb_mm": 196.6, "pre_monsoon_mar_may_mm": 351.7, "post_monsoon_oct_nov_mm": 316.0, "source": "Synthetic / simulated data", "historical_status": "NOT VERIFIED OBSERVATIONAL RECORD", "purpose": "GIS demonstration only" }, "geometry": { "type": "Point", "coordinates": [ 78.42209784335958, 30.780405246706056 ] } },
{ "type": "Feature", "properties": { "rainfall_id": "SYN-UK-RF-0219", "state": "Uttarakhand", "year": 2025, "annual_rainfall_mm": 973.5, "monsoon_jun_sep_mm": 709.5, "winter_dec_feb_mm": 77.6, "pre_monsoon_mar_may_mm": 157.0, "post_monsoon_oct_nov_mm": 29.4, "source": "Synthetic / simulated data", "historical_status": "NOT VERIFIED OBSERVATIONAL RECORD", "purpose": "GIS demonstration only" }, "geometry": { "type": "Point", "coordinates": [ 80.553189923856934, 30.01311611104212 ] } },
{ "type": "Feature", "properties": { "rainfall_id": "SYN-UK-RF-0220", "state": "Uttarakhand", "year": 2025, "annual_rainfall_mm": 2137.5, "monsoon_jun_sep_mm": 1441.7, "winter_dec_feb_mm": 137.8, "pre_monsoon_mar_may_mm": 325.4, "post_monsoon_oct_nov_mm": 232.6, "source": "Synthetic / simulated data", "historical_status": "NOT VERIFIED OBSERVATIONAL RECORD", "purpose": "GIS demonstration only" }, "geometry": { "type": "Point", "coordinates": [ 78.557672953355549, 30.634950579125206 ] } },
{ "type": "Feature", "properties": { "rainfall_id": "SYN-UK-RF-0221", "state": "Uttarakhand", "year": 2025, "annual_rainfall_mm": 2177.0, "monsoon_jun_sep_mm": 1318.0, "winter_dec_feb_mm": 272.1, "pre_monsoon_mar_may_mm": 356.8, "post_monsoon_oct_nov_mm": 230.1, "source": "Synthetic / simulated data", "historical_status": "NOT VERIFIED OBSERVATIONAL RECORD", "purpose": "GIS demonstration only" }, "geometry": { "type": "Point", "coordinates": [ 78.745317719909849, 29.854823922930635 ] } },
{ "type": "Feature", "properties": { "rainfall_id": "SYN-UK-RF-0222", "state": "Uttarakhand", "year": 2025, "annual_rainfall_mm": 2347.1, "monsoon_jun_sep_mm": 1889.8, "winter_dec_feb_mm": 193.7, "pre_monsoon_mar_may_mm": 376.0, "post_monsoon_oct_nov_mm": 0.0, "source": "Synthetic / simulated data", "historical_status": "NOT VERIFIED OBSERVATIONAL RECORD", "purpose": "GIS demonstration only" }, "geometry": { "type": "Point", "coordinates": [ 79.116062665053761, 31.06752601765665 ] } },
{ "type": "Feature", "properties": { "rainfall_id": "SYN-UK-RF-0223", "state": "Uttarakhand", "year": 2025, "annual_rainfall_mm": 2799.1, "monsoon_jun_sep_mm": 1688.6, "winter_dec_feb_mm": 307.8, "pre_monsoon_mar_may_mm": 270.8, "post_monsoon_oct_nov_mm": 531.9, "source": "Synthetic / simulated data", "historical_status": "NOT VERIFIED OBSERVATIONAL RECORD", "purpose": "GIS demonstration only" }, "geometry": { "type": "Point", "coordinates": [ 78.742892138359693, 29.912097866839549 ] } },
{ "type": "Feature", "properties": { "rainfall_id": "SYN-UK-RF-0224", "state": "Uttarakhand", "year": 2025, "annual_rainfall_mm": 2387.2, "monsoon_jun_sep_mm": 1490.4, "winter_dec_feb_mm": 148.9, "pre_monsoon_mar_may_mm": 269.2, "post_monsoon_oct_nov_mm": 478.7, "source": "Synthetic / simulated data", "historical_status": "NOT VERIFIED OBSERVATIONAL RECORD", "purpose": "GIS demonstration only" }, "geometry": { "type": "Point", "coordinates": [ 80.019548967841118, 29.58166043465517 ] } },
{ "type": "Feature", "properties": { "rainfall_id": "SYN-UK-RF-0225", "state": "Uttarakhand", "year": 2025, "annual_rainfall_mm": 784.5, "monsoon_jun_sep_mm": 491.0, "winter_dec_feb_mm": 122.3, "pre_monsoon_mar_may_mm": 101.0, "post_monsoon_oct_nov_mm": 70.2, "source": "Synthetic / simulated data", "historical_status": "NOT VERIFIED OBSERVATIONAL RECORD", "purpose": "GIS demonstration only" }, "geometry": { "type": "Point", "coordinates": [ 78.472062055957949, 30.11753369863138 ] } },
{ "type": "Feature", "properties": { "rainfall_id": "SYN-UK-RF-0226", "state": "Uttarakhand", "year": 2025, "annual_rainfall_mm": 2009.3, "monsoon_jun_sep_mm": 1618.5, "winter_dec_feb_mm": 262.4, "pre_monsoon_mar_may_mm": 205.2, "post_monsoon_oct_nov_mm": 0.0, "source": "Synthetic / simulated data", "historical_status": "NOT VERIFIED OBSERVATIONAL RECORD", "purpose": "GIS demonstration only" }, "geometry": { "type": "Point", "coordinates": [ 79.685470225319236, 29.972231384396377 ] } },
{ "type": "Feature", "properties": { "rainfall_id": "SYN-UK-RF-0227", "state": "Uttarakhand", "year": 2025, "annual_rainfall_mm": 2317.3, "monsoon_jun_sep_mm": 1559.5, "winter_dec_feb_mm": 273.9, "pre_monsoon_mar_may_mm": 290.5, "post_monsoon_oct_nov_mm": 193.4, "source": "Synthetic / simulated data", "historical_status": "NOT VERIFIED OBSERVATIONAL RECORD", "purpose": "GIS demonstration only" }, "geometry": { "type": "Point", "coordinates": [ 79.82582652256194, 30.393198224225525 ] } },
{ "type": "Feature", "properties": { "rainfall_id": "SYN-UK-RF-0228", "state": "Uttarakhand", "year": 2025, "annual_rainfall_mm": 1667.3, "monsoon_jun_sep_mm": 1034.8, "winter_dec_feb_mm": 100.2, "pre_monsoon_mar_may_mm": 268.8, "post_monsoon_oct_nov_mm": 263.5, "source": "Synthetic / simulated data", "historical_status": "NOT VERIFIED OBSERVATIONAL RECORD", "purpose": "GIS demonstration only" }, "geometry": { "type": "Point", "coordinates": [ 78.868085532190932, 30.983855270964821 ] } },
{ "type": "Feature", "properties": { "rainfall_id": "SYN-UK-RF-0229", "state": "Uttarakhand", "year": 2025, "annual_rainfall_mm": 2720.1, "monsoon_jun_sep_mm": 1709.7, "winter_dec_feb_mm": 251.5, "pre_monsoon_mar_may_mm": 431.5, "post_monsoon_oct_nov_mm": 327.4, "source": "Synthetic / simulated data", "historical_status": "NOT VERIFIED OBSERVATIONAL RECORD", "purpose": "GIS demonstration only" }, "geometry": { "type": "Point", "coordinates": [ 78.453588527620994, 30.596680348090707 ] } },
{ "type": "Feature", "properties": { "rainfall_id": "SYN-UK-RF-0230", "state": "Uttarakhand", "year": 2025, "annual_rainfall_mm": 2500.0, "monsoon_jun_sep_mm": 1530.6, "winter_dec_feb_mm": 150.5, "pre_monsoon_mar_may_mm": 404.9, "post_monsoon_oct_nov_mm": 414.0, "source": "Synthetic / simulated data", "historical_status": "NOT VERIFIED OBSERVATIONAL RECORD", "purpose": "GIS demonstration only" }, "geometry": { "type": "Point", "coordinates": [ 79.439383802241522, 30.032390499449598 ] } },
{ "type": "Feature", "properties": { "rainfall_id": "SYN-UK-RF-0231", "state": "Uttarakhand", "year": 2025, "annual_rainfall_mm": 1118.3, "monsoon_jun_sep_mm": 719.6, "winter_dec_feb_mm": 122.5, "pre_monsoon_mar_may_mm": 132.5, "post_monsoon_oct_nov_mm": 143.7, "source": "Synthetic / simulated data", "historical_status": "NOT VERIFIED OBSERVATIONAL RECORD", "purpose": "GIS demonstration only" }, "geometry": { "type": "Point", "coordinates": [ 78.015066236961957, 30.2678909189286 ] } },
{ "type": "Feature", "properties": { "rainfall_id": "SYN-UK-RF-0232", "state": "Uttarakhand", "year": 2025, "annual_rainfall_mm": 728.4, "monsoon_jun_sep_mm": 516.5, "winter_dec_feb_mm": 67.8, "pre_monsoon_mar_may_mm": 94.7, "post_monsoon_oct_nov_mm": 49.4, "source": "Synthetic / simulated data", "historical_status": "NOT VERIFIED OBSERVATIONAL RECORD", "purpose": "GIS demonstration only" }, "geometry": { "type": "Point", "coordinates": [ 79.152709369748663, 29.437693718659531 ] } },
{ "type": "Feature", "properties": { "rainfall_id": "SYN-UK-RF-0233", "state": "Uttarakhand", "year": 2025, "annual_rainfall_mm": 1335.8, "monsoon_jun_sep_mm": 920.0, "winter_dec_feb_mm": 119.2, "pre_monsoon_mar_may_mm": 189.7, "post_monsoon_oct_nov_mm": 106.9, "source": "Synthetic / simulated data", "historical_status": "NOT VERIFIED OBSERVATIONAL RECORD", "purpose": "GIS demonstration only" }, "geometry": { "type": "Point", "coordinates": [ 79.198885649670132, 30.862557757743502 ] } },
{ "type": "Feature", "properties": { "rainfall_id": "SYN-UK-RF-0234", "state": "Uttarakhand", "year": 2025, "annual_rainfall_mm": 2326.5, "monsoon_jun_sep_mm": 1686.5, "winter_dec_feb_mm": 357.3, "pre_monsoon_mar_may_mm": 368.9, "post_monsoon_oct_nov_mm": 0.0, "source": "Synthetic / simulated data", "historical_status": "NOT VERIFIED OBSERVATIONAL RECORD", "purpose": "GIS demonstration only" }, "geometry": { "type": "Point", "coordinates": [ 78.675567886933933, 30.430718577795233 ] } },
{ "type": "Feature", "properties": { "rainfall_id": "SYN-UK-RF-0235", "state": "Uttarakhand", "year": 2025, "annual_rainfall_mm": 1821.3, "monsoon_jun_sep_mm": 1435.1, "winter_dec_feb_mm": 164.9, "pre_monsoon_mar_may_mm": 166.1, "post_monsoon_oct_nov_mm": 55.2, "source": "Synthetic / simulated data", "historical_status": "NOT VERIFIED OBSERVATIONAL RECORD", "purpose": "GIS demonstration only" }, "geometry": { "type": "Point", "coordinates": [ 79.478218175086297, 30.173852159678049 ] } },
{ "type": "Feature", "properties": { "rainfall_id": "SYN-UK-RF-0236", "state": "Uttarakhand", "year": 2025, "annual_rainfall_mm": 887.7, "monsoon_jun_sep_mm": 570.6, "winter_dec_feb_mm": 134.5, "pre_monsoon_mar_may_mm": 111.1, "post_monsoon_oct_nov_mm": 71.5, "source": "Synthetic / simulated data", "historical_status": "NOT VERIFIED OBSERVATIONAL RECORD", "purpose": "GIS demonstration only" }, "geometry": { "type": "Point", "coordinates": [ 79.742859655245951, 29.787139842202137 ] } },
{ "type": "Feature", "properties": { "rainfall_id": "SYN-UK-RF-0237", "state": "Uttarakhand", "year": 2025, "annual_rainfall_mm": 2496.9, "monsoon_jun_sep_mm": 1580.4, "winter_dec_feb_mm": 163.9, "pre_monsoon_mar_may_mm": 419.0, "post_monsoon_oct_nov_mm": 333.6, "source": "Synthetic / simulated data", "historical_status": "NOT VERIFIED OBSERVATIONAL RECORD", "purpose": "GIS demonstration only" }, "geometry": { "type": "Point", "coordinates": [ 78.763330154547646, 29.735812370616699 ] } },
{ "type": "Feature", "properties": { "rainfall_id": "SYN-UK-RF-0238", "state": "Uttarakhand", "year": 2025, "annual_rainfall_mm": 1873.5, "monsoon_jun_sep_mm": 1393.9, "winter_dec_feb_mm": 186.2, "pre_monsoon_mar_may_mm": 182.7, "post_monsoon_oct_nov_mm": 110.7, "source": "Synthetic / simulated data", "historical_status": "NOT VERIFIED OBSERVATIONAL RECORD", "purpose": "GIS demonstration only" }, "geometry": { "type": "Point", "coordinates": [ 78.580285656449178, 29.791954552475683 ] } },
{ "type": "Feature", "properties": { "rainfall_id": "SYN-UK-RF-0239", "state": "Uttarakhand", "year": 2025, "annual_rainfall_mm": 2345.7, "monsoon_jun_sep_mm": 1462.1, "winter_dec_feb_mm": 373.2, "pre_monsoon_mar_may_mm": 372.1, "post_monsoon_oct_nov_mm": 138.3, "source": "Synthetic / simulated data", "historical_status": "NOT VERIFIED OBSERVATIONAL RECORD", "purpose": "GIS demonstration only" }, "geometry": { "type": "Point", "coordinates": [ 78.555054865051304, 29.779583491018577 ] } },
{ "type": "Feature", "properties": { "rainfall_id": "SYN-UK-RF-0240", "state": "Uttarakhand", "year": 2025, "annual_rainfall_mm": 1706.4, "monsoon_jun_sep_mm": 1352.0, "winter_dec_feb_mm": 114.6, "pre_monsoon_mar_may_mm": 250.5, "post_monsoon_oct_nov_mm": 0.0, "source": "Synthetic / simulated data", "historical_status": "NOT VERIFIED OBSERVATIONAL RECORD", "purpose": "GIS demonstration only" }, "geometry": { "type": "Point", "coordinates": [ 79.390178008614456, 30.891001223121169 ] } },
{ "type": "Feature", "properties": { "rainfall_id": "SYN-UK-RF-0241", "state": "Uttarakhand", "year": 2025, "annual_rainfall_mm": 1560.8, "monsoon_jun_sep_mm": 1043.6, "winter_dec_feb_mm": 153.1, "pre_monsoon_mar_may_mm": 177.8, "post_monsoon_oct_nov_mm": 186.3, "source": "Synthetic / simulated data", "historical_status": "NOT VERIFIED OBSERVATIONAL RECORD", "purpose": "GIS demonstration only" }, "geometry": { "type": "Point", "coordinates": [ 79.354460204324283, 29.104772209446068 ] } },
{ "type": "Feature", "properties": { "rainfall_id": "SYN-UK-RF-0242", "state": "Uttarakhand", "year": 2025, "annual_rainfall_mm": 2261.2, "monsoon_jun_sep_mm": 1826.3, "winter_dec_feb_mm": 358.2, "pre_monsoon_mar_may_mm": 273.7, "post_monsoon_oct_nov_mm": 0.0, "source": "Synthetic / simulated data", "historical_status": "NOT VERIFIED OBSERVATIONAL RECORD", "purpose": "GIS demonstration only" }, "geometry": { "type": "Point", "coordinates": [ 78.243497730966581, 31.174286577840846 ] } },
{ "type": "Feature", "properties": { "rainfall_id": "SYN-UK-RF-0243", "state": "Uttarakhand", "year": 2025, "annual_rainfall_mm": 2468.3, "monsoon_jun_sep_mm": 1606.2, "winter_dec_feb_mm": 386.6, "pre_monsoon_mar_may_mm": 282.0, "post_monsoon_oct_nov_mm": 193.5, "source": "Synthetic / simulated data", "historical_status": "NOT VERIFIED OBSERVATIONAL RECORD", "purpose": "GIS demonstration only" }, "geometry": { "type": "Point", "coordinates": [ 79.979327564873245, 29.937404033471257 ] } },
{ "type": "Feature", "properties": { "rainfall_id": "SYN-UK-RF-0244", "state": "Uttarakhand", "year": 2025, "annual_rainfall_mm": 1727.5, "monsoon_jun_sep_mm": 1294.7, "winter_dec_feb_mm": 247.2, "pre_monsoon_mar_may_mm": 224.1, "post_monsoon_oct_nov_mm": 0.0, "source": "Synthetic / simulated data", "historical_status": "NOT VERIFIED OBSERVATIONAL RECORD", "purpose": "GIS demonstration only" }, "geometry": { "type": "Point", "coordinates": [ 79.25013593815207, 30.158067279120292 ] } },
{ "type": "Feature", "properties": { "rainfall_id": "SYN-UK-RF-0245", "state": "Uttarakhand", "year": 2025, "annual_rainfall_mm": 1756.3, "monsoon_jun_sep_mm": 1286.8, "winter_dec_feb_mm": 221.9, "pre_monsoon_mar_may_mm": 249.7, "post_monsoon_oct_nov_mm": 0.0, "source": "Synthetic / simulated data", "historical_status": "NOT VERIFIED OBSERVATIONAL RECORD", "purpose": "GIS demonstration only" }, "geometry": { "type": "Point", "coordinates": [ 79.294387993364154, 29.057336073326667 ] } },
{ "type": "Feature", "properties": { "rainfall_id": "SYN-UK-RF-0246", "state": "Uttarakhand", "year": 2025, "annual_rainfall_mm": 791.9, "monsoon_jun_sep_mm": 630.1, "winter_dec_feb_mm": 65.5, "pre_monsoon_mar_may_mm": 66.4, "post_monsoon_oct_nov_mm": 29.9, "source": "Synthetic / simulated data", "historical_status": "NOT VERIFIED OBSERVATIONAL RECORD", "purpose": "GIS demonstration only" }, "geometry": { "type": "Point", "coordinates": [ 80.331445157356484, 30.279598965081419 ] } },
{ "type": "Feature", "properties": { "rainfall_id": "SYN-UK-RF-0247", "state": "Uttarakhand", "year": 2025, "annual_rainfall_mm": 2430.7, "monsoon_jun_sep_mm": 1647.3, "winter_dec_feb_mm": 154.0, "pre_monsoon_mar_may_mm": 353.5, "post_monsoon_oct_nov_mm": 275.9, "source": "Synthetic / simulated data", "historical_status": "NOT VERIFIED OBSERVATIONAL RECORD", "purpose": "GIS demonstration only" }, "geometry": { "type": "Point", "coordinates": [ 78.709811458339914, 29.972406281196214 ] } },
{ "type": "Feature", "properties": { "rainfall_id": "SYN-UK-RF-0248", "state": "Uttarakhand", "year": 2025, "annual_rainfall_mm": 2145.8, "monsoon_jun_sep_mm": 1685.5, "winter_dec_feb_mm": 253.0, "pre_monsoon_mar_may_mm": 207.0, "post_monsoon_oct_nov_mm": 0.3, "source": "Synthetic / simulated data", "historical_status": "NOT VERIFIED OBSERVATIONAL RECORD", "purpose": "GIS demonstration only" }, "geometry": { "type": "Point", "coordinates": [ 77.993374351843542, 30.092971818984481 ] } },
{ "type": "Feature", "properties": { "rainfall_id": "SYN-UK-RF-0249", "state": "Uttarakhand", "year": 2025, "annual_rainfall_mm": 1740.4, "monsoon_jun_sep_mm": 1263.0, "winter_dec_feb_mm": 140.2, "pre_monsoon_mar_may_mm": 197.3, "post_monsoon_oct_nov_mm": 139.9, "source": "Synthetic / simulated data", "historical_status": "NOT VERIFIED OBSERVATIONAL RECORD", "purpose": "GIS demonstration only" }, "geometry": { "type": "Point", "coordinates": [ 79.765115783757722, 30.701612680279911 ] } },
{ "type": "Feature", "properties": { "rainfall_id": "SYN-UK-RF-0250", "state": "Uttarakhand", "year": 2025, "annual_rainfall_mm": 1135.5, "monsoon_jun_sep_mm": 800.1, "winter_dec_feb_mm": 74.2, "pre_monsoon_mar_may_mm": 188.4, "post_monsoon_oct_nov_mm": 72.8, "source": "Synthetic / simulated data", "historical_status": "NOT VERIFIED OBSERVATIONAL RECORD", "purpose": "GIS demonstration only" }, "geometry": { "type": "Point", "coordinates": [ 79.569993951136297, 30.73479979134321 ] } }
]
}
